{
  "variation_name": "high_dropout",
  "timestamp": "2026-02-02T17:47:29.105332",
  "config": {
    "architecture_type": "simple",
    "filters": [
      24,
      48
    ],
    "kernel_sizes": [
      5,
      5
    ],
    "dropout_conv": 0.3,
    "dropout_dense": 0.7,
    "dense_units": [
      64
    ],
    "l2_regularization": 0.015,
    "batch_normalization": true,
    "learning_rate": 0.005,
    "optimizer": "adamw",
    "batch_size": 16,
    "activation": "relu",
    "pooling": "max",
    "use_global_pooling": false,
    "epochs": 40,
    "early_stopping_patience": 12
  },
  "train_metrics": {
    "accuracy": 0.5579575896263123,
    "f1": 0.6253707730892771,
    "precision": 0.5466747879981995,
    "recall": 0.730534017086029
  },
  "val_metrics": {
    "accuracy": 0.5489711761474609,
    "f1": 0.6167832256633146,
    "precision": 0.5206611752510071,
    "recall": 0.7564322352409363
  },
  "overfitting": {
    "accuracy_gap": 0.008986413478851318,
    "f1_gap": 0.008587547425962572
  },
  "train_time_seconds": 376.921022,
  "total_epochs": 40,
  "model_params": 705817
}