{
  "variation_name": "slow_learner",
  "timestamp": "2026-02-02T17:56:04.280403",
  "config": {
    "architecture_type": "simple",
    "filters": [
      24,
      48
    ],
    "kernel_sizes": [
      5,
      5
    ],
    "dropout_conv": 0.21,
    "dropout_dense": 0.67,
    "dense_units": [
      64
    ],
    "l2_regularization": 0.01,
    "batch_normalization": true,
    "learning_rate": 0.003,
    "optimizer": "adamw",
    "batch_size": 16,
    "activation": "relu",
    "pooling": "max",
    "use_global_pooling": false,
    "epochs": 45,
    "early_stopping_patience": 15
  },
  "train_metrics": {
    "accuracy": 0.9818817973136902,
    "f1": 0.9821573231693537,
    "precision": 0.9770068526268005,
    "recall": 0.9873623847961426
  },
  "val_metrics": {
    "accuracy": 0.9497942328453064,
    "f1": 0.9485232153917492,
    "precision": 0.9335548281669617,
    "recall": 0.9639794230461121
  },
  "overfitting": {
    "accuracy_gap": 0.03208756446838379,
    "f1_gap": 0.03363410777760445
  },
  "train_time_seconds": 511.145161,
  "total_epochs": 45,
  "model_params": 705817
}