{
  "variation_name": "strong_l2",
  "timestamp": "2026-02-02T18:03:54.505165",
  "config": {
    "architecture_type": "simple",
    "filters": [
      24,
      48
    ],
    "kernel_sizes": [
      5,
      5
    ],
    "dropout_conv": 0.25,
    "dropout_dense": 0.6,
    "dense_units": [
      64
    ],
    "l2_regularization": 0.02,
    "batch_normalization": true,
    "learning_rate": 0.005,
    "optimizer": "adamw",
    "batch_size": 16,
    "activation": "relu",
    "pooling": "max",
    "use_global_pooling": false,
    "epochs": 40,
    "early_stopping_patience": 12
  },
  "train_metrics": {
    "accuracy": 0.6374304890632629,
    "f1": 0.6767027675573121,
    "precision": 0.6155644655227661,
    "recall": 0.7513248920440674
  },
  "val_metrics": {
    "accuracy": 0.5991769433021545,
    "f1": 0.6379182443138253,
    "precision": 0.5629921555519104,
    "recall": 0.7358490824699402
  },
  "overfitting": {
    "accuracy_gap": 0.0382535457611084,
    "f1_gap": 0.0387845232434868
  },
  "train_time_seconds": 465.904581,
  "total_epochs": 40,
  "model_params": 705817
}