{
  "variation_name": "very_slow",
  "timestamp": "2026-02-02T18:23:14.844539",
  "config": {
    "architecture_type": "simple",
    "filters": [
      24,
      48
    ],
    "kernel_sizes": [
      5,
      5
    ],
    "dropout_conv": 0.25,
    "dropout_dense": 0.65,
    "dense_units": [
      64
    ],
    "l2_regularization": 0.012,
    "batch_normalization": true,
    "learning_rate": 0.002,
    "optimizer": "adamw",
    "batch_size": 16,
    "activation": "relu",
    "pooling": "max",
    "use_global_pooling": false,
    "epochs": 50,
    "early_stopping_patience": 18
  },
  "train_metrics": {
    "accuracy": 0.9973234534263611,
    "f1": 0.9973550375925091,
    "precision": 0.9955320954322815,
    "recall": 0.9991846680641174
  },
  "val_metrics": {
    "accuracy": 0.9860082268714905,
    "f1": 0.9854825174384493,
    "precision": 0.9812925457954407,
    "recall": 0.989708423614502
  },
  "overfitting": {
    "accuracy_gap": 0.011315226554870605,
    "f1_gap": 0.011872520154059818
  },
  "train_time_seconds": 468.726779,
  "total_epochs": 50,
  "model_params": 705817
}