tree
version=v4
num_class=1
num_tree_per_iteration=1
label_index=0
max_feature_idx=27
objective=binary sigmoid:1
feature_names=Column_0 Column_1 Column_2 Column_3 Column_4 Column_5 Column_6 Column_7 Column_8 Column_9 Column_10 Column_11 Column_12 Column_13 Column_14 Column_15 Column_16 Column_17 Column_18 Column_19 Column_20 Column_21 Column_22 Column_23 Column_24 Column_25 Column_26 Column_27
feature_infos=[2:4] [3:47] [0:2] [0:2] [0:2] [0:2] [0:2] none none none [1:4] [0:1] [0:1] [0:1] [1:4] [0:4] [0:3] [0:3] [0:2] [0:3] [2:4] [1:4] [1:4] [0:1.5] [0:22] [0:20] [0:24] [1:4]
tree_sizes=2650 2769 2772 2755 2758 2748 2756 2757 2749 2756 2747 2764 2740 2768 2767 2755 2747 2733 2739 2728 2731 2762 2757 2763 2757 2755 2755 2751 2738 2757 2748 2767 2763 2783 2762 2727 2740 2773 2748 2750 2760 2793 2777 2770 2755 2783 2782 2770 2754 2737 2790 2775 2786 2730 2765 2761 2727 2782 2744 2754 2780 2726 2703 2800 2733 2781 2771 2795 2769 2793 2765 2776 2754 2765 2758 2737 2751 2755 2737 2758 2781 2783 2757 2728 2777 2752 2768 2771 2751 2760 2786 2754 2756 2686 2744 2779 2740 2705 2714 2751 2751 2772 2739 2782 2771 2734 2780 2763 2766 2771 2743 2755 2779 2749 2755 2775 2746 2781 2733 2732 2787 2694 2769 2784 2799 2795 2725 2790 2781 2772 2774 2736 2708 2744 2756 2735 2715 2797 2781 2739 2761 2762 2744 2771 2758 2731 2736 2784 2780 2718 2761 2722 2756 2688 2726 2712 2790 2763 2773 2772 2752 2795 2687 2712 2774 2767 2724 2686 2810 2703 2789 2724 2766 2770 2773 2688 2786 2753 2761 2716 2746 2770 2694 2808 2660 2757 2744 2775 2764 2747 2764 2722 2732 2718 2777 2680 2734 2731 2706 2740 2746 2753 2713 2742 2788 2691 2667 2641 2732 2681 2714 2736 2766 2691 2715 2711 2676 2672 2705 2701 2671 2691 2702 2726 2666 2621 2640 2656 2766 2796 2686 2689 2717 2723 2749 2766 2676 2723 2699 2694 2791 2692 2727 2717 2721 2730 2685 2755 2607 2801 2690 2714 2635 2594 2692 2746 2755 2772 2716 2738 2728 2681 2750 2708 2715 2704 2711 2663 2652 2670 2721 2694 2739 2722 2750 2595 2615 2642 2689 2703 2607 2637 2643 2674 2577 2336 2690 2648 1971 2624 2707 2734 2714 2732 2703 2662 2695 2701

Tree=0
num_leaves=25
num_cat=0
split_feature=16 16 1 23 4 4 26 0 25 15 24 23 26 0 1 24 15 21 24 23 17 23 26 21
split_gain=246.27 81.8987 60.337 31.0718 25.3891 18.1158 25.2186 17.1157 11.5632 10.9151 20.4444 17.9844 11.0787 9.15931 18.1821 8.9546 30.8023 5.76737 5.39513 4.55047 3.68543 3.72155 5.14719 3.37495
threshold=1.0000000180025095e-35 1.5000000000000002 7.5000000000000009 0.97140452079103179 1.5000000000000002 1.0000000180025095e-35 5.5000000000000009 3.5000000000000004 5.5000000000000009 1.5000000000000002 5.5000000000000009 0.48570226039551589 2.5000000000000004 2.5000000000000004 20.500000000000004 3.5000000000000004 1.0000000180025095e-35 1.5833333333333337 2.5000000000000004 0.8228263892582881 1.0000000180025095e-35 0.45220861134162554 3.5000000000000004 2.5833333333333335
decision_type=2 2 2 2 2 2 2 2 2 2 2 2 2 2 2 2 2 2 2 2 2 2 2 2
left_child=-1 3 17 4 5 6 18 15 -5 10 11 -9 -11 -8 -15 16 -7 -3 -2 -14 21 -18 -23 -17
right_child=1 2 -4 8 -6 7 13 9 -10 12 -12 -13 19 14 -16 23 20 -19 -20 -21 -22 22 -24 -25
leaf_value=0.34252417732618479 0.42172339701902151 0.4776269716425961 0.34278005957215463 0.35835931067058729 0.34534111263673711 0.34487106780976923 0.50872645618208068 0.36869226814789269 0.44311043664606115 0.41118264177426622 0.34452636826999272 0.47342371970287361 0.47997913928670405 0.34564664177426624 0.47095723518085963 0.49075980564184518 0.49352274433836879 0.41670398975961426 0.34415294376856825 0.42910701784264232 0.48943525993088444 0.46848806092654255 0.41958469305631751 0.46442295697126434
leaf_weight=33.563232421875 2.6184082031250009 8.8073730468750018 16.1865234375 5.4748535156249982 2.6184082031249991 3.0944824218749991 4.9987792968749991 3.3325195312500027 5.23681640625 4.7607421874999991 3.5705566406249991 12.139892578124998 31.89697265625 2.3803710937499991 8.331298828125 88.311767578125 5.2368164062500027 3.3325195312499991 4.28466796875 2.8564453124999991 17.61474609375 11.663818359375002 4.7607421874999991 9.7595214843749982
leaf_count=141 11 37 68 23 11 13 21 14 22 20 15 51 134 10 35 371 22 14 18 12 74 49 20 41
internal_value=0.444593 0.457575 0.393404 0.465346 0.468548 0.47004 0.436389 0.473905 0.399046 0.455543 0.430927 0.450349 0.467608 0.463988 0.443857 0.481504 0.465768 0.460244 0.372417 0.475568 0.475497 0.463792 0.453826 0.48822
internal_weight=296.832 263.269 28.3264 234.943 224.231 221.613 22.6135 198.999 10.7117 58.5571 19.043 15.4724 39.5142 15.7104 10.7117 140.442 42.3706 12.1399 6.90308 34.7534 39.2761 21.6614 16.4246 98.0713
internal_count=1247 1106 119 987 942 931 95 836 45 246 80 65 166 66 45 590 178 51 29 146 165 91 69 412
is_linear=0
shrinkage=1


Tree=1
num_leaves=25
num_cat=0
split_feature=16 16 1 3 23 4 0 27 15 17 15 23 15 24 23 15 21 21 21 18 4 21 21 21
split_gain=222.937 75.2257 54.0895 35.3357 28.8279 24.0591 14.4823 15.0175 11.2821 9.46181 11.1363 9.391 8.3506 18.9501 15.057 6.25045 5.99441 5.88042 5.34748 4.46017 4.22002 5.60068 3.30712 11.7018
threshold=1.0000000180025095e-35 1.5000000000000002 7.5000000000000009 1.5000000000000002 0.97140452079103179 1.5000000000000002 3.5000000000000004 2.5000000000000004 1.0000000180025095e-35 1.0000000180025095e-35 1.0000000180025095e-35 0.45220861134162554 1.5000000000000002 5.5000000000000009 0.60355339059327384 2.5000000000000004 2.5833333333333335 1.2916666666666667 1.5833333333333337 1.0000000180025095e-35 1.0000000180025095e-35 1.2916666666666667 2.8750000000000004 2.4166666666666674
decision_type=2 2 2 2 2 2 2 2 2 2 2 2 2 2 2 2 2 2 2 2 2 2 2 2
left_child=-1 3 18 4 5 6 7 9 -6 10 -2 -11 13 14 -8 22 20 -12 -3 -10 21 -9 23 -14
right_child=1 2 -4 -5 8 -7 12 16 19 11 17 -13 15 -15 -16 -17 -18 -19 -20 -21 -22 -23 -24 -25
leaf_value=-0.096106260824031176 -0.052743614227926214 0.031865297052029964 -0.095869807824199321 -0.096002045065595759 -0.097039966633121838 -0.093502173355121079 -0.06362101161144984 0.055482387646152133 0.015228430916655327 -0.0074352585298349625 0.043459645000705711 0.040139483317278651 0.027592003099608377 -0.094255581334981076 0.029707179274069129 -0.024597586992367654 0.016151395346913056 0.0029571694587934251 -0.026700277951956938 -0.050712545957961964 0.05543091908909422 -0.0017676607053512233 0.048808934624910628 -0.057159752589050025
leaf_weight=34.235978320240974 4.5870163589715949 8.7418834269046801 16.510251879692078 4.1062639802694312 3.850137919187544 2.6696111112833014 3.6099478006362942 5.1931347846984846 4.0681401491165161 7.5862541347742072 8.0049297809600848 41.246412664651871 24.836855277419094 3.640885278582572 11.588451564311979 4.3090958893299094 9.9558879137039167 22.021973550319672 3.3523543477058402 2.6474727392196655 53.715768828988075 5.2281827479600906 8.0286444127559644 2.860344633460044
leaf_count=141 19 37 68 17 16 11 15 22 17 32 34 175 105 15 49 18 42 93 14 11 228 22 34 12
internal_value=-7.83646e-05 0.0124221 -0.0487259 0.0199389 0.0220468 0.025182 0.0266831 0.0330297 -0.0422049 0.0212146 0.00494247 0.0325848 0.00956439 -0.0121333 0.00701335 0.0199745 0.0462284 0.0140212 0.0149703 -0.009576 0.0507725 0.0259934 0.0255745 0.0185507
internal_weight=296.596 262.36 28.6045 233.755 229.649 219.083 216.414 157.54 10.5658 83.4466 34.6139 48.8327 58.8742 18.8393 15.1984 40.0349 74.093 30.0269 12.0942 6.71561 64.1371 10.4213 35.7258 27.6972
internal_count=1247 1106 119 987 970 926 915 667 44 353 146 207 248 79 64 169 314 127 51 28 272 44 151 117
is_linear=0
shrinkage=0.04


Tree=2
num_leaves=25
num_cat=0
split_feature=10 0 10 19 26 26 15 0 19 27 18 27 21 26 17 21 26 26 15 21 25 26 26 27
split_gain=63.1362 56.2484 32.1958 26.6302 27.9898 28.0073 19.8884 18.7138 17.9171 17.9078 12.9454 29.5562 22.2574 9.29498 12.8915 9.16807 22.2771 7.87904 9.41548 7.51954 12.1537 7.38808 6.74586 6.17063
threshold=2.5000000000000004 3.5000000000000004 3.5000000000000004 1.0000000180025095e-35 4.5000000000000009 2.5000000000000004 1.5000000000000002 2.5000000000000004 1.0000000180025095e-35 2.5000000000000004 1.0000000180025095e-35 2.5000000000000004 2.2916666666666674 4.5000000000000009 1.5000000000000002 3.1250000000000004 4.5000000000000009 2.5000000000000004 2.5000000000000004 1.5833333333333337 3.5000000000000004 5.5000000000000009 3.5000000000000004 2.5000000000000004
decision_type=2 2 2 2 2 2 2 2 2 2 2 2 2 2 2 2 2 2 2 2 2 2 2 2
left_child=7 3 -3 10 5 -5 8 9 13 21 23 -12 -13 14 -4 16 17 18 -8 -7 -21 -1 -22 -2
right_child=1 2 6 4 -6 19 15 -9 -10 -11 11 12 -14 -15 -16 -17 -18 -19 -20 20 22 -23 -24 -25
leaf_value=-0.07025718268448107 0.024395002694594263 -0.091600639300929015 -0.091633322933443881 -0.093467211864956851 -0.096938757225162139 0.035876549312951429 -0.096588567099028605 -0.091649947303861237 -0.091663576400704994 0.06039430379320445 -0.093109996995938249 0.034622877495915041 -0.083675805742122342 0.0068685817424901452 -0.0066949043613752429 0.045874920091060672 -0.094171039931110881 0.0149794683500937 0.0051019290985395852 -0.069858338970686565 -0.022150092691596929 -0.011852381671574555 0.061165290875778745 0.043572792903625326
leaf_weight=8.5333703458309191 66.826452925801277 9.078166723251341 5.1413373947143608 4.1324449628591564 5.2953955084085456 15.740430593490602 2.3982045054435721 12.763454556465151 7.3522800654172888 3.0147501975297919 4.383549869060519 20.782918423414234 2.8699403852224341 10.944479152560232 6.9472949951887131 7.2325249761342993 3.8790837973356238 30.305997908115387 3.3652812242507935 3.3984343111515027 2.6216364204883575 6.4645086377859107 3.4938064217567444 48.967512115836143
leaf_count=35 284 37 21 17 22 67 10 52 30 13 18 89 12 46 29 31 16 128 14 14 11 27 15 209
internal_value=-6.52381e-05 0.00620213 -0.020197 0.0190603 -0.0122439 0.00274564 -0.011737 -0.0543229 -0.0370044 -0.0274295 0.0266644 0.00197128 0.0199308 -0.0192096 -0.0434813 0.00436599 -0.00294877 0.00663991 -0.0358238 0.018806 -0.00859574 -0.0456165 0.0241406 0.0325741
internal_weight=295.933 265.157 86.6447 178.513 34.6821 29.3868 77.5665 30.7761 30.3854 18.0126 143.83 28.0364 23.6529 23.0331 12.0886 47.1811 39.9486 36.0695 5.76349 25.2543 9.51388 14.9979 6.11544 115.794
internal_count=1247 1120 362 758 146 124 325 127 126 75 612 119 101 96 50 199 168 152 24 107 40 62 26 493
is_linear=0
shrinkage=0.04


Tree=3
num_leaves=25
num_cat=0
split_feature=16 16 1 3 0 15 24 24 10 27 15 24 26 17 17 25 26 26 21 26 25 21 21 26
split_gain=193.507 65.8179 46.476 29.8031 16.8407 21.0153 25.5688 23.2056 17.2326 11.6776 10.3163 19.0454 9.67816 6.15655 6.10025 33.2035 8.6825 33.9623 7.83936 10.1195 4.82573 6.83784 4.56204 3.6114
threshold=1.0000000180025095e-35 1.5000000000000002 7.5000000000000009 1.5000000000000002 3.5000000000000004 1.0000000180025095e-35 3.5000000000000004 5.5000000000000009 3.5000000000000004 2.5000000000000004 1.5000000000000002 5.5000000000000009 2.5000000000000004 1.0000000180025095e-35 1.0000000180025095e-35 2.5000000000000004 5.5000000000000009 1.5000000000000002 1.2916666666666667 3.5000000000000004 2.5000000000000004 1.2916666666666667 1.5833333333333337 4.5000000000000009
decision_type=2 2 2 2 2 2 2 2 2 2 2 2 2 2 2 2 2 2 2 2 2 2 2 2
left_child=-1 3 22 4 5 6 -2 13 -6 14 11 23 -12 -8 15 -7 17 -16 -17 -20 21 -11 -3 -10
right_child=1 2 -4 -5 8 9 7 -9 10 20 12 -13 -14 -15 16 18 -18 -19 19 -21 -22 -23 -24 -25
leaf_value=-0.08854861263493867 -0.065336275025540722 0.030235519831052972 -0.088085189962430185 -0.08614375644311327 -0.086545131015958482 -0.10164290013615643 -0.015897524835316409 -0.09154854367794199 -0.014774741868233458 0.060309370104997123 -0.029190743238186715 -0.087580142818605489 0.028189855161248084 0.041767679578947281 0.051594171158883741 0.061583756319862869 0.053099988735164416 -0.10674359793134733 0.029038574081016236 -0.034126654205268642 0.049777893130521791 -0.011427912853314005 -0.023613474018174107 0.021880715727775613
leaf_weight=34.886853337287903 7.59621338546276 8.6326691061258334 16.831375375390053 4.2132535427808753 3.2145219892263404 3.787613898515704 3.3073181360960069 2.6827771961688986 7.6867021322250428 3.4611598402261716 5.3036530613899222 4.4483353197574607 34.865517646074295 18.442929431796074 7.6565362662076968 6.9321493506431606 16.92407713830471 3.0152538269758224 14.832395181059839 5.4976007044315329 62.938343644142151 5.1716878265142441 3.3937960416078559 9.4485493600368482
leaf_count=141 31 37 68 17 13 16 14 11 32 15 22 18 149 79 33 30 73 13 63 23 273 22 14 40
internal_value=-5.81381e-05 0.0117718 -0.0451081 0.0188991 0.0208821 0.0277804 -0.00100447 0.0186688 0.00353134 0.0349221 0.00834979 -0.0137333 0.0204146 0.0326314 0.0214315 0.00892183 0.0352169 0.00610709 0.0245764 0.011564 0.0458645 0.016407 0.0143745 0.00497057
internal_weight=295.171 260.284 28.8578 231.427 227.213 162.246 32.0292 24.433 64.9673 130.217 61.7528 21.5836 40.1692 21.7502 58.6456 31.0498 27.5959 10.6718 27.2621 20.33 71.5712 8.63285 12.0265 17.1353
internal_count=1247 1106 119 987 970 696 135 104 274 561 261 90 171 93 251 132 119 46 116 86 310 37 51 72
is_linear=0
shrinkage=0.04


Tree=4
num_leaves=25
num_cat=0
split_feature=16 16 1 3 23 4 0 1 26 15 25 15 25 24 23 26 19 26 17 23 15 26 24 23
split_gain=177.37 60.8004 42.4007 27.4441 24.2104 19.4946 11.894 10.2956 15.328 9.22874 9.07399 6.6575 23.5289 15.2259 13.0835 11.078 6.39174 23.9687 4.18414 3.69159 2.7159 24.424 2.50552 2.34035
threshold=1.0000000180025095e-35 1.5000000000000002 7.5000000000000009 1.5000000000000002 0.97140452079103179 1.5000000000000002 3.5000000000000004 7.5000000000000009 1.5000000000000002 1.0000000180025095e-35 5.5000000000000009 1.5000000000000002 3.5000000000000004 5.5000000000000009 0.60355339059327384 2.5000000000000004 1.0000000180025095e-35 4.5000000000000009 1.0000000180025095e-35 0.8228263892582881 1.0000000180025095e-35 5.5000000000000009 4.5000000000000009 0.8228263892582881
decision_type=2 2 2 2 2 2 2 2 2 2 2 2 2 2 2 2 2 2 2 2 2 2 2 2
left_child=-1 3 -3 4 5 6 7 8 -2 -6 -11 13 -13 14 -8 -14 20 22 -10 -17 21 -9 -18 -16
right_child=1 2 -4 -5 9 -7 11 16 18 10 -12 12 15 -15 23 19 17 -19 -20 -21 -22 -23 -24 -25
leaf_value=-0.084421852428570365 0.030375520505563233 0.013840811185358936 -0.083999453850101824 -0.082192638082150368 -0.087051266199705588 -0.082247255315668455 -0.057907241996170401 -0.087028896699882313 -0.02001429004650403 -0.062018712498139054 0.031185148633187602 -0.096623562276229702 -0.028575298238496236 -0.082787312872313404 0.052891127412931296 0.039554570501744719 0.012861602934527797 -0.092180615200783689 -0.095547480174630078 -0.0075632085035401836 0.040144460702353037 0.045431342244400048 0.041798157346050704 0.013263635020932356
leaf_weight=35.123099237680435 8.7797283083200437 11.970880210399629 16.941517069935799 4.2385743111371985 3.9531935453414899 2.7376024872064582 3.6764227300882366 2.7066131085157368 2.9566435366868964 2.945011243224144 3.7761738300323486 2.6264909356832495 4.8587003946304312 3.73550722002983 4.2283148616552335 29.40315680205822 9.5493718534708076 2.9243491590023032 2.4065133035182953 2.6181732565164557 100.2953527867794 11.994218438863754 12.147962763905523 7.2585146874189377
leaf_count=141 38 51 68 17 16 11 15 11 12 12 16 11 20 15 18 127 41 12 10 11 438 52 53 31
internal_value=-4.92475e-05 0.0113736 -0.043213 0.0182758 0.020199 0.0231428 0.0245404 0.0303995 -0.00158543 -0.0383175 -0.00846358 0.00897827 0.0183921 -0.0102774 0.00705806 0.0268001 0.0336968 0.0146625 -0.0553986 0.0354522 0.0377027 0.0204995 0.0294314 0.028547
internal_weight=293.852 258.729 28.9124 229.817 225.578 214.904 212.166 153.761 14.1429 10.6744 6.72119 58.4053 39.5065 18.8988 15.1633 36.88 139.618 24.6217 5.36316 32.0213 114.996 14.7008 21.6973 11.4868
internal_count=1247 1106 119 987 970 926 915 667 60 44 28 248 169 79 64 158 607 106 22 138 501 63 94 49
is_linear=0
shrinkage=0.04


Tree=5
num_leaves=25
num_cat=0
split_feature=16 16 1 3 4 0 27 18 21 26 25 25 19 22 25 21 18 22 21 21 14 14 26 1
split_gain=166.535 60.5442 37.588 29.114 22.2869 13.6069 15.416 22.9926 9.49406 8.83592 8.52685 6.07194 21.3102 6.03288 5.50146 11.6537 6.32772 31.3479 4.63829 4.42476 5.66722 4.01934 3.97938 4.75131
threshold=1.0000000180025095e-35 1.5000000000000002 7.5000000000000009 1.5000000000000002 1.5000000000000002 3.5000000000000004 2.5000000000000004 1.0000000180025095e-35 2.2916666666666674 2.5000000000000004 3.5000000000000004 3.5000000000000004 1.0000000180025095e-35 2.5000000000000004 2.5000000000000004 1.2916666666666667 1.0000000180025095e-35 2.5000000000000004 1.5833333333333337 1.4166666666666667 2.5000000000000004 2.5000000000000004 5.5000000000000009 8.5000000000000018
decision_type=2 2 2 2 2 2 2 2 2 2 2 2 2 2 2 2 2 2 2 2 2 2 2 2
left_child=-1 3 21 4 5 6 7 8 11 -7 13 19 -13 -11 15 -8 -16 -18 -14 20 -2 -3 23 -21
right_child=1 2 -4 -5 -6 9 14 -9 -10 10 -12 12 18 -15 16 -17 17 -19 -20 22 -22 -23 -24 -25
leaf_value=-0.080813527803378624 -0.029272543993614286 -0.020148777381666236 -0.080670977957080364 -0.079384057627932519 -0.07927508502318617 -0.039609159494370751 0.058839861603607338 -0.083859457380247304 -0.049077198589091986 -0.073747093369903996 0.020031795331312684 -0.10483688543130751 0.043039045414486415 -0.0030144407993210392 0.055522325075280154 -0.027758832651292163 0.049187065514670877 -0.080653386614838604 -0.016138646876677657 0.036743223488777309 0.023808983084391017 0.033366160451294403 0.049795576791188054 -0.024077002791320898
leaf_weight=35.720849633216858 3.448375165462493 3.1200992614030856 17.233895599842072 4.7464975565671912 3.4956039488315573 6.1107458621263495 4.707399517297743 3.4752850979566565 2.9203321784734717 2.4416034966707203 40.909941047430038 2.5629632920026753 6.8263252228498459 10.542874380946159 41.453567743301392 5.1446358412504196 18.372333139181141 3.5120254158973685 2.8363353312015533 6.2623122930526751 31.996910914778709 6.9559600949287415 20.872490450739861 2.8982923179864883
leaf_count=143 14 13 69 19 14 25 21 14 12 10 176 11 30 44 185 22 82 15 12 27 139 30 92 12
internal_value=4.31179e-06 0.0114535 -0.0447107 0.0182898 0.0204258 0.0220665 0.028262 0.0164224 0.0208442 0.00569311 0.0109781 0.023575 -0.00169064 -0.0169311 0.041757 0.0128069 0.0461339 0.0279846 0.0248404 0.0284146 0.0184191 0.016001 0.039945 0.0166272
internal_weight=288.568 252.847 27.31 225.537 220.79 217.295 157.29 84.0996 80.6243 60.0052 53.8944 77.704 12.2256 12.9845 73.19 9.85204 63.3379 21.8844 9.66266 65.4784 35.4453 10.0761 30.0331 9.1606
internal_count=1231 1088 112 976 957 943 688 363 349 255 230 337 53 54 325 43 282 97 42 284 153 43 131 39
is_linear=0
shrinkage=0.04


Tree=6
num_leaves=25
num_cat=0
split_feature=16 16 24 3 23 0 10 27 24 15 24 23 15 21 1 21 1 24 19 23 24 22 24 21
split_gain=153.706 56.076 37.8983 26.9345 17.0585 13.8924 19.6017 11.0255 17.3737 10.2242 10.1398 9.63606 8.4667 5.49177 4.77667 4.73011 4.30289 4.09039 19.957 4.54634 3.94647 3.72097 3.51512 2.25069
threshold=1.0000000180025095e-35 1.5000000000000002 2.5000000000000004 1.5000000000000002 0.97140452079103179 3.5000000000000004 3.5000000000000004 2.5000000000000004 5.5000000000000009 1.5000000000000002 5.5000000000000009 0.48570226039551589 1.0000000180025095e-35 2.5833333333333335 18.500000000000004 1.5833333333333337 26.500000000000004 3.5000000000000004 1.0000000180025095e-35 0.48570226039551589 5.5000000000000009 2.5000000000000004 6.5000000000000009 1.2916666666666667
decision_type=2 2 2 2 2 2 2 2 2 2 2 2 2 2 2 2 2 2 2 2 2 2 2 2
left_child=-1 3 15 4 5 7 -7 8 17 10 11 -8 -6 14 -9 -3 20 18 21 -19 -11 -2 -14 -16
right_child=1 2 -4 -5 12 6 9 13 -10 16 -12 -13 22 -15 23 -17 -18 19 -20 -21 -22 -23 -24 -25
leaf_value=-0.077631612134187677 0.024197439292684742 0.040971229243583145 -0.07849060591726767 -0.076252437718221738 -0.079825896169939944 -0.077219625418711413 -0.054031425902454244 0.055514079353168287 -0.085749973565747428 0.015205814616151 -0.079723686288167561 0.020901644330906702 0.016362054814157735 0.010981548590734079 0.057696057414915514 -0.015284275630224877 -0.014792539456891461 0.018810852127000583 -0.086925904240173241 0.047619486651900821 0.044868190566213599 -0.024178959063551969 -0.039203495357987485 0.026226992864643708
leaf_weight=35.697634369134903 34.736139789223671 6.1601344943046588 17.438406974077225 4.7437794953584662 3.4924225807189924 4.2431342154741278 3.7146624773740795 32.752985924482346 2.4532508850097647 16.126407727599148 2.9956951141357413 10.485349401831625 4.7908794432878494 9.5608481466770154 5.0475797653198269 3.6505978107452393 3.6746728271245948 22.026790291070938 2.9598963260650626 16.293122053146362 14.785533204674719 2.5805768817663184 2.8854390233755112 23.418305844068527
leaf_count=143 151 27 70 19 14 17 15 149 10 70 12 45 20 42 23 15 15 96 12 73 65 11 12 105
internal_value=3.17457e-06 0.0110757 -0.0430164 0.0176984 0.0197698 0.022379 0.00518031 0.0286726 0.0184169 0.0120868 -0.0128157 0.000736093 -0.0280709 0.0403034 0.044752 0.019223 0.0246991 0.0217701 0.0125343 0.0312687 0.0296525 0.0206377 -0.00348222 0.0320881
internal_weight=286.714 251.017 27.2491 223.767 219.024 207.855 56.0255 151.829 81.0498 51.7823 17.1957 14.2 11.1687 70.7797 61.2189 9.81073 34.5866 78.5965 40.2766 38.3199 30.9119 37.3167 7.67632 28.4659
internal_count=1231 1088 112 976 957 911 239 672 353 222 72 60 46 319 277 42 150 343 174 169 135 162 32 128
is_linear=0
shrinkage=0.04


Tree=7
num_leaves=25
num_cat=0
split_feature=16 16 24 3 4 23 0 25 25 15 23 23 26 24 19 15 24 26 25 24 15 23 26 18
split_gain=142.289 52.0213 34.9926 24.9731 19.6991 16.9653 10.0589 10.4401 9.29752 7.03783 9.06478 8.94333 7.75131 6.91902 19.3211 8.11369 4.83281 28.037 3.55539 16.5771 4.152 11.2406 19.1913 3.73908
threshold=1.0000000180025095e-35 1.5000000000000002 2.5000000000000004 1.5000000000000002 1.5000000000000002 0.97140452079103179 3.5000000000000004 2.5000000000000004 5.5000000000000009 1.5000000000000002 0.60355339059327384 0.84759080068664439 2.5000000000000004 3.5000000000000004 1.0000000180025095e-35 1.0000000180025095e-35 4.5000000000000009 3.5000000000000004 2.5000000000000004 5.5000000000000009 1.0000000180025095e-35 0.76180168105713697 10.500000000000002 1.0000000180025095e-35
decision_type=2 2 2 2 2 2 2 2 2 2 2 2 2 2 2 2 2 2 2 2 2 2 2 2
left_child=-1 3 -3 4 5 6 13 -8 -7 10 -9 -12 -11 14 15 -2 17 -14 19 20 -15 22 -22 -20
right_child=1 2 -4 -5 -6 8 7 9 -10 12 11 -13 16 18 -16 -17 -18 -19 23 -21 21 -23 -24 -25
leaf_value=-0.074806845971801705 -0.026058895858033195 0.018557738940438641 -0.075570747725375406 -0.073464295143431099 -0.07470825904091781 -0.058417756788978398 -0.07561683664063211 -0.052909520949860789 0.014351685066756549 -0.026114945042853072 0.030837944391478057 -0.05337567843250815 0.045966600939228414 0.048204439776800827 -0.082832081317364734 0.02908782345609081 0.041849603398041765 -0.099444635131168135 0.044671057566444558 -0.081880029528267312 -0.089747084782402203 0.05300043547219456 0.02841536446797252 0.022826646218720638
leaf_weight=35.56614226102829 4.7095018923282614 9.742161303758623 17.388547018170357 4.727162078022956 3.4835270941257468 6.4492689967155439 2.246638596057891 5.2208844721317318 4.7241822183132172 4.4287595748901358 8.59286120533943 2.5948198586702338 8.1908721923828143 12.871965378522875 2.9814458936452857 34.978275060653687 19.350369781255722 2.8520826846361151 55.149147540330887 2.2190458178520194 3.3041075766086596 7.8699921816587439 6.4635482132434845 18.500030890107155
leaf_count=143 19 42 70 19 14 26 9 21 20 18 37 11 36 57 12 155 86 12 252 9 14 36 29 84
internal_value=6.01772e-06 0.0107224 -0.041476 0.0171403 0.0191492 0.0207166 0.0233851 0.00829134 -0.0269345 0.0121272 -0.00912625 0.0105907 0.0223717 0.028747 0.0148059 0.0223423 0.0297002 0.00768655 0.0342637 0.0227028 0.0305716 0.0172496 -0.0107364 0.0392926
internal_weight=284.605 249.039 27.1307 221.908 217.181 213.698 202.524 53.4773 11.1735 51.2306 16.4086 11.1877 34.8221 149.047 42.6692 39.6878 30.3933 11.043 106.378 32.7287 30.5096 17.6376 9.76766 73.6492
internal_count=1231 1088 112 976 957 943 897 230 46 221 69 48 152 667 186 174 134 48 481 145 136 79 43 336
is_linear=0
shrinkage=0.04


Tree=8
num_leaves=25
num_cat=0
split_feature=16 16 24 1 4 24 23 4 24 0 27 21 15 23 24 1 23 21 24 21 21 0 19 1
split_gain=132.056 48.2887 32.4615 17.682 17.9894 15.1428 15.1517 8.88276 12.8142 6.96823 9.26405 6.98926 4.99786 12.4792 4.71761 4.65795 4.47455 4.44694 4.31785 10.37 4.16979 7.14383 3.96465 1.93077
threshold=1.0000000180025095e-35 1.5000000000000002 2.5000000000000004 28.500000000000004 1.5000000000000002 8.5000000000000018 1.2359820001581181 1.0000000180025095e-35 5.5000000000000009 3.5000000000000004 2.5000000000000004 2.5833333333333335 1.5000000000000002 0.60355339059327384 3.5000000000000004 24.500000000000004 0.84759080068664439 1.5833333333333337 5.5000000000000009 1.8750000000000002 1.2916666666666667 2.5000000000000004 1.0000000180025095e-35 16.500000000000004
decision_type=2 2 2 2 2 2 2 2 2 2 2 2 2 2 2 2 2 2 2 2 2 2 2 2
left_child=-1 3 17 4 5 6 7 8 14 10 -9 -12 13 -11 -2 18 -15 -3 19 -14 -16 -22 -8 -13
right_child=1 2 -4 -5 -6 -7 22 9 -10 12 11 23 15 16 20 -17 -18 -19 -20 -21 21 -23 -24 -25
leaf_value=-0.07228369347576323 -0.021906054471374919 0.039328487166637942 -0.072965334609376556 -0.090543002108347648 -0.072049677302026924 -0.078360878098610615 -0.0032642788393425315 0.020291329888053995 -0.072108847615976857 -0.052905805137328558 0.048110971159898146 0.02223923117863507 0.0261460517312119 0.036528870756342174 0.055901133898264968 -0.015374678555170116 -0.011193797592854229 -0.015422541165721858 0.043215319035939614 -0.063608752467642457 0.047892780910008349 -0.023627671396954875 -0.068446428901808049 -0.01574183748200278
leaf_weight=35.339671671390533 4.7097089439630553 6.0478348433971423 17.290927335619926 2.4122896194457999 3.4678757041692725 2.4752861857414237 3.1050715744495383 69.760210514068604 3.477964758872985 5.7277658730745342 50.100344464182854 6.4702703207731229 13.792327642440801 8.0253283232450467 4.4651143550872812 4.434406802058219 4.8294505923986426 3.6488553732633591 14.843142673373221 2.3864786922931662 3.9773968905210477 4.9758508503437042 3.4624733477830887 2.9619294553995132
leaf_count=143 19 27 70 10 14 10 13 311 14 23 235 29 61 35 21 18 20 15 67 10 18 21 14 13
internal_value=6.98944e-06 0.0103888 -0.0400206 0.0166129 0.0178384 0.0193326 0.0205137 0.022455 -0.00145503 0.0253165 0.0304052 0.0421222 0.0129935 -0.00344064 0.011659 0.0218321 0.0179775 0.0179007 0.0274085 0.0124122 0.0240362 0.00725109 -0.0388471 0.00946414
internal_weight=282.188 246.848 26.9876 219.861 217.448 213.981 211.505 204.938 21.606 183.332 129.293 59.5325 54.0389 18.5825 18.1281 35.4564 12.8548 9.69669 31.0219 16.1788 13.4184 8.95325 6.56754 9.4322
internal_count=1231 1088 112 976 966 952 942 915 93 822 588 277 234 78 79 156 55 42 138 71 60 39 27 42
is_linear=0
shrinkage=0.04


Tree=9
num_leaves=25
num_cat=0
split_feature=16 16 24 3 24 0 10 27 25 22 15 26 15 26 25 21 14 26 24 25 21 1 21 24
split_gain=122.805 44.8844 30.1708 22.1058 13.8037 12.0621 15.2564 12.2349 24.2408 11.1849 6.10514 4.78547 5.96275 4.57814 14.0831 4.16322 3.7522 4.52212 6.31262 3.73008 6.4606 3.23604 3.75414 2.67511
threshold=1.0000000180025095e-35 1.5000000000000002 2.5000000000000004 1.5000000000000002 8.5000000000000018 3.5000000000000004 3.5000000000000004 2.5000000000000004 4.5000000000000009 3.5000000000000004 1.0000000180025095e-35 2.5000000000000004 1.5000000000000002 7.0000000000000009 3.5000000000000004 1.5833333333333337 2.5000000000000004 5.5000000000000009 2.5000000000000004 2.5000000000000004 1.2916666666666667 18.500000000000004 1.8750000000000002 4.5000000000000009
decision_type=2 2 2 2 2 2 2 2 2 2 2 2 2 2 2 2 2 2 2 2 2 2 2 2
left_child=-1 3 15 4 5 7 -7 8 9 16 -9 -8 13 14 -13 -3 17 18 -2 20 -12 -21 -23 -14
right_child=1 2 -4 -5 -6 6 11 10 -10 -11 19 12 23 -15 -16 -17 -18 -19 -20 21 -22 22 -24 -25
leaf_value=-0.070017603201317183 0.012874898729310136 0.038260675094917998 -0.070627288944630953 -0.069588790187489966 -0.075290842076634487 -0.069683326960905026 -0.026659701547058118 -0.019106451458460384 -0.094675759704470952 -0.059857225499603824 0.054331749808242298 0.0086673757970326115 0.0070938029371725624 0.02598515996787663 -0.080637002026349894 -0.014772357812725886 0.025231774216091022 0.029160489144903639 -0.073294900101282492 0.050829572236378649 -0.019504254935878419 0.042780149481361419 0.0066129106901883514 0.032654168327482587
leaf_weight=35.030176550149918 2.7325537353754026 5.9695569425821322 17.151522845029831 4.6764374524354926 2.4731871485710135 4.1811410039663306 5.1798641830682746 2.7298560291528693 3.1059136986732474 2.7287930548191062 3.3274686336517325 9.4815041124820727 10.93757274746895 5.5420009642839423 3.9545162469148627 3.6569069176912308 66.238375097513199 4.1706126779317856 2.484185978770256 37.703305602073669 4.2137354165315628 13.766822978854181 7.7490651458501807 20.535817340016365
leaf_count=143 11 27 70 19 10 17 21 12 13 11 16 40 48 24 16 15 298 19 10 179 18 65 36 93
internal_value=1.40415e-06 0.0100581 -0.0387254 0.0160895 0.018006 0.0191388 0.00377896 0.0251719 0.0144934 0.0189229 0.0375747 0.00944405 0.0133094 -0.00404103 -0.0170215 0.0172834 0.0218713 -0.000988533 -0.0266252 0.0400123 0.0120142 0.0434426 0.0301261 0.0240257
internal_weight=279.721 244.691 26.778 217.913 213.236 210.763 59.8124 150.951 81.4604 78.3545 69.4903 55.6313 50.4514 18.978 13.436 9.62646 75.6257 9.38735 5.21674 66.7604 7.5412 59.2192 21.5159 31.4734
internal_count=1231 1088 112 976 957 947 259 688 362 349 326 242 221 80 56 42 338 40 21 314 34 280 101 141
is_linear=0
shrinkage=0.04


Tree=10
num_leaves=25
num_cat=0
split_feature=16 16 1 23 0 25 21 15 19 24 1 21 15 24 25 23 4 15 24 21 24 1 24 21
split_gain=109.305 33.2971 25.0375 17.5066 15.5374 9.55742 6.19109 12.4757 6.77345 13.7154 5.46081 12.9706 5.05616 5.45509 4.67973 5.22458 4.21297 3.92924 9.25438 6.84652 5.79596 13.1005 4.1995 3.15069
threshold=1.0000000180025095e-35 1.5000000000000002 7.5000000000000009 0.97140452079103179 3.5000000000000004 2.5000000000000004 2.4166666666666674 1.5000000000000002 1.0000000180025095e-35 3.5000000000000004 13.500000000000002 1.8750000000000002 1.0000000180025095e-35 6.5000000000000009 6.5000000000000009 0.84759080068664439 1.0000000180025095e-35 1.5000000000000002 5.5000000000000009 1.8750000000000002 4.5000000000000009 17.500000000000004 3.5000000000000004 2.8750000000000004
decision_type=2 2 2 2 2 2 2 2 2 2 2 2 2 2 2 2 2 2 2 2 2 2 2 2
left_child=-1 3 -3 4 6 -6 8 -8 16 -10 -11 -12 -5 -14 17 -16 -2 18 19 -7 21 22 -19 -9
right_child=1 2 -4 12 5 14 7 23 9 10 11 -13 13 -15 15 -17 -18 20 -20 -21 -22 -23 -24 -25
leaf_value=-0.068004320275606531 0.01302363388925778 0.013866164969388264 -0.068108423226740461 -0.064834793590245424 -0.069471159250573969 -0.035295738260478084 -0.06572575604543289 0 -0.080937544204092757 0.029336277541726727 -0.086348226899541899 0.051430079875322339 0.018768167135166238 -0.053994925467857523 -0.064083497254113719 0.0063021925592461519 0.03500287315996168 0.042784218895713988 -0.071331958113362751 0.027470158723272523 0.030646957076966089 -0.08745646393409072 -0.0048103179855164485 0.048838741558113165
leaf_weight=32.478485703468323 17.88368333876133 9.9818580001592654 14.308287069201468 4.6938818246126157 2.9570361226797095 4.0478691756725302 3.5331038087606412 3.7449928820133209 2.4894349277019527 15.912611901760103 2.3146474212408057 2.0078942179679871 4.0577950179576874 2.6946015059947968 3.1902911216020575 3.1942285448312759 92.889164954423904 4.9145882278680784 2.9751324057579032 8.5958916395902616 19.394373133778572 2.4336796253919593 6.8537835478782654 4.1172555685043335
leaf_count=134 79 44 59 19 12 17 15 17 10 72 10 10 17 11 13 13 437 22 12 37 89 10 30 19
internal_value=0.000818441 0.0101972 -0.0340922 0.0152405 0.0179739 0.000446204 0.0250023 -0.00266487 0.0274239 0.00707289 0.0182957 -0.0204971 -0.032645 -0.0090838 0.00430859 -0.0276159 0.0315267 0.00861259 -0.00761668 0.00674309 0.0163957 -0.00250267 0.0143858 0.0246556
internal_weight=271.665 239.186 24.2901 214.896 203.45 58.5569 144.893 11.3954 133.497 22.7246 20.2352 4.32254 11.4463 6.7524 55.5998 6.38452 110.773 49.2153 15.6189 12.6438 33.5964 14.2021 11.7684 7.86225
internal_count=1208 1074 103 971 924 255 669 51 618 102 92 20 47 28 243 26 516 217 66 54 151 62 52 36
is_linear=0
shrinkage=0.04


Tree=11
num_leaves=25
num_cat=0
split_feature=16 16 1 21 15 25 21 4 23 0 27 24 17 25 25 25 26 26 23 21 26 25 21 15
split_gain=102.029 30.9602 23.4361 16.3143 15.8859 17.0436 14.4535 13.0057 9.83519 8.08772 8.4498 13.021 9.86045 31.1505 20.5355 11.2305 8.25543 6.2402 9.32981 4.79398 4.4696 4.32013 7.61679 7.49325
threshold=1.0000000180025095e-35 1.5000000000000002 7.5000000000000009 2.4166666666666674 1.5000000000000002 3.5000000000000004 2.5833333333333335 1.5000000000000002 0.97140452079103179 3.5000000000000004 2.5000000000000004 5.5000000000000009 1.0000000180025095e-35 3.5000000000000004 2.5000000000000004 1.0000000180025095e-35 7.0000000000000009 2.5000000000000004 0.84759080068664439 1.2916666666666667 7.0000000000000009 3.5000000000000004 1.8750000000000002 1.5000000000000002
decision_type=2 2 2 2 2 2 2 2 2 2 2 2 2 2 2 2 2 2 2 2 2 2 2 2
left_child=-1 3 -3 7 20 -6 -7 8 9 10 11 12 14 -14 15 -2 -12 18 -11 -18 -5 22 -19 -23
right_child=1 2 -4 4 5 6 -8 -9 -10 17 16 -13 13 -15 -16 -17 19 21 -20 -21 -22 23 -24 -25
leaf_value=-0.066146089153693605 0.00073609888231803225 0.013365517190111484 -0.066221945359244513 -0.065351775539912907 -0.079809105547963069 -0.051086217719807134 0.043391228227722393 -0.067512078626721123 -0.027582001069728853 -0.070740187983063238 0.047461770443117751 -0.076625035802147037 0.042576964738641795 -0.099437908054937768 0.023141055979976635 -0.095524812075633264 0.045289669320579574 -0.04675259941270056 0.025246088642169533 -0.0056150109057609898 -0.0055667795998167345 -0.02073785024095684 0.022488661253841462 0.033350072396588389
leaf_weight=32.063566207885742 3.2213385254144695 9.9423474073410052 14.130804315209387 8.2280507683753985 2.8785127848386791 3.1300924271345165 13.618530869483946 2.6751495152711859 6.3684761375188819 3.7096644043922415 43.979936257004738 2.2071021348237982 39.810263589024544 2.6043873578310004 21.774266466498375 4.3243485987186432 4.3057608902454367 4.5606121271848661 2.7188597768545151 8.8220264464616758 3.0452604293823233 4.9281119555234936 5.6052033752202988 20.523745730519295
leaf_count=134 13 44 59 34 12 13 64 11 26 15 217 9 186 11 99 18 21 19 11 40 13 21 24 94
internal_value=0.000790656 0.00987591 -0.0330196 0.0147606 -0.0119539 0.00944043 0.025257 0.0193367 0.0206759 0.0224976 0.0274165 0.0182857 0.0213174 0.0336682 0.00317764 -0.0533697 0.0390987 0.00697617 -0.0288996 0.0104717 -0.0499117 0.0136759 -0.00778757 0.022563
internal_weight=269.176 237.113 24.0732 213.04 30.9004 19.6271 16.7486 182.139 179.464 173.096 131.049 73.9417 71.7346 42.4147 29.32 7.54569 57.1077 42.0462 6.42852 13.1278 11.2733 35.6177 10.1658 25.4519
internal_count=1208 1074 103 971 136 89 77 835 824 798 614 336 327 197 130 31 278 184 26 61 47 158 43 115
is_linear=0
shrinkage=0.04


Tree=12
num_leaves=25
num_cat=0
split_feature=16 16 1 21 15 25 21 4 23 0 27 17 25 25 10 26 26 23 23 21 26 25 21 15
split_gain=95.4081 28.8251 21.9878 15.2303 14.6227 15.8021 13.4805 12.1289 9.16368 7.63388 8.06313 8.45191 26.9682 18.4557 9.49696 7.94728 5.7592 8.59696 4.81381 4.593 4.09297 4.01958 7.00496 7.00374
threshold=1.0000000180025095e-35 1.5000000000000002 7.5000000000000009 2.4166666666666674 1.5000000000000002 3.5000000000000004 2.5833333333333335 1.5000000000000002 0.97140452079103179 3.5000000000000004 2.5000000000000004 1.0000000180025095e-35 3.5000000000000004 2.5000000000000004 2.5000000000000004 7.0000000000000009 2.5000000000000004 0.84759080068664439 0.45220861134162554 1.8750000000000002 7.0000000000000009 3.5000000000000004 1.8750000000000002 1.5000000000000002
decision_type=2 2 2 2 2 2 2 2 2 2 2 2 2 2 2 2 2 2 2 2 2 2 2 2
left_child=-1 3 -3 7 20 -6 -7 8 9 10 11 13 18 14 -2 -12 17 -11 -13 -17 -5 22 -18 -23
right_child=1 2 -4 4 5 6 -8 -9 -10 16 15 12 -14 -15 -16 19 21 -19 -20 -21 -22 23 -24 -25
leaf_value=-0.06445496585272649 0 0.012882123372275121 -0.064504605900586959 -0.062655366749787597 -0.076804996822914154 -0.048811953813292397 0.042367104136379487 -0.065517050132783139 -0.026451729728960122 -0.067821109385407918 0.046551852094050938 0.0047992616241028093 -0.093661857927128361 0.020084533500467613 -0.090420920935541438 0.025535476245284176 -0.044682731962317021 0.024306526166125102 0.04337920164582254 -0.026367286576949211 -0.005339028939096011 -0.019864349383394521 0.021697981681563588 0.032412860696756099
leaf_weight=31.597987160086632 3.4631774276495007 9.9036119878292102 13.930752798914908 8.2385882288217562 2.8715737164020565 3.1445775628089931 13.394384995102881 2.6469080448150626 6.3748339265584937 3.714427486062049 43.064595147967339 6.6680917590856543 2.6533188521862021 22.100288242101669 4.3843711763620377 9.3270165324211103 4.5805682092905027 2.7111552506685257 33.97266112267971 3.7334702014923087 3.048098385334014 4.9387982040643719 5.5776471942663193 20.277542158961296
leaf_count=134 14 44 59 34 12 13 64 11 26 15 217 30 11 101 18 43 19 11 162 18 13 21 24 94
internal_value=0.000764905 0.00957886 -0.0320134 0.0143176 -0.0115655 0.00914128 0.0245474 0.0187714 0.0200731 0.0218526 0.0266758 0.0177289 0.0290385 0.00111211 -0.0512986 0.0382087 0.00673397 -0.0277045 0.0372461 0.010086 -0.0478852 0.0132157 -0.00744704 0.0218567
internal_weight=266.318 234.72 23.8344 210.886 30.6972 19.4105 16.539 180.189 177.542 171.167 129.367 73.2419 43.2941 29.9478 7.84755 56.1251 41.8001 6.42558 40.6408 13.0605 11.2867 35.3746 10.1582 25.2163
internal_count=1208 1074 103 971 136 89 77 835 824 798 614 336 203 133 32 278 184 26 192 61 47 158 43 115
is_linear=0
shrinkage=0.04


Tree=13
num_leaves=25
num_cat=0
split_feature=24 23 2 19 24 26 1 1 3 4 10 21 15 27 25 17 25 10 26 24 17 26 15 21
split_gain=23.1093 23.6444 16.5038 13.5851 17.5002 18.2582 13.7886 12.3077 11.9834 11.4089 9.18415 8.30264 12.4335 6.02997 22.1172 9.95718 11.5293 8.64655 5.0479 4.20916 12.7808 3.96814 5.61894 7.65262
threshold=1.5000000000000002 0.97140452079103179 1.5000000000000002 1.0000000180025095e-35 3.5000000000000004 4.5000000000000009 28.500000000000004 18.500000000000004 1.5000000000000002 1.5000000000000002 3.5000000000000004 2.4166666666666674 1.5000000000000002 2.5000000000000004 3.5000000000000004 1.0000000180025095e-35 2.5000000000000004 2.5000000000000004 2.5000000000000004 4.5000000000000009 1.5000000000000002 4.5000000000000009 1.5000000000000002 1.8750000000000002
decision_type=2 2 2 2 2 2 2 2 2 2 2 2 2 2 2 2 2 2 2 2 2 2 2 2
left_child=-1 2 3 6 -5 7 8 -6 9 10 11 13 -13 14 15 16 17 -2 -14 -17 -21 22 23 -12
right_child=1 -3 -4 4 5 -7 -8 -9 -10 -11 21 12 18 -15 -16 19 -18 -19 -20 20 -22 -23 -24 -25
leaf_value=-0.064956335041337881 0.0018323511853760265 -0.04175560487312148 -0.06190371843084725 -0.07025413356167523 0.020722869106954308 -0.079400229146120063 -0.07841684137419383 -0.072218366504239823 -0.066863366131595922 -0.064052414912866701 -0.070878562428414921 -0.058114256787991085 0.048415745251210771 0.034706476791146898 -0.082687318702863541 0.039273838577187713 0.020430524210049299 -0.085987010408426476 -0.017538521369376739 -0.077394085387168424 0.033624013901004328 0.019880574852072314 0.0042417543278234276 -8.4828177133150156e-05
leaf_weight=8.2871785014867765 3.2036994248628625 17.611343994736671 5.5261049270629874 7.1722669005393973 23.646649032831199 4.0824475586414328 2.6261489838361731 2.4964310824871054 2.8914660513401023 2.8564517349004737 4.3146389722824079 5.030998542904852 4.7408058792352676 54.80759559571743 3.385192707180976 33.893849223852158 13.056508719921112 3.6312690526247025 2.82765032351017 2.1214323937892896 7.3889155089855194 14.011140808463095 27.633965700864792 6.1616717427968979
leaf_count=36 13 74 24 30 110 17 11 11 12 12 18 21 23 274 14 161 60 15 13 9 36 64 124 26
internal_value=0.000739368 0.00290476 0.00625004 0.00790804 -0.0140728 -0.000476717 0.0121737 0.0115418 0.0134548 0.0147254 0.0159768 0.0215203 -0.00892387 0.0247435 0.0164345 0.0218622 -0.00118746 -0.0436537 0.0227176 0.0326098 0.0080185 0.00156227 -0.00496248 -0.0300047
internal_weight=263.406 255.119 237.507 231.981 37.3978 30.2255 194.583 26.1431 191.957 189.066 186.209 134.088 12.5995 121.488 66.6809 63.2957 19.8915 6.83497 7.56846 43.4042 9.51035 52.1214 38.1103 10.4763
internal_count=1208 1172 1098 1074 168 138 906 121 895 883 871 639 57 582 308 294 88 28 36 206 45 232 168 44
is_linear=0
shrinkage=0.04


Tree=14
num_leaves=25
num_cat=0
split_feature=16 16 1 21 15 25 21 26 18 15 0 23 23 0 26 27 17 26 23 25 25 17 21 27
split_gain=86.1562 25.7947 19.5705 13.5312 12.6621 14.3442 12.1757 9.98313 15.3175 14.2858 9.35075 6.51877 6.00428 4.47745 5.72014 5.28118 4.64311 6.9585 5.82068 6.11047 4.54182 4.05417 7.35331 9.12797
threshold=1.0000000180025095e-35 1.5000000000000002 7.5000000000000009 2.4166666666666674 1.5000000000000002 3.5000000000000004 2.5833333333333335 2.5000000000000004 1.0000000180025095e-35 1.0000000180025095e-35 3.5000000000000004 1.2359820001581181 0.84759080068664439 3.5000000000000004 7.0000000000000009 2.5000000000000004 1.0000000180025095e-35 5.5000000000000009 0.45220861134162554 3.5000000000000004 2.5000000000000004 1.5000000000000002 1.2916666666666667 3.5000000000000004
decision_type=2 2 2 2 2 2 2 2 2 2 2 2 2 2 2 2 2 2 2 2 2 2 2 2
left_child=-1 3 -3 7 -5 -6 -7 8 9 -2 -11 13 -12 14 15 16 18 -18 20 -20 -9 22 -16 -24
right_child=1 2 -4 4 5 6 -8 11 -10 10 12 -13 -14 -15 21 -17 17 -19 19 -21 -22 -23 23 -25
leaf_value=-0.062149321265615315 -0.086578397885595446 0.011788403505987498 -0.061899148807829894 -0.044528575905174693 -0.073522657218001136 -0.0458450592521445 0.040990551975098925 -0.0054863310892251972 -0.089505825469858691 0.02570397410412574 -0.060008543039583161 -0.027189660592593059 0.011115169874207225 0.011985742814654175 0.043318130931945351 0.046467836987426805 0.0073452372719167523 0.052523260760106542 -0.035793339631050775 0.023905512579524828 0.05484999760412685 0.035045664432460273 -0.039487911120964933 0.051404014013449184
leaf_weight=30.747699722647667 2.4092921316623679 9.7756913155317324 13.534079641103743 11.298619523644449 2.8407948315143612 3.143550872802737 13.038890168070791 2.7104663103818893 2.8466122895479193 25.426825970411301 3.8443666547536841 3.8925839364528647 3.4468934834003448 36.265047997236252 4.1164444237947491 32.779216930270195 9.0729053765535355 15.608118683099747 6.2304223626852036 4.7659456729888916 5.7499386370182037 7.0843340456485739 8.2712509185075742 2.1857866197824469
leaf_count=134 10 44 59 47 12 13 64 11 12 123 16 16 14 163 21 171 41 78 27 22 28 35 36 11
internal_value=0.000708358 0.00913393 -0.0306527 0.0136522 -0.0108707 0.00869948 0.0236278 0.0179055 -5.77394e-05 0.00696311 0.0140958 0.0228801 -0.0252881 0.0243848 0.0288652 0.0340243 0.0246018 0.0362397 0.00942799 -0.00919169 0.0345744 0.0101735 -0.00136821 -0.0197242
internal_weight=261.086 230.338 23.3098 207.028 30.3219 19.0232 16.1824 176.706 37.974 35.1274 32.7181 138.732 7.29126 134.84 98.5748 76.917 44.1378 24.681 19.4568 10.9964 8.4604 21.6578 14.5735 10.457
internal_count=1208 1074 103 971 136 89 77 835 175 163 153 660 30 644 481 378 207 119 88 49 39 103 68 47
is_linear=0
shrinkage=0.04


Tree=15
num_leaves=25
num_cat=0
split_feature=16 16 1 3 24 4 23 20 24 15 23 26 23 15 24 23 18 23 21 23 27 26 21 23
split_gain=83.829 29.4589 18.5966 13.8336 12.7314 12.7683 10.6087 5.41013 6.19238 12.2365 6.26485 5.67197 5.54451 4.77856 4.40011 4.12837 4.0315 16.1454 5.1803 3.76813 3.01923 3.04344 7.86873 6.37109
threshold=1.0000000180025095e-35 1.5000000000000002 7.5000000000000009 1.5000000000000002 8.5000000000000018 1.5000000000000002 1.2359820001581181 3.5000000000000004 3.5000000000000004 1.0000000180025095e-35 0.76180168105713697 2.5000000000000004 0.84759080068664439 1.0000000180025095e-35 2.5000000000000004 0.97140452079103179 1.0000000180025095e-35 0.76180168105713697 1.8750000000000002 0.84759080068664439 2.5000000000000004 5.5000000000000009 1.5833333333333337 0.48570226039551589
decision_type=2 2 2 2 2 2 2 2 2 2 2 2 2 2 2 2 2 2 2 2 2 2 2 2
left_child=-1 3 -3 4 5 6 7 8 9 14 -11 19 -13 -8 -2 -14 20 18 -18 -9 21 22 -10 -23
right_child=1 2 -4 -5 -6 -7 13 11 16 10 -12 12 15 -15 -16 -17 17 -19 -20 -21 -22 23 -24 -25
leaf_value=-0.060799815145136396 -0.0061835800388466032 0.0088842421605841975 -0.060639625308190288 -0.062880314336387466 -0.072214897895071281 -0.062359715348091226 -0.064980689789262025 -0.060496425824376879 0.026962900988669939 0.02398540167085594 -0.0446220869733195 0.01817410827094082 -0.044726673795313754 0 -0.076742221010546507 0.015376331689070313 0.044002318895927879 -0.096692343491950231 -0.0095986151202211174 0.00081152356536492445 0.040711040377286727 -0.0095792306821304157 -0.033718653998564101 0.048685537597977925
leaf_weight=32.653909042477608 3.2113831639289847 9.9849026352167147 15.328753545880316 3.754593461751937 2.6554032266139975 3.2735576927661887 3.3523982614278784 2.9662276506423941 13.911453381180765 32.410387054085732 2.2035363465547553 42.457304447889328 4.3011143058538428 4.1086136400699615 2.9780783951282501 2.9239153116941452 8.5515555292367882 1.9661468416452414 4.0256985574960717 2.9520380944013596 39.877121835947037 3.5716322064399746 4.4416000992059699 13.659659102559088
leaf_count=145 13 45 68 16 11 14 14 12 66 155 10 195 18 17 12 12 45 9 20 12 206 16 19 70
internal_value=-0.000816849 0.00770634 -0.0329001 0.0127954 0.0142575 0.0154629 0.0168182 0.0187165 0.0231925 0.00996603 0.0193867 0.00804232 0.012564 -0.0295382 -0.0414256 -0.0192962 0.0290997 0.00904436 0.0262098 -0.0285642 0.0328589 0.0238347 0.0118415 0.0361444
internal_weight=261.521 228.867 25.3137 203.553 199.799 197.143 193.87 186.409 130.808 40.8034 34.6139 55.6006 49.6823 7.46101 6.18946 7.22503 90.0049 14.5434 12.5773 5.91827 75.4615 35.5843 18.3531 17.2313
internal_count=1220 1075 113 962 946 935 921 890 641 190 165 249 225 31 25 30 451 74 65 24 377 171 85 86
is_linear=0
shrinkage=0.04


Tree=16
num_leaves=25
num_cat=0
split_feature=16 16 1 3 23 0 10 27 25 1 21 26 14 25 26 23 22 25 23 1 23 21 26 23
split_gain=78.7693 27.4627 17.6023 12.9335 8.79872 7.31457 8.722 5.44869 20.3289 5.85507 5.84673 13.6702 4.87065 4.71488 3.93217 4.76189 3.96546 3.6102 3.46325 3.25512 3.11303 2.74765 2.71011 2.25168
threshold=1.0000000180025095e-35 1.5000000000000002 7.5000000000000009 1.5000000000000002 1.2359820001581181 3.5000000000000004 3.5000000000000004 2.5000000000000004 4.5000000000000009 18.500000000000004 1.8750000000000002 5.5000000000000009 2.5000000000000004 2.5000000000000004 2.5000000000000004 0.84759080068664439 3.5000000000000004 5.5000000000000009 0.48570226039551589 7.5000000000000009 0.84759080068664439 1.5833333333333337 7.0000000000000009 0.76180168105713697
decision_type=2 2 2 2 2 2 2 2 2 2 2 2 2 2 2 2 2 2 2 2 2 2 2 2
left_child=-1 3 21 4 5 7 -7 8 12 13 -11 -12 18 -9 20 22 -17 -6 -2 -14 -8 -3 -16 -21
right_child=1 2 -4 -5 17 6 14 9 -10 10 11 -13 19 -15 15 16 -18 -19 -20 23 -22 -23 -24 -25
leaf_value=-0.059557543214558396 -0.025467122289579893 0.0249815743285191 -0.0593892925883669 -0.061338106979575743 -0.050815209996293936 -0.060275114691932745 -0.057437779055100634 -0.014899511428938366 -0.0812219120726205 0.02742934938409064 0.028152190138962214 -0.086058928465606754 0.00072268881686462225 0.046230044424870241 0.013381458647275196 -0.043099219096648919 0.01588532228963007 0.0041716249447750512 0.025885501610981083 0.021196608298893468 0.00077914453057587962 -0.017978149503730303 0.056433045196034051 0.041799461344755207
leaf_weight=32.014531493186951 6.3688075393438321 6.3357768058776873 15.031420707702635 3.696211338043212 4.5586529076099387 3.2051248252391806 2.4911430627107611 1.9622356146574045 3.4293347448110572 18.731354460120205 4.2886801064014426 2.7026175856590271 10.173769831657408 29.02091546356678 40.280663922429085 4.3484355658292762 2.8903632313013077 2.8575651496648788 3.0221731811761856 39.498904600739479 2.951742485165596 3.6217782944440842 2.6412565261125556 12.466007769107817
leaf_count=145 27 30 68 16 19 14 10 9 14 96 22 13 48 156 186 18 12 12 14 187 12 15 12 65
internal_value=-0.000798923 0.00746823 -0.0319957 0.0123999 0.0138177 0.0155092 0.00361499 0.0207611 0.0134896 0.0302322 0.0156259 -0.014854 0.0181422 0.0421004 0.00744165 0.0110558 -0.0184423 -0.0285494 -0.00808912 0.0222352 -0.0243962 0.00855278 0.0162171 0.026293
internal_weight=258.589 226.575 24.989 201.586 197.89 190.474 58.8087 131.665 74.959 56.7058 25.7227 6.9913 71.5297 30.9832 55.6036 50.1607 7.2388 7.41622 9.39098 62.1387 5.44289 9.95756 42.9219 51.9649
internal_count=1220 1075 113 962 946 915 264 651 355 296 131 35 341 165 250 228 30 31 41 300 22 45 198 252
is_linear=0
shrinkage=0.04


Tree=17
num_leaves=25
num_cat=0
split_feature=16 16 17 26 21 26 18 15 21 25 15 0 27 25 26 25 26 17 0 23 23 21 17 25
split_gain=74.116 25.6448 16.0317 11.9381 10.8148 10.7601 12.3075 10.7447 10.9249 11.4067 7.40374 5.7047 5.9166 14.6216 5.47154 3.94245 7.08921 4.65754 3.9041 3.22057 3.00572 2.94162 2.22343 21.2846
threshold=1.0000000180025095e-35 1.5000000000000002 1.0000000180025095e-35 2.5000000000000004 2.4166666666666674 2.5000000000000004 1.0000000180025095e-35 1.5000000000000002 2.5833333333333335 3.5000000000000004 1.0000000180025095e-35 3.5000000000000004 2.5000000000000004 3.5000000000000004 7.0000000000000009 1.5000000000000002 5.5000000000000009 1.0000000180025095e-35 2.5000000000000004 1.2359820001581181 0.84759080068664439 1.2916666666666667 1.0000000180025095e-35 3.5000000000000004
decision_type=2 2 2 2 2 2 2 2 2 2 2 2 2 2 2 2 2 2 2 2 2 2 2 2
left_child=-1 4 -3 -4 5 6 10 14 -9 -10 -2 12 13 -12 -6 16 17 -7 -18 22 -13 -20 23 -17
right_child=1 2 3 -5 7 15 -8 8 9 -11 11 20 -14 -15 -16 19 18 -19 21 -21 -22 -23 -24 -25
leaf_value=-0.058410658413427741 -0.072184841796144164 -0.061845855982541047 0.028298752077419619 -0.061262055462226628 -0.062551270359006386 0 -0.082922758260011595 -0.055680652027991127 -0.062631259790521074 0.039042837493601261 0.018867244525107935 -0.052468378111180582 0.047253452906895824 -0.081588869263086339 0 -0.028013585834382883 0.054021679946466769 -0.073190658335779951 0.03350916627167283 -0.011990566705090125 0.00074805111087808309 -0.014218509574122467 0.031576163224518755 0.030873408982544117
leaf_weight=31.350822567939758 1.9373236745595921 12.951305508613586 8.3577857762575132 3.3204558491706857 7.1926076114177722 2.6910495609045038 2.8562712222337714 3.4003319144248989 2.0169908404350272 12.061481535434721 16.36461320519448 3.2567468881607047 7.2699980884790412 2.6912526786327353 3.3191746324300766 11.98535208404064 3.7801961153745642 2.6181397587060928 3.391796201467514 3.6084040701389304 2.9514579474925995 5.0889499336481094 49.610529601573944 51.700140118598938
leaf_count=145 8 59 39 15 30 11 12 14 9 62 78 14 40 11 14 54 19 11 18 15 12 22 246 262
internal_value=-0.000772541 0.00724361 -0.0311775 0.00214904 0.01202 0.0157955 -0.00301793 -0.0108675 0.00796708 0.023908 0.00337084 0.00811589 0.0164367 0.00426005 -0.0429463 0.0210773 0.00288579 -0.0351857 0.0200239 0.0237429 -0.02588 0.00392642 0.0249516 0.0196655
internal_weight=255.773 224.422 24.6295 11.6782 199.793 171.802 37.3277 27.9906 17.4788 14.0785 34.4714 32.5341 26.3259 19.0559 10.5118 134.475 17.5701 5.30919 12.2609 116.904 6.2082 8.48075 113.296 63.6855
internal_count=1220 1075 113 54 962 833 175 129 85 71 163 155 129 89 44 658 81 22 59 577 26 40 562 316
is_linear=0
shrinkage=0.04


Tree=18
num_leaves=25
num_cat=0
split_feature=16 16 1 3 24 4 21 15 21 24 22 19 20 15 18 22 22 1 21 24 21 21 1 21
split_gain=69.8001 23.9712 15.7472 11.7291 11.618 10.9207 7.5632 12.2824 11.6409 3.32829 15.1843 13.2483 5.01331 4.75038 4.72286 17.4578 3.83028 2.81601 2.34405 2.2721 2.26555 3.27633 2.7312 2.24013
threshold=1.0000000180025095e-35 1.5000000000000002 7.5000000000000009 1.5000000000000002 8.5000000000000018 1.5000000000000002 2.4166666666666674 1.5000000000000002 2.5833333333333335 3.5000000000000004 2.5000000000000004 1.0000000180025095e-35 3.5000000000000004 1.0000000180025095e-35 1.0000000180025095e-35 2.5000000000000004 2.5000000000000004 26.500000000000004 1.5833333333333337 6.5000000000000009 1.4166666666666667 1.2916666666666667 4.5000000000000009 1.8750000000000002
decision_type=2 2 2 2 2 2 2 2 2 2 2 2 2 2 2 2 2 2 2 2 2 2 2 2
left_child=-1 3 18 4 5 6 9 17 -9 10 11 13 14 -2 16 23 -11 -8 -3 -14 21 -15 -23 -16
right_child=1 2 -4 -5 -6 -7 7 8 -10 12 -12 -13 19 20 15 -17 -18 -19 -20 -21 -22 22 -24 -25
leaf_value=-0.057349229071915059 -0.018164731557549975 0.023363664423218494 -0.05714620091849773 -0.059508870077816731 -0.070116840968590416 -0.059231875546368301 -0.055682606269968994 -0.052632525836291209 0.035237430563494765 0.022749838577097774 -0.063316507517869894 -0.072573205596899892 0.013502142946773021 0.047468279714155889 0.042060780908591319 -0.072387733694620038 0.042644750140766463 -0.0073088955300033218 -0.016368761638676829 -0.015280911404296183 0.040993487984187359 0.03650143217681609 3.1061118550803058e-05 0
leaf_weight=30.667640283703804 3.9357676953077307 6.2026174366474169 14.400407403707502 3.597820207476615 2.6210494190454474 3.1426119208335868 6.4444361478090286 2.9560918062925348 12.096412867307661 35.75997456908226 4.1588021218776694 2.4687871783971778 30.647182568907738 5.0943165272474316 8.0937347412109357 3.3937896937131873 31.625192940235138 3.3317304402589798 3.6349555552005768 4.8747213780879965 12.875361457467077 4.6091862618923196 13.008488968014717 3.0542712062597266
leaf_count=145 16 30 68 16 11 14 27 12 63 179 18 10 140 25 45 15 172 14 15 20 64 23 62 16
internal_value=-0.000755022 0.00702604 -0.030428 0.0116563 0.0130159 0.0141951 0.0154622 -0.00485464 0.0174496 0.0185945 0.00919357 0.0165653 0.0222204 0.0223357 0.027713 0.00634463 0.0322056 -0.0400151 0.00786944 0.00932699 0.0270397 0.0187771 0.0100266 0.0310308
internal_weight=252.695 222.028 24.238 197.79 194.192 191.571 188.428 24.8287 15.0525 163.6 46.1507 41.9919 117.449 39.5231 81.927 14.5418 67.3852 9.77617 9.83757 35.5219 35.5874 22.712 17.6177 11.148
internal_count=1220 1075 113 962 946 935 921 116 75 805 218 200 587 190 427 76 351 41 45 160 174 110 85 61
is_linear=0
shrinkage=0.04


Tree=19
num_leaves=25
num_cat=0
split_feature=16 16 1 3 24 4 21 15 21 26 18 26 14 27 1 1 1 24 24 22 15 5 21 21
split_gain=65.8031 22.4069 14.9472 10.9937 10.824 10.232 7.06222 11.3961 10.8458 8.30614 12.2137 4.74427 4.38426 7.57574 12.6212 3.46724 19.007 2.29684 2.38829 13.0165 3.2795 2.74443 2.17951 2.0776
threshold=1.0000000180025095e-35 1.5000000000000002 7.5000000000000009 1.5000000000000002 8.5000000000000018 1.5000000000000002 2.4166666666666674 1.5000000000000002 2.5833333333333335 2.5000000000000004 1.0000000180025095e-35 7.0000000000000009 3.5000000000000004 2.5000000000000004 9.5000000000000018 4.5000000000000009 7.5000000000000009 6.5000000000000009 3.5000000000000004 2.5000000000000004 1.0000000180025095e-35 1.0000000180025095e-35 1.5833333333333337 1.1250000000000002
decision_type=2 2 2 2 2 2 2 2 2 2 2 2 2 2 2 2 2 2 2 2 2 2 2 2
left_child=-1 3 22 4 5 6 9 11 -9 10 12 -8 13 14 15 -2 -17 18 19 20 -11 -20 -3 -23
right_child=1 2 -4 -5 -6 -7 7 8 -10 17 -12 -13 -14 -15 -16 16 -18 -19 21 -21 -22 23 -24 -25
leaf_value=-0.056364645904681494 0.033207850279398397 0.022651887864821151 -0.056153867141219574 -0.058229706988350005 -0.067988501780164134 -0.057954031495862 -0.058663880443252436 -0.050526600841566481 0.034397839680917301 -0.012374437479048163 -0.07855404547524765 0 -0.031050426651550098 0.046663836728644922 -0.084286786162954069 -0.089461964189321674 0.03305454885056118 0.0018776428769505826 0.031786861654671941 -0.075970997055823289 0.028198107542012154 0.049076189318411637 -0.015674004259760715 0.011451504200129992
leaf_weight=29.969335556030273 7.3886006176471843 6.1428480297327059 14.075268313288687 3.5311296582221976 2.595484346151351 3.0846011936664572 6.4209549129009247 2.9561142325401315 11.900014773011206 3.4708876013755861 2.8610538989305487 3.3198734670877457 3.9467868804931632 7.9086986035108557 2.4679816365241996 2.8771895319223386 6.813272699713707 8.700560510158537 66.123416244983673 2.3558769375085822 20.668573334813118 2.8280720710754421 3.6440422981977463 23.555638566613197
leaf_count=145 37 30 68 16 11 14 27 12 63 14 12 14 16 44 10 12 33 46 342 10 103 16 15 110
internal_value=-0.000736433 0.00681758 -0.0296851 0.0113076 0.0126265 0.0137719 0.0150007 -0.00471337 0.0169608 0.018044 0.000318279 -0.0385909 0.00775902 0.0136293 0 0.0124814 -0.0024962 0.0227373 0.0241951 0.0130169 0.022033 0.0273103 0.00756424 0.0157877
internal_weight=249.606 219.637 23.8622 195.775 192.244 189.648 186.564 24.597 14.8561 161.967 34.2636 9.74083 31.4025 27.4557 19.547 17.0791 9.69046 127.703 119.002 26.4953 24.1395 92.5071 9.78689 26.3837
internal_count=1220 1075 113 962 946 935 921 116 75 805 164 41 152 136 92 82 45 641 595 127 117 468 45 126
is_linear=0
shrinkage=0.04


Tree=20
num_leaves=25
num_cat=0
split_feature=16 16 17 3 1 24 24 4 23 25 0 27 25 17 26 26 26 24 25 1 1 25 26 23
split_gain=64.3855 21.3347 12.6901 12.2766 11.5407 9.66073 8.6879 8.857 8.90043 7.07479 5.69944 3.68523 14.1825 3.76312 16.0643 6.988 11.8689 12.2669 5.87041 3.62469 2.68802 2.14728 1.98279 6.37152
threshold=1.0000000180025095e-35 1.5000000000000002 1.0000000180025095e-35 1.5000000000000002 28.500000000000004 3.5000000000000004 8.5000000000000018 1.5000000000000002 1.2359820001581181 5.5000000000000009 3.5000000000000004 2.5000000000000004 4.5000000000000009 1.0000000180025095e-35 4.5000000000000009 5.5000000000000009 1.5000000000000002 3.5000000000000004 2.5000000000000004 18.500000000000004 19.500000000000004 2.5000000000000004 3.5000000000000004 0.45220861134162554
decision_type=2 2 2 2 2 2 2 2 2 2 2 2 2 2 2 2 2 2 2 2 2 2 2 2
left_child=-1 3 -3 4 6 -4 7 8 10 -10 11 12 13 14 18 16 -15 -18 -2 21 -21 -13 -20 -24
right_child=1 2 5 -5 -6 -7 -8 -9 9 -11 -12 19 -14 15 -16 -17 17 -19 22 20 -22 -23 23 -25
leaf_value=-0.055463306080822998 -0.021659649883887973 -0.060165936960919354 0.026339970413079363 -0.057931517717071723 -0.076343072217575095 -0.055852046657355089 -0.064137583326216746 -0.055978731903975502 -0.062032010611704574 0.022058314923888891 0.0086783880493279137 0 -0.08135457418448365 0.047862017405006951 -0.08193041620053966 0.04527769690074273 -0.088917696503679991 0.010110887041744222 0.039476738645260787 1.5065530463622579e-05 0.029511350149060634 0.044571671158053341 0.051821091067651162 -0.024550385461661495
leaf_weight=27.867403581738472 4.1606970876455369 10.441250786185265 7.5968778282403946 3.7345020920038214 2.161649838089942 3.2681791633367538 2.0975302308797827 2.5718497782945624 3.8971019536256781 2.5376852452754974 53.451325088739395 2.0703555047512081 2.1899704188108435 7.3467446863651302 2.7230100333690634 20.854304164648056 2.8705034703016263 6.2574812471866608 12.575942397117617 7.907463654875758 16.174204424023628 28.919499278068542 3.2925757616758338 3.585910364985466
leaf_count=138 17 50 36 17 9 16 9 12 17 11 247 10 9 38 11 115 12 30 63 42 87 168 17 16
internal_value=0.00166614 0.00918918 -0.0286601 0.0134447 0.0149079 0.000880533 0.0160145 0.0169748 0.0180567 -0.0276261 0.0197884 0.0246329 0.0179716 0.0215138 0.00948548 0.0297863 0.00969122 -0.0201545 0.0203652 0.0324535 0.0201581 0.0417498 0.0297643 0.0108439
internal_weight=240.554 212.687 21.3063 191.38 187.646 10.8651 185.484 183.387 180.815 6.43479 174.38 120.929 65.8571 63.6672 26.3381 37.329 16.4747 9.12798 23.6151 55.0715 24.0817 30.9899 19.4544 6.87849
internal_count=1197 1059 102 957 940 52 931 922 910 28 882 635 328 319 124 195 80 42 113 307 129 178 96 33
is_linear=0
shrinkage=0.04


Tree=21
num_leaves=25
num_cat=0
split_feature=16 16 17 3 1 24 24 4 21 24 22 26 22 18 0 24 22 21 26 17 17 24 21 24
split_gain=60.7594 19.9724 12.002 11.521 10.7159 9.07561 8.12311 8.3124 6.37757 10.138 6.23258 10.7345 6.0692 5.68544 3.63307 3.31226 5.1365 3.26589 1.7747 13.6456 2.02301 10.2301 7.02727 2.57661
threshold=1.0000000180025095e-35 1.5000000000000002 1.0000000180025095e-35 1.5000000000000002 28.500000000000004 3.5000000000000004 8.5000000000000018 1.5000000000000002 2.4166666666666674 3.5000000000000004 3.5000000000000004 2.5000000000000004 3.5000000000000004 1.0000000180025095e-35 3.5000000000000004 3.5000000000000004 2.5000000000000004 2.5833333333333335 2.5000000000000004 1.0000000180025095e-35 1.0000000180025095e-35 4.5000000000000009 1.5833333333333337 4.5000000000000009
decision_type=2 2 2 2 2 2 2 2 2 2 2 2 2 2 2 2 2 2 2 2 2 2 2 2
left_child=-1 3 -3 4 6 -4 7 8 12 -10 11 -11 14 -14 15 16 -2 -13 19 -17 21 22 -20 -22
right_child=1 2 5 -5 -6 -7 -8 -9 9 10 -12 17 13 -15 -16 18 -18 -19 20 -21 23 -23 -24 -25
leaf_value=-0.054608835794268236 0.019307131199144529 -0.059051802933328047 0.025541788593620055 -0.056771116659399663 -0.073583106070652382 -0.054876851791940906 -0.062445380776925755 -0.054894525279241407 -0.075150620789886408 0.048815440354688724 0.026057467407177619 -0.021069440892921593 0.016765618841260804 -0.063384580352035855 0.011139533672909254 0.038058049563974537 -0.044679772322722015 -0.082451815621514796 -0.088236315737851553 -0.088811030335609747 0.051575776587616133 0.033757426487151666 0.013929940611277915 0.024483524176778168
leaf_weight=27.185112401843071 32.94018779695034 10.217249482870102 7.5224400907754898 3.6599110960960379 2.1531768739223471 3.1946947574615479 2.0687753409147254 2.5188139081001273 2.6443163007497814 2.7972959876060486 12.904742002487183 4.5781027376651764 2.8609251379966727 2.608386442065239 38.002969518303871 6.7828464657068235 2.0693593621253958 2.3849191665649414 1.9332516938447941 1.6762229055166242 17.509652569890022 34.475012674927711 2.1889345943927765 10.398443654179575
leaf_count=138 164 50 36 17 9 16 9 12 12 16 65 19 12 11 176 41 9 10 8 7 100 189 12 59
internal_value=0.00161997 0.00893389 -0.0280173 0.0130657 0.0144867 0.000823148 0.0155646 0.016499 0.0175498 -0.000750902 0.00757629 -0.0160392 0.0206204 -0.0199964 0.0221757 0.0259167 0.0152965 -0.0432426 0.0307698 0.0119723 0.0330404 0.0265226 -0.032044 0.041768
internal_weight=237.276 210.091 20.9344 189.156 185.496 10.7171 183.343 181.274 178.756 25.3094 22.6651 9.76032 153.446 5.46931 147.977 109.974 35.0095 6.96302 74.9644 8.45907 66.5053 38.5972 4.12219 27.9081
internal_count=1197 1059 102 957 940 52 931 922 910 122 110 45 788 23 765 589 173 29 416 48 368 209 20 159
is_linear=0
shrinkage=0.04


Tree=22
num_leaves=25
num_cat=0
split_feature=16 16 17 1 18 24 4 19 26 24 21 25 22 26 26 15 4 24 21 27 1 10 25 21
split_gain=57.3678 18.6936 11.3656 10.1389 8.69918 8.53063 7.51998 7.48621 15.6453 12.6312 4.835 7.9528 5.31169 11.9427 4.70701 21.7958 6.98228 5.62653 3.39977 5.04223 10.5079 8.54603 3.45508 3.19108
threshold=1.0000000180025095e-35 1.5000000000000002 1.0000000180025095e-35 28.500000000000004 1.5000000000000002 3.5000000000000004 1.5000000000000002 1.0000000180025095e-35 4.5000000000000009 3.5000000000000004 2.4166666666666674 3.5000000000000004 3.5000000000000004 2.5000000000000004 4.5000000000000009 1.5000000000000002 1.0000000180025095e-35 2.5000000000000004 1.1250000000000002 2.5000000000000004 8.5000000000000018 3.5000000000000004 4.5000000000000009 1.7083333333333337
decision_type=2 2 2 2 2 2 2 2 2 2 2 2 2 2 2 2 2 2 2 2 2 2 2 2
left_child=-1 3 -3 4 6 -4 7 10 9 -9 14 -12 13 -13 16 -16 17 -2 -18 20 -20 -21 -23 -24
right_child=1 2 5 -5 -6 -7 -8 8 -10 -11 11 12 -14 -15 15 -17 18 -19 19 21 -22 22 23 -25
leaf_value=-0.053811483602477457 0.014012006484584187 -0.058012835301504494 0.024767056824456259 -0.069671219365310469 -0.062362825752879963 -0.053960154915916318 -0.053878402710788233 -0.066308059256270091 -0.073406545700069811 0.021014727374664772 -0.045536407376382239 0.048180517152867378 0.031824901282907762 -0.061658674476452041 0.038229519541193364 -0.091780682848215597 0.050533220951853856 -0.066732185915364853 0.018232411677232951 0.043098650908944068 -0.044137256303445283 0.02268240741842837 0.011043569658806032 -0.027052956009038544
leaf_weight=26.498304814100266 2.4458314478397361 9.9888467043638229 7.4489486962556839 2.3298409581184378 2.3308612257242194 3.12051160633564 2.4647599458694449 3.0173285454511705 4.3025848716497412 20.497353777289391 4.5065385997295406 2.7223110795021066 10.575445368885994 3.6803152561187744 45.85407343506813 2.1267980933189383 5.4342865645885459 2.824908047914505 15.114885091781618 21.246301755309105 6.0510935336351386 15.270927339792253 8.2930782586336118 5.9581856280565253
leaf_count=138 10 50 36 10 10 16 12 13 18 104 20 16 55 16 254 9 31 12 76 128 26 72 38 27
internal_value=0.001571 0.00867841 -0.0274038 0.012687 0.013769 0.000766855 0.0147859 0.015771 -0.00306158 0.00946953 0.0192677 0.00128417 0.0141831 -0.013707 0.0221644 0.0323 0.0161828 -0.0277459 0.0192789 0.0168065 2.3724e-05 0.0236459 0.00937532 -0.00432252
internal_weight=234.104 207.606 20.5583 187.048 184.718 10.5695 182.387 179.922 27.8173 23.5147 152.105 21.4846 16.9781 6.40263 130.62 47.9809 82.6395 5.27074 77.3688 71.9345 21.166 50.7685 29.5222 14.2513
internal_count=1197 1059 102 957 947 52 937 925 135 117 790 107 87 32 683 263 420 22 398 367 102 265 137 65
is_linear=0
shrinkage=0.04


Tree=23
num_leaves=25
num_cat=0
split_feature=16 16 17 3 1 24 24 4 23 25 0 19 24 18 22 27 19 24 23 25 17 17 1 22
split_gain=54.2159 17.5156 10.7756 10.4135 9.29819 8.02248 7.45212 7.34253 7.35972 6.16712 4.9709 3.20441 8.35736 3.08031 15.2069 2.94829 1.65886 9.1276 1.91941 5.63696 2.99543 2.61489 2.7224 7.83225
threshold=1.0000000180025095e-35 1.5000000000000002 1.0000000180025095e-35 1.5000000000000002 28.500000000000004 3.5000000000000004 8.5000000000000018 1.5000000000000002 1.2359820001581181 5.5000000000000009 3.5000000000000004 1.0000000180025095e-35 3.5000000000000004 1.0000000180025095e-35 2.5000000000000004 2.5000000000000004 1.0000000180025095e-35 5.5000000000000009 0.48570226039551589 3.5000000000000004 1.0000000180025095e-35 1.5000000000000002 18.500000000000004 2.5000000000000004
decision_type=2 2 2 2 2 2 2 2 2 2 2 2 2 2 2 2 2 2 2 2 2 2 2 2
left_child=-1 3 -3 4 6 -4 7 8 10 -10 11 13 -13 15 -15 -2 18 -18 19 -12 -21 22 23 -20
right_child=1 2 5 -5 -6 -7 -8 -9 9 -11 16 12 -14 14 -16 -17 17 -19 21 20 -22 -23 -24 -25
leaf_value=-0.053066129755097682 0.022027787244305767 -0.057041706501013326 0.024014676978012708 -0.055248564151210065 -0.06886885597070394 -0.053096325874973579 -0.060795380689525842 -0.052923587269501936 -0.0587251279413381 0.020846787606633579 -0.051226801663529997 -0.065954969743623901 0.017320498125393914 0.026344434319135461 -0.079976489726690858 0.038131507638548057 -0.077405792254462993 0.022119828278789184 0.014481068978076703 0.024478487726691794 -0.019385494317057203 0.03756342539524278 0.019675527584276663 -0.06877611393843483
leaf_weight=25.809605747461319 46.938383430242538 9.7572378814220428 7.3765213936567307 3.5308314859867087 2.1225567907094947 3.0459390729665756 2.0238255560398093 2.4099687188863745 3.7279068231582633 2.4879458993673325 2.9122623056173316 2.1783910989761379 15.651494264602659 13.531983584165575 2.540958806872367 34.773129791021347 2.2074025124311438 4.2807787358760834 6.5187128633260762 8.194959953427313 3.3878562301397315 7.2557708024978629 15.567705065011978 2.4667256027460098
leaf_count=138 247 50 36 17 9 16 9 12 17 11 12 9 82 80 11 206 9 20 32 42 15 33 73 11
internal_value=0.00152622 0.00844218 -0.0268167 0.0123376 0.0136988 0.000711598 0.0147223 0.0156308 0.0166227 -0.0255888 0.0182282 0.0229089 0.00669752 0.025783 0.00903851 0.0289788 0.00782624 -0.0105077 0.010568 -0.000983846 0.010958 0.0160836 0.00941016 -0.00748476
internal_weight=230.699 204.889 20.1797 184.71 181.179 10.4225 179.056 177.032 174.622 6.21585 168.407 115.614 17.8299 97.7845 16.0729 81.7115 52.7922 6.48818 46.304 14.4951 11.5828 31.8089 24.5531 8.98544
internal_count=1197 1059 102 957 940 52 931 922 910 28 882 635 91 544 91 453 247 29 218 69 57 149 116 43
is_linear=0
shrinkage=0.04


Tree=24
num_leaves=25
num_cat=0
split_feature=16 16 17 3 1 24 24 19 26 24 26 15 21 15 0 21 27 22 24 1 21 21 1 21
split_gain=51.2528 16.3986 10.2276 9.78389 8.66722 7.54818 6.97673 6.09492 14.4354 11.3583 5.55398 10.3881 21.8069 7.50243 5.30374 4.9879 4.75309 6.10116 4.7387 4.08726 10.8356 2.60871 5.36369 2.30292
threshold=1.0000000180025095e-35 1.5000000000000002 1.0000000180025095e-35 1.5000000000000002 28.500000000000004 3.5000000000000004 8.5000000000000018 1.0000000180025095e-35 4.5000000000000009 3.5000000000000004 4.5000000000000009 1.5000000000000002 2.8750000000000004 1.0000000180025095e-35 3.5000000000000004 2.5833333333333335 2.5000000000000004 2.5000000000000004 2.5000000000000004 14.500000000000002 1.7083333333333337 1.2916666666666667 8.5000000000000018 2.5833333333333335
decision_type=2 2 2 2 2 2 2 2 2 2 2 2 2 2 2 2 2 2 2 2 2 2 2 2
left_child=-1 3 -3 4 6 -4 7 10 9 -9 13 15 -13 18 16 -12 17 21 -2 -16 -21 -15 -23 -18
right_child=1 2 5 -5 -6 -7 -8 8 -10 -11 11 12 -14 14 19 -17 23 -19 -20 20 -22 22 -24 -25
leaf_value=-0.052368233082163658 0.0034846350793698608 -0.056132005457180036 0.023283658250148737 -0.054270660350903388 -0.066798416576432415 -0.052280394572131884 -0.059362834225431635 -0.062785306042247996 -0.071635054000307771 0.021119688149662547 0.038929689128043725 -0.081135601464067675 0.038275964917436331 0.049919602091688706 0.01286785686611721 -0.021649108477468579 0.040004499071663847 -0.051303961681440108 -0.065873323778129822 0.014918776404654175 -0.063317746552626786 0.022508432542757584 -0.028202871336306251 0.0097607069630719981
leaf_weight=25.121342673897743 2.8297048807144156 9.5234856754541397 7.3052590191364288 3.4522663354873648 2.1012376099824897 2.9712506383657455 1.9904332160949696 2.9351546764373841 4.0780865401029578 19.924936756491661 45.3722964823246 4.0103970915079099 6.2166091799736023 3.2487882375717225 21.158726349473 2.1109046489000312 22.755946338176731 2.3338242024183264 3.0597231090068817 6.7557377219200117 4.7467422783374786 13.50148890912533 4.3238561600446692 5.8017757087945929
leaf_count=138 12 50 36 17 9 16 9 13 17 103 258 17 35 18 100 9 143 10 13 31 22 70 19 32
internal_value=0.00147829 0.00819749 -0.0262534 0.0119747 0.0132951 0.000657324 0.0142903 0.0151729 -0.00206436 0.00999663 0.0183595 0.0281612 -0.0077676 0.0120219 0.0151237 0.0360681 0.02308 0.00924455 -0.0311904 0.00221981 -0.0166717 0.0163295 0.0097587 0.0341403
internal_weight=227.63 202.509 19.8 182.709 179.256 10.2765 177.155 175.165 26.9382 22.8601 148.227 57.7102 10.227 90.5163 84.6269 47.4832 51.9657 23.408 5.88943 32.6612 11.5025 21.0741 17.8253 28.5577
internal_count=1197 1059 102 957 940 52 931 922 133 116 789 319 52 470 445 267 292 117 25 153 53 107 89 175
is_linear=0
shrinkage=0.04


Tree=25
num_leaves=25
num_cat=0
split_feature=16 16 17 18 26 4 3 23 0 27 25 26 15 25 23 26 26 27 23 25 23 23 26 23
split_gain=45.7023 20.4336 10.613 9.78213 8.53261 7.21603 6.27904 5.35118 3.60824 5.44198 9.6358 3.8624 4.75088 14.0743 10.9245 3.84821 5.61764 15.841 3.80722 3.23929 2.60142 2.35337 2.20917 4.08056
threshold=1.0000000180025095e-35 1.5000000000000002 1.0000000180025095e-35 1.5000000000000002 2.5000000000000004 1.5000000000000002 1.5000000000000002 1.2359820001581181 3.5000000000000004 2.5000000000000004 4.5000000000000009 2.5000000000000004 1.5000000000000002 3.5000000000000004 0.60355339059327384 7.0000000000000009 10.500000000000002 3.5000000000000004 0.84759080068664439 5.5000000000000009 0.84759080068664439 0.8228263892582881 2.5000000000000004 0.45220861134162554
decision_type=2 2 2 2 2 2 2 2 2 2 2 2 2 2 2 2 2 2 2 2 2 2 2 2
left_child=-1 3 -3 5 -4 6 7 8 9 10 22 18 14 -14 -13 -11 17 -17 -10 -9 -16 -15 23 -2
right_child=1 2 4 -5 -6 -7 -8 19 11 15 -12 12 13 21 20 16 -18 -19 -20 -21 -22 -23 -24 -25
leaf_value=-0.051770777193892115 -0.043273131763900227 -0.055005399368491206 0.020895976483990848 -0.060841176573809927 -0.057428621852488732 -0.052102580361366196 -0.051426438647378316 -0.047839562679698501 -0.052680275067849433 0.034559045930265105 -0.071058898711134161 -0.060227087040583369 -0.077182055811187325 0.033162714415527941 0.025601587946673488 -0.10950539131603812 0.030064067686060587 0.046084956699002845 0.006826317554247 0.0096674065826734875 -0.01167495112847948 -0.00063813108168470913 0.018918851299824842 0.010256146064811605
leaf_weight=23.96761654317379 2.6531243324279812 11.973774120211601 8.0543190836906415 2.9517529606819144 3.0731310099363336 2.7056903839111319 2.3251669704914084 3.4996565282344809 3.2876334637403479 41.609892442822456 2.1556906402111045 4.4216038733720806 2.1384422779083279 23.382195264101032 8.514471620321272 2.0359193682670575 6.6424872726202011 2.0729274749755859 3.1832630932331085 2.4893335849046707 4.2789729833602896 3.3001507669687262 47.60499794781208 15.534631311893461
leaf_count=135 12 65 41 13 16 14 12 16 14 260 9 18 9 121 41 9 36 13 13 11 18 15 254 79
internal_value=0.00052022 0.00652954 -0.0288645 0.0109498 -1.64293e-05 0.012146 0.0131499 0.0140344 0.0153503 0.0192025 0.0115377 0.00637109 0.0105567 0.0205498 -0.00570856 0.0289964 0.00672352 -0.0290625 -0.0221706 -0.0226009 0.0125085 0.0286823 0.0143655 0.00200775
internal_weight=233.857 209.889 23.1012 186.788 11.1275 183.836 181.131 178.805 172.816 120.31 67.9484 52.5067 46.0358 28.8208 17.215 52.3612 10.7513 4.10885 6.4709 5.98899 12.7934 26.6823 65.7928 18.1878
internal_count=1244 1109 122 987 57 974 960 948 921 672 354 249 222 145 77 318 58 22 27 27 59 136 345 91
is_linear=0
shrinkage=0.04


Tree=26
num_leaves=25
num_cat=0
split_feature=16 16 17 18 21 1 21 15 4 15 27 15 0 17 17 22 21 1 1 22 1 1 22 21
split_gain=43.2767 19.1448 10.128 9.16314 7.98624 7.12061 7.01234 9.10876 6.27374 3.32769 4.11163 4.38592 3.90649 4.50723 3.89112 2.99747 2.89264 2.84715 2.33263 2.13195 2.09155 2.03551 4.13402 2.2132
threshold=1.0000000180025095e-35 1.5000000000000002 1.0000000180025095e-35 1.5000000000000002 2.4166666666666674 9.5000000000000018 2.8750000000000004 1.5000000000000002 1.5000000000000002 2.5000000000000004 2.5000000000000004 1.0000000180025095e-35 3.5000000000000004 1.0000000180025095e-35 1.0000000180025095e-35 2.5000000000000004 1.7083333333333337 13.500000000000002 18.500000000000004 3.5000000000000004 7.5000000000000009 8.5000000000000018 1.5000000000000002 1.5833333333333337
decision_type=2 2 2 2 2 2 2 2 2 2 2 2 2 2 2 2 2 2 2 2 2 2 2 2
left_child=-1 3 -3 4 8 -4 17 -8 9 10 14 -12 18 -14 15 20 -15 -6 -13 -19 -2 23 -23 -22
right_child=1 2 5 -5 6 -7 7 -9 -10 -11 11 12 13 16 -16 -17 -18 19 -20 -21 21 22 -24 -25
leaf_value=-0.051152168707836163 -0.021513593843219412 -0.054230702089810824 0.020028167803540439 -0.059444849868679636 0.0028800909498933229 -0.050619861598398881 -0.060557596167871479 0.032953742036411687 -0.050421240199125091 -0.01455133331011336 -0.027385808632349941 0.043286256550366532 0.027710753762747422 -0.038028430653663833 0.01880293846625283 -0.047306816934353346 0.0067387387522239882 -0.048608538316844328 0.023473550271835314 -0.0105004114724301 0.0023741614937354185 0.026536169573530159 -0.013390805557454952 0.050878591319763744
leaf_weight=23.300659283995628 4.5585073083639207 11.66527347266674 7.7688386887311935 2.901264712214469 3.6973142027854946 3.2300886362791061 1.9941377639770479 9.1599328070878983 2.2322493493556967 5.125354826450347 2.4529275745153418 21.576612442731857 18.629659131169319 2.8591437041759482 37.287394195795059 2.0295904874801627 11.627356708049772 7.5350438654422742 21.902050688862801 4.295135572552681 3.5515146255493191 6.4163498431444177 11.700019523501396 3.1935031712055206
leaf_count=135 19 65 39 13 19 18 9 54 12 22 12 145 94 13 207 9 53 33 129 19 18 35 55 17
internal_value=0.00049714 0.00633863 -0.0282616 0.0106271 0.0117892 0 -0.00823136 0.0155184 0.0152839 0.0162954 0.0174194 0.0237171 0.0254581 0.0146716 0.0100606 -5.01715e-05 -0.00154454 -0.0258071 0.0334898 -0.035449 0.002938 0.00774315 0.000308708 0.0265252
internal_weight=230.69 207.389 22.6642 184.725 181.824 10.9989 26.6816 11.1541 155.142 152.91 147.785 79.0478 76.5948 33.1162 68.7369 31.4495 14.4865 15.5275 43.4787 11.8302 29.4199 24.8614 18.1164 6.74502
internal_count=1244 1109 122 987 974 57 134 63 840 828 806 446 434 160 360 153 66 71 274 52 144 125 90 35
is_linear=0
shrinkage=0.04


Tree=27
num_leaves=25
num_cat=0
split_feature=16 16 17 18 26 21 26 15 21 15 20 24 1 15 24 22 26 24 24 1 22 27 17 1
split_gain=41.0032 17.9463 9.66322 8.58846 7.73849 7.4451 10.2959 7.44624 6.49386 8.54464 4.26187 3.98171 4.53642 9.07035 3.48393 3.16353 2.89831 11.5228 5.36874 13.2003 3.66107 7.13539 9.92208 9.6641
threshold=1.0000000180025095e-35 1.5000000000000002 1.0000000180025095e-35 1.5000000000000002 2.5000000000000004 2.4166666666666674 2.5000000000000004 1.0000000180025095e-35 2.8750000000000004 1.5000000000000002 3.5000000000000004 6.5000000000000009 8.5000000000000018 1.5000000000000002 6.5000000000000009 2.5000000000000004 3.5000000000000004 6.5000000000000009 3.5000000000000004 10.500000000000002 2.5000000000000004 2.5000000000000004 1.0000000180025095e-35 10.500000000000002
decision_type=2 2 2 2 2 2 2 2 2 2 2 2 2 2 2 2 2 2 2 2 2 2 2 2
left_child=-1 3 -3 5 -4 6 7 -2 14 -10 11 12 -9 -14 -7 -12 -8 18 19 -18 21 23 -23 -20
right_child=1 2 4 -5 -6 8 16 10 9 -11 15 -13 13 -15 -16 -17 17 -19 20 -21 -22 22 -24 -25
leaf_value=-0.050570425239144477 -0.06570499665811444 -0.053501012487109659 0.019873178196274592 -0.058149443796486192 -0.056138935324982743 -0.015122396396143743 0.029009301130761129 0.012828508865843349 -0.059144039230108143 0.032152129612437179 -0.058333866070424921 0.04626099990735049 -0.087740574912848604 0.018944074205181217 -0.066172306705434419 -0.0025993518999707153 0.01432003899981278 -0.082317870288329584 0.021981545177001745 -0.081053315934000947 0.033183560430724887 0.033255123209202417 -0.059890906100136185 -0.077409291648589243
leaf_weight=22.639327466487885 2.8802986890077582 11.357625693082809 7.9120153784751892 2.8483314663171759 2.9371886998414993 12.68437433242798 42.808106422424316 15.824443846941 1.9608005285263033 9.0157299339771271 2.8466406166553488 3.9706618785858145 2.3822072446346274 2.5445133000612259 2.7944513857364646 4.5808526426553726 13.158690214157103 1.8489714562892903 3.137366026639941 2.8136527240276328 31.346506595611572 18.497758612036709 1.9761017113924015 2.9626299887895584
leaf_count=135 13 65 41 13 16 58 235 82 9 54 14 28 10 17 13 19 70 8 18 12 182 110 9 13
internal_value=0.000477097 0.0061511 -0.0277076 0.0103062 0 0.0114337 0.0148281 -0.00403472 -0.00796921 0.0151145 0.00124156 0.00946039 0.0020332 -0.0310171 -0.0248555 -0.0250371 0.0204692 0.0155368 0.0180937 -0.00197986 0.0237673 0.0123589 0.0238741 -0.0249789
internal_weight=227.729 205.09 22.2068 182.883 10.8492 180.035 153.579 35.0296 26.4554 10.9765 32.1493 24.7218 20.7512 4.92672 15.4788 7.42749 118.55 75.7417 73.8927 15.9723 57.9204 26.5739 20.4739 6.1
internal_count=1244 1109 122 987 57 974 840 183 134 63 170 137 109 27 71 33 657 422 414 82 332 150 119 31
is_linear=0
shrinkage=0.04


Tree=28
num_leaves=25
num_cat=0
split_feature=16 16 17 18 26 1 4 23 25 24 26 24 25 14 26 1 26 15 23 26 17 26 24 23
split_gain=38.8706 16.8241 9.23749 8.05906 7.28095 6.66767 6.47551 4.63732 4.01278 8.71323 14.8145 7.98793 2.96181 2.82727 4.99864 13.1455 4.81814 2.66865 12.1631 5.48076 8.63358 2.50434 13.4849 2.4098
threshold=1.0000000180025095e-35 1.5000000000000002 1.0000000180025095e-35 1.5000000000000002 2.5000000000000004 28.500000000000004 1.5000000000000002 1.2359820001581181 1.5000000000000002 2.5000000000000004 5.5000000000000009 5.5000000000000009 5.5000000000000009 3.5000000000000004 7.0000000000000009 18.500000000000004 2.5000000000000004 1.5000000000000002 0.60355339059327384 4.5000000000000009 1.5000000000000002 4.5000000000000009 6.5000000000000009 0.76180168105713697
decision_type=2 2 2 2 2 2 2 2 2 2 2 2 2 2 2 2 2 2 2 2 2 2 2 2
left_child=-1 3 -3 5 -4 6 7 8 11 10 -10 23 -9 14 -11 -16 -15 18 -18 20 -20 -19 -23 -2
right_child=1 2 4 -5 -6 -7 -8 12 9 13 -12 -13 -14 16 15 -17 17 21 19 -21 -22 22 -24 -25
leaf_value=-0.050022611693876055 0.012146522104891217 -0.052812569632591268 0.019219010535042571 -0.056944019912444833 -0.055236751571723287 -0.064494021259892023 -0.050621977760572097 -0.046138586000136782 -0.089015106435165928 0.027336314840626711 0.016123693654181974 -0.059416930375762983 0.0091555478085920215 -0.026901467298284007 0.019871781249914764 -0.095982114227534568 -0.056216419584563082 0.031162506670875958 -0.064519708648061183 0.05010847798328294 0.039678837022757339 -0.081744168396365433 0.040633481197880843 -0.03253789664078819
leaf_weight=21.984998494386673 21.786255389451988 11.051644399762154 7.8552409112453461 2.793393447995185 2.8671747893095016 1.814808040857314 2.558035045862197 3.4036240875720969 3.274577394127844 76.311804294586182 5.9672591686248779 3.1899835169315329 2.4779604524374008 4.6370593160390845 7.9270315617322904 1.9483361989259718 4.1300253868103018 18.689622431993488 2.2691900879144651 6.0161600708961487 2.852895051240921 2.0880693942308417 4.6247908025979996 2.0404409617185584
leaf_count=135 115 65 41 13 16 8 14 16 14 457 34 15 11 19 49 9 17 97 10 29 14 9 28 9
internal_value=0.000455279 0.00597301 -0.0271456 0.0100058 0 0.0111013 0.0119254 0.0128929 0.0141458 0.0168564 -0.0202636 0 -0.0214825 0.0195261 0.023862 -0.00217523 0.0111015 0.0156311 0.00183894 0.0240839 -0.00492142 0.0236059 0.00137555 0.00798414
internal_weight=224.56 202.575 21.7741 180.801 10.7224 178.008 176.193 173.635 167.754 140.737 9.24184 27.0167 5.88158 131.495 86.1872 9.87537 45.3078 40.6708 15.2683 11.1382 5.12209 25.4025 6.71286 23.8267
internal_count=1244 1109 122 987 57 974 966 952 925 786 48 139 27 738 515 58 223 204 70 53 24 134 37 124
is_linear=0
shrinkage=0.04


Tree=29
num_leaves=25
num_cat=0
split_feature=16 16 17 21 25 25 1 4 21 22 15 15 27 25 25 17 25 25 21 17 22 25 17 20
split_gain=36.8672 15.7757 8.83749 6.94692 6.21181 7.37769 6.14007 5.15717 4.44525 3.91523 3.89966 3.57444 2.67872 8.4217 4.12681 3.50159 12.6042 9.17385 3.50108 4.35057 5.90877 3.04428 15.2811 2.53429
threshold=1.0000000180025095e-35 1.5000000000000002 1.0000000180025095e-35 2.4166666666666674 6.5000000000000009 3.5000000000000004 9.5000000000000018 1.5000000000000002 2.5833333333333335 3.5000000000000004 1.5000000000000002 2.5000000000000004 2.5000000000000004 4.5000000000000009 3.5000000000000004 1.0000000180025095e-35 2.5000000000000004 1.0000000180025095e-35 1.2916666666666667 1.0000000180025095e-35 2.5000000000000004 2.5000000000000004 1.5000000000000002 3.5000000000000004
decision_type=2 2 2 2 2 2 2 2 2 2 2 2 2 2 2 2 2 2 2 2 2 2 2 2
left_child=-1 3 -3 7 5 -5 -4 9 -7 11 -10 12 13 15 18 16 17 -2 -14 -20 -21 -17 -23 -16
right_child=1 2 6 4 -6 8 -8 -9 10 -11 -12 -13 14 -15 23 21 -18 -19 19 20 -22 22 -24 -25
leaf_value=-0.049506085556167083 0.0070360920736457708 -0.052162014013947502 0.018525664631417606 -0.043482686363065563 -0.064863761898881586 -0.018066760081710161 -0.048932073780472332 -0.048631598331675664 -0.021950349304786877 -0.019593735749454045 0.034496361425993792 -0.017865038600177949 0.046417851215938881 -0.067759660683609849 0.035672505528267763 0.027595571638019234 0.018409943179512691 -0.079602983562848145 -0.029038125818700352 -0.054485111385623002 0.024210868823204432 -0.09134704985156436 0.038631991637990713 0.017186794757705272
leaf_weight=21.338869467377663 3.2654833942651775 10.748043462634087 7.580704927444458 5.3600404560566011 2.8519214093685141 5.887031331658366 3.0164410471916199 2.0828345119953147 2.2430078238248798 5.1711583733558646 10.174448028206825 4.8284307271242133 3.0016256868839291 2.1109213382005683 29.784490585327148 27.44574373960495 21.439162075519562 4.3541639298200607 5.7489434778690365 1.7270126491785021 10.987515449523926 2.1175550520420066 4.5523299872875214 23.569165602326393
leaf_count=135 14 65 39 26 12 26 18 12 10 23 63 21 20 9 204 159 113 18 26 8 63 9 30 121
internal_value=0.000433506 0.00580049 -0.026601 0.00971545 -0.00900076 -0.0019304 0 0.0130291 0.00980017 0.013938 0.0236559 0.0151896 0.0163858 0.0102296 0.0216507 0.0129622 0.00244558 -0.0414229 0.00635037 0 0.0128924 0.0216855 -0.00143433 0.0276563
internal_weight=221.387 200.048 21.3452 178.703 26.5164 23.6645 10.5971 152.187 18.3045 150.104 12.4175 144.933 140.104 65.2854 74.8188 63.1744 29.0588 7.61965 21.4651 18.4635 12.7145 34.1156 6.66989 53.3537
internal_count=1244 1109 122 987 137 125 57 850 99 838 73 815 794 352 442 343 145 32 117 97 71 198 39 325
is_linear=0
shrinkage=0.04


Tree=30
num_leaves=25
num_cat=0
split_feature=16 24 16 24 20 15 24 24 10 15 24 26 23 19 25 23 21 1 23 20 1 21 14 1
split_gain=37.923 14.7184 10.2724 10.0578 7.57703 6.7842 9.71599 11.538 5.50813 4.56633 5.54531 3.82923 7.09956 3.53649 10.6782 3.21176 2.99867 2.6925 2.5556 2.54554 2.44915 2.13749 1.88143 2.38194
threshold=1.0000000180025095e-35 1.5000000000000002 1.5000000000000002 2.5000000000000004 3.5000000000000004 1.0000000180025095e-35 3.5000000000000004 5.5000000000000009 3.5000000000000004 1.5000000000000002 5.5000000000000009 2.5000000000000004 0.84759080068664439 1.0000000180025095e-35 3.5000000000000004 0.48570226039551589 1.5833333333333337 16.500000000000004 0.84759080068664439 2.5000000000000004 15.500000000000002 1.8750000000000002 2.5000000000000004 17.500000000000004
decision_type=2 2 2 2 2 2 2 2 2 2 2 2 2 2 2 2 2 2 2 2 2 2 2 2
left_child=-1 -2 4 16 5 6 19 17 -6 10 15 12 -11 22 -15 -10 -4 -8 21 -3 -16 -17 23 -7
right_child=1 2 3 -5 8 13 7 -9 9 11 -12 -13 -14 14 20 18 -18 -19 -20 -21 -22 -23 -24 -25
leaf_value=-0.048982845347085517 -0.099352529914234225 -0.012222223127788702 0.02803632484183401 -0.050533009272765085 -0.050677936998098638 -0.030313755436452951 0.03147099947325839 -0.059568042726632547 -0.036618539742026904 -0.064097882463070688 -0.059160174175931869 0.0166933467389427 0.024996025939214447 -0.076876710722550548 0.034429886153531077 -0.0051899827709646386 -0.017927193256310484 -0.012563148045586283 -0.016632935686971731 -0.059926184591618095 -0.0083476508512885673 0.03619127788049431 0.025607649696953033 0.025712383841936158
leaf_weight=22.893962740898132 2.1114250570535651 3.9345903992652911 5.2461439073085803 9.4535101205110532 3.5391460359096518 2.2461128681898108 15.756273850798612 2.9379914551973334 3.7178276330232682 2.8566396534442893 3.606148123741149 26.649201348423958 2.7101287990808487 2.3002324551343909 6.0797458440065366 2.8423286080360395 3.8144274353981018 2.3042375147342673 4.7970311492681503 4.2982757687568665 2.903789222240448 4.9453313946723938 72.609252914786339 2.6426141262054443
leaf_count=150 9 17 29 61 20 13 93 13 15 12 17 142 11 10 34 13 17 12 20 20 17 26 448 19
internal_value=-0.00025506 0.00544519 0.00663813 -0.0215519 0.00968927 0.0154364 -0.00101815 0.0131394 -0.00235159 0.000776178 -0.0141167 0.0102279 -0.0192863 0.0209442 0 -0.00366225 0.00780311 0.02541 0.00543816 -0.0380996 0.0197122 0.0200607 0.0239905 0
internal_weight=217.196 194.302 192.191 18.5141 173.677 118.013 29.2314 20.9985 55.6638 52.1246 19.9087 32.216 5.56677 88.7817 11.2838 16.3025 9.06057 18.0605 12.5847 8.23287 8.98354 7.78766 77.498 4.88873
internal_count=1238 1088 1079 107 972 696 155 118 276 256 91 165 23 541 61 74 46 105 59 37 51 39 480 32
is_linear=0
shrinkage=0.04


Tree=31
num_leaves=25
num_cat=0
split_feature=16 24 16 17 24 20 15 26 18 24 10 15 26 24 1 17 26 19 25 1 14 1 4 18
split_gain=36.0033 13.3619 9.61684 10.7296 7.70178 7.09229 6.35609 9.2115 9.11921 5.8703 5.21954 4.25254 5.34575 6.55839 3.99231 3.99204 3.54992 3.32228 9.913 2.31555 1.76916 2.20875 1.59487 1.5273
threshold=1.0000000180025095e-35 1.5000000000000002 1.5000000000000002 1.0000000180025095e-35 3.5000000000000004 3.5000000000000004 1.0000000180025095e-35 2.5000000000000004 1.0000000180025095e-35 3.5000000000000004 3.5000000000000004 1.5000000000000002 3.5000000000000004 5.5000000000000009 6.5000000000000009 1.0000000180025095e-35 2.5000000000000004 1.0000000180025095e-35 3.5000000000000004 15.500000000000002 2.5000000000000004 17.500000000000004 1.0000000180025095e-35 1.0000000180025095e-35
decision_type=2 2 2 2 2 2 2 2 2 2 2 2 2 2 2 2 2 2 2 2 2 2 2 2
left_child=-1 -2 5 -4 -5 6 7 -3 9 14 -7 12 -12 -14 -9 -11 -13 20 -19 -20 21 -8 -17 -22
right_child=1 2 3 4 -6 10 17 8 -10 15 11 16 13 -15 -16 22 -18 18 19 -21 23 -23 -24 -25
leaf_value=-0.048526833892220733 -0.093659154897803409 -0.062067191299034312 -0.051908481182827523 0.031373223989357463 -0.052656643300209388 -0.049995522003918755 -0.029084272961629742 0.011489724489793443 -0.059871109752756897 -0.016067906504305018 -0.074740568132045576 -0.018622584640477956 0.0047902264299135213 -0.05851613381533028 -0.058870627896362659 0.012191683046841264 0.016141726341154777 -0.074331829974502842 0.03362585813499748 -0.0079835227682786541 0.027845655269925537 0.025026588975222627 0.043800109438957478 0.011718279205571943
leaf_weight=22.198787242174149 2.1493477076292029 3.5017007440328625 9.1037092059850693 6.7341151088476181 2.3169578909873962 3.4458449631929389 2.2473932951688758 2.4264070838689866 2.8395752757787696 2.6892514377832439 2.0776675641536739 5.5197962522506741 14.520981475710871 3.1570010036230078 2.4380650371313095 4.4073034822940942 26.461384832859039 2.2841407656669608 5.9781915694475156 2.9145563244819641 58.172416523098946 2.6071567013859749 10.576357856392846 13.451933816075323
leaf_count=150 9 17 57 36 14 20 13 10 13 14 9 23 67 15 11 25 142 10 34 17 359 19 65 89
internal_value=-0.000262032 0.005276 0.00643808 -0.0211125 0.00897879 0.00939745 0.0150007 -0.00101229 0.00709727 0.0158899 -0.00229057 0.000732105 -0.0136904 -0.00606272 -0.0221302 0.0268075 0.00989143 0.0203676 0 0.019089 0.0233446 0 0.0350367 0.0249284
internal_weight=214.22 192.021 189.872 18.1548 9.05107 171.717 116.534 28.8787 25.377 22.5374 55.1827 51.7368 19.7557 17.678 4.86447 17.6729 31.9812 87.6558 11.1769 8.89275 76.4789 4.85455 14.9837 71.6244
internal_count=1238 1088 1079 107 50 972 696 155 138 125 276 256 91 82 21 104 165 541 61 51 480 32 90 448
is_linear=0
shrinkage=0.04


Tree=32
num_leaves=25
num_cat=0
split_feature=16 24 16 24 0 15 24 24 25 27 1 21 23 21 1 1 0 21 15 19 24 23 3 23
split_gain=34.2042 12.1912 9.02325 9.12305 6.65205 5.93091 8.44635 10.4638 4.01427 3.28528 3.70924 4.36108 4.07911 2.6054 2.56765 2.42631 2.33225 2.2845 2.14614 5.5192 4.01386 3.16882 2.31151 5.82483
threshold=1.0000000180025095e-35 1.5000000000000002 1.5000000000000002 2.5000000000000004 3.5000000000000004 1.0000000180025095e-35 3.5000000000000004 5.5000000000000009 2.5000000000000004 2.5000000000000004 18.500000000000004 1.8750000000000002 0.76180168105713697 1.5833333333333337 4.5000000000000009 16.500000000000004 2.5000000000000004 2.5833333333333335 1.5000000000000002 1.0000000180025095e-35 5.5000000000000009 0.48570226039551589 1.0000000180025095e-35 0.84759080068664439
decision_type=2 2 2 2 2 2 2 2 2 2 2 2 2 2 2 2 2 2 2 2 2 2 2 2
left_child=-1 -2 4 13 5 6 16 15 -6 14 17 -12 -13 -4 -7 -8 -3 -11 19 20 21 -10 23 -20
right_child=1 2 3 -5 8 9 7 -9 18 10 11 12 -14 -15 -16 -17 -18 -19 22 -21 -22 -23 -24 -25
leaf_value=-0.048095374627653752 -0.088760534278890121 -0.011196741146345788 0.02652914689485221 -0.049491477907520523 -0.05753713581352117 0.035223749231360228 0.030224980264248101 -0.057741983731484696 -0.028273862179615614 0.045157728819315207 0.025813694294093383 -0.053409037249903223 0.013301374204588521 -0.016715236860455191 0.0067595290833881942 -0.0113704068315209 -0.057519008074512157 0.015543772180836879 -0.053941450357701586 -0.069083564525868224 -0.053130980281785298 0.015608617409087939 0.010898090428720798 0.024758754156637724
leaf_weight=21.515816509723663 2.1766439229249945 3.8959155082702654 5.0816184878349322 8.8916591256856901 2.0218771547079077 6.2382297664880744 15.237036585807806 2.8603076487779608 3.382331430912024 18.660800457000736 14.520257115364076 2.5256065726280204 3.197448655962944 3.7676597684621811 34.858633503317833 2.3251053839921942 4.1264703273773193 6.5607352405786505 3.1713254749774924 2.3010533452033988 2.1904294639825812 11.07162821292877 27.960696116089821 2.7082048207521439
leaf_count=150 9 17 29 61 10 36 93 13 14 141 97 13 20 17 194 12 20 40 17 10 11 53 150 11
internal_value=-0.000263104 0.00511897 0.00625113 -0.0207558 0.00911973 0.0145944 -0.000985421 0.0123855 -0.00222218 0.0198065 0.0273424 0.0139533 -0.0147403 0.00721343 0.0112749 0.0242625 -0.0360207 0.0377716 0 -0.010882 -0.00235505 0.00478632 0.00593093 -0.0163302
internal_weight=211.247 189.732 187.555 17.7409 169.814 115.007 28.4448 20.4224 54.8075 86.5617 45.4648 20.2433 5.72306 8.84928 41.0969 17.5621 8.02239 25.2215 52.7857 18.9454 16.6444 14.454 33.8402 5.87953
internal_count=1238 1088 1079 107 972 696 155 118 276 541 311 130 33 46 230 105 37 181 266 88 78 67 178 28
is_linear=0
shrinkage=0.04


Tree=33
num_leaves=25
num_cat=0
split_feature=10 0 19 1 0 25 17 18 22 27 22 10 15 19 27 23 27 25 17 25 21 23 1 25
split_gain=8.47944 8.8913 9.12986 9.13858 8.45399 8.04435 11.1423 6.13593 12.8021 6.77357 5.80447 5.68292 4.89785 5.10613 4.85472 3.74676 2.76078 13.3612 2.96326 11.2243 2.7359 2.62242 2.32533 2.07746
threshold=2.5000000000000004 3.5000000000000004 1.0000000180025095e-35 16.500000000000004 2.5000000000000004 3.5000000000000004 1.0000000180025095e-35 1.0000000180025095e-35 2.5000000000000004 2.5000000000000004 2.5000000000000004 3.5000000000000004 1.5000000000000002 1.0000000180025095e-35 2.5000000000000004 0.60355339059327384 2.5000000000000004 3.5000000000000004 1.0000000180025095e-35 2.5000000000000004 1.8750000000000002 1.1038793623175318 13.500000000000002 2.5000000000000004
decision_type=2 2 2 2 2 2 2 2 2 2 2 2 2 2 2 2 2 2 2 2 2 2 2 2
left_child=4 2 7 5 14 6 -4 16 9 -9 -8 -3 13 15 -1 -13 17 18 19 -2 -11 -14 -17 -18
right_child=1 11 3 -5 -6 -7 10 8 -10 20 -12 12 21 -15 -16 22 23 -19 -20 -21 -22 -23 -24 -25
leaf_value=-0.014672818312827225 -0.077675966148547451 -0.048274508169637076 -0.061282807380227733 -0.081876863869475555 -0.053249647146812164 0.027313201798026002 0.027366527217195746 -0.0560788045076938 -0.064704644317897367 0.036733095980327098 -0.048005184295589011 -0.0364389638264664 0.0068119595690298877 -0.056779728270937725 0.045430280209482837 0.032306861304935056 0.0070073511826263439 -0.068849904094588243 0.026701772645209645 0.019144043096145594 -0.0056539342410524707 -0.039124829528298467 -0.0071483494714356804 0.035171512513865064
leaf_weight=11.930218666791914 2.2455971091985676 5.5357865393161765 6.4189580231905028 2.6736166179180136 9.0668534189462662 8.5127130448818189 6.4693903028964996 1.8717843592166907 4.4785791486501685 8.5789421796798688 2.1468405723571777 5.893277630209929 32.826136529445648 4.7929566949605933 2.5990319252014169 3.0798334479331961 6.014537766575816 2.913206845521926 28.880344167351723 12.708749994635582 2.9761562198400506 2.0826299935579291 10.349608600139616 23.445953458547592
leaf_count=67 10 37 34 14 56 51 38 10 24 64 14 27 177 29 19 16 35 13 179 70 19 11 53 171
internal_value=-0.000260292 0.00258261 0.00904134 -0.0116616 -0.0228759 -0.00334964 -0.0212426 0.0148945 -0.00583331 0.0132076 0.00765825 -0.00933206 -0.00554419 -0.0194633 -0.0033708 -0.00979302 0.0198695 0.0135076 0.0191635 0.00407025 0.0251235 0.00384224 0.00130438 0.0296932
internal_weight=208.492 184.896 120.335 26.2215 23.5961 23.5479 15.0352 94.1139 17.9055 13.4269 8.61623 64.5602 59.0244 24.1157 14.5293 19.3227 76.2084 46.7479 43.8347 14.9543 11.5551 34.9088 13.4294 29.4605
internal_count=1238 1096 746 151 142 137 86 595 117 93 52 350 313 125 86 96 478 272 259 80 83 188 69 206
is_linear=0
shrinkage=0.04


Tree=34
num_leaves=25
num_cat=0
split_feature=16 24 16 17 24 21 22 26 4 19 26 24 0 27 25 24 17 25 26 25 1 21 26 24
split_gain=31.6711 11.2677 8.18317 9.56942 6.63248 5.96937 5.83925 8.25463 4.9131 3.77088 16.5849 8.31422 5.13581 3.3414 11.4079 10.0647 6.58764 5.51164 5.978 2.79456 2.76678 3.74436 6.64718 2.68293
threshold=1.0000000180025095e-35 1.5000000000000002 1.5000000000000002 1.0000000180025095e-35 3.5000000000000004 2.4166666666666674 3.5000000000000004 2.5000000000000004 1.5000000000000002 1.0000000180025095e-35 4.5000000000000009 3.5000000000000004 3.5000000000000004 2.5000000000000004 3.5000000000000004 5.5000000000000009 1.0000000180025095e-35 2.5000000000000004 2.5000000000000004 3.5000000000000004 18.500000000000004 1.8750000000000002 5.5000000000000009 5.5000000000000009
decision_type=2 2 2 2 2 2 2 2 2 2 2 2 2 2 2 2 2 2 2 2 2 2 2 2
left_child=-1 -2 5 -4 -5 8 7 -7 9 12 11 -11 13 14 15 16 17 18 -3 -8 -15 -22 -23 -14
right_child=1 2 3 4 -6 6 19 -9 -10 10 -12 -13 23 20 -16 -17 -18 -19 -20 -21 21 22 -24 -25
leaf_value=-0.047516142489242463 -0.085105939863420035 -0.072549697495277649 -0.050518357705140432 0.029709687895602237 -0.050622238340283003 0.043941716888154063 -0.029854841671937301 -0.047027179921980092 -0.048029795317124063 -0.05538349449788095 -0.068196371799816233 0.02462837187915265 0.010041122942542365 0.042589852154012758 -0.067855403951997406 -0.066611864723509634 0.037965695946275496 0.019462297931133118 0.011248039697808658 0.017447107618109192 0.030311219911897429 0.030920287893391827 -0.059846241517763049 -0.014327351123945545
leaf_weight=20.468594819307327 2.1869364231824866 2.6051182597875604 8.4726110100746155 6.476398378610611 2.16361965239048 1.8438849598169333 2.3703427761793145 9.1708818376064283 2.0991974323987952 2.3122868835926118 4.784170299768447 17.353261098265648 24.83007986843586 17.340599671006203 2.5398653745651236 2.0462208837270728 22.347940668463707 12.514432325959206 2.568558469414711 10.612195715308188 13.701110862195494 2.806105747818946 2.3285554200410843 10.04257859289646
leaf_count=150 9 11 57 36 14 13 13 42 13 11 21 101 124 137 11 9 147 69 11 64 95 19 12 49
internal_value=-0.000259957 0.00491083 0.00602827 -0.0201686 0.00866717 0.00877345 -0.0094957 -0.0310726 0.0119123 0.0128674 -0.00110198 0.0148137 0.0158893 0.0214422 0.0137882 0.0189059 0.0234765 0.00471788 -0.0294006 0.00819454 0.030662 0.0192563 -0.00868406 0.00279412
internal_weight=205.986 185.517 183.33 17.1126 8.64002 166.217 23.9973 11.0148 142.22 140.121 24.4497 19.6655 115.671 80.7985 44.6221 42.0823 40.036 17.6881 5.17368 12.9825 36.1764 18.8358 5.13466 34.8727
internal_count=1238 1088 1079 107 50 972 132 55 840 827 133 112 694 521 258 247 238 91 22 77 263 126 31 173
is_linear=0
shrinkage=0.04


Tree=35
num_leaves=25
num_cat=0
split_feature=16 16 24 3 26 21 26 24 25 19 22 21 1 17 1 1 24 24 19 1 14 27 0 24
split_gain=27.7533 9.65819 6.77261 5.71313 3.8545 7.36092 6.10887 5.56625 8.55078 5.48849 3.89052 3.7411 5.24664 9.27068 6.86635 3.57178 9.51866 3.25343 3.12641 1.95108 1.69375 1.54312 1.73841 2.77092
threshold=1.0000000180025095e-35 1.5000000000000002 2.5000000000000004 1.5000000000000002 2.5000000000000004 2.4166666666666674 3.5000000000000004 6.5000000000000009 6.5000000000000009 1.0000000180025095e-35 3.5000000000000004 2.2916666666666674 4.5000000000000009 1.0000000180025095e-35 7.5000000000000009 8.5000000000000018 6.5000000000000009 4.5000000000000009 1.0000000180025095e-35 8.5000000000000018 3.5000000000000004 3.5000000000000004 3.5000000000000004 3.5000000000000004
decision_type=2 2 2 2 2 2 2 2 2 2 2 2 2 2 2 2 2 2 2 2 2 2 2 2
left_child=-1 3 -3 4 9 7 -7 19 -9 11 17 12 -2 14 -14 -16 -17 -8 -12 -6 -18 22 23 -21
right_child=1 2 -4 -5 5 6 10 8 -10 -11 18 -13 13 -15 15 16 20 -19 -20 21 -22 -23 -24 -25
leaf_value=-0.047137927693624793 0.027022993903620156 0 -0.047906443662164067 -0.04953883474818719 -0.016302990560709461 -0.075949745152569761 -0.053987276636497467 -0.07974747073467775 0.010234343620600396 -0.068957268277176478 0.02214846066759792 0.03195632481216451 -0.070055454549690546 -0.06688111813219845 0.034626973743606293 -0.061632089159559207 0.036982819021768309 0.0051959354427014506 -0.030979047560300923 0.0056595703088943581 0 0.047247297991044032 0.0090928461316433281 0.02625981157554734
leaf_weight=18.681881807744503 6.2236703187227276 9.3965274691581744 9.0699037760496122 2.7497448176145545 2.2884789109230033 2.0910542309284237 3.5043489485979089 2.3862598836421958 5.4175934195518494 1.9204304665327061 8.6357216686010343 5.1506816670298567 2.078550308942801 4.3333402574062339 5.1935273110866573 3.3757306933402997 3.9623314142227173 2.1870908141136169 2.1297033429145822 14.504931718111036 3.551301971077919 3.3995270729064933 26.993947103619576 50.456010594964027
leaf_count=141 37 50 68 16 10 10 15 11 37 10 50 37 9 19 30 18 29 10 11 84 15 23 139 337
internal_value=-0.000686752 0.00406349 -0.0232468 0.00721559 0.00824235 0.0115942 -0.0113948 0.0157138 -0.0162551 -0.0031467 -0.00270614 0.000348659 -0.00504164 -0.0142687 -0.00127477 0.00711701 -0.00526881 -0.0298389 0.0108952 0.0183507 0.0189894 0.0192663 0.0181449 0.0217832
internal_weight=199.682 181 18.4664 162.534 159.784 123.995 18.5479 105.447 7.80385 35.7896 16.4569 33.8691 28.7185 22.4948 18.1614 16.0829 10.8894 5.69144 10.7654 97.6429 7.51363 95.3544 91.9549 64.9609
internal_count=1216 1075 118 957 941 737 96 641 48 204 86 194 157 120 101 92 62 25 61 593 44 583 560 421
is_linear=0
shrinkage=0.04


Tree=36
num_leaves=25
num_cat=0
split_feature=16 16 24 3 4 18 25 26 23 26 21 24 25 19 23 0 25 27 19 19 24 21 23 5
split_gain=26.4164 9.02708 6.55319 5.39203 4.13131 4.01664 17.7481 13.167 7.18777 5.62268 4.7848 3.61034 10.9973 6.21173 5.26304 4.44606 5.50297 3.47248 4.47264 4.31184 3.99963 2.78982 2.6651 1.66913
threshold=1.0000000180025095e-35 1.5000000000000002 2.5000000000000004 1.5000000000000002 1.5000000000000002 1.0000000180025095e-35 3.5000000000000004 2.5000000000000004 0.84759080068664439 7.0000000000000009 1.7083333333333337 3.5000000000000004 3.5000000000000004 1.0000000180025095e-35 0.60355339059327384 3.5000000000000004 4.5000000000000009 2.5000000000000004 1.0000000180025095e-35 1.0000000180025095e-35 4.5000000000000009 1.5833333333333337 0.48570226039551589 1.0000000180025095e-35
decision_type=2 2 2 2 2 2 2 2 2 2 2 2 2 2 2 2 2 2 2 2 2 2 2 2
left_child=-1 3 -3 4 5 11 -7 -8 10 -10 -9 12 13 -2 15 17 -17 19 -19 20 -13 -21 -12 -16
right_child=1 2 -4 -5 -6 6 7 8 9 -11 22 14 -14 -15 23 16 -18 18 -20 21 -22 -23 -24 -25
leaf_value=-0.046776689033526567 0.014506956862406844 0 -0.047504801024891186 -0.048876728151955817 -0.047479739799627024 -0.076441230870629651 -0.07395939252931906 0.038213961622816588 -0.061273316216034351 0.018105629200697599 -0.0083785197671620865 0 -0.071554587079960694 -0.053468807176347777 0.03315325977839452 -0.054685076989697851 0.0067494044374158228 0.033304475535858968 -0.032107185444825187 0.026591736145467244 -0.068821508231953182 -0.013614572766720498 0.029897517135095249 0.011424859477894901
leaf_weight=18.085164360702038 26.287263825535781 9.3965274691581744 8.7864539399743062 2.6769882291555396 2.0746716111898413 4.5502968430519095 2.90310314297676 15.225463688373567 3.211103379726409 2.3571163266897202 8.316110283136366 3.5304002463817605 3.0138560980558387 2.3061560690402976 28.42378755658865 3.6897444427013379 5.8492796272039413 16.507286377251152 1.7375845462083805 9.3839723765850049 2.2180636674165726 3.6192202270030984 4.3630831390619269 8.6171789169311506
leaf_count=141 149 50 68 16 13 21 13 105 16 10 49 20 13 12 192 16 29 119 11 58 10 18 27 40
internal_value=-0.000669763 0.00394278 -0.0226683 0.00700049 0.00799668 0.0087852 -0.00180876 0.00730714 0.0145944 -0.0262342 0.0230282 0.0126188 0.000834794 0.0087447 0.0169796 0.0077856 -0.0161751 0.0141798 0.0266364 0.00163316 -0.0267267 0.0147858 0.00416183 0.0283144
internal_weight=197.13 179.045 18.183 160.862 158.185 156.11 40.9263 36.376 33.4729 5.56822 27.9047 115.184 31.6073 28.5934 83.5765 46.5356 9.53902 36.9965 18.2449 18.7517 5.74846 13.0032 12.6792 37.041
internal_count=1216 1075 118 957 941 928 241 220 207 26 181 687 174 161 513 281 45 236 130 106 30 76 76 232
is_linear=0
shrinkage=0.04


Tree=37
num_leaves=25
num_cat=0
split_feature=24 3 2 19 26 24 1 4 26 15 21 21 20 27 24 22 15 26 21 1 1 17 24 21
split_gain=10.9718 5.64987 5.51422 6.21778 10.7851 9.59087 5.1665 3.83081 3.12621 9.4418 15.2738 6.3744 4.59596 4.40995 11.6849 3.80087 9.82397 10.3106 2.84117 4.85923 4.13582 2.91097 2.46339 2.55795
threshold=1.5000000000000002 1.5000000000000002 1.5000000000000002 1.0000000180025095e-35 4.5000000000000009 3.5000000000000004 28.500000000000004 1.5000000000000002 4.5000000000000009 1.5000000000000002 3.1250000000000004 2.8750000000000004 3.5000000000000004 2.5000000000000004 3.5000000000000004 2.5000000000000004 1.5000000000000002 3.5000000000000004 1.7083333333333337 14.500000000000002 12.500000000000002 1.0000000180025095e-35 5.5000000000000009 1.8750000000000002
decision_type=2 2 2 2 2 2 2 2 2 2 2 2 2 2 2 2 2 2 2 2 2 2 2 2
left_child=-1 2 3 6 5 -5 7 8 12 11 -11 22 13 14 -2 -15 17 -17 21 20 -20 -14 -10 -24
right_child=1 -3 -4 4 -6 -7 -8 -9 9 10 -12 -13 18 15 -16 16 -18 -19 19 -21 -22 -23 23 -25
leaf_value=-0.056143362985501009 0.0090812853975180512 -0.050975181845649892 -0.047423337620732565 -0.052457070950408913 -0.059375128704956134 0.0096888550682098819 -0.062195958032507985 -0.046869292908183015 0.031600895105967107 -0.065548175991605659 0.031656984922532494 -0.049597139904900632 0.012708985978491962 0.043913315807531619 -0.066359771422922112 -0.074377830304101861 0.033851899888744791 0.043729122179014805 -0.054786218315150813 -0.052023901281204071 0.0054725714202048508 -0.029899681120656982 0.019178714704892619 -0.037942610620370451
leaf_weight=5.5445018410682669 30.787634000182152 3.2863070368766776 3.540268935263156 4.8420064449310329 6.3967023342847815 21.969680584967136 1.7111404240131367 2.0187584385275832 34.926923677325249 5.3405787572264654 4.8976592868566513 1.7255346029996861 12.489399261772631 9.1700937971472758 3.6740756556391707 3.4532060325145695 9.9970662295818329 1.7086557671427725 2.2026076316833523 5.218943588435649 9.8282551914453489 3.1755501627922049 4.8169081360101691 1.6610822528600691
leaf_count=40 173 19 28 31 36 136 9 13 232 31 33 10 68 79 18 18 76 14 10 29 50 17 37 9
internal_value=-0.000658792 0.000927926 0.00189029 0.00289343 -0.0126758 -0.00123589 0.00642174 0.00727436 0.00808294 0.0158234 -0.0182668 0.0241012 0.00349105 0.0102527 0.000806126 0.0233049 0.0103105 -0.0337328 -0.00834327 -0.0196174 -0.00489464 0.00356079 0.0273658 0.00329675
internal_weight=194.384 188.839 185.553 182.012 33.2084 26.8117 148.804 147.093 145.074 53.3687 10.2382 43.1304 91.7055 58.7907 34.4617 24.329 15.1589 5.16186 32.9148 17.2498 12.0309 15.6649 41.4049 6.47799
internal_count=1216 1176 1157 1129 203 167 926 917 904 352 64 288 552 378 191 187 108 32 174 89 60 85 278 46
is_linear=0
shrinkage=0.04


Tree=38
num_leaves=25
num_cat=0
split_feature=16 16 24 1 3 4 18 25 23 1 24 25 19 23 0 25 21 1 1 25 1 1 23 21
split_gain=24.4842 8.09006 6.19393 5.14452 4.34555 3.80548 3.44473 16.4552 6.538 6.75881 3.71981 9.98315 5.49366 4.48235 4.15799 5.37315 3.21829 4.4417 4.97444 1.99565 1.73859 1.56958 2.06484 1.51138
threshold=1.0000000180025095e-35 1.5000000000000002 2.5000000000000004 28.500000000000004 1.5000000000000002 1.5000000000000002 1.0000000180025095e-35 3.5000000000000004 0.84759080068664439 26.500000000000004 3.5000000000000004 3.5000000000000004 1.0000000180025095e-35 0.60355339059327384 3.5000000000000004 4.5000000000000009 1.7083333333333337 20.500000000000004 17.500000000000004 6.5000000000000009 13.500000000000002 12.500000000000002 0.48570226039551589 1.4166666666666667
decision_type=2 2 2 2 2 2 2 2 2 2 2 2 2 2 2 2 2 2 2 2 2 2 2 2
left_child=-1 3 -3 4 5 6 10 -8 16 -10 11 12 23 14 -12 -16 21 18 20 -20 -18 -9 -23 -2
right_child=1 2 -4 -5 -6 -7 7 8 9 -11 13 -13 -14 -15 15 -17 17 -19 19 -21 -22 22 -24 -25
leaf_value=-0.04627934101273886 0.006409294741213727 0 -0.046863184677457176 -0.060769608998799497 -0.047356959489042165 -0.046282461035743419 -0.074521192734561897 0.047193915674186078 -0.06494110240118546 0.02153340074479634 0.014931261386573259 -0.068769115508043446 -0.051637800078663559 0.027910895653380684 -0.052779819783878086 0.0084560160393468958 -0.0081747976215158762 0.028906026238279377 -0.080424934515570923 -0.016567484769195732 0.044665352708535326 0.031379935198826495 -0.0028866757110155255 0.027927855583630753
leaf_weight=17.15919654071331 17.523550629615794 9.3478510528802889 8.3258230909705144 1.7614277005195607 2.2315114438533774 1.9636966362595547 4.3376446813344947 5.1324541196227136 3.5749158412218085 2.2479096055030823 35.564679101109505 2.9690236449241629 2.1986647546291342 35.834531053900719 3.6693266034126264 5.6715013980865479 2.0815855115652071 5.3830101639032364 1.9488128572702408 1.9592231214046478 1.6360348165035246 7.0275592952966672 4.0296826958656311 8.4273197650909406
leaf_count=141 99 50 68 9 14 13 20 37 18 10 234 13 12 231 16 28 12 35 10 10 11 53 22 50
internal_value=-0.000647944 0.00378447 -0.0217679 0.00670865 0.00752492 0.00837665 0.00913935 -0.000849144 0.00804728 -0.0301836 0.0127254 0.000705663 0.00831759 0.017259 0.00858063 -0.0147426 0.0159454 0.000497085 -0.0185079 -0.0504582 0.012927 0.0278642 0.0181684 0.0137055
internal_weight=192.007 174.848 17.6737 157.174 155.413 153.181 151.217 39.3588 35.0212 5.82283 111.859 31.1186 28.1495 80.74 44.9055 9.34083 29.1984 13.0087 7.62566 3.90804 3.71762 16.1897 11.0572 25.9509
internal_count=1216 1075 118 957 948 934 921 238 218 28 683 174 161 509 278 44 190 78 43 20 23 112 75 149
is_linear=0
shrinkage=0.04


Tree=39
num_leaves=25
num_cat=0
split_feature=16 16 17 3 10 4 18 25 26 23 26 21 19 26 21 26 23 26 25 20 26 23 25 26
split_gain=23.3196 7.55674 6.1406 4.54504 3.78361 3.49294 3.37753 15.1425 11.7102 6.01579 4.79795 4.26837 2.67948 10.5114 3.3414 2.41798 2.26225 2.24402 2.74462 2.06958 3.88122 2.22844 1.43838 1.2685
threshold=1.0000000180025095e-35 1.5000000000000002 1.0000000180025095e-35 1.5000000000000002 2.5000000000000004 1.5000000000000002 1.0000000180025095e-35 3.5000000000000004 2.5000000000000004 0.84759080068664439 7.0000000000000009 1.7083333333333337 1.0000000180025095e-35 4.5000000000000009 1.4166666666666667 10.500000000000002 0.48570226039551589 1.5000000000000002 1.5000000000000002 3.5000000000000004 4.5000000000000009 0.84759080068664439 3.5000000000000004 2.5000000000000004
decision_type=2 2 2 2 2 2 2 2 2 2 2 2 2 2 2 2 2 2 2 2 2 2 2 2
left_child=-1 3 -3 5 -4 6 12 -8 -9 11 -11 -10 14 22 15 17 -13 -2 -19 -16 21 23 -14 -21
right_child=1 2 4 -5 -6 -7 7 8 9 10 -12 16 13 -15 19 -17 -18 18 -20 20 -22 -23 -24 -25
leaf_value=-0.045960050170220673 0.017249495769551221 -0.048212630421277443 -0.053459610550461924 -0.047018885075870667 0.011301544015525451 -0.045717228758957014 -0.071487614349751413 -0.069885126490236787 0.036841573451374912 -0.057279128804278948 0.017017227370965428 -0.0073005258866043025 -0.0018484265066981984 -0.06219317434024027 0.025412633397793906 0.027942168721182378 0.028508831412682276 -0.041601870592798317 -0.00099493628950915155 -0.037992295518346215 0.052877259414451379 0.0264573916462683 0.019210010837053263 -0.0015285822583901052
leaf_weight=16.598590925335884 6.6696290150284829 7.5984530672431001 1.7584427967667569 2.4577983841300002 8.0506497025489807 1.9095532670617092 4.4405980408191672 2.8843576759099951 14.355654872953894 3.071750581264495 2.3126507252454758 8.282757490873335 7.5534070879221025 3.692711889743804 41.380895502865314 5.2588644921779624 4.1584133356809607 3.5054523199796703 12.95868645608425 1.9814326912164713 2.6508443206548682 3.8768704682588568 13.035756923258303 9.1135659664869291
leaf_count=141 45 60 11 16 47 13 21 13 105 16 10 49 45 17 297 34 27 15 73 9 14 16 77 45
internal_value=-0.000635979 0.00366744 -0.0212185 0.00650382 0 0.00741534 0.00813935 -0.0017376 0.00686719 0.013995 -0.0238824 0.0219044 0.011705 0 0.0149708 0.00335529 0.00402559 -0.00188809 -0.0101266 0.0204247 0.00825816 0 0.0110959 -0.00876161
internal_weight=189.558 172.959 17.4075 155.552 9.80909 153.094 151.184 39.5062 35.0656 32.1812 5.3844 26.7968 111.678 24.2819 87.3962 28.3926 12.4412 23.1338 16.4641 59.0036 17.6227 14.9719 20.5892 11.095
internal_count=1216 1075 118 957 58 941 928 241 220 207 26 181 687 139 548 167 76 133 88 381 84 70 122 54
is_linear=0
shrinkage=0.04


Tree=40
num_leaves=25
num_cat=0
split_feature=16 16 17 1 3 1 4 23 26 18 15 17 26 21 22 17 25 21 19 26 23 25 26 25
split_gain=20.4282 5.91164 6.08196 5.48371 3.89953 3.88476 3.64528 3.71579 2.40534 10.9125 8.41403 5.27985 12.5337 4.23806 6.68329 4.74752 3.01937 2.09688 2.60076 9.56573 3.54199 5.74024 5.79519 2.43298
threshold=1.0000000180025095e-35 1.5000000000000002 1.0000000180025095e-35 28.500000000000004 1.5000000000000002 9.5000000000000018 1.5000000000000002 1.2731286173006529 2.5000000000000004 1.0000000180025095e-35 1.0000000180025095e-35 1.0000000180025095e-35 1.5000000000000002 2.4166666666666674 3.5000000000000004 1.0000000180025095e-35 5.5000000000000009 1.1250000000000002 1.0000000180025095e-35 4.5000000000000009 0.45220861134162554 3.5000000000000004 4.5000000000000009 5.5000000000000009
decision_type=2 2 2 2 2 2 2 2 2 2 2 2 2 2 2 2 2 2 2 2 2 2 2 2
left_child=-1 3 -3 4 6 -4 7 8 9 10 -2 16 -13 17 -15 -16 -12 -10 20 23 21 -19 -23 -20
right_child=1 2 5 -5 -6 -7 -8 -9 13 -11 11 12 -14 14 15 -17 -18 18 19 -21 -22 22 -24 -25
leaf_value=-0.04558537022015368 -0.068858300212217644 -0.04765268616675624 0.017357789719507168 -0.05959783771994389 -0.046428565274000654 -0.045187703665574834 -0.045604073637749376 -0.041084542193769912 0.028416843805608123 -0.065860691850239503 0.0057872148332074611 0.025591365762604512 -0.072616064557924104 -0.03486159778285898 0.031966265884581922 -0.031713773842934626 0.041801636452651468 -0.037843979059068271 0 -0.06319893679224213 0.018821982584005637 0.026194449380754721 -0.042599545550215397 0.037621247189687318
leaf_weight=15.71625144779682 2.1539633423090043 7.432755492627618 6.4145130813121796 2.1010203957557669 2.2729444131255141 2.1015482768416405 2.1219428554177275 2.5051427483558646 13.31886165589094 3.7974456250667563 7.1622813344001797 5.3347962498664874 3.3547303974628448 8.055088996887207 6.9471949487924576 2.4556914418935776 9.3215838670730573 5.0191054493188885 8.2352485060691816 3.40777763724327 57.603112168610096 10.23187158256769 2.3563749045133582 4.0829709246754637
leaf_count=139 10 61 36 11 15 16 15 15 84 18 40 33 14 36 45 12 70 22 47 15 392 62 12 28
internal_value=-0.00185142 0.00196961 -0.0211811 0.00430048 0.00519101 0.000983744 0.00598692 0.00674314 0.00757942 -0.00213322 0.00642968 0.0131895 -0.0114025 0.0101289 -0.00782546 0.0144846 0.0266386 0.0132121 0.0108972 -0.00349377 0.0140127 -0.00126681 0.0126815 0.0123739
internal_weight=193.504 177.788 15.9488 161.839 159.738 8.51606 157.465 155.343 152.838 31.1248 27.3274 25.1734 8.68953 121.713 17.458 9.40289 16.4839 104.255 90.9365 15.726 75.2105 17.6074 12.5882 12.3182
internal_count=1248 1109 113 996 985 52 970 955 940 185 167 157 47 755 93 57 110 662 578 90 488 96 74 75
is_linear=0
shrinkage=0.04


Tree=41
num_leaves=25
num_cat=0
split_feature=16 16 17 1 3 1 4 23 26 18 15 17 26 21 22 17 23 0 19 26 15 23 15 26
split_gain=19.4905 5.55876 5.83372 5.15409 3.68841 3.6673 3.44765 3.48726 2.2337 10.2355 7.87484 4.93856 11.6629 3.94794 6.19459 4.44912 1.97837 1.97681 2.30224 9.11548 1.93796 4.03348 1.57659 13.9361
threshold=1.0000000180025095e-35 1.5000000000000002 1.0000000180025095e-35 28.500000000000004 1.5000000000000002 9.5000000000000018 1.5000000000000002 1.2731286173006529 2.5000000000000004 1.0000000180025095e-35 1.0000000180025095e-35 1.0000000180025095e-35 1.5000000000000002 2.4166666666666674 3.5000000000000004 1.0000000180025095e-35 0.84759080068664439 3.5000000000000004 1.0000000180025095e-35 4.5000000000000009 1.5000000000000002 0.48570226039551589 1.5000000000000002 5.5000000000000009
decision_type=2 2 2 2 2 2 2 2 2 2 2 2 2 2 2 2 2 2 2 2 2 2 2 2
left_child=-1 3 -3 4 6 -4 7 8 9 10 -2 -12 -13 17 16 -16 -15 18 22 -20 21 -19 -10 -24
right_child=1 2 5 -5 -6 -7 -8 -9 13 -11 11 12 -14 14 15 -17 -18 20 19 -21 -22 -23 23 -25
leaf_value=-0.04529753923120719 -0.067088532409316115 -0.047255990818853344 0.016805880197248151 -0.058403328158482329 -0.045886533897991334 -0.044705226894042563 -0.045091201645993229 -0.040232548867479734 0.022923698443341994 -0.064331030542447071 0.025961782636699026 0.024887288744419218 -0.070301541232216311 -0.048694905789361947 0.031226522575891851 -0.030718157501190141 -0.0039261636685290549 -0.040737684827742274 0.016527439790836717 -0.061776514980848234 0.012684139875799265 0.0068909149090584255 0.044917833449664178 -0.079711833469795976
leaf_weight=15.194017760455607 2.1229786425828996 7.2000494524836514 6.3612605929374695 2.0590830221772185 2.2090949639677993 2.0404965355992317 2.0614601001143447 2.4568516016006461 48.809725105762482 3.7335241809487334 16.256252393126488 5.267672613263132 3.3271145522594452 5.1405660659074783 6.8297066241502762 2.4343115538358688 2.8751749843358994 4.0600939989089992 14.344047881662847 2.8389421701431266 17.948721781373024 8.9251003265380842 4.1306987702846518 2.1977490186691284
leaf_count=139 10 61 36 11 15 16 15 15 351 18 110 33 14 23 45 12 13 17 91 13 100 47 34 9
internal_value=-0.00181324 0.00190309 -0.0208027 0.00416675 0.00503297 0.000914776 0.00580651 0.00654121 0.00735392 -0.00206369 0.00625827 0.0128461 -0.0110303 0.00981953 -0.00758792 0.0140857 -0.0336348 0.0128101 0.0164675 0.00312463 0.00400103 -0.00738508 0.0204805 0.000372198
internal_weight=190.825 175.631 15.6018 160.029 157.97 8.40176 155.761 153.699 151.242 30.7075 26.974 24.851 8.59479 120.535 17.2798 9.26402 8.01574 103.255 72.3212 17.183 30.9339 12.9852 55.1382 6.32845
internal_count=1248 1109 113 996 985 52 970 955 940 185 167 157 47 755 93 57 36 662 498 104 164 64 394 43
is_linear=0
shrinkage=0.04


Tree=42
num_leaves=25
num_cat=0
split_feature=16 24 24 1 15 25 17 0 16 24 21 23 25 1 26 25 26 19 24 25 26 26 15 21
split_gain=18.5988 7.61345 5.55667 4.7972 4.7225 6.01457 6.07071 6.65043 5.04704 3.98762 3.86922 3.00922 5.15953 3.69588 2.50783 2.07784 3.83848 2.04383 10.116 4.34469 10.9951 2.42457 8.60688 13.9457
threshold=1.0000000180025095e-35 1.5000000000000002 8.5000000000000018 28.500000000000004 1.0000000180025095e-35 3.5000000000000004 1.0000000180025095e-35 2.5000000000000004 1.5000000000000002 2.5000000000000004 1.1250000000000002 0.45220861134162554 3.5000000000000004 18.500000000000004 2.5000000000000004 1.5000000000000002 5.5000000000000009 1.0000000180025095e-35 4.5000000000000009 5.5000000000000009 3.5000000000000004 4.5000000000000009 1.5000000000000002 2.8750000000000004
decision_type=2 2 2 2 2 2 2 2 2 2 2 2 2 2 2 2 2 2 2 2 2 2 2 2
left_child=-1 -2 3 4 5 6 7 9 10 -3 -6 12 -12 14 -14 16 -8 21 -19 20 -20 -13 -23 -24
right_child=1 2 -4 -5 8 -7 15 -9 -10 -11 11 17 13 -15 -16 -17 -18 18 19 -21 -22 22 23 -25
leaf_value=-0.045022524616041011 -0.076399754078688611 0.051368659778932242 -0.052289731277103409 -0.057273727572988375 0.033560746898319394 -0.055868762480649474 -0.059426802354365177 -0.055320438507529199 -0.042736364750999727 -0.021265303608075471 -0.042834703782343268 0.0069839248811029543 -0.018181526371038179 -0.018994204928310339 0.028669907171864996 0.017323305726548492 0.013807374606453617 -0.06868525136923552 0.035273658964368043 0.040075211281541609 -0.078584990037466163 0.032633131040464794 -0.068870275354880536 0.041748753167296766
leaf_weight=14.685621209442614 1.9605053663253773 1.9790246635675446 2.8634635955095282 2.0165687575936309 9.9055261984467489 3.8137465715408316 1.7786592990160013 5.9471181705594063 3.0005289763212195 2.9739599004387856 4.7701111137867001 50.070719607174397 2.0993622615933445 6.6455643996596327 8.6289946958422643 15.870307460427282 2.9263037443161011 3.0174993574619284 3.3033018708229047 5.3226468786597252 2.2666664570569992 25.016012862324715 3.869537577033042 3.3707689568400383
leaf_count=139 8 9 21 11 75 20 8 37 29 19 21 318 13 39 55 103 20 14 21 34 10 179 19 26
internal_value=-0.00177894 0.00183696 0.00277821 0.00376097 0.00454788 -0.00833169 -0.00231765 -0.0266584 0.00807075 0.00614128 0.00932145 0.00722566 -0.00584043 0.0038561 0.0187562 0.0101885 -0.0121777 0.0103153 -0.00341895 0.0139268 -0.00962419 0.012733 0.0214091 -0.016266
internal_weight=188.103 173.417 171.456 168.593 166.576 35.2891 31.4754 10.9001 131.287 4.95298 128.287 118.381 22.144 17.3739 10.7284 20.5753 4.70496 96.2372 13.9101 10.8926 5.56997 82.327 32.2563 7.24031
internal_count=1248 1109 1101 1080 1069 216 196 65 853 28 824 749 128 107 68 131 28 621 79 65 31 542 224 45
is_linear=0
shrinkage=0.04


Tree=43
num_leaves=25
num_cat=0
split_feature=24 24 19 18 25 23 26 17 3 0 27 25 24 26 27 26 17 25 25 24 23 25 25 22
split_gain=9.14859 5.40718 4.14874 4.35713 12.9305 9.67547 6.84038 6.86267 3.78373 3.05151 4.79791 10.1591 6.82784 4.36351 3.43677 7.64918 3.1723 8.10554 8.08039 6.04221 3.12498 3.27846 3.01298 2.29527
threshold=1.5000000000000002 8.5000000000000018 1.5000000000000002 1.0000000180025095e-35 3.5000000000000004 0.84759080068664439 2.5000000000000004 1.0000000180025095e-35 1.5000000000000002 3.5000000000000004 2.5000000000000004 4.5000000000000009 5.5000000000000009 5.5000000000000009 3.5000000000000004 10.500000000000002 1.0000000180025095e-35 3.5000000000000004 2.5000000000000004 2.5000000000000004 0.60355339059327384 4.5000000000000009 4.5000000000000009 1.5000000000000002
decision_type=2 2 2 2 2 2 2 2 2 2 2 2 2 2 2 2 2 2 2 2 2 2 2 2
left_child=-1 2 3 8 -5 6 -6 22 9 10 11 12 16 -12 15 -15 18 -18 19 -2 21 -11 -8 -20
right_child=1 -3 -4 4 5 -7 7 -9 -10 20 13 -13 -14 14 -16 -17 17 -19 23 -21 -22 -23 -24 -25
leaf_value=-0.056529630567508225 0.0029863151958462444 -0.050483778095484509 -0.048653033720442419 -0.058747266345272497 -0.058189750742526469 -0.039963566780602824 0.034522457529565974 -0.052179831581580238 -0.047022366022161456 -0.043593129992688912 0.034934869058194672 -0.065807122674663432 -0.057300626798638725 -0.078222221553373703 0.044164902617366268 0.010739469316870285 0.022622775017931116 -0.064640989405326935 0.036104247909972069 -0.065409420548448699 0.0062101803730294546 -0.00037479401499714552 0.0074558502506914658 0.0044842707466125776
leaf_weight=4.7525886967778197 3.4713778048753765 3.3695203363895407 2.6799788922071448 7.0643307343125334 2.1833285987377158 7.8548773452639571 12.919052369892603 2.2176342308521262 2.1337430998682967 5.4768042638897914 18.682860195636753 3.1900979280471793 2.489375375211238 1.9803401529788951 2.5227218493819228 6.6893006637692451 32.819916732609272 1.7540804296731938 5.3512224704027185 4.4354705438017845 15.51621478050947 6.5511603131890297 15.356520041823385 14.200406618416309
leaf_count=38 18 27 22 47 11 44 95 15 14 26 165 15 16 8 21 45 232 9 38 21 90 39 109 83
internal_value=-0.00173892 -0.00025532 0.000652898 0.00145433 -0.00880728 0 0.00947867 0.0145861 0.00535492 0.00631199 0.00965983 0.00362777 0.00718477 0.0230637 0.00253286 -0.00865861 0.00990155 0.0179641 0 -0.0343696 -0.00525875 -0.0207189 0.0201055 0.0135477
internal_weight=185.663 180.91 177.541 174.861 47.5957 40.5314 32.6765 30.4932 127.265 125.131 97.5872 67.7119 64.5218 29.8752 11.1924 8.66964 62.0325 34.574 27.4585 7.90685 27.5442 12.028 28.2756 19.5516
internal_count=1248 1210 1183 1161 321 274 230 219 840 826 671 432 417 239 74 53 401 241 160 39 155 65 204 121
is_linear=0
shrinkage=0.04


Tree=44
num_leaves=25
num_cat=0
split_feature=16 24 24 3 25 23 16 24 5 18 25 26 21 25 23 15 26 24 25 15 24 24 21 23
split_gain=17.2827 6.64458 4.99979 4.38225 3.91007 3.91564 3.16729 6.74846 2.88698 2.3855 11.4108 9.7289 6.09949 4.55639 3.39822 5.2534 3.36886 2.25541 1.97462 12.2768 8.20224 6.29886 2.27385 2.10396
threshold=1.0000000180025095e-35 1.5000000000000002 8.5000000000000018 1.5000000000000002 10.500000000000002 1.2731286173006529 1.5000000000000002 2.5000000000000004 1.5000000000000002 1.0000000180025095e-35 3.5000000000000004 2.5000000000000004 1.7083333333333337 4.5000000000000009 0.84759080068664439 2.5000000000000004 5.5000000000000009 5.5000000000000009 4.5000000000000009 1.5000000000000002 3.5000000000000004 5.5000000000000009 2.4166666666666674 0.48570226039551589
decision_type=2 2 2 2 2 2 2 2 2 2 2 2 2 2 2 2 2 2 2 2 2 2 2 2
left_child=-1 -2 3 4 5 6 8 -8 9 14 -11 -12 -13 -14 15 18 -15 -18 19 21 -20 23 -21 -3
right_child=1 2 -4 -5 -6 -7 7 -9 -10 10 11 12 13 16 -16 -17 17 -19 20 22 -22 -23 -24 -25
leaf_value=-0.044626745794426985 -0.071512329293709737 0.0091672421115080102 -0.051028204635709083 -0.046621330410799439 -0.049664458547129489 -0.041570085777480469 0.014123944631083001 -0.045038059506040735 -0.046567210130897381 -0.068707576370067219 -0.062028752502224248 0.033200616136680842 0.023428097038728196 -0.044703480972738879 0.028604110126411394 -0.061476639683807753 0.018905942109416003 -0.029713538338140805 -0.067479474587748764 -0.086296489349925704 0.028561391363794639 -0.058566660017985321 -0.021758324410039467 0.027791826173919353
leaf_weight=13.88376574218273 1.9490493834018696 47.920146271586418 2.7097716704010955 2.7061860486865035 2.0777491629123679 2.7656580582261077 6.3716006428003293 5.7508248463273048 1.5020175501704205 3.5246483385562888 2.9636405557394019 14.055077128112318 6.8552732318639782 4.4866444244980794 16.173110529780388 1.660989575088023 4.0097536593675613 2.4639681875705719 1.4982640594244028 2.3466625660657874 18.509448058903217 1.9789977371692646 2.0459128767251968 13.145252995193003
leaf_count=139 8 291 21 19 13 17 38 55 9 16 15 110 47 24 108 8 21 13 7 10 143 9 12 95
internal_value=-0.0016989 0.00177073 0.0026711 0.00360255 0.00449033 0.00524345 0.0061176 -0.0132823 0.00779305 0.00841719 0 0.00681622 0.0134691 -0.00164842 0.011529 0.00833998 -0.0180627 0 0.00975762 0.00631254 0.0209696 0.0109244 -0.0580581 0.0133075
internal_weight=183.354 169.471 167.522 164.812 162.106 160.028 157.262 12.1224 145.14 143.638 38.359 34.8344 31.8707 17.8156 105.279 89.1057 10.9604 6.47372 87.4447 67.437 20.0077 63.0444 4.39258 61.0654
internal_count=1248 1109 1101 1080 1061 1048 1031 93 938 929 246 230 215 105 683 575 58 34 567 417 150 395 22 386
is_linear=0
shrinkage=0.04


Tree=45
num_leaves=25
num_cat=0
split_feature=16 24 24 3 19 1 24 25 25 2 25 0 21 25 21 1 27 25 25 21 16 14 24 23
split_gain=17.3181 5.82692 5.27094 4.34517 3.87571 6.98817 8.86364 4.85011 6.72215 3.75647 3.60011 2.9953 3.19819 3.33949 2.04395 2.68215 3.63477 4.70609 2.61798 2.67051 1.87916 1.78686 1.66331 3.29488
threshold=1.0000000180025095e-35 1.5000000000000002 8.5000000000000018 1.5000000000000002 1.0000000180025095e-35 18.500000000000004 3.5000000000000004 3.5000000000000004 2.5000000000000004 1.5000000000000002 10.500000000000002 3.5000000000000004 2.4166666666666674 2.5000000000000004 1.4166666666666667 4.5000000000000009 2.5000000000000004 1.5000000000000002 3.5000000000000004 1.2916666666666667 1.5000000000000002 3.5000000000000004 5.5000000000000009 0.60355339059327384
decision_type=2 2 2 2 2 2 2 2 2 2 2 2 2 2 2 2 2 2 2 2 2 2 2 2
left_child=-1 -2 3 4 9 6 -6 8 -8 10 11 12 14 -14 15 -3 17 -17 19 -19 21 -13 -23 -24
right_child=1 2 -4 -5 5 -7 7 -9 -10 -11 -12 20 13 -15 -16 16 -18 18 -20 -21 -22 22 23 -25
leaf_value=-0.044404907905716273 -0.066851327289672857 0.045508023114050784 -0.050341816098585124 -0.045875520333130748 -0.052871120229947284 -0.077852660777042504 0.0057828193578530604 0.026845411797931772 -0.077927560021721742 -0.04612471067666353 -0.047987236651710292 -0.028827676763651083 -0.059125698395180289 0.0030623218770370678 0.022271322815473487 -0.047753513501375668 0.024420412863412084 0.035282625033746781 -0.048441653815258938 -0.00047258856968180409 -0.040361662340353516 0.010851430789655414 0.0078476033672203425 -0.034499067353622591
leaf_weight=13.742114841938017 1.9163516163825978 2.9659241139888755 2.8713568001985541 2.6977245509624472 4.5359926670789781 2.1646342501044264 6.2551574409008044 10.987929098308085 1.9787830561399458 1.983058139681815 1.718409702181815 2.6299485713243476 1.7513199150562275 5.6235011219978333 43.2154610902071 3.3498706966638592 10.575954906642435 4.3785940110683486 1.3831294551491726 12.373913526535034 1.6847007200121868 26.128816321492195 8.0843984410166723 4.4693192094564429
leaf_count=142 8 21 23 20 27 12 39 70 10 18 11 16 9 38 340 15 87 30 8 75 17 139 53 21
internal_value=-0.0012255 0.00230674 0.00316464 0.00416898 0.00507272 -0.00892658 -0.00230984 0.00920546 -0.0133629 0.00787583 0.00875884 0.00957922 0.0139113 -0.0106209 0.0163258 0.00876211 0.00511332 -0.00401799 0.00361936 0.00839519 0.000766986 0.00263784 0.00498393 -0.00659121
internal_weight=179.466 165.724 163.808 160.937 158.239 25.9225 23.7579 19.2219 8.23394 132.316 130.333 128.615 85.6177 7.37482 78.2428 35.0274 32.0615 21.4855 18.1356 16.7525 42.9972 41.3125 38.6825 12.5537
internal_count=1249 1107 1099 1076 1056 158 146 119 49 898 880 869 623 47 576 236 215 128 113 105 246 229 213 74
is_linear=0
shrinkage=0.04


Tree=46
num_leaves=25
num_cat=0
split_feature=16 24 24 3 19 1 24 25 25 2 25 1 1 21 5 21 21 25 21 18 25 25 1 0
split_gain=16.5292 5.4287 4.99125 4.11548 3.61009 6.56845 8.3786 4.51929 6.24804 3.54932 3.39234 2.82568 2.91623 2.88273 2.45604 2.23837 3.09413 1.96939 1.5353 2.32343 4.17003 2.02226 1.99329 1.96491
threshold=1.0000000180025095e-35 1.5000000000000002 8.5000000000000018 1.5000000000000002 1.0000000180025095e-35 18.500000000000004 3.5000000000000004 3.5000000000000004 2.5000000000000004 1.5000000000000002 10.500000000000002 4.5000000000000009 5.5000000000000009 1.1250000000000002 1.0000000180025095e-35 2.4166666666666674 2.8750000000000004 3.5000000000000004 1.4166666666666667 1.0000000180025095e-35 3.5000000000000004 5.5000000000000009 11.500000000000002 3.5000000000000004
decision_type=2 2 2 2 2 2 2 2 2 2 2 2 2 2 2 2 2 2 2 2 2 2 2 2
left_child=-1 -2 3 4 9 6 -6 8 -8 10 11 -3 -13 -14 15 18 -17 -16 22 23 -21 -22 -15 -20
right_child=1 2 -4 -5 5 -7 7 -9 -10 -11 -12 12 13 14 17 16 -18 -19 19 20 21 -23 -24 -25
leaf_value=-0.044168707386308528 -0.064879175363281222 0.039701267299267887 -0.04976660781772102 -0.045405579802003541 -0.052127719090844404 -0.076136706778124313 0.0055627188604767579 0.026105122408459063 -0.075346102233704526 -0.045637770230361523 -0.0473060967101359 -0.027089748901973743 0.031118687784108465 -0.0041666425999277402 -0.024405091442160173 -0.029655940839152378 0.024656240299018403 0.0023005332703901048 0.026020641446661007 -0.060421033993783388 0.030314224800497471 -0.0045613258767341529 0.028060298306516129 0.0033969473458403056
leaf_weight=13.272460125386713 1.8960256278514851 4.8336405903100959 2.790010727941989 2.6182290613651267 4.4190228432416978 2.1256737634539595 6.2428051084280032 10.850373409688471 1.9649886339902876 1.9252200201153744 1.6743203774094571 3.5616078823804846 9.0399192273616773 13.531431421637537 5.1927877813577643 4.6344173923134795 2.4993160590529442 27.925657369196415 31.996630743145943 1.5277432426810253 4.5885012969374639 5.5822080224752426 3.9000137597322455 8.6486531198024732
leaf_count=142 8 34 23 20 27 12 39 70 10 18 11 17 73 82 28 25 20 163 262 9 34 41 34 47
internal_value=-0.00120485 0.00222406 0.00305843 0.00403394 0.00491125 -0.00868154 -0.00223325 0.00891602 -0.0128326 0.00762763 0.00848368 0.00927929 0.00801491 0.00913217 0.00725304 0.0111888 -0.00950614 -0.0016452 0.0134193 0.0168746 0.000455339 0.0103862 0.00258469 0.0214035
internal_weight=177.242 163.969 162.073 159.283 156.665 25.6029 23.4772 19.0582 8.20779 131.062 129.137 127.463 122.629 119.067 110.027 76.9089 7.13373 33.1184 69.7752 52.3437 11.6985 10.1707 17.4314 40.6453
internal_count=1249 1107 1099 1076 1056 158 146 119 49 898 880 869 835 818 745 554 45 191 509 393 84 75 116 309
is_linear=0
shrinkage=0.04


Tree=47
num_leaves=25
num_cat=0
split_feature=16 24 24 3 19 26 24 2 25 1 1 21 26 15 21 25 21 26 26 24 21 15 25 0
split_gain=15.7824 5.06575 4.7275 3.89875 3.36063 9.09036 6.62084 3.35312 3.19636 2.70003 2.70668 2.72171 1.90519 6.81355 13.4873 5.9559 2.52863 8.00418 2.21952 2.26923 2.83488 1.94385 4.27112 3.61922
threshold=1.0000000180025095e-35 1.5000000000000002 8.5000000000000018 1.5000000000000002 1.0000000180025095e-35 4.5000000000000009 3.5000000000000004 1.5000000000000002 10.500000000000002 4.5000000000000009 5.5000000000000009 1.1250000000000002 4.5000000000000009 1.5000000000000002 2.8750000000000004 1.5000000000000002 2.4166666666666674 2.5000000000000004 9.0000000000000018 5.5000000000000009 1.8750000000000002 1.5000000000000002 6.5000000000000009 3.5000000000000004
decision_type=2 2 2 2 2 2 2 2 2 2 2 2 2 2 2 2 2 2 2 2 2 2 2 2
left_child=-1 -2 3 4 7 6 -6 8 9 -3 -11 -12 15 18 -15 -13 21 -18 19 -14 -21 22 -17 -23
right_child=1 2 -4 -5 5 -7 -8 -9 -10 10 11 12 13 14 -16 16 17 -19 -20 20 -22 23 -24 -25
leaf_value=-0.043942025748675909 -0.063070253164979953 0.039109075221849872 -0.049208966261945861 -0.04495168703092018 -0.050434100015948335 -0.05613102169645609 0.013324594639626978 -0.045161376232025062 -0.046650996655017457 -0.026126443302985553 0.030386901646222379 -0.06720384188352535 0.03110534940144221 -0.071631250756893347 0.026937028698070891 0.0038426198733216262 0.026101600049536149 -0.074447103001518897 -0.0042253610399044439 0.027009317793803778 -0.03101026400352868 0.042641332724187533 -0.064163367736554816 0.0067838366018890808
leaf_weight=12.816495023667811 1.8728547692298878 4.7130112349987021 2.7103758901357642 2.5404539108276358 3.0551283285021844 5.1202506497502318 17.10907655954361 1.8688497096300114 1.6308013945817936 3.5455408692359915 8.8903855904936773 1.882999151945113 24.159651793539528 4.0278918296098691 4.8103335350751877 31.697584636509418 2.4678771942853919 2.4522301405668259 4.0257357582449904 3.1699315756559363 2.3182476460933685 6.0559254959225681 1.5477687641978253 20.80577801913023
leaf_count=142 8 34 23 20 20 28 110 18 11 17 73 9 187 19 38 210 20 14 22 30 12 57 9 118
internal_value=-0.00117852 0.00214548 0.00295578 0.00390189 0.00475227 -0.00844456 0.00326762 0.00737911 0.00820741 0.00897744 0.00774641 0.00882912 0.00700447 0.013673 -0.0170789 0.00264798 0.00479371 -0.0223869 0.021982 0.0258104 0.00104374 0.0071517 0.000435902 0.0151657
internal_weight=175.295 162.479 160.606 157.895 155.355 25.2845 20.1642 130.071 128.202 126.571 121.858 118.312 109.422 42.5118 8.83823 66.9102 65.0272 4.92011 33.6736 29.6478 5.48818 60.1071 33.2454 26.8617
internal_count=1249 1107 1099 1076 1056 158 130 898 880 869 835 818 745 308 57 437 428 34 251 229 42 394 219 175
is_linear=0
shrinkage=0.04


Tree=48
num_leaves=25
num_cat=0
split_feature=16 24 24 4 26 25 19 26 26 24 0 26 0 24 16 24 25 21 23 21 26 22 27 25
split_gain=15.073 4.73467 4.48022 3.14955 4.42618 2.76347 3.00809 7.65739 6.59178 4.31622 2.9857 2.27549 2.2661 4.50351 1.61586 1.57599 1.52532 3.82663 2.40694 1.48853 2.72625 2.74545 1.40252 9.45156
threshold=1.0000000180025095e-35 1.5000000000000002 8.5000000000000018 1.0000000180025095e-35 5.5000000000000009 10.500000000000002 1.0000000180025095e-35 4.5000000000000009 2.5000000000000004 3.5000000000000004 3.5000000000000004 7.0000000000000009 2.5000000000000004 4.5000000000000009 1.5000000000000002 2.5000000000000004 4.5000000000000009 1.8750000000000002 0.48570226039551589 2.5833333333333335 2.5000000000000004 3.5000000000000004 2.5000000000000004 3.5000000000000004
decision_type=2 2 2 2 2 2 2 2 2 2 2 2 2 2 2 2 2 2 2 2 2 2 2 2
left_child=-1 -2 3 4 15 6 10 8 -8 -10 19 14 -6 -14 16 -3 18 -18 -12 22 -21 -22 23 -5
right_child=1 2 -4 5 12 -7 7 -9 9 -11 11 -13 13 -15 -16 -17 17 -19 -20 20 21 -23 -24 -25
leaf_value=-0.043724253087780753 -0.061404214017881292 -0.009484377432388922 -0.04866776756359225 0.016681149901384657 0.034479050879926677 -0.046019750656722466 -0.061389844207114908 -0.053236290085177239 -0.049875880866338006 0.019383285025232077 -0.0087923277966006613 0.03024049102445241 -0.071194587428771577 0.0063012708908237345 -0.040166890348221344 -0.053742875563759535 0 -0.049480014263080879 0.017955383054453548 0.030250192967837878 -0.057546006629841551 0.0052247906755289401 0.024033012236006446 -0.058452000804038812
leaf_weight=12.374046064913271 1.8472389727830876 2.6023183241486576 2.6324736401438704 37.428159534931183 2.8162087202072126 1.5879137739539135 2.1346008330583635 4.5167369917035094 1.530758880078795 15.873241968452929 8.9212098866701144 3.818746179342269 1.4481475055217741 6.363690659403801 1.7053421512246121 4.0914129614830017 12.134211942553518 3.1224248707294455 12.656390532851217 2.2838677316904059 2.0153144598007202 2.0382198989391327 24.189859010279179 2.8484307527542105
leaf_count=142 8 13 23 264 21 11 14 26 9 104 49 22 11 44 18 28 64 17 78 19 9 14 226 15
internal_value=-0.00115574 0.00207417 0.00286316 0.00378326 -0.0121504 0.00582929 0.0064876 -0.00615953 0.00431376 0.012832 0.00924674 0.000647212 0.00320842 -0.00704071 -0.0020775 -0.0377317 -9.6857e-05 -0.00998777 0.00652585 0.0142784 -0.0031932 -0.0240097 0.0161201 0.011169
internal_weight=172.981 160.607 158.76 156.127 17.3218 138.805 137.218 24.0553 19.5386 17.404 113.162 42.3583 10.628 7.81184 38.5396 6.69373 36.8342 15.2566 21.5776 70.8039 6.3374 4.05353 64.4664 40.2766
internal_count=1249 1107 1099 1076 117 959 948 153 127 113 795 248 76 55 226 41 208 81 127 547 42 23 505 279
is_linear=0
shrinkage=0.04


Tree=49
num_leaves=25
num_cat=0
split_feature=16 24 24 3 19 1 24 1 2 1 1 22 4 24 1 5 27 1 24 24 24 18 1 24
split_gain=14.3958 4.43016 4.24585 3.57309 2.96846 6.03178 7.12861 3.34128 3.15116 2.54464 2.39036 2.57254 2.09736 1.76905 4.63365 1.57539 1.58563 1.11354 2.81857 1.66966 1.24298 2.44116 1.06946 0.994267
threshold=1.0000000180025095e-35 1.5000000000000002 8.5000000000000018 1.5000000000000002 1.0000000180025095e-35 18.500000000000004 3.5000000000000004 28.500000000000004 1.5000000000000002 4.5000000000000009 5.5000000000000009 1.5000000000000002 1.5000000000000002 5.5000000000000009 13.500000000000002 1.0000000180025095e-35 3.5000000000000004 26.500000000000004 4.5000000000000009 6.5000000000000009 5.5000000000000009 1.0000000180025095e-35 17.500000000000004 4.5000000000000009
decision_type=2 2 2 2 2 2 2 2 2 2 2 2 2 2 2 2 2 2 2 2 2 2 2 2
left_child=-1 -2 3 4 7 6 -6 8 9 -3 -11 -12 15 14 23 16 -13 18 -17 -19 -20 -22 -15 -8
right_child=1 2 -4 -5 5 -7 13 -9 -10 10 11 12 -14 22 -16 17 -18 19 20 -21 21 -23 -24 -25
leaf_value=-0.043514820056414875 -0.059863879265099083 0.038278623770262497 -0.048141968969731379 -0.044233210355291437 -0.050077777842420783 -0.074674761531535488 0 -0.056715255118518972 -0.044640006788902856 -0.024706975852755192 0.029581616149254589 0.0092237990776131672 -0.041442794629208891 0.0028280128245185936 -0.053337850233689997 -0.025051865693131087 0.043276901290547523 0.033179467324238467 0.01741095782924184 -0.0024782674762542953 -0.050286606982906552 0.0035581258751543918 0.043914595760249413 0.024160711965835812
leaf_weight=11.944918394088743 1.8195379972457875 4.545392617583274 2.5563188940286627 2.422513246536254 4.066017232835299 2.0060826018452635 6.1787164062261599 1.2751759365200985 1.7677081897854794 3.5018083453178397 8.642048202455042 71.905374631285667 1.3895253166556347 2.203695483505725 2.1389086842536917 7.4454900026321438 2.4091421067714682 3.5949807390570632 6.9847995638847378 4.1721213907003403 1.5737968757748575 8.2405272424221039 3.011988639831543 5.0015903934836388
leaf_count=142 8 34 23 20 27 12 38 7 18 17 73 528 12 16 12 39 22 20 42 19 12 55 18 35
internal_value=-0.00113605 0.00200025 0.00276801 0.00366227 0.00447794 -0.00809186 -0.00182792 0.00696763 0.00767465 0.00848231 0.00728561 0.00831718 0.00653687 0.00832507 0 0.00723913 0.0104354 0 -0.00440227 0.0129958 0.00427355 -0.00426113 0.0280888 0.0109019
internal_weight=170.798 158.853 157.034 154.477 152.055 24.607 22.6009 127.448 126.173 124.405 119.86 116.358 107.716 18.5349 13.3192 106.326 74.3145 32.0117 24.2446 7.7671 16.7991 9.81432 5.21568 11.1803
internal_count=1249 1107 1099 1076 1056 158 146 898 891 873 839 822 749 119 85 737 550 187 148 39 109 67 34 73
is_linear=0
shrinkage=0.04


Tree=50
num_leaves=25
num_cat=0
split_feature=16 3 2 21 18 25 15 24 1 22 21 16 1 18 26 25 21 27 22 15 24 1 14 13
split_gain=12.8647 4.01972 3.4606 2.71487 2.46515 2.10273 2.06343 1.91204 11.0169 4.19295 4.23326 2.94255 1.91112 1.50295 6.97855 13.9892 5.8489 5.63036 4.88026 5.12422 3.02116 2.80028 2.67189 2.40102
threshold=1.0000000180025095e-35 1.5000000000000002 1.5000000000000002 1.1250000000000002 1.5000000000000002 10.500000000000002 1.0000000180025095e-35 3.5000000000000004 12.500000000000002 2.5000000000000004 1.4166666666666667 1.5000000000000002 4.5000000000000009 1.0000000180025095e-35 3.5000000000000004 4.5000000000000009 1.8750000000000002 3.5000000000000004 2.5000000000000004 1.0000000180025095e-35 4.5000000000000009 11.500000000000002 3.5000000000000004 1.0000000180025095e-35
decision_type=2 2 2 2 2 2 2 2 2 2 2 2 2 2 2 2 2 2 2 2 2 2 2 2
left_child=-1 2 3 6 5 7 -2 8 9 10 12 13 -5 18 15 -15 -16 -18 19 20 -9 -21 23 -20
right_child=1 -3 -4 4 -6 -7 -8 11 -10 -11 -12 -13 -14 14 16 -17 17 -19 22 21 -22 -23 -24 -25
leaf_value=-0.043352595207161143 0.0021507873510644899 -0.046346590098533313 -0.043915578453266109 0.022232966901515296 -0.047752211351128067 -0.045409926592469722 0.031795739445693492 0.045570324601250115 -0.080958310315400836 -0.037602621146047489 0.026166962502962066 -0.041493521022276332 -0.012702375500731332 0.011282986028605111 0.043281334954649357 -0.083646597192904362 -0.03980811384814379 0.015411698475568131 -0.014657940812115869 -0.066378582531076688 -0.017696512449158357 -0.0096946164116981388 0.0028694522497758239 0.029088444156834006
leaf_weight=11.526335909962652 8.0619067028164864 2.8780110627412787 2.6390736773610106 2.9433344528079131 1.6839016154408444 1.5374573618173588 8.231925368309021 4.2770370617508915 2.9090732336044303 4.031050592660903 10.47858891636133 2.1357906162738791 13.705749817192553 5.5829828456044215 6.426862113177779 4.3062888830900192 4.4625816792249653 8.5985370874404907 1.9389820247888589 1.6032293736934686 1.4680132269859312 17.354001142084599 13.631698012351988 23.819266386330128
leaf_count=141 48 22 31 22 10 11 72 33 15 24 72 22 84 41 53 21 26 57 11 7 8 110 69 213
internal_value=-0.00257866 0.000407492 0.00134645 0.00220073 0.000250154 0.000927167 0.0176189 0.00153825 -0.00650337 0.000191223 0.00610212 0.00448746 -0.00604577 0.00562373 -0.00164002 -0.0292452 0.0119578 -0.0028427 0.00907795 -0.00460416 0.0280115 -0.0149104 0.0178614 0.0254848
internal_weight=166.232 154.705 151.827 149.188 132.894 131.211 16.2938 129.673 34.0678 31.1587 27.1277 95.6053 16.6491 93.4695 29.3773 9.88927 19.488 13.0611 64.0922 24.7023 5.74505 18.9572 39.3899 25.7582
internal_count=1223 1082 1060 1029 909 899 120 888 217 202 178 671 106 649 198 62 136 83 451 158 41 117 293 224
is_linear=0
shrinkage=0.04


Tree=51
num_leaves=25
num_cat=0
split_feature=16 24 2 3 18 25 22 17 25 25 24 26 24 24 26 24 16 10 1 17 24 19 1 26
split_gain=12.3149 3.85716 3.26458 3.26403 2.60791 2.23352 1.95093 1.97958 18.0072 9.49957 8.93877 5.6024 5.35666 4.90446 4.30825 3.26151 2.68575 1.80277 1.71623 1.65873 1.6188 5.66082 2.87122 13.8006
threshold=1.0000000180025095e-35 1.5000000000000002 1.5000000000000002 1.5000000000000002 1.5000000000000002 10.500000000000002 1.5000000000000002 1.0000000180025095e-35 3.5000000000000004 3.5000000000000004 4.5000000000000009 10.500000000000002 3.5000000000000004 5.5000000000000009 2.5000000000000004 2.5000000000000004 1.5000000000000002 3.5000000000000004 9.5000000000000018 1.0000000180025095e-35 4.5000000000000009 1.0000000180025095e-35 12.500000000000002 7.0000000000000009
decision_type=2 2 2 2 2 2 2 2 2 2 2 2 2 2 2 2 2 2 2 2 2 2 2 2
left_child=-1 -2 3 4 5 6 19 8 11 13 14 12 15 17 -11 -8 20 -9 -17 -3 21 22 -10 -24
right_child=1 2 -4 -5 -6 -7 7 9 16 10 -12 -13 -14 -15 -16 18 -18 -19 -20 -21 -22 -23 23 -25
leaf_value=-0.043156508159185404 -0.058166972569115342 0.025853676025304917 -0.04357419009872792 -0.044232582420215459 -0.047068257913962304 -0.044818998238476813 -0.06055093740755086 0.025896971440834242 0.025747606579203833 -0.052593190193254293 -0.07655185683555131 0.011522387892486535 -0.070245053554441647 -0.049120730822358127 0.021240800758350983 0.003954065173019509 -0.03983009752786041 0.0031657065179589174 -0.030371755258379075 -0.00025472801772207876 0.016461810944356035 -0.067999794472541342 -0.10000889145582989 0.022582175451628658
leaf_weight=11.123685047030447 1.7741365283727635 11.03580052405596 2.5550596341490737 2.3896508663892737 1.6409075781702984 1.4962548315525044 3.0011164247989699 28.343354597687721 8.2147237136960012 1.6975328773260097 3.5591114833950996 3.6283949315547934 6.7640617862343779 1.5994696021080006 4.8853973299264908 4.855548769235611 1.5962965115904797 7.9898127168416968 3.9595365822315216 5.0955926030874243 37.83066039532423 1.6814674437046058 1.962253779172898 5.7116116657853127
leaf_count=141 8 88 31 20 10 11 17 231 67 9 18 20 34 10 33 31 17 40 20 32 278 8 11 38
internal_value=-0.00251123 0.000386475 0.001125 0.00194553 0.00275311 0.00337249 0.00393106 0.00219785 -0.00160374 0.00862757 -0.0254353 -0.0322448 -0.0412223 0.0179458 0.000986047 -0.0239315 0.0101951 0.0211185 -0.0105568 0.0171106 0.0117809 0.00124688 0.00907867 -0.0077226
internal_weight=164.391 153.268 151.494 148.939 146.549 144.908 143.412 127.28 79.2057 48.0747 10.142 22.2087 18.5803 37.9326 6.58293 11.8162 56.997 36.3332 8.81509 16.1314 55.4007 17.5701 15.8886 7.67387
internal_count=1223 1082 1074 1043 1023 1013 1002 882 541 341 60 122 102 281 42 68 419 271 51 120 402 124 116 49
is_linear=0
shrinkage=0.04


Tree=52
num_leaves=25
num_cat=0
split_feature=16 3 2 18 21 15 25 24 21 21 16 26 25 17 24 26 18 26 25 21 23 15 25 21
split_gain=11.7853 3.62289 3.13127 2.39852 2.162 1.94022 1.8859 1.72069 7.44679 3.95459 2.67401 2.4573 2.03497 1.85109 1.45856 3.18019 1.45119 6.58593 12.9911 5.52504 4.77553 4.09162 3.94607 5.29054
threshold=1.0000000180025095e-35 1.5000000000000002 1.5000000000000002 1.5000000000000002 1.1250000000000002 1.0000000180025095e-35 10.500000000000002 3.5000000000000004 1.7083333333333337 1.4166666666666667 1.5000000000000002 3.5000000000000004 2.5000000000000004 1.0000000180025095e-35 2.5000000000000004 2.5000000000000004 1.0000000180025095e-35 3.5000000000000004 4.5000000000000009 1.8750000000000002 0.60355339059327384 1.0000000180025095e-35 2.5000000000000004 1.7083333333333337
decision_type=2 2 2 2 2 2 2 2 2 2 2 2 2 2 2 2 2 2 2 2 2 2 2 2
left_child=-1 2 3 4 5 14 7 8 9 13 16 12 -10 -6 -2 -16 20 18 -18 -19 21 -9 -23 -24
right_child=1 -3 -4 -5 6 -7 -8 10 11 -11 -12 -13 -14 -15 15 -17 17 19 -20 -21 -22 22 23 -25
leaf_value=-0.042967333263060077 0.022791049284897221 -0.045392052478433052 -0.04323832072132678 -0.04641121494569117 -0.022182180234504641 0.030640676468199436 -0.044246371706097361 0.02910347325204905 -0.044569589508206615 0.02448587704853955 -0.040928553207809894 -0.068649166783587706 0.010557311785358528 0.0037134809237135153 -0.058724948754829497 0.0094692739269675048 0.010579599761700394 0.042753369106373638 -0.081323953610843727 -0.0027855832919245365 0.020582288511530607 -0.032956304037651055 -0.021021939444772226 0.019823386588069081
leaf_weight=10.733624979853628 3.3265771120786685 2.710574895143508 2.4735595732927314 1.5984337106347073 7.8519038781523749 7.9450955241918555 1.4558144360780705 5.7542051151394835 2.1858405843377109 9.3330013602972013 2.0090871192514888 3.3054271787405014 1.7472016885876653 9.1491810381412506 1.5751793682575224 3.1642220020294189 5.5015329048037547 6.1683800891041782 4.2749000042676926 12.892029024660586 29.329214490950108 7.3939386159181621 9.3117036819458026 11.102456867694853
leaf_count=141 18 22 31 10 45 72 11 42 13 66 22 17 12 64 9 21 41 53 21 83 228 38 59 84
internal_value=-0.0024567 0.000359522 0.00124642 0.00205281 0.00264314 0.0165335 0.000853841 0.00143241 -0.00624204 0.0033542 0.0042664 -0.0422591 -0.0180461 -0.0077758 0.00164602 -0.0115077 0.0053435 -0.00186014 -0.0287884 0.0115321 0.0087737 -0.00130716 -0.00788758 0.000800338
internal_weight=162.293 151.559 148.849 146.375 144.777 16.0111 128.766 127.31 33.5726 26.3341 93.7374 7.23847 3.93304 17.0011 8.06598 4.7394 91.7284 28.8368 9.77643 19.0604 62.8915 33.5623 27.8081 20.4142
internal_count=1223 1082 1060 1029 1019 120 899 888 217 175 671 42 25 109 48 30 649 198 62 136 451 223 181 143
is_linear=0
shrinkage=0.04


Tree=53
num_leaves=25
num_cat=0
split_feature=16 24 2 0 10 18 22 25 21 19 26 26 21 21 10 21 26 15 21 25 26 26 17 24
split_gain=11.2865 3.55049 2.95831 2.44231 2.49516 2.39802 9.16731 5.25353 2.05373 1.91459 4.94121 3.97234 3.01201 2.8195 2.09541 3.55251 2.68273 4.84013 2.04149 1.66347 2.24171 1.44212 1.17598 1.35608
threshold=1.0000000180025095e-35 1.5000000000000002 1.5000000000000002 3.5000000000000004 3.5000000000000004 1.0000000180025095e-35 2.5000000000000004 3.5000000000000004 1.8750000000000002 1.0000000180025095e-35 4.5000000000000009 2.5000000000000004 1.4166666666666667 1.2916666666666667 2.5000000000000004 1.5833333333333337 7.0000000000000009 1.5000000000000002 1.8750000000000002 3.5000000000000004 1.5000000000000002 5.5000000000000009 1.0000000180025095e-35 2.5000000000000004
decision_type=2 2 2 2 2 2 2 2 2 2 2 2 2 2 2 2 2 2 2 2 2 2 2 2
left_child=-1 -2 3 5 -5 9 7 -7 -9 12 11 -11 13 22 15 -14 -16 18 -18 20 -15 -17 23 -3
right_child=1 2 -4 4 -6 6 -8 8 -10 10 -12 -13 14 19 16 21 17 -19 -20 -21 -22 -23 -24 -25
leaf_value=-0.042784616204652542 -0.056582520597580323 0.066582455225216788 -0.042907502811635724 -0.043741934472687871 -0.0031327531828973763 -0.055400502846733007 -0.056093512295891997 0.039463987940723318 0 -0.058126811081986265 -0.053485136137708757 0.012630586209891284 0.044503903720253785 0.03080600931306042 0.029330839842299838 -0.044596622210215112 -0.0070700311683572908 -0.071281821337524809 0.042018262268423909 -0.048142590780195518 -0.0094399768936952941 0 -0.0034182729739030506 0.017217201077398589
leaf_weight=10.355907697230576 1.7279003709554661 1.2386535853147522 2.3945245891809455 2.6183189600706092 44.823907479643822 1.5067680329084385 4.6255587190389624 5.4168253093957883 2.9748064950108528 1.3843773901462579 2.6948865354061118 13.056992337107657 1.8582991808652867 2.5342209637165132 24.136250853538517 2.169209860265255 2.3220407217741004 1.2281851321458814 2.6360217109322548 1.4971740394830693 15.547511525452135 2.3612252995371819 2.4498043060302725 7.1010086908936501
leaf_count=141 8 5 31 24 264 8 25 60 20 9 16 94 16 20 219 13 20 5 28 9 92 17 16 63
internal_value=-0.00238771 0.000342394 0.00105826 0.00183316 -0.00554259 0.00545806 -0.0092983 0.0117611 0.0247737 0.00809795 -0.00348316 0.00529368 0.0111757 0.0015668 0.0189066 -0.000727878 0.0233072 0 0.0174149 -0.00719023 -0.00335692 -0.0210469 0.018199 0.0255085
internal_weight=160.66 150.304 148.577 146.182 47.4422 98.7398 14.524 9.8984 8.39163 84.2159 17.1363 14.4414 67.0796 30.3684 36.7112 6.38873 30.3225 6.18625 4.95806 19.5789 18.0817 4.53044 10.7895 8.33966
internal_count=1223 1082 1074 1043 288 755 113 88 80 642 119 103 523 205 318 46 272 53 48 121 112 30 84 68
is_linear=0
shrinkage=0.04


Tree=54
num_leaves=25
num_cat=0
split_feature=16 24 2 18 21 25 25 21 0 27 25 17 25 0 25 21 1 26 25 26 26 23 26 1
split_gain=10.8052 3.33482 2.81432 2.35298 2.01194 2.94221 3.69771 1.58804 1.48033 2.89408 6.73418 5.17372 5.16036 6.28266 4.76309 4.06419 3.9728 3.83213 3.35681 9.10121 2.20468 3.46012 2.16444 1.37034
threshold=1.0000000180025095e-35 1.5000000000000002 1.5000000000000002 1.5000000000000002 2.4166666666666674 3.5000000000000004 6.5000000000000009 2.5833333333333335 3.5000000000000004 2.5000000000000004 4.5000000000000009 1.0000000180025095e-35 2.5000000000000004 2.5000000000000004 3.5000000000000004 1.2916666666666667 18.500000000000004 3.5000000000000004 6.5000000000000009 10.500000000000002 2.5000000000000004 0.76180168105713697 7.0000000000000009 4.5000000000000009
decision_type=2 2 2 2 2 2 2 2 2 2 2 2 2 2 2 2 2 2 2 2 2 2 2 2
left_child=-1 -2 3 4 8 -6 7 -7 9 10 11 12 13 -3 23 -14 20 -17 19 -18 21 -11 -10 -13
right_child=1 2 -4 -5 5 6 -8 -9 22 16 -12 14 15 -15 -16 17 18 -19 -20 -21 -22 -23 -24 -25
leaf_value=-0.042607926701259603 -0.055380200214413734 0.013908328093919909 -0.042581284938850682 -0.045602169490054301 -0.036099259581902715 -0.0096092041090294587 -0.049800133565148112 0.018316992586227907 -0.0053939191695119917 0.033917128964315889 -0.060267610177950737 0.044144989385758802 0.040852796295619734 -0.059649387959278322 -0.054871169922815127 0.0097863049613389989 -0.09332028672830904 -0.035299333975811399 0.018759829273481372 0.0079863993063215288 0.039729643922042299 -0.057313345022031607 0.036901109711185265 0.015762278043335722
leaf_weight=9.990276060998438 1.6954544186592091 2.5773268043994921 2.3179046362638465 1.6426340639591206 4.9258786588907268 4.9577059000730506 2.1035866662859908 8.2930877879261953 31.843650974333286 1.8230955377221136 2.6715996339917174 3.5402369648218217 3.6995495855808285 5.4762743636965752 1.3953810036182392 7.8460874930024129 1.8689418584108377 4.758136011660099 9.8986505568027479 5.4524862766265869 11.815028071403502 1.0469242110848425 2.0335012376308432 25.360101819038391
leaf_count=141 8 12 31 11 32 27 12 68 184 23 15 30 32 31 8 53 8 24 91 38 126 6 15 197
internal_value=-0.00232996 0.000316167 0.00101133 0.0017632 0.00236161 -0.009187 -3.21783e-05 0.00726483 0.00432907 0.00705664 0.00152799 0.00469511 -0.00882065 -0.035116 0.0158257 0.00367781 0.0167393 -0.00659896 0.00318422 -0.0167815 0.0320897 0 -0.00261898 0.0195159
internal_weight=159.034 149.043 147.348 145.03 143.387 20.2803 15.3544 13.2508 123.107 89.2298 57.3247 54.6531 24.3574 8.0536 30.2957 16.3038 31.9051 12.6042 17.2201 7.32143 14.685 2.87002 33.8772 28.9003
internal_count=1223 1082 1074 1043 1032 139 107 95 893 694 402 387 152 43 235 109 292 77 137 46 155 29 199 227
is_linear=0
shrinkage=0.04


Tree=55
num_leaves=25
num_cat=0
split_feature=16 16 1 25 1 3 27 18 22 25 1 23 0 23 19 25 1 25 23 25 1 25 25 23
split_gain=11.0326 4.06376 3.01403 2.35891 2.34035 1.94153 1.81289 3.12568 13.2973 6.09741 2.06273 2.38218 1.90049 1.52429 1.39013 1.46604 2.54607 2.18353 1.08015 1.76039 1.57676 1.53265 1.53151 0.586714
threshold=1.0000000180025095e-35 1.5000000000000002 7.5000000000000009 1.5000000000000002 28.500000000000004 1.5000000000000002 3.5000000000000004 1.0000000180025095e-35 2.5000000000000004 3.5000000000000004 18.500000000000004 0.45220861134162554 3.5000000000000004 0.84759080068664439 1.0000000180025095e-35 3.5000000000000004 9.5000000000000018 4.5000000000000009 0.60355339059327384 4.5000000000000009 14.500000000000002 5.5000000000000009 5.5000000000000009 0.48570226039551589
decision_type=2 2 2 2 2 2 2 2 2 2 2 2 2 2 2 2 2 2 2 2 2 2 2 2
left_child=-1 4 3 -3 5 6 7 12 9 -9 -11 -12 14 -8 23 16 -16 -17 19 -14 -20 -21 -22 -2
right_child=1 2 -4 -5 -6 -7 13 8 -10 10 11 -13 18 -15 15 17 -18 -19 20 21 22 -23 -24 -25
leaf_value=-0.042398433398398716 0.010230366006898164 -0.046726571684334077 -0.042906607642362066 0.0085698795491585666 -0.048627800591039855 -0.040378568232973693 0.032970918136106232 -0.063477006217626794 -0.059099167384048523 0.025033169819397894 -0.0239129195542227 0.018581956481709273 -0.030390374699975197 0.00080033269580247288 0.00022581030259985835 0.027212000278683247 -0.050856932412875304 -0.018959241060320799 0.030002798552112943 0.019459085622867033 -0.020368538884837615 -0.025798087400558882 0.010484190800955971 0.019891133968441423
leaf_weight=9.4464876018464548 35.70589092373848 1.5439679622650127 5.1876579262316227 5.8509393483400345 1.298143982887267 1.4607767388224591 6.7687852606177312 1.7650451213121474 6.2761097922921172 11.12308017909527 3.9411172419786435 4.5136674419045448 4.6765541732311267 4.4234478175640106 5.4999714344739896 5.246251180768013 2.0275397002696991 2.1806698441505432 3.1003954857587805 3.3817561119794846 4.4410255849361402 1.7983344569802282 5.902927041053772 18.99695773422718
leaf_count=139 266 9 65 37 9 14 57 9 34 88 22 41 21 27 37 38 12 17 17 18 24 13 31 172
internal_value=-0.000453105 0.00218596 -0.0194386 -0.00189353 0.00426799 0.00484344 0.00540547 0.00389429 -0.00778006 0.00693604 0.0136928 -0.000280415 0.00744894 0.0209711 0.0107771 0 -0.0124706 0.0125782 -0.00215695 -0.0124495 0.00479389 0.00220311 -0.00198858 0.0137316
internal_weight=156.558 147.111 12.5826 7.39491 134.528 133.23 131.77 120.577 27.619 21.3429 19.5779 8.45478 92.9583 11.1922 69.6573 14.9544 7.52751 7.42692 23.301 9.85664 13.4443 5.18009 10.344 54.7028
internal_count=1217 1078 111 46 967 958 944 860 194 160 151 63 666 84 542 104 49 55 124 52 72 31 55 438
is_linear=0
shrinkage=0.04


Tree=56
num_leaves=25
num_cat=0
split_feature=16 16 17 3 18 25 26 17 25 21 0 24 1 21 19 24 1 24 27 25 24 17 1 26
split_gain=10.5452 3.81277 3.61407 2.03837 1.42799 9.69846 8.53622 4.79574 4.2561 2.55238 2.47966 3.96874 2.25545 3.04595 1.84352 4.53491 2.70896 2.81111 1.84244 9.68514 4.99455 2.30794 2.44403 1.61114
threshold=1.0000000180025095e-35 1.5000000000000002 1.0000000180025095e-35 1.5000000000000002 1.0000000180025095e-35 3.5000000000000004 2.5000000000000004 1.0000000180025095e-35 4.5000000000000009 1.4166666666666667 3.5000000000000004 1.5000000000000002 26.500000000000004 1.7083333333333337 1.0000000180025095e-35 3.5000000000000004 13.500000000000002 4.5000000000000009 2.5000000000000004 3.5000000000000004 5.5000000000000009 1.0000000180025095e-35 9.5000000000000018 3.5000000000000004
decision_type=2 2 2 2 2 2 2 2 2 2 2 2 2 2 2 2 2 2 2 2 2 2 2 2
left_child=-1 3 -3 4 10 -6 -7 8 -8 -10 11 -2 13 -11 18 -16 17 -17 19 20 21 22 -13 -20
right_child=1 2 -4 -5 5 6 7 -9 9 12 -12 14 -14 -15 15 16 -18 -19 23 -21 -22 -23 -24 -25
leaf_value=-0.042232995384918766 -0.05635987556553948 -0.044334317337451572 0 -0.040454114595037394 -0.060298113855625085 -0.05818147566499815 0.033398117237732269 -0.056543398023616909 0.042044632023724375 0.0074386050969109368 -0.0035667408314864835 0.023063439465628166 0.018884452432888353 -0.037749398482783858 -0.048008927053917939 0 -0.021607445890396784 0.045474002479174401 0.037200487753081664 -0.060091360112563857 -0.058775785226725379 0.03081710095726926 -0.010145067161035897 0.013787956808179161
leaf_weight=9.1109229624271375 1.3271581232547749 5.2185836322605592 7.1215734928846359 1.5838102214038361 4.0565902516245833 3.0353450253605834 12.497833304107195 1.4965661913156498 2.1670150384306899 4.1453889608383161 23.94824580103159 7.541036665439611 4.1637448519468299 4.948555052280426 2.6004080176353446 5.0574716925621015 2.9974741339683524 4.2047409266233444 10.213813059031965 2.8718964755535117 1.3014548048377026 15.381167240440844 6.3084543943405151 11.596479363739489
leaf_count=139 6 59 52 16 23 16 102 7 22 36 129 44 24 28 17 32 22 33 114 14 7 140 37 98
internal_value=-0.000441876 0.00211501 -0.0190426 0.00413149 0.00472769 -0.00182548 0.00523671 0.0120519 0.0160149 0.00141152 0.0073209 0.0110847 -0.00462668 -0.0162712 0.0124762 0 0.010147 0.0212873 0.015842 0.00954542 0.0163576 0.0199765 0.0073593 0.0251189
internal_weight=154.896 145.785 12.3402 133.445 131.861 36.511 32.4544 29.4191 27.9225 15.4247 95.3498 71.4016 13.2577 9.09394 70.0744 14.8601 12.2597 9.26221 55.2143 33.404 30.5321 29.2307 13.8495 21.8103
internal_count=1217 1078 111 967 951 258 235 219 212 110 693 564 88 64 558 104 87 65 454 242 228 221 81 212
is_linear=0
shrinkage=0.04


Tree=57
num_leaves=25
num_cat=0
split_feature=24 15 18 26 25 26 21 1 26 26 24 23 21 15 1 22 22 21 26 26 18 17 1 23
split_gain=4.72746 2.54848 4.19507 2.3925 2.55602 5.12113 2.98458 2.05503 1.93343 2.86433 1.61367 1.40979 1.33213 1.63891 1.40653 2.05348 1.40987 2.09147 3.08405 2.49698 2.63745 4.24096 1.8767 0.849731
threshold=1.5000000000000002 1.0000000180025095e-35 1.0000000180025095e-35 1.5000000000000002 2.5000000000000004 7.0000000000000009 1.8750000000000002 28.500000000000004 3.5000000000000004 2.5000000000000004 8.5000000000000018 0.48570226039551589 1.1250000000000002 1.5000000000000002 8.5000000000000018 2.5000000000000004 3.5000000000000004 2.4166666666666674 2.5000000000000004 2.5000000000000004 1.0000000180025095e-35 1.0000000180025095e-35 17.500000000000004 1.2731286173006529
decision_type=2 2 2 2 2 2 2 2 2 2 2 2 2 2 2 2 2 2 2 2 2 2 2 2
left_child=-1 2 3 -2 6 -6 8 10 9 -5 12 -10 13 -3 15 -14 17 19 -19 20 21 -16 -20 -18
right_child=1 7 -4 4 5 -7 -8 -9 11 -11 -12 -13 14 -15 16 -17 23 18 22 -21 -22 -23 -24 -25
leaf_value=-0.048098802430857852 -0.048866257136253727 0.029273729704847089 -0.047475839941798825 0.0028507986914337903 -0.060765653533692787 0.010197019501973196 -0.023499686201542379 -0.04804775020251615 -0.027538307147209364 0.044411960168199711 -0.041201186526682386 0.020387851704859346 0.025403823135889649 -0.015776441562102356 0.0087706016795274181 -0.02424749217038006 0.018058859074090241 0.020437894831962029 -0.068723494621815512 0.0045961265465817797 -0.059082782551392272 -0.054725545905894644 -0.014195711528190711 -0.012120302403581687
leaf_weight=3.2626930624246588 1.7466805800795615 6.5326958857476702 4.0862559191882601 5.9875427633523994 3.0004379227757445 3.2184099704027176 3.9616543911397448 1.2114183865487564 2.4793961495161052 5.5016491264104843 1.222058631479739 1.4661478698253629 8.5798060558736307 1.3612517826259134 6.773689810186621 1.4170029275119294 11.259150844067333 1.8125990480184544 2.0592508688569069 67.427483506500721 1.9164275527000434 2.1952197849750519 2.9422719478607178 1.3927335441112507
leaf_count=39 17 65 38 38 21 33 32 9 20 37 15 16 67 11 58 12 91 18 11 521 9 14 15 10
internal_value=-0.000437796 0.000548509 -0.0095056 -0.00354271 -0.000139818 -0.0227543 0.00669835 0.00329343 0.0149676 0.0234488 0.00389395 -0.00770154 0.00443954 0.0204917 0.00318958 0.0175657 0.00163797 -0.000120864 -0.0214614 0.00163386 -0.0159805 -0.00587867 -0.0382457 0.0141044
internal_weight=152.814 149.551 31.4482 27.3619 25.6152 6.21885 19.3964 118.103 15.4347 11.4892 116.892 3.94554 115.67 7.89395 107.776 9.99681 97.7788 85.1269 6.81412 78.3128 10.8853 8.96891 5.00152 12.6519
internal_count=1217 1178 252 214 197 54 143 926 111 75 917 36 902 76 826 79 747 646 44 602 81 72 26 101
is_linear=0
shrinkage=0.04


Tree=58
num_leaves=25
num_cat=0
split_feature=16 16 24 3 4 19 1 24 25 1 25 21 15 23 24 15 5 1 21 25 24 23 22 21
split_gain=9.91705 3.4372 3.04008 1.89904 1.65422 1.46138 5.98399 6.25817 4.8435 1.63436 7.00188 1.55196 1.69506 1.35706 3.20419 2.98473 1.3922 3.21737 1.68766 1.37966 10.5037 1.31189 1.26272 1.216
threshold=1.0000000180025095e-35 1.5000000000000002 2.5000000000000004 1.5000000000000002 1.5000000000000002 1.0000000180025095e-35 18.500000000000004 4.5000000000000009 2.5000000000000004 13.500000000000002 5.5000000000000009 1.1250000000000002 1.5000000000000002 0.45220861134162554 1.5000000000000002 1.5000000000000002 1.0000000180025095e-35 18.500000000000004 2.4166666666666674 2.5000000000000004 2.5000000000000004 0.60355339059327384 3.5000000000000004 2.7083333333333335
decision_type=2 2 2 2 2 2 2 2 2 2 2 2 2 2 2 2 2 2 2 2 2 2 2 2
left_child=-1 3 -3 4 5 11 7 8 -7 -9 -11 12 -2 15 -15 -13 18 21 19 -16 -21 -18 -20 -19
right_child=1 2 -4 -5 -6 6 -8 9 -10 10 -12 13 -14 14 16 -17 17 23 22 20 -22 -23 -24 -25
leaf_value=-0.042024847674776135 0.032004173846871015 -0.00070306006965017824 -0.042870763139360356 -0.03996586146902583 -0.03977209153458694 0 -0.072024256350460683 0.045007845191019115 -0.061961350000344063 -0.056106989882440075 0.041254554461021303 -0.020253686391392453 -0.013888346331937364 -0.054006413226495978 0.02628257683019844 0.010708147019899193 -0.010251318430296093 0.0042976073957966274 -0.024309446190223759 -0.10773280010058386 0.014510642283858162 -0.055095868043017131 0.0099346476882898032 0.035650257697024949
leaf_weight=8.6666369996964914 7.0114142149686796 7.2200615927577001 4.8386768847703934 1.5192383192479599 1.2938612848520268 5.904338933527475 1.9123437553644169 4.0355578660964948 3.0878120958805084 1.7074913829565046 3.6729468256235123 9.4180119261145592 1.3090375512838361 1.283954694867133 13.270520128309725 10.287398189306259 4.2442016601562527 13.717627033591272 3.2719552516937247 1.1496178805828083 35.282586917281151 1.7406562268733976 3.25890251994133 2.5251341313123694
leaf_count=139 59 47 64 16 13 43 12 33 17 9 28 55 10 6 115 66 25 76 21 6 302 8 25 22
internal_value=-0.000434145 0.00203118 -0.0182866 0.00396394 0.0045416 0.00505167 -0.00455258 0.00202218 -0.0213665 0.0252077 0.00886983 0.0069368 0.0238225 0.00544363 0.00779938 -0.00368378 0.00891274 7.03192e-05 0.0122657 0.0148262 0.0104337 -0.0246308 -0.00599667 0.00966428
internal_weight=151.63 142.963 12.0587 130.905 129.385 128.092 20.3205 18.4081 8.99215 9.416 5.38044 107.771 8.32045 99.4506 79.7452 19.7054 78.4612 22.2276 56.2336 49.7027 36.4322 5.98486 6.53086 16.2428
internal_count=1217 1078 111 967 951 938 142 130 60 70 37 796 69 727 606 121 600 131 469 423 308 33 46 98
is_linear=0
shrinkage=0.04


Tree=59
num_leaves=25
num_cat=0
split_feature=16 16 24 3 24 20 25 21 15 21 19 24 25 25 21 27 25 24 25 25 21 25 23 23
split_gain=9.47737 3.21646 2.9474 1.79983 2.65616 1.50035 2.69961 1.56704 1.61043 1.47029 1.46622 3.64197 1.55548 2.50097 1.18402 0.995177 7.91293 1.46348 2.60722 1.38682 0.882675 1.44534 0.92726 0.955498
threshold=1.0000000180025095e-35 1.5000000000000002 2.5000000000000004 1.5000000000000002 1.5000000000000002 3.5000000000000004 2.5000000000000004 2.4166666666666674 1.5000000000000002 2.7083333333333335 1.0000000180025095e-35 3.5000000000000004 4.5000000000000009 3.5000000000000004 2.8750000000000004 2.5000000000000004 3.5000000000000004 4.5000000000000009 2.5000000000000004 1.5000000000000002 1.2916666666666667 2.5000000000000004 0.45220861134162554 0.76180168105713697
decision_type=2 2 2 2 2 2 2 2 2 2 2 2 2 2 2 2 2 2 2 2 2 2 2 2
left_child=-1 3 -3 4 -2 7 -7 10 -9 -8 15 -12 13 -13 -10 16 17 19 -19 -6 -17 -22 -23 -24
right_child=1 2 -4 -5 5 6 9 8 14 -11 11 12 -14 -15 -16 20 -18 18 -20 -21 21 22 23 -25
leaf_value=-0.041869782117627666 -0.052856402651254769 -0.00067479075962630889 -0.042634106544989753 -0.03959895710920712 0.032432111761522248 -0.049615654345043038 -0.0010900050635946881 -0.02776059557801604 -0.0063706425007057175 0.022462369737918583 -0.04686136338474773 -0.00084408372977699527 -0.01990663476261411 0.038783161297424901 0.038783963301694716 0.041515012012927455 -0.056827148664995032 -0.059089266669098486 0.011703748862565217 0.010882000183410678 -0.0048304116851269497 0 0.035644697512407453 0.013674041068014937
leaf_weight=8.3570311665534955 1.2599022239446629 7.2216111868619901 4.6742357686161995 1.4729204177856434 7.6652310416102472 1.7338538169860829 40.233780704438686 3.7149275541305533 2.2329152151942258 4.6943942010402671 2.3427628576755515 5.6637220382690412 2.4067938774824134 4.1365766525268555 1.37903256714344 2.9252744913101223 2.7219392210245124 1.1536089181900018 2.6609677746891975 18.041460640728474 3.8831812888383892 3.5183185040950802 7.4837074205279341 8.4580118358135206
leaf_count=139 6 47 64 16 58 11 228 23 17 40 16 37 19 34 15 35 15 6 29 135 21 28 91 87
internal_value=-0.000432927 0.00195479 -0.0178344 0.00383029 0.00439118 0.00502184 -0.00052364 0.00834027 -0.00871713 0.00119284 0.0101603 -0.000690547 0.00751511 0.0150658 0.0086544 0.0129953 0.00785357 0.0140883 -0.00760834 0.017619 0.019002 0.0158381 0.0203735 0.0244898
internal_weight=150.036 141.679 11.8958 129.783 128.31 127.05 46.662 80.3884 7.32688 44.9282 73.0616 14.5499 12.2071 9.8003 3.61195 58.5117 32.2432 29.5213 3.81458 25.7067 26.2685 23.3432 19.46 15.9417
internal_count=1217 1078 111 967 951 945 279 666 55 268 611 106 90 71 32 505 243 228 35 193 262 227 206 178
is_linear=0
shrinkage=0.04


Tree=60
num_leaves=25
num_cat=0
split_feature=16 3 20 2 23 1 21 25 24 15 1 17 25 25 24 24 21 26 15 24 26 1 23 1
split_gain=9.4157 2.65863 2.64358 2.14081 2.03993 1.57604 2.33347 2.64751 2.6068 2.06786 7.13199 1.4748 8.74324 6.62294 4.62698 2.71567 1.46348 1.37665 3.70765 1.4289 9.72101 1.38962 6.12073 1.54052
threshold=1.0000000180025095e-35 1.5000000000000002 3.5000000000000004 1.5000000000000002 1.3566258340248767 16.500000000000004 1.2916666666666667 6.5000000000000009 5.5000000000000009 1.5000000000000002 19.500000000000004 1.0000000180025095e-35 3.5000000000000004 3.5000000000000004 3.5000000000000004 4.5000000000000009 1.2916666666666667 2.5000000000000004 2.5000000000000004 3.5000000000000004 3.5000000000000004 13.500000000000002 0.60355339059327384 15.500000000000002
decision_type=2 2 2 2 2 2 2 2 2 2 2 2 2 2 2 2 2 2 2 2 2 2 2 2
left_child=-1 2 3 4 5 11 -7 8 -8 10 -9 12 14 16 -2 -14 -13 18 -4 20 -19 22 -21 -23
right_child=1 -3 17 -5 -6 6 7 9 -10 -11 -12 13 15 -15 -16 -17 -18 19 -20 21 -22 23 -24 -25
leaf_value=-0.041720009209286292 -0.0037134573052305248 -0.042342885543668975 -0.05566565923156741 -0.039947151658604733 -0.040341410662657541 0.029721353247545025 -0.0048844646375815048 -0.083003873050112795 -0.055633291394946591 0.027403140081475954 0.01506087672906368 -0.00039520836803628231 0.0058576477112587859 -0.027537874881075619 -0.061300616383383792 0.043062184099683501 0.027319765071123714 0.026995821924689588 0.0044352575897187831 -0.043865012271137233 -0.080778675982022055 0.018531384208391344 0.030519532811110032 -0.00083495050459090063
leaf_weight=8.1048049814999086 15.458401981741192 2.0487311705946913 2.8574330434203139 1.4535282813012589 1.3090208023786534 3.4685444906353977 4.898521892726424 1.5499507933855037 2.7635125517845154 4.4656283110380173 4.8235825672745705 2.7901519834995296 5.7547499537467948 4.3461959399282923 2.6917585842311373 8.7354329004883748 27.709925450384617 2.8537777215242377 3.3509549237787724 4.4666705653071395 2.4188346117734909 9.6286695897579211 2.8180067241191864 18.482281390577555
leaf_count=140 99 21 19 23 12 41 33 9 16 48 44 18 57 33 15 85 243 21 18 22 11 59 17 127
internal_value=0.000149187 0.00261009 0.00332971 0.00729375 0.00813842 0.00893725 -9.66867e-06 -0.00601595 -0.0242325 0.00612296 -0.00753186 0.0119684 0.00549827 0.0177993 -0.0126947 0.0288386 0.0245221 -0.00429797 -0.0219378 -0.00140836 -0.0209289 0.00127345 -0.0139919 0.00551389
internal_weight=149.249 141.144 139.096 92.2189 90.7654 89.4564 21.9697 18.5012 7.66203 10.8392 6.37353 67.4866 32.6403 34.8463 18.1502 14.4902 30.5001 46.8766 6.20839 40.6682 5.27261 35.3956 7.28468 28.111
internal_count=1231 1091 1070 776 753 741 191 150 49 101 53 550 256 294 114 142 261 294 37 257 32 225 39 186
is_linear=0
shrinkage=0.04


Tree=61
num_leaves=25
num_cat=0
split_feature=16 3 0 25 19 18 16 17 25 25 27 25 21 25 18 22 22 25 22 21 21 21 27 21
split_gain=8.99436 2.52388 2.45711 1.96728 3.39303 2.65144 1.31031 1.19942 8.56293 6.51626 4.32189 2.34531 1.75375 1.42243 1.27478 4.32144 1.48606 2.16638 0.93167 0.836095 0.631128 0.568196 1.26067 0.4453
threshold=1.0000000180025095e-35 1.5000000000000002 3.5000000000000004 1.5000000000000002 1.0000000180025095e-35 1.0000000180025095e-35 1.5000000000000002 1.0000000180025095e-35 3.5000000000000004 2.5000000000000004 2.5000000000000004 3.5000000000000004 1.8750000000000002 4.5000000000000009 1.0000000180025095e-35 2.5000000000000004 2.5000000000000004 9.0000000000000018 1.5000000000000002 1.8750000000000002 1.5833333333333337 1.5833333333333337 2.5000000000000004 1.4166666666666667
decision_type=2 2 2 2 2 2 2 2 2 2 2 2 2 2 2 2 2 2 2 2 2 2 2 2
left_child=-1 2 3 4 5 23 -4 9 -9 -5 -10 12 18 21 16 19 17 -15 -11 -16 -20 -13 -23 -2
right_child=1 -3 6 7 -6 -7 -8 8 10 11 -12 13 -14 14 15 -17 -18 -19 20 -21 -22 22 -24 -25
leaf_value=-0.041573040851284521 0 -0.041973467399874911 -0.0026358287718942341 -0.054193436550968636 -0.067095265110934582 -0.051738313815822584 -0.038669353580859996 0.026846093573033136 -0.055809507813209952 0.023452476227231282 0.021390665033870909 0.043247493866439106 -0.045407081147745235 -0.032380745129987107 0.029108315713077162 -0.048862977691325658 0.026404966617303006 0.029799380963609682 -0.012207608829698954 0 0.011779394283514294 -0.0019853651929506071 0.040047302302920994 0.015201177991623472
leaf_weight=7.8139858730137339 10.83924736082554 1.9853744767606247 44.882256738841534 2.6937124654650679 1.2817730791866768 1.4300920516252524 1.7287821546196926 23.622559480369095 3.4520993754267684 2.3233529478311512 1.5659036636352537 3.9443712383508709 1.4812453165650357 1.9528210759162896 3.2776968702673912 2.2980151623487473 9.3790220841765404 1.6136984825134275 6.2058448791503906 2.896981805562973 2.1575244925916195 2.0005350112915044 1.9289001524448393 4.8756389543414125
leaf_count=140 79 21 268 17 9 8 26 209 19 21 18 40 9 17 42 13 103 22 34 17 18 14 23 44
internal_value=0.000132855 0.00252089 0.00321984 0.0070702 -0.0043044 0 -0.00414393 0.0100594 0.0165852 0.00564522 -0.0301244 0.00972598 -0.0045295 0.0159208 0.0100146 -0.00118166 0.0179603 -0.0020038 0.000387788 0.0152682 -0.00506305 0.030971 0.0166119 0.00513369
internal_weight=147.631 139.817 137.832 91.221 18.4268 17.145 46.611 72.7943 28.6406 44.1537 5.018 41.46 12.168 29.292 21.4182 8.47269 12.9455 3.56652 10.6867 6.17468 8.36337 7.87381 3.92944 15.7149
internal_count=1231 1091 1070 776 140 131 294 636 246 390 37 373 82 291 214 72 142 39 73 59 52 77 37 123
is_linear=0
shrinkage=0.04


Tree=62
num_leaves=25
num_cat=0
split_feature=16 3 0 2 23 1 19 27 18 21 27 26 26 22 27 23 21 26 15 21 26 15 26 1
split_gain=8.59448 2.39666 2.29773 2.02118 1.80605 1.44984 6.56979 3.13767 2.96991 2.58295 2.95082 4.93555 1.31462 4.79075 1.47902 3.09518 1.90341 1.28224 3.53568 1.27816 1.07455 1.04136 3.05623 0.97839
threshold=1.0000000180025095e-35 1.5000000000000002 3.5000000000000004 1.5000000000000002 1.3566258340248767 16.500000000000004 1.0000000180025095e-35 2.5000000000000004 1.0000000180025095e-35 1.8750000000000002 3.5000000000000004 7.0000000000000009 5.5000000000000009 2.5000000000000004 1.5000000000000002 0.45220861134162554 1.2916666666666667 2.5000000000000004 2.5000000000000004 1.4166666666666667 3.5000000000000004 1.5000000000000002 5.5000000000000009 6.5000000000000009
decision_type=2 2 2 2 2 2 2 2 2 2 2 2 2 2 2 2 2 2 2 2 2 2 2 2
left_child=-1 2 3 4 5 7 9 8 12 21 11 -11 13 14 15 23 -16 18 -4 -14 -18 22 -7 -2
right_child=1 -3 17 -5 -6 6 -8 -9 -10 10 -12 -13 19 -15 16 -17 20 -19 -20 -21 -22 -23 -24 -25
leaf_value=-0.041429472741989944 0.0065890060031302544 -0.041610934568796408 -0.054761674031153222 -0.039625239538472412 -0.039342624899487276 -0.036796177983634298 -0.075130736022865782 0.029114905369828314 -0.048430458455848757 0 0.0385702355056525 -0.072468246345591208 0 -0.046258933636939593 0.025700260749357832 0.02840560284938078 0 -0.0011947018607511826 0.0043632007155438692 0.02730606840689934 -0.024084191211573156 0.040787648769659381 0.022175556901762785 -0.025272540281619356
leaf_weight=7.5330883935093871 3.2465383559465417 1.9238112755119789 2.7771214358508578 1.4160380773246277 1.227086879312991 1.6634583920240453 1.7364384979009617 13.119067244231699 1.4676644764840592 4.4728928655385953 1.4675772935152052 2.1664390861988068 3.642279475927352 2.7090269215404978 3.7239250764250782 12.088417656719685 9.695519056171177 40.453722380101681 3.3510167449712753 9.5963203236460668 3.973944976925849 2.7613060772418967 7.3432574197649956 2.5710905194282532
leaf_count=140 18 21 19 23 12 15 9 145 9 34 18 9 27 16 36 91 67 257 18 103 21 36 70 17
internal_value=0.000121448 0.00243761 0.00311619 0.00687857 0.00771143 0.00846321 -0.000167024 0.0114178 0.00686176 0.00597991 -0.010782 -0.0228959 0.00860138 0.00454363 0.00866907 0.0167425 0 -0.00398844 -0.0211253 0.019647 -0.00654633 0.0182069 0.0103958 -0.00611702
internal_weight=146.127 138.594 136.67 90.0883 88.6723 87.4452 21.6114 65.8338 52.7147 19.8749 8.10691 6.63933 51.2471 38.0085 35.2994 17.906 17.3934 46.5819 6.12814 13.2386 13.6695 11.768 9.00672 5.81763
internal_count=1231 1091 1070 776 753 741 191 550 405 182 61 43 396 266 250 126 124 294 37 130 88 121 85 35
is_linear=0
shrinkage=0.04


Tree=63
num_leaves=25
num_cat=0
split_feature=18 23 1 2 4 19 14 12 1 27 15 18 22 15 1 10 27 21 15 15 21 15 23 21
split_gain=2.51371 2.04084 1.93632 1.91129 1.84908 1.6656 1.4876 2.85497 1.50726 2.3265 3.25548 2.82165 1.19882 0.973154 1.51414 0.946559 1.00848 0.945557 0.877255 0.918161 0.839961 1.1051 0.833488 0.644553
threshold=1.5000000000000002 1.1713894300707421 28.500000000000004 1.5000000000000002 1.5000000000000002 1.5000000000000002 3.5000000000000004 1.0000000180025095e-35 18.500000000000004 2.5000000000000004 1.5000000000000002 1.0000000180025095e-35 3.5000000000000004 1.5000000000000002 17.500000000000004 2.5000000000000004 1.5000000000000002 2.8750000000000004 1.0000000180025095e-35 1.5000000000000002 1.8750000000000002 1.5000000000000002 0.48570226039551589 1.4166666666666667
decision_type=2 2 2 2 2 2 2 2 2 2 2 2 2 2 2 2 2 2 2 2 2 2 2 2
left_child=1 2 3 4 5 6 7 -1 9 10 11 15 -8 -11 17 23 -17 -15 -3 -20 21 -10 -14 -9
right_child=-2 18 -4 -5 -6 -7 12 8 20 13 -12 -13 22 14 -16 16 -18 -19 19 -21 -22 -23 -24 -25
leaf_value=0.048021685569552747 -0.043663261080417855 -0.043472526865458903 -0.046724207868548542 -0.039820815944758718 -0.039346733414549882 -0.042672219289810139 -0.0053200323473546005 -0.019462912971940746 -0.0042626576963968538 0.027838094633097814 -0.054917268257825336 -0.045662151188530335 -0.0088550050678976016 -0.013877927248358679 0.043097202258060484 0.017832542924063142 0.0046698965591884852 0.029589400870846907 0.006166102677517128 -0.034488294135223495 -0.017814859859110143 0.031909869759622643 0.021551736940889982 0.0047611245045096982
leaf_weight=2.6706082522869101 2.0628127194941035 2.1859509423375121 1.2868197746574868 1.6735428236424912 1.6051965467631806 1.2093776315450657 34.566698808223009 3.2552919946610919 8.1267419941723311 11.503792412579061 1.448867768049239 1.6290422864258278 1.5844564884901036 3.7300023734569541 1.3989888504147527 15.512569740414618 29.539710853248835 0.96397514641284932 2.0962404832243919 1.3151970133185389 5.6872494034469119 1.5985436365008361 5.043160255998373 2.9989352487027645
leaf_count=32 23 24 13 29 22 17 218 23 72 133 12 17 12 38 12 121 245 12 18 13 42 21 38 24
internal_value=0.000109427 0.000798582 0.00181973 0.00233884 0.00292476 0.00349738 0.00398372 0.00688548 0.00553688 0.00801374 0.00374268 0.00549935 -0.00216626 0.0207592 0.00608099 0.00727972 0.00937968 -0.00324698 -0.0227717 -0.00716216 -0.00551173 0.000860417 0.0130754 -0.00656822
internal_weight=144.694 142.631 137.034 135.747 134.073 132.468 131.259 90.0643 87.3937 71.9812 54.3844 52.9356 41.1943 17.5968 6.09297 51.3065 45.0523 4.69398 5.59739 3.41144 15.4125 9.72529 6.62762 6.25423
internal_count=1231 1208 1153 1140 1111 1089 1072 804 772 637 442 430 268 195 62 413 366 50 55 31 135 93 50 47
is_linear=0
shrinkage=0.04


Tree=64
num_leaves=25
num_cat=0
split_feature=16 24 24 0 25 18 24 1 21 1 25 27 25 10 24 1 1 23 22 1 23 1 21 24
split_gain=8.03449 2.54371 2.22119 2.18074 1.79229 1.97668 1.86929 4.94287 2.15486 1.63804 6.22764 2.72481 5.93733 1.42454 1.31619 6.80434 1.28618 2.81098 1.05297 1.02183 4.62916 0.877506 0.806219 0.774225
threshold=1.0000000180025095e-35 1.5000000000000002 8.5000000000000018 3.5000000000000004 1.5000000000000002 1.0000000180025095e-35 2.5000000000000004 9.5000000000000018 1.8750000000000002 18.500000000000004 6.5000000000000009 2.5000000000000004 4.5000000000000009 3.5000000000000004 3.5000000000000004 12.500000000000002 19.500000000000004 0.76180168105713697 2.5000000000000004 13.500000000000002 0.60355339059327384 12.500000000000002 1.7083333333333337 6.5000000000000009
decision_type=2 2 2 2 2 2 2 2 2 2 2 2 2 2 2 2 2 2 2 2 2 2 2 2
left_child=-1 -2 3 4 5 6 8 -8 -3 11 -11 12 -6 -5 15 22 17 -12 -13 20 -16 -20 -15 -23
right_child=1 2 -4 13 9 -7 7 -9 -10 10 16 18 -14 14 19 -17 -18 -19 21 -21 -22 23 -24 -25
leaf_value=-0.041230727381975259 -0.051253455360055149 0.027838762575581388 -0.043259169534394556 -0.039912129856922926 0.011345831131881381 -0.049233930993825718 -0.064314270829534975 0.0031756157850467517 -0.027871048673689697 -0.080259592843813135 -0.070371651261252763 0.042418726553065333 -0.055831139765546552 0.030441959295982996 -0.041620013435900251 -0.080872566174320412 0.0195945705620326 0.0059148243137220526 0.0058932132983742841 0.0037506101302551159 0.022878503092873613 0.043206191534805871 -0.0053154626080342895 0
leaf_weight=7.1344121247529975 1.3883017450571049 5.5366429761052194 1.6207557208836068 1.6686342991888512 39.659322079271078 1.4026920422911633 2.1766685619950277 7.6920646205544472 1.2556276842951772 1.4660419076681126 0.92829901725053598 5.81274090707302 2.1925428360700598 1.8270223960280412 4.055605821311473 1.9392672777175901 6.2690114080905914 3.942368321120739 5.4522482082247716 32.02338046208024 3.011565588414669 2.9017917513847356 1.5929681509733198 0.82707051187753666
leaf_count=140 7 45 20 22 321 9 17 65 9 6 6 77 12 15 19 9 66 40 55 201 18 35 9 8
internal_value=9.22525e-05 0.00230836 0.00291729 0.0035372 0.00727597 -0.00362529 0 -0.0108995 0.0163624 0.0102265 -0.00228728 0.0131422 0.0076354 -0.00338408 -0.00183285 -0.020466 0.00725614 -0.00698211 0.0279795 0.00051708 -0.013003 0.0179664 0.0114476 0.033474
internal_weight=143.777 136.643 135.254 133.634 87.5151 18.0637 16.661 9.86873 6.79227 69.4514 12.6057 56.8457 41.8519 46.1184 44.4498 5.35926 11.1397 4.87067 14.9939 39.0906 7.06717 9.18111 3.41999 3.72886
internal_count=1231 1091 1084 1064 771 145 136 82 54 626 118 508 333 293 271 33 112 46 175 238 37 98 24 43
is_linear=0
shrinkage=0.04


Tree=65
num_leaves=25
num_cat=0
split_feature=16 25 24 25 0 24 1 17 24 25 16 27 25 23 1 25 0 24 15 15 1 23 17 23
split_gain=7.37617 2.97504 2.95212 1.95706 1.532 1.48501 6.34723 3.14691 1.35081 9.1213 4.15377 1.32286 5.53245 2.6812 2.22056 2.11011 1.99041 1.94791 6.7674 2.35549 1.69833 1.86891 3.26789 2.24693
threshold=1.0000000180025095e-35 1.5000000000000002 5.5000000000000009 10.500000000000002 2.5000000000000004 4.5000000000000009 4.5000000000000009 1.0000000180025095e-35 2.5000000000000004 2.5000000000000004 1.5000000000000002 2.5000000000000004 4.5000000000000009 0.45220861134162554 18.500000000000004 6.5000000000000009 3.5000000000000004 6.5000000000000009 1.5000000000000002 1.5000000000000002 9.5000000000000018 0.76180168105713697 1.0000000180025095e-35 0.45220861134162554
decision_type=2 2 2 2 2 2 2 2 2 2 2 2 2 2 2 2 2 2 2 2 2 2 2 2
left_child=-1 2 4 8 -2 6 7 -6 9 -3 11 12 20 14 16 -16 -13 19 -19 -15 -10 22 23 -22
right_child=1 3 -4 -5 5 -7 -8 -9 10 -11 -12 13 -14 17 15 -17 -18 18 -20 -21 21 -23 -24 -25
leaf_value=-0.041070203352188049 0.010275527378460545 0.0085643860514814964 -0.046601514420687898 -0.042831982465552032 -0.049752893384729636 0.0031661381992250815 -0.068834137998662975 0.020399395832080194 0.018684655117318212 -0.075470957826297397 -0.041182910018283954 0.034140230845577491 -0.059564931056150731 0.029979401714105135 -0.038603767168890246 0.0086142542623179174 -0.00088184549427260453 -0.052971289718055703 0.017793170463981958 0.0080741385868354724 0.026325659189199303 0.018179110386668279 -0.057648969186933033 -0.012329538183057393
leaf_weight=6.9327815137803546 6.1947743445634886 10.369218297302721 3.4045273885130873 1.3877356760203827 1.3561803959310035 4.7293752804398546 3.1333840675652027 4.0558566451072693 10.159746184945112 2.5537026524543753 2.8400939106941214 3.3340058475732812 2.2557410448789588 19.806898638606071 4.0999041125178328 2.0213008224964142 9.9494490846991539 2.758893057703971 9.8631002157926542 15.021428592503069 3.3211716264486322 5.4385108426213256 1.9378864094614972 8.5654595047235489
leaf_count=143 40 80 36 12 10 36 22 37 73 14 40 41 13 187 24 17 56 20 81 105 32 65 10 52
internal_value=-0.000772804 0.00118574 -0.0119108 0.00384446 -0.00543372 -0.0133672 -0.0234536 0.00134203 0.00448117 -0.00742281 0.00607759 0.007521 0.000519036 0.0107191 -0.00143316 -0.0217048 0.00730607 0.0158574 0.00169179 0.0207614 0.00539736 -0.00119535 -0.00939586 -0.000856099
internal_weight=145.491 138.558 22.8741 115.684 19.4696 13.2748 8.54542 5.41204 114.297 12.9229 101.374 98.5335 31.6785 66.855 19.4047 6.1212 13.2835 47.4503 12.622 34.8283 29.4228 19.263 13.8245 11.8866
internal_count=1246 1103 181 922 145 105 69 47 910 94 816 776 245 531 138 41 97 393 101 292 232 159 94 84
is_linear=0
shrinkage=0.04


Tree=66
num_leaves=25
num_cat=0
split_feature=16 25 26 24 21 21 25 17 17 26 27 25 16 18 24 26 21 27 1 21 26 25 24 18
split_gain=7.06091 2.76985 3.05428 7.91054 2.10665 2.02596 1.90606 1.65874 1.60416 5.66791 1.53512 5.51497 2.50758 2.23852 7.77654 3.86949 4.1048 3.90393 3.52261 3.27073 3.28547 2.79263 1.88462 1.81478
threshold=1.0000000180025095e-35 1.5000000000000002 5.5000000000000009 2.5000000000000004 1.5833333333333337 3.5833333333333335 10.500000000000002 1.0000000180025095e-35 1.0000000180025095e-35 1.5000000000000002 2.5000000000000004 4.5000000000000009 1.5000000000000002 1.0000000180025095e-35 3.5000000000000004 2.5000000000000004 1.7083333333333337 3.5000000000000004 17.500000000000004 1.4166666666666667 5.5000000000000009 6.5000000000000009 4.5000000000000009 1.0000000180025095e-35
decision_type=2 2 2 2 2 2 2 2 2 2 2 2 2 2 2 2 2 2 2 2 2 2 2 2
left_child=-1 2 3 4 8 6 10 -6 -2 -10 11 23 13 14 -12 -15 -17 18 22 -16 -21 -20 -18 -3
right_child=1 5 -4 -5 7 -7 -8 -9 9 -11 12 -13 -14 15 19 16 17 -19 21 20 -22 -23 -24 -25
leaf_value=-0.040937708809253542 0.052747738261118143 0.0043255014789910966 0.0061529515929819598 -0.059946392647802986 -0.049244385918433456 -0.048102066700343865 -0.042323896511594725 0.0032635478244350054 0.04105766662883624 -0.067813642956673734 -0.064937870883522472 -0.056861647563412804 -0.038701115416134371 -0.054957955520766502 -0.029244188519218152 0.024622438685401545 -0.022210121407911024 0.015176632850310068 -0.079219880075791962 0.027718745679520027 -0.015340777290048195 -0.013142226866964859 0.028780644737981937 -0.045131534278723698
leaf_weight=6.6820682287216178 1.515169113874437 40.321880675852299 8.7904347293078882 5.629662685096263 1.7991357892751694 1.1693901866674412 1.3490046672523011 1.5177728608250618 2.175738319754601 1.1746337711811063 1.736900858581065 2.6419158875942221 1.6697248369455326 1.800015583634379 1.8366414979100216 10.932578783482315 2.5646946281194705 7.0007692575454703 2.4034138172864914 30.695040501654148 2.8750507086515418 2.3814804404973984 2.1130085587501526 1.2037100195884693
leaf_count=143 8 324 79 41 12 8 12 13 23 5 9 16 25 10 20 108 14 50 13 247 24 16 18 8
internal_value=-0.000751517 0.00114601 -0.0115668 -0.0234233 0.000727444 0.00372103 0.00432531 -0.0228056 0.0184145 0.000499808 0.00495761 -0.000682325 0.008738 0.0100526 0.0165902 0.00146134 0.00546031 -0.00677847 -0.0238671 0.0208156 0.0237927 -0.0480044 0 0.00269923
internal_weight=143.98 137.298 22.6025 13.8121 8.18245 114.695 113.526 3.31691 4.86554 3.35037 112.177 44.1675 68.0093 66.3396 37.1436 29.196 27.3959 16.4634 9.4626 35.4067 33.5701 4.78489 4.6777 41.5256
internal_count=1246 1103 181 102 61 922 914 25 36 28 902 348 554 529 300 229 219 111 61 291 271 29 32 332
is_linear=0
shrinkage=0.04


Tree=67
num_leaves=25
num_cat=0
split_feature=16 24 24 3 21 25 15 18 16 25 26 24 1 1 21 21 1 18 18 26 26 13 24 26
split_gain=6.75518 2.5734 2.54881 1.76274 1.79048 1.74209 1.13815 3.07478 2.00737 1.98071 4.79646 2.47518 2.49802 2.08655 1.90477 2.1173 2.96052 3.3726 2.57424 4.08565 2.59983 3.06509 2.25169 1.89233
threshold=1.0000000180025095e-35 8.5000000000000018 1.5000000000000002 1.5000000000000002 3.5833333333333335 10.500000000000002 1.0000000180025095e-35 1.0000000180025095e-35 1.5000000000000002 2.5000000000000004 7.0000000000000009 5.5000000000000009 8.5000000000000018 11.500000000000002 1.1250000000000002 1.4166666666666667 4.5000000000000009 1.0000000180025095e-35 1.0000000180025095e-35 2.5000000000000004 7.0000000000000009 1.0000000180025095e-35 4.5000000000000009 5.5000000000000009
decision_type=2 2 2 2 2 2 2 2 2 2 2 2 2 2 2 2 2 2 2 2 2 2 2 2
left_child=-1 2 -2 4 5 6 7 9 14 11 -11 12 -4 -14 -8 16 -16 23 20 -20 21 -17 -22 -18
right_child=1 -3 3 -5 -6 -7 8 -9 -10 10 -12 -13 13 -15 15 18 17 -19 19 -21 22 -23 -24 -25
leaf_value=-0.040807376384885602 -0.051367870094133405 -0.043821135710819831 -0.00062248154362681244 -0.039292699403231504 -0.045344887149766026 -0.041827154123760348 0.028905603433236084 -0.046277722936153641 -0.038149823229733155 -0.056507292931474204 0.016269705203885758 -0.043284047532714857 0.041178169756950378 -0.0065257564687026572 0.040534094255842507 -0.044779903247204898 -0.026422335642548582 0.02340794270052643 -0.054339176890898122 0.0031857274494734946 0.0058908980926282222 0.018477579329104123 -0.062451009509614998 0.0011607730753161202
leaf_weight=6.4401534944772711 1.4127177000045765 1.9970817789435376 9.5300974100828295 1.5724932067096222 1.1904283240437497 1.3111913949251164 5.9948809072375289 2.4150383435189715 1.5704255029559124 2.8539317175745955 2.6995280236005783 1.3521681874990452 5.7340049669146529 1.6062178537249563 2.0069306194782284 1.1906969845294941 12.004998281598096 3.7858680039644232 2.1560655608773258 22.470806799829006 1.5296154245734208 43.287690363824368 1.2594623416662214 5.1477482318878165
leaf_count=143 7 25 59 20 8 12 68 19 25 20 32 14 51 12 22 8 70 41 12 166 15 355 6 36
internal_value=-0.000743762 0.00109351 0.00182215 0.00244883 0.00301054 0.00351523 0.00403976 -0.00320475 0.00597073 0.00083391 -0.01969 0.00752775 0.0120746 0.0296495 0.00673721 0.00525158 -0.0051102 -0.00986719 0.00866988 -0.00152569 0.0141511 0.0166043 -0.0221019 -0.0176779
internal_weight=142.52 136.08 134.083 132.67 131.098 129.907 128.596 26.191 102.405 23.7759 5.55346 18.2225 16.8703 7.34022 100.835 94.8399 22.9455 20.9386 71.8943 24.6269 47.2675 44.4784 2.78908 17.1527
internal_count=1246 1103 1078 1071 1051 1043 1031 207 824 188 52 136 122 63 799 731 169 147 562 178 384 363 21 106
is_linear=0
shrinkage=0.04


Tree=68
num_leaves=25
num_cat=0
split_feature=16 25 26 24 21 22 21 25 17 17 26 27 25 24 16 0 26 21 24 21 17 25 25 26
split_gain=6.46313 2.46704 2.83442 7.3459 1.91787 1.69278 1.67821 1.70632 1.55039 1.52332 5.14378 1.33924 5.15408 4.03669 2.38887 1.36776 3.8298 2.13597 1.25966 2.22714 1.24821 5.03507 3.54833 2.21909
threshold=1.0000000180025095e-35 1.5000000000000002 5.5000000000000009 2.5000000000000004 1.5833333333333337 2.5000000000000004 3.5833333333333335 10.500000000000002 1.0000000180025095e-35 1.0000000180025095e-35 1.5000000000000002 2.5000000000000004 4.5000000000000009 2.5000000000000004 1.5000000000000002 3.5000000000000004 5.5000000000000009 1.8750000000000002 6.5000000000000009 2.2916666666666674 1.0000000180025095e-35 2.5000000000000004 3.5000000000000004 3.5000000000000004
decision_type=2 2 2 2 2 2 2 2 2 2 2 2 2 2 2 2 2 2 2 2 2 2 2 2
left_child=-1 2 3 4 9 -4 7 11 -6 -2 -11 12 20 -13 15 16 18 -18 -15 -20 21 -3 -22 -23
right_child=1 6 5 -5 8 -7 -8 -9 -10 10 -12 13 -14 14 -16 -17 17 -19 19 -21 22 23 -24 -25
leaf_value=-0.040678966734777486 0.051381033249872962 -0.054978492908255808 0.017614574397497914 -0.058851640576817535 -0.048327558608684255 -0.021192637404737254 -0.042804243664329271 -0.041340707629730869 0.0029811833232043757 0.040444621678493185 -0.065152127906160845 -0.064309840948352667 -0.055904884393743491 0.036598991449546071 -0.038106846015856934 0.0060162837014403892 0.024162226658948779 -0.021315396767814094 0.023211912888706627 -0.043470622076187515 0.013849855087765719 0.015320896400817583 -0.054534433719240938 -0.013924124374248092
leaf_weight=6.2067715413868418 1.4978553168475643 2.7282768636941936 6.2593582421541196 5.3996388986706734 1.7224206924438477 2.3911206014454365 1.2102230936288823 1.2743031978607167 1.4978462308645248 2.039818830788136 1.152794301509857 1.1773912757635105 2.5542685016989699 11.707446508109575 1.5617661699652661 39.454929783940315 2.4166685268282881 4.8173430114984512 4.7402406260371199 0.90345358848571766 20.067213222384456 10.320558268576862 1.254920259118079 6.763107005506753
leaf_count=143 8 17 56 41 12 23 8 12 13 23 5 6 16 151 25 241 32 32 61 6 180 85 7 43
internal_value=-0.000735903 0.00104241 -0.0111388 -0.0228542 0.000705247 0.00596288 0.00348158 0.00405447 -0.021978 0.0179841 0 0.00465055 -0.000626051 0.0082224 0.00964613 0.0109356 0.0185049 -0.00501679 0.0287726 0.0111197 0.00261207 -0.00434317 0.00944988 0.00327505
internal_weight=141.12 134.913 21.9609 13.3104 7.91074 8.65048 112.952 111.742 3.22027 4.69047 3.19261 110.468 43.6883 66.7792 65.6018 64.0401 24.5852 7.23401 17.3511 5.64369 41.1341 19.8119 21.3221 17.0837
internal_count=1246 1103 181 102 61 79 922 914 25 36 28 902 348 554 548 523 282 64 218 67 332 145 187 128
is_linear=0
shrinkage=0.04


Tree=69
num_leaves=25
num_cat=0
split_feature=16 24 24 21 3 18 26 17 15 21 22 1 1 21 15 1 21 1 24 19 24 26 24 26
split_gain=6.18538 2.37103 2.32243 1.81492 1.67879 1.06717 4.61389 3.58621 2.28037 1.95807 2.64678 2.08117 3.08875 1.72346 2.64876 1.65306 2.10131 2.39791 4.90381 1.50203 6.40847 1.66863 1.55007 4.99321
threshold=1.0000000180025095e-35 8.5000000000000018 1.5000000000000002 3.7083333333333335 1.5000000000000002 1.0000000180025095e-35 2.5000000000000004 1.0000000180025095e-35 1.0000000180025095e-35 1.7083333333333337 3.5000000000000004 17.500000000000004 19.500000000000004 1.4166666666666667 1.5000000000000002 4.5000000000000009 1.1250000000000002 8.5000000000000018 2.5000000000000004 1.0000000180025095e-35 5.5000000000000009 3.5000000000000004 5.5000000000000009 3.5000000000000004
decision_type=2 2 2 2 2 2 2 2 2 2 2 2 2 2 2 2 2 2 2 2 2 2 2 2
left_child=-1 2 -2 4 5 13 -7 8 -8 -10 11 -11 -13 14 15 -4 17 18 -17 22 21 -21 -15 -24
right_child=1 -3 3 -5 -6 6 7 -9 9 10 -12 12 -14 19 -16 16 -18 -19 -20 20 -22 -23 23 -25
leaf_value=-0.04055224877017178 -0.049832246053564122 -0.043131036037305275 0.035942656032914438 -0.047733537885822061 -0.03880113672138872 -0.051989318491771817 -0.044369182967467724 -0.053483821403381988 0.021424954843132227 0.011102986520709394 0.028334680517522814 -0.068496661685638102 -0.006426319971153541 0.01634691889735778 -0.045548747816755678 0.025741135818586596 -0.0087591813882017099 0.026207962283760267 -0.055598149484462456 -0.0065637535848657039 0.030361537646778066 -0.052845526692999772 0.013382183405011331 -0.055419431158595191
leaf_weight=5.9816610030829898 1.3712576031684864 1.9067281559109677 2.0764758214354506 1.1322656422853459 1.5034421123564232 2.8003042973578003 1.3395683467388213 1.7452403604984272 10.811363302171232 3.8886386118829233 3.6483275592327109 1.895257696509361 5.0983622521162033 38.753730040043592 2.0390461273491374 2.5802999436855298 20.566929191350937 7.6320958361029625 2.1129121594130993 2.8694396056234819 4.76945735886693 3.0506126582622528 7.8542277514934522 2.1443125084042549
leaf_count=143 7 25 24 7 20 19 10 9 110 33 30 10 29 338 17 14 136 80 16 21 39 19 73 17
internal_value=-0.000724893 0.000998539 0.00169827 0.00230191 0.0028024 0.00335496 -0.00290656 0.00164713 0.00555308 0.00850764 -0.000552822 -0.0109726 -0.0243912 0.00546517 -0.00111933 0.0012426 -0.000704784 0.0120863 -0.00917371 0.00969918 -0.00329645 -0.0317642 0.0127127 -0.00057307
internal_weight=139.572 133.59 131.684 130.312 129.18 127.677 31.2271 28.4268 26.6815 25.3419 14.5306 10.8823 6.99362 96.4495 37.0078 34.9687 32.8922 12.3253 4.69321 59.4418 10.6895 5.92005 48.7523 9.99854
internal_count=1246 1103 1078 1071 1064 1044 250 231 222 212 102 72 39 794 287 270 246 110 30 507 79 40 428 90
is_linear=0
shrinkage=0.04


Tree=70
num_leaves=25
num_cat=0
split_feature=16 24 1 0 27 25 24 17 25 25 1 21 25 22 26 1 1 26 25 10 16 21 22 18
split_gain=5.63943 2.58095 2.47515 2.21927 2.34115 4.77724 4.79525 3.55455 6.60681 4.31431 2.97032 1.84498 1.74599 1.4264 2.62994 1.72974 1.26489 2.06008 1.26458 1.22765 1.22187 1.18474 1.15774 3.74006
threshold=1.0000000180025095e-35 1.5000000000000002 28.500000000000004 3.5000000000000004 2.5000000000000004 4.5000000000000009 5.5000000000000009 1.0000000180025095e-35 2.5000000000000004 3.5000000000000004 18.500000000000004 1.2916666666666667 2.5000000000000004 1.5000000000000002 3.5000000000000004 11.500000000000002 19.500000000000004 7.0000000000000009 6.5000000000000009 2.5000000000000004 1.5000000000000002 1.8750000000000002 2.5000000000000004 1.0000000180025095e-35
decision_type=2 2 2 2 2 2 2 2 2 2 2 2 2 2 2 2 2 2 2 2 2 2 2 2
left_child=-1 -2 3 4 5 6 7 8 19 11 22 -9 -5 -10 15 -15 17 21 -18 -3 -14 -12 -6 -24
right_child=1 2 -4 12 10 -7 -8 9 13 -11 16 -13 20 14 -16 -17 18 -19 -20 -21 -22 -23 23 -25
leaf_value=-0.040414723100590293 -0.049060491354073109 -0.013629001481559152 -0.050836866642116937 -0.046897026027654977 0.041366847439818583 -0.05564996613347778 -0.053060993729153544 -0.0023065317073009185 0.034792471169307719 -0.05295856625913966 -0.020235684526506162 0.025147056112381466 -0.0019687706831213519 0.00075808057060995193 -0.022130352154702226 0.043595215000084037 -0.0022714421985615889 -0.059511700997288537 0.023968346245857523 -0.055483591202704421 -0.037856595604628937 0.021450784612897764 0.027314235682790389 -0.044520068359370973
leaf_weight=5.6054578088223925 1.6513637155294407 2.4261395372450378 1.4349376708269108 1.5818121768534172 6.1430038213729885 2.3144931346178046 2.2854066081345072 4.211453113704926 2.7151519805192921 1.3115379475057114 2.2742794305086163 20.257014594972134 41.799238067120314 4.6446542851626873 4.3474164493381977 2.5652519166469574 5.2949851602315885 1.1950814276933668 5.4688505455851555 3.8326119966804981 1.6206589117646206 2.0956796929240227 8.0311118364334071 1.2839966565370566
leaf_count=137 9 19 11 15 90 14 24 29 30 8 23 198 256 32 24 21 40 5 63 25 28 23 99 6
internal_value=-0.00110778 0.000515735 0.00121166 0.00185917 0.0057951 0.000315523 0.00314559 0.00609207 -0.00604456 0.016068 0.0143197 0.0200949 -0.00519598 0.00852065 0.00165643 0.0171089 0.00189009 -0.0129719 0.0103171 -0.0405373 -0.00349254 0 0.0269319 0.0165538
internal_weight=136.392 130.786 129.135 127.7 82.6981 50.9111 48.5966 46.3112 20.5312 25.78 31.787 24.4685 45.0017 14.2725 11.5573 7.20991 16.3289 5.56504 10.7638 6.25875 43.4199 4.36996 15.4581 9.31511
internal_count=1229 1092 1083 1072 773 424 410 386 151 235 349 227 299 107 77 53 154 51 103 44 284 46 195 105
is_linear=0
shrinkage=0.04


Tree=71
num_leaves=25
num_cat=0
split_feature=24 21 1 18 1 25 26 22 20 15 26 25 25 26 15 23 23 26 26 1 23 15 25 23
split_gain=3.17058 3.11745 2.39366 1.77909 1.26755 2.46972 6.00055 1.78106 1.35318 1.72501 4.12756 4.40596 3.62961 2.36502 4.29955 2.41939 1.89685 1.64062 1.33147 4.45798 1.20783 1.08852 6.68822 1.76346
threshold=1.5000000000000002 3.7083333333333335 28.500000000000004 1.5000000000000002 4.5000000000000009 1.5000000000000002 5.5000000000000009 2.5000000000000004 3.5000000000000004 1.5000000000000002 4.5000000000000009 3.5000000000000004 3.5000000000000004 2.5000000000000004 2.5000000000000004 0.8228263892582881 0.60355339059327384 5.5000000000000009 7.0000000000000009 18.500000000000004 0.76180168105713697 1.0000000180025095e-35 2.5000000000000004 0.76180168105713697
decision_type=2 2 2 2 2 2 2 2 2 2 2 2 2 2 2 2 2 2 2 2 2 2 2 2
left_child=-1 2 3 4 -2 6 -6 -8 18 10 11 16 -11 14 -14 -15 -10 -17 21 20 -20 22 23 -7
right_child=1 -3 -4 -5 5 8 7 -9 9 12 -12 -13 13 15 -16 17 -18 -19 19 -21 -22 -23 -24 -25
leaf_value=-0.0458863460578674 0.024320596956737221 -0.06719402002467352 -0.049338259576523588 -0.042338329419337378 -0.043923125239851181 0.020274261148934405 0.017885011758968162 -0.023892407198339797 -0.025710496215055278 -0.057071325828560476 0.0099038901274980679 -0.060965759200294317 -0.055309086903887236 0.020216481565464121 0.018639785340025486 0.0049899983074634712 0.022114976811653517 -0.045736678567779104 -0.02641831067009728 -0.063338412842163544 0.020571145033788034 0.011373490301567509 -0.056398569722836134 -0.025597277365830919
leaf_weight=2.483695972710847 3.8088370971381655 1.1030782088637341 1.5298113077878941 1.4887343943119038 6.3842557817697516 8.8964193090796453 6.4273501895368081 2.0712199360132217 3.1020020358264464 1.4652970992028738 6.8875653818249694 4.1891520135104656 2.4420359805226353 16.761348430067304 2.3803389556705952 2.2171216756105419 2.2130814418196678 1.5900160446763036 1.0214495062828053 1.8452398963272569 3.7880938202142715 46.537939414381981 2.8107437193393698 1.4384469836950291
leaf_count=35 44 11 15 17 51 68 62 24 17 8 47 35 16 123 11 16 15 16 10 9 47 489 25 18
internal_value=-0.0010946 -0.00019392 0.000308045 0.000954972 0.00151978 0.000757785 -0.0144428 0.00676194 0.00289517 -0.00247689 -0.0128109 -0.0301136 0.00353262 0.00734513 -0.0171488 0.0134768 -0.00429189 -0.0140942 0.00651796 -0.00990778 0.00892818 0.00848349 -0.00113908 0.0131156
internal_weight=134.883 132.4 131.297 129.767 128.278 124.469 14.8828 8.49857 109.586 43.248 16.3918 9.50424 26.8562 25.3909 4.82237 20.5685 5.31508 3.80714 66.3383 6.65478 4.80954 59.6835 13.1456 10.3349
internal_count=1229 1194 1183 1168 1151 1107 137 86 970 304 114 67 190 182 27 155 32 32 666 66 57 600 111 86
is_linear=0
shrinkage=0.04


Tree=72
num_leaves=25
num_cat=0
split_feature=16 24 0 15 18 25 26 21 27 25 17 24 26 23 24 24 24 19 24 24 23 25 0 25
split_gain=5.2845 2.31245 2.05209 1.86236 2.25904 1.61851 1.61706 2.3347 2.05746 3.64273 1.56058 7.703 3.64787 2.14469 1.50245 1.90923 2.41179 1.63277 1.43804 1.42019 2.04695 3.2518 1.35237 3.94934
threshold=1.0000000180025095e-35 1.5000000000000002 3.5000000000000004 1.0000000180025095e-35 1.0000000180025095e-35 2.5000000000000004 7.0000000000000009 1.2916666666666667 2.5000000000000004 4.5000000000000009 1.0000000180025095e-35 4.5000000000000009 4.5000000000000009 0.45220861134162554 5.5000000000000009 3.5000000000000004 2.5000000000000004 1.0000000180025095e-35 4.5000000000000009 6.5000000000000009 0.48570226039551589 9.0000000000000018 2.5000000000000004 1.5000000000000002
decision_type=2 2 2 2 2 2 2 2 2 2 2 2 2 2 2 2 2 2 2 2 2 2 2 2
left_child=-1 -2 3 4 14 -4 8 -8 9 10 12 -12 13 -5 15 16 17 -3 -15 -10 21 -21 -17 -24
right_child=1 2 5 6 -6 -7 7 -9 19 -11 11 -13 -14 18 -16 22 -18 -19 -20 20 -22 -23 23 -25
leaf_value=-0.040233331770624395 -0.047592378757184133 0.0076078798865722068 -0.04573462602345274 0.041003333033299776 -0.044207756319188302 -0.0039583423596716892 0.037686265240026023 -0.018581649912154344 0.027815699169136291 -0.056144259506901786 0.034620191177270526 -0.066095725113321818 -0.05377541108068222 -0.0086940023405811095 -0.04092243030172707 0.043362262193727685 -0.051880439883069666 -0.040589110401825626 0.023460657663562576 -0.045860928542611409 0.024942157076296129 0.035533279623927737 -0.061694050164731687 0.017934643915175345
leaf_weight=5.300170747563242 1.5736180692911137 6.68392205238343 1.5902750976383675 2.4190159440040597 2.0651534162461749 43.642682231962681 1.3883435353636731 6.3582762032747269 15.137278378009798 1.4973092451691616 8.6407352611422521 1.3703722059726722 1.7985624223947532 8.6268398910760862 1.3694086894392956 2.1663421168923351 1.7875093184411532 1.3508916944265363 2.9956355839967737 2.2569367922842494 4.0457549691200256 1.1056186556816103 1.1357775405049322 7.1490984559059143
leaf_count=137 9 44 17 28 19 290 19 40 193 9 98 6 9 51 18 22 15 13 25 20 49 19 10 69
internal_value=-0.00107466 0.000482412 0.00114326 0.0049933 -0.00421669 -0.00560395 0.00892025 -0.00746465 0.0116245 0.00388504 0.00767143 0.0200346 0 0.0067276 -3.1142e-05 0.00233632 -0.00984673 0 0 0.0206579 0.00495267 -0.0167191 0.0145517 0.00605269
internal_weight=133.456 128.155 126.582 81.3488 23.7081 45.233 57.6407 7.74662 49.8941 27.3485 25.8512 10.0111 15.8401 14.0415 21.6429 20.2735 9.82232 8.03481 11.6225 22.5456 7.40831 3.36256 10.4512 8.28488
internal_count=1229 1092 1083 776 210 307 566 59 507 226 217 104 113 104 191 173 72 57 76 281 88 39 101 79
is_linear=0
shrinkage=0.04


Tree=73
num_leaves=25
num_cat=0
split_feature=16 24 1 21 18 16 1 1 1 24 26 18 25 26 17 25 26 21 26 21 24 21 0 27
split_gain=5.06079 2.18621 2.17569 1.83552 1.44831 1.45494 3.23517 1.37419 3.79447 2.69259 7.47069 1.23314 3.95526 3.83801 3.77383 3.0334 10.6011 2.41289 1.23532 1.93329 1.21959 0.824729 0.813293 2.10609
threshold=1.0000000180025095e-35 1.5000000000000002 28.500000000000004 3.5833333333333335 1.5000000000000002 1.5000000000000002 7.5000000000000009 4.5000000000000009 7.5000000000000009 2.5000000000000004 5.5000000000000009 1.0000000180025095e-35 3.5000000000000004 2.5000000000000004 1.0000000180025095e-35 4.5000000000000009 3.5000000000000004 2.4166666666666674 4.5000000000000009 3.4166666666666674 2.5000000000000004 1.5833333333333337 3.5000000000000004 2.5000000000000004
decision_type=2 2 2 2 2 2 2 2 2 2 2 2 2 2 2 2 2 2 2 2 2 2 2 2
left_child=-1 -2 3 4 5 7 -7 -3 20 10 -10 22 -13 -14 15 18 -17 21 -15 -20 -9 -18 23 -11
right_child=1 2 -4 -5 -6 6 -8 8 9 11 -12 12 13 14 -16 16 17 -19 19 -21 -22 -23 -24 -25
leaf_value=-0.04010801170034279 -0.04688673699183072 0.02955262190801888 -0.04913694485202566 -0.048192615744786053 -0.041829975873312157 0.0055546454563672387 -0.041134321291856603 -0.0067076383528182782 -0.078244798918844546 0.0047728972592948008 0.011042684469716482 -0.051659938923399498 -0.052971288415479489 0.039113674094216275 -0.051855099655162523 -0.10879545534013199 0.042762953472566097 -0.019352650657534397 -0.021095743612529413 0.039508571663012859 -0.060250652143109013 0.012577936705568263 0.0021914214226039538 0.022081635252980694
leaf_weight=5.1079403832554808 1.5342082530260075 3.3597582727670661 1.3539176285266865 1.1541400030255307 1.1595349609851826 5.7824175953865034 3.7727559711784124 1.6688727661967271 2.3031539767980567 29.017970379441977 3.9653924331068993 2.2452234923839596 1.7519121393561388 6.6811802759766632 1.5273758769035328 1.2985210865735997 2.5974377393722516 2.7680138796567908 1.6786804050207138 1.5719361305236816 1.872420150786638 6.2291974388062954 21.505875207483768 20.131285276263952
leaf_count=137 9 40 11 9 10 42 67 11 13 243 37 15 10 67 8 7 29 14 12 17 10 52 124 235
internal_value=-0.00105194 0.000456723 0.00109976 0.00171258 0.00224638 0.00273195 -0.0120427 0.0040618 0.00320122 0.00463886 -0.0204866 0.0063105 -0.000472353 0.00362382 0.00802379 0.0123812 0 0.0117171 0.0289995 0.00575028 -0.037277 0.0223669 0.00914527 0.0120252
internal_weight=132.039 126.931 125.397 124.043 122.889 121.729 9.55517 112.174 108.814 105.273 6.26855 99.0046 28.3495 26.1043 24.3523 22.825 12.8932 11.5946 9.9318 3.25062 3.54129 8.82664 70.6551 49.1493
internal_count=1229 1092 1083 1072 1063 1053 109 944 904 883 50 833 231 216 206 198 102 95 96 29 21 81 602 478
is_linear=0
shrinkage=0.04


Tree=74
num_leaves=25
num_cat=0
split_feature=16 24 1 0 27 24 1 17 26 24 21 24 26 1 1 10 1 26 21 24 26 1 23 1
split_gain=4.84632 2.06753 2.05716 1.69944 1.95427 3.80021 2.75236 2.50605 4.32851 3.14437 2.1636 2.85202 2.09124 5.69298 1.93994 1.22251 1.06305 1.76095 1.1211 0.823706 6.42667 0.839404 3.21363 1.02576
threshold=1.0000000180025095e-35 1.5000000000000002 28.500000000000004 3.5000000000000004 2.5000000000000004 5.5000000000000009 18.500000000000004 1.0000000180025095e-35 4.5000000000000009 4.5000000000000009 1.2916666666666667 2.5000000000000004 5.5000000000000009 9.5000000000000018 4.5000000000000009 3.5000000000000004 19.500000000000004 7.0000000000000009 1.8750000000000002 3.5000000000000004 3.5000000000000004 13.500000000000002 0.60355339059327384 15.500000000000002
decision_type=2 2 2 2 2 2 2 2 2 2 2 2 2 2 2 2 2 2 2 2 2 2 2 2
left_child=-1 -2 3 4 5 7 -6 8 9 10 -3 -12 13 14 -9 -5 17 18 -8 20 -17 22 -21 -23
right_child=1 2 -4 15 6 -7 16 12 -10 -11 11 -13 -14 -15 -16 19 -18 -19 -20 21 -22 23 -24 -25
leaf_value=-0.03998342778701848 -0.046209383265781216 0.020185103988051397 -0.048425441717385387 -0.039165141966866268 0.025825199829991711 -0.052052260533130536 -0.019994575014758466 0.041297747680322495 -0.051187613141761255 0.033853816548212214 -0.06577610977715001 -0.0074138450209367138 0.025173547909236326 -0.056733873460317982 0.0030756116067917182 0.016184274099007266 0.0090403187872957948 -0.056373446908012131 0.021390146271167202 -0.037835715896129066 -0.071019752166920636 0.011590011490801863 0.02169818568660466 -0.0034173234827319793
leaf_weight=4.922640359029173 1.4952201694250096 3.0393453761935296 1.3195558227598656 1.6125387959182251 14.479410108178856 2.1243303250521413 2.2455410584807387 2.8404839783906963 3.0955148600041857 3.5298248752951613 1.6806323714554281 9.1132300943136215 10.202400013804434 2.2668170519173136 10.793771423399447 3.2473911046981803 10.334033366292713 1.1617659926414488 1.9583654329180715 3.7577572502195826 2.2057809680700302 11.187290560454132 2.1854071542620659 19.849275007843971
leaf_count=137 9 27 11 24 195 24 23 35 21 34 15 58 117 13 80 26 103 5 23 19 10 70 15 135
internal_value=-0.00103105 0.000430449 0.0010562 0.00165251 0.00521512 9.11576e-05 0.0132163 0.00264195 -0.0076112 0 -0.00844056 -0.0172422 0.0109843 0.00137712 0.0116254 -0.00454488 0.00107781 -0.0127667 0 -0.00304071 -0.0176223 -0.000674116 -0.014598 0.00173439
internal_weight=130.648 125.726 124.23 122.911 78.8655 48.6864 30.1791 46.562 20.4585 17.363 13.8332 10.7939 26.1035 15.9011 13.6343 44.0454 15.6997 5.36567 4.20391 42.4329 5.45317 36.9797 5.94316 31.0366
internal_count=1229 1092 1083 1072 773 424 349 400 155 134 100 73 245 128 115 299 154 51 46 275 36 239 34 205
is_linear=0
shrinkage=0.04


Tree=75
num_leaves=25
num_cat=0
split_feature=16 24 15 18 19 26 26 16 24 18 26 25 23 25 26 23 17 24 24 14 0 26 23 0
split_gain=4.96308 1.9788 1.7465 1.7832 1.71109 3.86786 2.74863 1.65901 2.87558 1.79398 4.94524 4.37471 4.3488 1.35822 5.40897 1.21318 1.19387 0.967979 1.13331 0.962003 1.4303 1.52008 0.885398 0.866278
threshold=1.0000000180025095e-35 1.5000000000000002 2.5000000000000004 1.5000000000000002 1.0000000180025095e-35 4.5000000000000009 2.5000000000000004 1.5000000000000002 2.5000000000000004 1.0000000180025095e-35 2.5000000000000004 3.5000000000000004 0.84759080068664439 5.5000000000000009 3.5000000000000004 0.45220861134162554 1.0000000180025095e-35 4.5000000000000009 5.5000000000000009 2.5000000000000004 2.5000000000000004 2.5000000000000004 0.60355339059327384 3.5000000000000004
decision_type=2 2 2 2 2 2 2 2 2 2 2 2 2 2 2 2 2 2 2 2 2 2 2 2
left_child=-1 -2 3 4 7 6 -6 9 -9 19 -11 -12 15 14 16 17 -8 -13 -19 20 -3 -22 -15 -21
right_child=1 2 -4 -5 5 -7 13 8 -10 10 11 12 -14 22 -16 -17 -18 18 -20 23 21 -23 -24 -25
leaf_value=-0.03995482271840909 -0.045557771994622291 0.0079745567027645035 -0.026620507509091347 -0.042328885774250334 -0.05571897272210756 -0.049175060175149582 -0.0010639290975382925 0.0043479298506460236 -0.041070512008436227 -0.053596887194226034 -0.055516710831172322 -0.013405947327762862 -0.027873574077608258 0 -0.067128788146505677 0.024155043997033873 0.028996085093555966 0.041923409990978905 0.0021201620136042749 0.015506900123126553 0 -0.058918173019118683 0.036066193228463841 0.0029096476177351577
leaf_weight=4.997271178290247 1.4567227661609639 6.8613508231937868 3.4564153961837283 1.4069689400494088 1.3004605770111108 3.0955537743866435 4.4960500746965391 5.9989764019846898 3.3307933490723372 2.6566392704844501 1.8491973560303474 3.0563959702849441 4.3769814670085898 1.3236159980297078 1.7347351014614103 11.93204729259014 3.3362118303775787 1.6811288073658941 5.1948664784431458 39.376304715871811 1.3140911571681502 1.2353038564324377 2.9885769113898277 13.374215349555014
leaf_count=144 9 58 21 13 12 24 39 44 61 17 14 19 24 12 10 133 29 15 35 398 18 11 24 78
internal_value=-0.000827864 0.000650672 0.00125136 0.00210714 0.00269231 -0.00842454 0 0.0047577 -0.0110093 0.00642711 -0.00124607 0.00342016 0.00787822 0.0050957 -0.00256058 0.0154012 0.0107189 0.00407945 0.0130152 0.0103512 -0.000645213 -0.0269822 0.0239371 0.0124647
internal_weight=131.831 126.834 125.377 121.92 120.513 18.2752 15.1797 102.238 9.32977 92.9085 30.7473 28.0906 26.2414 13.8792 9.567 21.8644 7.83226 9.93239 6.876 62.1613 9.41075 2.5494 4.31219 52.7505
internal_count=1262 1118 1109 1088 1075 150 126 925 105 820 257 240 226 114 78 202 68 69 50 563 87 29 36 476
is_linear=0
shrinkage=0.04


Tree=76
num_leaves=25
num_cat=0
split_feature=16 24 18 15 23 19 26 26 24 25 17 25 21 16 24 18 26 25 23 21 21 10 26 15
split_gain=4.75131 1.8722 1.61853 1.68034 7.55722 1.60401 3.6785 2.59391 1.88008 1.54305 2.88428 2.55513 1.59906 1.54243 2.76369 1.66492 4.67397 4.11797 4.0442 1.75254 1.504 1.94616 1.8668 2.56992
threshold=1.0000000180025095e-35 1.5000000000000002 1.5000000000000002 2.5000000000000004 0.84759080068664439 1.0000000180025095e-35 4.5000000000000009 2.5000000000000004 3.5000000000000004 5.5000000000000009 1.0000000180025095e-35 3.5000000000000004 1.5833333333333337 1.5000000000000002 2.5000000000000004 1.0000000180025095e-35 2.5000000000000004 3.5000000000000004 0.84759080068664439 1.7083333333333337 1.5833333333333337 2.5000000000000004 7.0000000000000009 1.5000000000000002
decision_type=2 2 2 2 2 2 2 2 2 2 2 2 2 2 2 2 2 2 2 2 2 2 2 2
left_child=-1 -2 3 5 -5 13 7 -7 -9 10 11 -10 -13 15 -15 20 -17 -18 19 -19 -3 -22 -23 -24
right_child=1 2 -4 4 -6 6 -8 8 9 -11 -12 12 -14 14 -16 16 17 18 -20 -21 21 22 23 -25
leaf_value=-0.039833688833793825 -0.044929601184618487 0.0022033979823350425 -0.041858608013821207 -0.08223812996955468 0.034106930842247571 -0.054874234598730198 -0.048612470063643193 -0.042714302518943627 -0.065091616456407833 0.03105186343871922 0.031182576102654822 0.022559118138415653 -0.026405712738664305 0.0041837005355944788 -0.040852982242729964 -0.052780189199710517 -0.054519332030183824 0.028099770896765696 -0.026821266574342677 0.0041835456613108293 -0.013386720002351535 0.022078577825934875 0.012482296202125489 -0.054322079082250882
leaf_weight=4.8156335670500985 1.4187757074832905 25.537813857197762 1.3666819185018528 1.8426982723176473 1.6187834590673444 1.2683146893978143 3.0078986920416346 1.1529364511370648 1.3302578777074794 3.8420743048191062 3.1540597304701805 2.1635813191533089 2.0901956558227539 5.9853721186518651 3.2168887332081795 2.5911646783351925 1.8085311446338916 9.4191667959094101 4.36696633696556 12.203151762485502 3.1364518329501143 28.576308824121952 3.2708061374723902 1.2476610615849493
leaf_count=144 9 204 13 14 7 12 24 9 8 33 28 24 12 44 61 17 14 111 24 91 27 281 44 7
internal_value=-0.000815515 0.000616599 0.00120131 0.00174555 -0.0255175 0.00260314 -0.00823929 0 0.00491041 0.009911 0 -0.0166498 0 0.00460851 -0.0106907 0.00622299 -0.00120967 0.00330966 0.00764166 0.014972 0.0100092 0.0152904 0.0182499 -0.00419354
internal_weight=130.432 125.617 124.198 122.831 3.46148 119.37 18.0093 15.0014 13.7331 12.5802 8.73809 5.58403 4.25378 101.36 9.20226 92.158 30.389 27.7978 25.9893 21.6223 61.769 36.2312 33.0948 4.51847
internal_count=1262 1118 1109 1096 21 1075 150 126 114 105 72 44 36 925 105 820 257 240 226 202 563 359 332 51
is_linear=0
shrinkage=0.04


Tree=77
num_leaves=25
num_cat=0
split_feature=16 24 18 15 23 19 26 26 16 24 18 26 25 23 21 21 14 26 15 15 25 0 21 24
split_gain=4.54867 1.77195 1.53508 1.55433 7.05458 1.50309 3.49834 2.45016 1.43292 2.65612 1.5448 4.41942 3.87742 3.75945 1.67464 1.4103 2.28324 1.8478 2.41386 1.84207 4.57797 1.82718 1.47568 1.40485
threshold=1.0000000180025095e-35 1.5000000000000002 1.5000000000000002 2.5000000000000004 0.84759080068664439 1.0000000180025095e-35 4.5000000000000009 2.5000000000000004 1.5000000000000002 2.5000000000000004 1.0000000180025095e-35 2.5000000000000004 3.5000000000000004 0.84759080068664439 1.7083333333333337 1.5833333333333337 2.5000000000000004 7.0000000000000009 1.5000000000000002 1.5000000000000002 4.5000000000000009 3.5000000000000004 1.8750000000000002 5.5000000000000009
decision_type=2 2 2 2 2 2 2 2 2 2 2 2 2 2 2 2 2 2 2 2 2 2 2 2
left_child=-1 -2 3 5 -5 8 7 -7 10 -10 15 -12 -13 14 -14 19 23 21 22 -3 -21 -18 -19 -17
right_child=1 2 -4 4 -6 6 -8 -9 9 -11 11 12 13 -15 -16 16 17 18 -20 20 -22 -23 -24 -25
leaf_value=-0.039712821533682732 -0.044322753076770131 0.0066948966350023403 -0.041396811461605287 -0.0798501065648307 0.033049028978266226 -0.054041426311141477 -0.04807053369149384 0.004771980925987373 0.0040253266063321764 -0.040637862144027335 -0.052000224731332707 -0.053566803772494745 0.027568546761316651 -0.025809522193570428 0.0040240367300875511 0 0.03067076732717124 -0.013234140188656157 -0.053150744555401482 -0.071162993995456794 0.017647570214359577 0.0083089148796044576 0.038410141621553193 -0.050515949006200427
leaf_weight=4.6406095940619698 1.3814304322004307 22.008414972573522 1.3274461440742005 1.822310104966163 1.6040779352188108 1.2369831278920198 2.9218787923455229 13.511502955108879 5.9722996130585653 3.1067852545529604 2.5261472538113621 1.7678880244493509 9.2206956632435375 4.3568360060453406 12.179882347583769 2.5997857190668578 16.929685026407242 1.4958452805876725 1.2246181964874265 1.7479237914085382 1.7602155879139898 10.697407782077791 1.7442784756422041 1.1485797315835951
leaf_count=144 9 179 13 14 7 12 24 114 44 61 17 14 111 24 91 24 211 17 7 9 16 63 27 10
internal_value=-0.000803911 0.000584431 0.00115424 0.00168461 -0.0246611 0.0025163 -0.00808291 0 0.00445975 -0.0103769 0.00602091 -0.00117448 0.00319944 0.00740624 0.0145423 0.00967547 0.0148335 0.0183923 -0.00400642 0.00211706 -0.0243217 0.0223017 0.0120988 -0.0135012
internal_weight=128.934 124.293 122.911 121.584 3.42639 118.158 17.6704 14.7485 100.487 9.07908 91.4082 30.0514 27.5253 25.7574 21.4006 61.3568 35.8402 32.0918 4.46474 25.5166 3.50814 27.6271 3.24012 3.74837
internal_count=1262 1118 1109 1096 21 1075 150 126 925 105 820 257 240 226 202 563 359 325 51 204 25 274 44 34
is_linear=0
shrinkage=0.04


Tree=78
num_leaves=25
num_cat=0
split_feature=16 1 24 18 19 26 1 15 16 24 18 26 25 23 1 26 23 23 25 26 23 1 14 20
split_gain=4.35575 1.77463 1.72459 1.44752 1.3254 3.33802 3.19214 1.48731 1.44772 2.55267 1.44861 4.28163 3.72187 2.93451 1.19408 2.33085 1.85093 1.12362 1.94504 3.17808 1.00161 0.891838 0.877115 1.77327
threshold=1.0000000180025095e-35 28.500000000000004 1.5000000000000002 1.5000000000000002 1.0000000180025095e-35 4.5000000000000009 8.5000000000000018 2.5000000000000004 1.5000000000000002 2.5000000000000004 1.0000000180025095e-35 2.5000000000000004 3.5000000000000004 0.84759080068664439 17.500000000000004 5.5000000000000009 0.45220861134162554 1.0000000180025095e-35 5.5000000000000009 3.5000000000000004 0.60355339059327384 21.500000000000004 2.5000000000000004 2.5000000000000004
decision_type=2 2 2 2 2 2 2 2 2 2 2 2 2 2 2 2 2 2 2 2 2 2 2 2
left_child=-1 2 -2 4 7 6 -6 8 10 -10 21 -12 -13 14 -14 -16 -17 -8 19 -19 -20 22 23 -4
right_child=1 -3 3 -5 5 -7 17 -9 9 -11 11 12 13 -15 15 16 -18 18 20 -21 -22 -23 -24 -25
leaf_value=-0.039592031258601099 -0.043735306179804104 -0.047711704710731551 0.0089976782789152471 -0.04090897191998235 -0.062285020996287833 -0.047547778731366563 0.029082146077910046 -0.022517492728573285 0.0038726289351202732 -0.040424813959364141 -0.051254212320283987 -0.052831562218526522 0.025680304588258537 -0.022801961502447291 -0.021146137006777792 -0.0036897852671903104 0.031846619065351571 0 -0.003685922407626406 -0.065282144080970855 0.035022507335888194 -0.02006151635549628 0.01292168447190402 -0.033908206871049604
leaf_weight=4.4719790127128354 1.344730645418166 1.1995193492621172 6.672448266297577 1.2457896247506131 1.2137979380786443 2.837550487369298 2.5968870371580115 3.1756248921155921 5.9597389101982099 3.0003820341080427 2.4617056623101261 1.7015161328017736 8.7736771665513569 3.976972520351409 3.5418388396501514 3.5379444658756256 5.3328290358185768 5.386429585516451 1.1596397608518598 1.4716920778155325 2.8631064519286156 1.3507661297917355 50.222715117037296 1.9978396221995351
leaf_count=144 9 11 56 12 13 24 27 18 44 61 17 13 93 21 23 22 64 43 10 9 24 15 467 22
internal_value=-0.00078751 0.000558012 0.00109895 0.00166576 0.00217769 -0.0078285 0 0.00398092 0.00491615 -0.0100679 0.0065044 -0.000530459 0.00381973 0.00796836 0.014122 0.00530767 0.0167717 0.00543815 0 -0.0131563 0.0218753 0.0100617 0.0108885 0
internal_weight=127.497 123.025 121.826 120.481 119.235 17.5291 14.6916 101.706 98.5304 8.96012 89.5703 29.3265 26.8648 25.1633 21.1863 12.4126 8.87077 13.4778 10.8809 6.85812 4.02275 60.2438 58.893 8.67029
internal_count=1262 1118 1107 1098 1086 150 126 936 918 105 813 253 236 223 202 109 86 113 86 52 34 560 545 78
is_linear=0
shrinkage=0.04


Tree=79
num_leaves=25
num_cat=0
split_feature=16 1 24 24 19 26 24 25 0 14 21 26 1 26 21 1 25 18 24 26 27 25 21 24
split_gain=4.16774 1.67742 1.63163 1.41315 1.26327 3.55437 2.42916 1.71015 1.59182 2.53977 1.58922 1.31279 1.20917 5.84183 7.71468 1.4445 1.22474 1.09525 3.54971 3.95491 2.06529 5.38043 1.93754 1.78312
threshold=1.0000000180025095e-35 28.500000000000004 1.5000000000000002 8.5000000000000018 1.0000000180025095e-35 4.5000000000000009 3.5000000000000004 5.5000000000000009 3.5000000000000004 3.5000000000000004 1.5833333333333337 2.5000000000000004 14.500000000000002 4.5000000000000009 1.7083333333333337 13.500000000000002 4.5000000000000009 1.0000000180025095e-35 6.5000000000000009 2.5000000000000004 2.5000000000000004 3.5000000000000004 1.4166666666666667 3.5000000000000004
decision_type=2 2 2 2 2 2 2 2 2 2 2 2 2 2 2 2 2 2 2 2 2 2 2 2
left_child=-1 2 -2 4 8 6 -6 10 17 -10 -8 -11 15 14 -14 -13 -17 20 19 -19 21 22 23 -4
right_child=1 -3 3 -5 5 -7 7 -9 9 11 -12 12 13 -15 -16 16 -18 18 -20 -21 -22 -23 -24 -25
leaf_value=-0.039471131965094414 -0.043165490397474249 -0.047027947922934459 0.0047765818309117841 -0.040237865152620379 -0.042960898524606751 -0.04710775562858787 0.0094799882286469902 0.029824363755266932 -0.04549946303531726 -0.022202556273804967 -0.025870756513787653 0 0.01909915218221718 0.011807713313732109 -0.079001097316822463 0.0069192750900272538 0.044827440848689913 -0.052044038947779932 -0.067120008076944834 0.017754134964878571 0.02179887080535392 -0.048742000819601346 0.020327741804443137 -0.036400380271535401
leaf_weight=4.3095271475613108 1.3087133765220631 1.1689031608402718 18.046807404607538 1.2597427889704693 1.7889583818614507 3.0272293817251912 5.7788339927792531 3.6986074373126021 2.079178247600793 3.7982046008110038 3.0699351504445076 9.0609052218496817 1.9629174582660187 10.402078386396168 3.1869364827871323 3.6928103007376185 2.9314160794019699 1.5628639534115754 1.2569677308201797 7.168074157088995 16.814654529094696 2.7647917307913294 14.215418912470339 1.8470260929316271
leaf_count=144 9 11 139 20 19 26 53 33 29 20 20 59 16 75 18 27 19 10 8 98 215 20 158 16
internal_value=-0.000786725 0.000515342 0.00104195 0.00159343 0.00210714 -0.00770527 5.68547e-05 0.00682775 0.00387692 -0.00254658 -0.00188029 0 0.00270245 -0.00485192 -0.0400558 0.0107027 0.0249024 0.00774654 -0.0038489 0.00434377 0.0100527 0.00447945 0.00902796 0.000551407
internal_weight=126.202 121.892 120.723 119.414 118.155 17.3636 14.3363 12.5474 100.791 37.1144 8.84877 35.0353 31.2371 15.5519 5.14985 15.6851 6.62423 63.6766 9.98791 8.73094 53.6887 36.874 34.1093 19.8938
internal_count=1262 1118 1107 1098 1078 151 125 106 927 263 73 234 214 109 34 105 46 664 116 108 548 333 313 155
is_linear=0
shrinkage=0.04


Tree=80
num_leaves=25
num_cat=0
split_feature=16 1 24 3 27 14 26 24 18 23 27 24 21 27 25 26 1 21 1 23 21 1 25 24
split_gain=3.90801 1.73369 1.47201 1.47279 0.79362 1.24769 1.26192 1.26072 1.23537 3.22997 1.75126 2.13263 1.38311 1.49142 4.28069 2.7963 1.22691 1.60846 1.28405 1.1893 1.7111 1.15865 1.55377 3.19443
threshold=1.0000000180025095e-35 28.500000000000004 8.5000000000000018 1.5000000000000002 3.5000000000000004 3.5000000000000004 2.5000000000000004 1.5000000000000002 1.0000000180025095e-35 0.76180168105713697 2.5000000000000004 6.5000000000000009 1.4166666666666667 2.5000000000000004 4.5000000000000009 7.0000000000000009 4.5000000000000009 1.1250000000000002 13.500000000000002 0.84759080068664439 3.7083333333333335 15.500000000000002 3.5000000000000004 4.5000000000000009
decision_type=2 2 2 2 2 2 2 2 2 2 2 2 2 2 2 2 2 2 2 2 2 2 2 2
left_child=-1 2 3 4 5 7 -7 -2 12 10 -10 -12 16 14 -14 -15 -9 -18 -19 20 -6 22 23 -8
right_child=1 -3 -4 -5 19 6 21 8 9 -11 11 -13 13 15 -16 -17 17 18 -20 -21 -22 -23 -24 -25
leaf_value=-0.039300691168987809 -0.041371878242509548 -0.046780192494295061 -0.04114674331428305 -0.038424525260401111 0.034248896985679338 -0.02791210137995517 -0.024510928171213458 0.033800483110697298 -0.04140219670342906 -0.048447212353825368 0.020657063377488991 -0.050874912024541662 0.011608374693810876 0.031224439504004411 -0.055576583605291691 -0.028930538837283054 0.010814462345623076 -0.0026341168891921437 -0.030212651064318381 -0.0038963002689620376 -0.020268730057034046 -0.016125288287398388 0.014362829750786637 0.026267204133206292
leaf_weight=4.0574721358716479 0.93284929543733497 1.2155177425593127 1.2871018219739188 1.4240680448710907 5.0426705330610258 3.6462481431663063 6.4649400897324139 1.7250572964549054 1.1095995642244796 2.4257129468023777 6.112474987283349 0.69872912764549244 17.371843922883276 10.670298621058466 1.6387531608343113 1.2612715438008297 11.597865242511036 16.195817656815056 3.4785087481141082 3.2244874462485313 0.93129731342196453 7.1172824501991263 9.452927000820635 2.7447974979877472
leaf_count=141 6 11 21 21 53 20 36 24 10 17 88 5 183 161 9 7 120 122 22 23 6 48 68 19
internal_value=-0.000672783 0.000590115 0.00115277 0.00169449 0.00226662 0.00119235 -0.00567982 0.00398715 0.00466444 -0.00780368 0.00363323 0.0121444 0.00680712 0.0129037 0.00539607 0.024195 0.000847822 -0.000714116 -0.00791675 0.0136182 0.0244109 -0.00222502 0.00264738 -0.00850877
internal_weight=121.828 117.77 116.555 115.268 113.843 104.645 29.4262 75.2188 74.2859 10.3465 7.9208 6.8112 63.9394 30.9422 19.0106 11.9316 32.9972 31.2722 19.6743 9.19846 5.97397 25.7799 18.6627 9.20974
internal_count=1241 1100 1089 1068 1047 965 191 774 768 120 103 93 648 360 192 168 288 264 144 82 59 171 123 55
is_linear=0
shrinkage=0.04


Tree=81
num_leaves=25
num_cat=0
split_feature=16 1 24 24 19 26 24 26 15 21 21 17 21 25 24 23 24 21 1 23 15 14 26 23
split_gain=3.73895 1.63899 1.39559 1.35966 0.812493 3.94922 2.63774 1.51665 1.82929 9.37567 2.17425 1.68789 4.31189 1.79793 1.9602 1.86021 1.26782 1.22748 3.49192 1.32646 4.00505 3.20195 1.09713 0.979986
threshold=1.0000000180025095e-35 28.500000000000004 8.5000000000000018 1.5000000000000002 1.0000000180025095e-35 4.5000000000000009 3.5000000000000004 4.5000000000000009 1.5000000000000002 3.1250000000000004 2.8750000000000004 1.5000000000000002 1.8750000000000002 1.0000000180025095e-35 2.5000000000000004 1.0000000180025095e-35 3.5000000000000004 2.4166666666666674 12.500000000000002 0.8228263892582881 1.5000000000000002 3.5000000000000004 5.5000000000000009 0.76180168105713697
decision_type=2 2 2 2 2 2 2 2 2 2 2 2 2 2 2 2 2 2 2 2 2 2 2 2
left_child=-1 2 3 -2 7 6 -6 11 10 -10 16 13 -13 14 -5 -15 23 19 -19 -17 -21 -22 -18 -9
right_child=1 -3 -4 4 5 -7 -8 8 9 -11 -12 12 -14 15 -16 17 22 18 -20 20 21 -23 -24 -25
leaf_value=-0.039177608230034321 -0.041722110050445037 -0.046119946583944478 -0.040708767588719726 0.0043420388653083643 -0.042543358551526293 -0.046741562544029815 0.0089828701060377363 0.0081005959129147338 -0.059871916842756265 0.034836706172764728 -0.042218912945345945 -0.065653360561834323 0.0040973059268007376 0.024624311995251866 -0.050442272264284438 0.0061904203598235645 0.045832736407901767 0.019462522064229541 -0.068646806952830611 -0.051907127788757931 0.048220687338902002 -0.019001074341998082 0.017274091486855409 -0.03697794019653039
leaf_weight=3.9103786423802367 1.1290344148874272 1.1842374224215735 1.2496705185621966 1.6006982922554009 1.7809640765190149 3.0958195924758902 13.491398699581621 3.1482390537858072 3.0643680393695822 3.6131011135876179 0.93376399576663871 2.1582607924938193 3.5881798341870308 6.2606922574341288 2.0992264878004789 36.008519861847162 2.9805608466267612 1.2392721064388745 1.4368149004876611 2.6515597514808169 1.9825077727437017 2.4611094258725643 18.745162196457386 0.9976549707353114
leaf_count=141 8 11 21 10 20 28 117 33 22 37 6 12 20 82 21 327 32 15 11 19 26 12 203 7
internal_value=-0.000672533 0.000547043 0.00109376 0.00162003 0.00212237 -0.00540501 0.00245039 0.00366249 0.0105129 -0.00742812 0.0152806 0 -0.0207076 0.0020599 -0.0245787 0.00410755 0.0176651 0.001127 -0.0248547 0.00292567 -0.0125156 0.0091894 0.0215603 -0.000817342
internal_weight=120.811 116.901 115.717 114.467 113.338 18.3682 15.2724 94.9697 33.4829 6.67747 26.8054 61.4868 5.74644 55.7404 3.69992 52.0405 25.8716 45.7798 2.67609 43.1037 7.09518 4.44362 21.7257 4.14589
internal_count=1241 1100 1089 1068 1060 165 137 895 340 59 281 555 32 523 31 492 275 410 26 384 57 38 235 40
is_linear=0
shrinkage=0.04


Tree=82
num_leaves=25
num_cat=0
split_feature=16 1 3 4 25 19 26 1 14 26 15 25 26 25 1 21 21 21 26 1 25 15 26 21
split_gain=3.57954 1.55093 1.3249 1.04496 0.900138 2.06322 1.7468 2.94543 1.36865 1.47319 1.46208 4.25633 2.84873 2.79407 1.7132 2.47765 1.58843 1.08216 0.909282 1.32233 2.6673 2.04488 4.86917 0.987989
threshold=1.0000000180025095e-35 28.500000000000004 1.5000000000000002 1.5000000000000002 1.5000000000000002 1.0000000180025095e-35 5.5000000000000009 5.5000000000000009 3.5000000000000004 2.5000000000000004 1.5000000000000002 3.5000000000000004 4.5000000000000009 3.5000000000000004 15.500000000000002 3.1250000000000004 1.7083333333333337 1.4166666666666667 1.0000000180025095e-35 18.500000000000004 6.5000000000000009 1.5000000000000002 5.5000000000000009 1.8750000000000002
decision_type=2 2 2 2 2 2 2 2 2 2 2 2 2 2 2 2 2 2 2 2 2 2 2 2
left_child=-1 2 3 4 5 6 7 -2 18 -10 12 -12 13 -11 17 16 -16 -13 -6 23 -21 22 -22 -20
right_child=1 -3 -4 -5 8 -7 -8 -9 9 10 11 14 -14 -15 15 -17 -18 -19 19 20 21 -23 -24 -25
leaf_value=-0.039053815030799952 0 -0.045474869291303399 -0.037978658762967049 -0.037502339278869021 0.034231712967599102 -0.060547672049071681 0.012402572676569752 -0.054025135822118764 -0.026511503081791909 -0.0073369260148250914 -0.055634952163700263 -0.0004322886771477358 0.0084423402488836615 -0.062295937083850401 0.018054801674475332 0.030813906974567967 -0.024246092284688964 0.03331004425479666 0.005239863861271371 -0.064127557630008283 -0.07540212372528203 0.031247914306780419 0.0096039879686900757 0.018916280323632153
leaf_weight=3.7687213644385329 6.4502451717853528 1.153616715222596 1.358706735074519 1.062850385904311 2.0891844034194937 1.065964441746474 6.7986664660274991 2.2387110851705074 3.6237240582704535 4.7295831926166993 1.5340225100517297 1.3658220916986481 6.6086165346205235 2.4678870476782322 1.7811942175030688 3.1946669369935989 4.9392222873866558 6.8385313749313354 35.173160042613745 1.1583272367715816 1.4679773971438406 2.4368348494172096 3.653140265494585 12.483010582625864
leaf_count=141 59 11 21 14 38 10 71 21 20 30 7 10 44 17 14 33 34 51 326 5 10 35 44 175
internal_value=-0.000660875 0.000520831 0.00105402 0.00159338 0.00203543 -0.00640494 -0.00216192 -0.0144786 0.00358149 -0.0022657 0.000121065 0.0073625 -0.00960792 -0.0272929 0.0131375 0.00109353 -0.0118442 0.0267177 0.00742731 0.00629201 -0.00754205 7.17269e-05 -0.013201 0.00899012
internal_weight=119.442 115.674 114.52 113.161 112.098 16.5536 15.4876 8.68896 95.5449 37.0833 33.4595 19.6535 13.8061 7.19747 18.1194 9.91508 6.72042 8.20435 58.4616 56.3725 8.71628 7.55795 5.12112 47.6562
internal_count=1241 1100 1089 1068 1054 161 151 80 893 260 240 149 91 47 142 81 48 61 633 595 94 89 54 501
is_linear=0
shrinkage=0.04


Tree=83
num_leaves=25
num_cat=0
split_feature=24 1 19 24 18 4 27 18 22 26 26 1 24 17 21 26 24 21 26 1 21 1 1 21
split_gain=1.806 1.51031 1.44712 1.36319 0.987202 1.01214 0.924015 1.25278 6.9828 1.89315 1.6048 2.15242 1.67828 0.756899 1.9904 3.38898 1.01702 0.934351 1.92023 1.21629 1.75117 1.63573 1.0534 0.891617
threshold=1.5000000000000002 28.500000000000004 1.5000000000000002 8.5000000000000018 1.5000000000000002 1.5000000000000002 3.5000000000000004 1.0000000180025095e-35 2.5000000000000004 2.5000000000000004 4.5000000000000009 19.500000000000004 4.5000000000000009 1.5000000000000002 1.8750000000000002 4.5000000000000009 4.5000000000000009 1.4166666666666667 7.0000000000000009 4.5000000000000009 1.1250000000000002 13.500000000000002 8.5000000000000018 2.4166666666666674
decision_type=2 2 2 2 2 2 2 2 2 2 2 2 2 2 2 2 2 2 2 2 2 2 2 2
left_child=-1 2 3 4 5 6 7 13 9 -9 12 -12 -11 17 15 -15 -16 19 23 -2 -21 22 -22 -19
right_child=1 -3 -4 -5 -6 -7 -8 8 -10 10 11 -13 -14 14 16 -17 -18 18 -20 20 21 -23 -24 -25
leaf_value=-0.041042333415472636 0.033419847595736012 -0.044571424701223376 -0.044240774114181751 -0.040022469653696414 -0.038421008293785038 -0.037103277329379035 0.015053441799893688 -0.040889589684141033 -0.050238010458200824 -0.00059036027194507372 -0.068083723536397897 0.0011782049556919017 0.030098136458052368 -0.063012479443398495 0 0 0.037195269764445829 0.014025706721017606 -0.031365069796822492 0.010601990296392043 -0.015554873784238823 -0.033822921803936007 0.0048529416436835678 -0.0034116786274459928
leaf_weight=1.7452337685972441 1.6682331636548031 1.2062205206602801 1.1422948520630587 1.2722538262605656 0.96589255705475707 1.031937651336192 8.5237596817314607 1.2896400708705247 4.7480164337903252 4.1420044265687448 0.84369357861578365 3.5072351843118668 6.614153116941452 2.1294070258736593 4.1471767351031303 3.3136841263622046 1.5621389951556919 31.164948703721166 1.6613504253327835 11.297650326043369 6.6801912151277127 3.5646102502942076 9.4797055311501008 4.6942015439271918
leaf_count=39 24 15 25 24 13 14 88 12 49 42 7 42 77 15 30 30 21 346 12 121 46 23 79 47
internal_value=-0.000651174 0 0.000418343 0.000934642 0.00146643 0.00188161 0.00231599 0.0011788 -0.00737511 0.00454883 0.00895731 -0.0104138 0.0175368 0.00350013 -0.00585202 -0.0236039 0.00967089 0.00509958 0.00940784 0 -0.00163409 -0.00904817 -0.0030882 0.0115199
internal_weight=118.396 116.65 115.444 114.302 113.03 112.064 111.032 102.508 21.1447 16.3967 15.1071 4.35093 10.7562 81.3633 11.1524 5.44309 5.70932 70.2109 37.5205 32.6904 31.0222 19.7245 16.1599 35.8592
internal_count=1241 1202 1187 1162 1138 1125 1111 1023 229 180 168 49 119 794 96 45 51 698 405 293 269 148 125 393
is_linear=0
shrinkage=0.04


Tree=84
num_leaves=25
num_cat=0
split_feature=16 1 24 24 19 26 26 24 26 15 21 21 24 17 21 13 24 23 22 18 14 1 17 25
split_gain=3.33124 1.38968 1.21753 1.2095 0.705577 3.69343 2.5075 1.75545 1.37018 1.65988 8.41035 1.40093 1.35545 1.3256 3.7898 1.57901 1.83668 1.69553 1.15631 8.03807 1.59491 2.09886 1.12046 1.39901
threshold=1.0000000180025095e-35 28.500000000000004 8.5000000000000018 1.5000000000000002 1.0000000180025095e-35 4.5000000000000009 2.5000000000000004 3.5000000000000004 4.5000000000000009 1.5000000000000002 3.1250000000000004 2.4166666666666674 3.5000000000000004 1.5000000000000002 1.8750000000000002 1.0000000180025095e-35 2.5000000000000004 1.0000000180025095e-35 2.5000000000000004 1.0000000180025095e-35 3.5000000000000004 18.500000000000004 1.0000000180025095e-35 5.5000000000000009
decision_type=2 2 2 2 2 2 2 2 2 2 2 2 2 2 2 2 2 2 2 2 2 2 2 2
left_child=-1 2 3 -2 8 6 -6 -8 13 11 -11 12 -10 15 -15 16 -5 -17 -19 20 21 -20 23 -9
right_child=1 -3 -4 4 5 -7 7 22 9 10 -12 -13 -14 14 -16 17 -18 18 19 -21 -22 -23 -24 -25
leaf_value=-0.038853411086930634 -0.040605742652074006 -0.044229913278294279 -0.03952746382298386 0.0041623367620468761 -0.051476812544567777 -0.046035834139176272 -0.040901922910714442 -0.0068635347810864934 -0.00093501440456899816 -0.057818452949520788 0.033868294139791304 -0.0085635607241687731 0.022708117987516548 -0.061954407970891773 0.0042244283194151321 0.023592994364504898 -0.049352003354391015 0.0052705797141412184 0 -0.060528362186879313 -0.01347715549132051 0.045712822995124885 0.032093091452235267 0.02460877746098528
leaf_weight=3.546394692733883 1.0656369179487217 1.0945552773773659 1.1613812837749709 1.5884064286947244 1.2302853297442222 2.9697991646826258 1.0218757838010777 5.8288971409201604 4.079446826130158 2.9607869461178771 3.4125403761863708 3.1995921730995169 18.888470962643623 2.072611227631568 3.5903041511774063 6.0647825039923182 2.0158512089401484 30.987650129944086 4.1630245558917505 3.5742033496499053 3.1456310302019119 2.9306887350976467 3.4720927923917762 3.5001246519386768
leaf_count=141 8 11 21 10 13 28 10 50 40 22 37 17 224 12 20 82 21 271 53 24 18 44 33 31
internal_value=-0.00064591 0.000472319 0.000976455 0.00146893 0.00194624 -0.00512054 0.00242002 0.00779574 0.0034069 0.0100211 -0.00747038 0.0145871 0.0181604 -3.93396e-05 -0.0185841 0.00174177 -0.0235485 0.00369106 0.000818354 -0.00859009 0.00875847 0.0197464 0.0123081 0.00408692
internal_weight=117.565 114.019 112.924 111.763 110.697 18.0231 15.0533 13.823 92.674 32.5408 6.37333 26.1675 22.9679 60.1332 5.66292 54.4702 3.60426 50.866 44.8012 13.8135 10.2393 7.09371 12.8011 9.32902
internal_count=1241 1100 1089 1068 1060 165 137 124 895 340 59 281 264 555 32 523 31 492 410 139 115 97 114 81
is_linear=0
shrinkage=0.04


Tree=85
num_leaves=25
num_cat=0
split_feature=16 3 0 1 15 15 15 26 15 25 25 1 25 24 26 26 1 23 26 15 1 26 15 26
split_gain=3.02283 1.2016 1.15205 1.08601 4.89615 3.09163 2.14241 1.75031 1.34521 5.25461 5.18028 1.02658 0.82649 1.5582 6.34077 1.11862 3.4136 0.811935 0.736867 0.658768 0.636245 2.44828 2.94633 2.28655
threshold=1.0000000180025095e-35 1.5000000000000002 3.5000000000000004 26.500000000000004 2.5000000000000004 2.5000000000000004 1.5000000000000002 2.5000000000000004 1.5000000000000002 3.5000000000000004 3.5000000000000004 12.500000000000002 1.5000000000000002 2.5000000000000004 5.5000000000000009 7.0000000000000009 18.500000000000004 1.2359820001581181 1.5000000000000002 1.0000000180025095e-35 12.500000000000002 3.5000000000000004 1.5000000000000002 1.5000000000000002
decision_type=2 2 2 2 2 2 2 2 2 2 2 2 2 2 2 2 2 2 2 2 2 2 2 2
left_child=-1 2 12 4 7 6 -5 -4 9 -9 -10 -12 13 18 -15 17 -17 20 -2 -19 23 22 -22 -14
right_child=1 -3 3 5 -6 -7 -8 8 10 -11 11 -13 15 14 -16 16 -18 19 -20 -21 21 -23 -24 -25
leaf_value=-0.038562455376822624 0.027227959689973172 -0.037273681058461891 -0.045969657661257414 0.0055076713717849158 -0.082012220908727049 0.043094717547842769 -0.052904486159014788 0.004803384958304526 -0.054556238037099178 -0.058254433058732957 0.0390294686142343 0.0074413947195134268 -0.047761548191484433 -0.060479938222097671 0.0066632178211736837 0.010774637390627331 -0.058381537185649181 -0.039670538321824898 0 0.00087040070804930388 -0.040560889261229874 0.0342066823261057 0.021710090516608865 0.0086815884916077914
leaf_weight=3.2042979300022116 2.8713867925107506 1.2960495762526978 1.51310549117625 3.4600534588098517 1.3567461669445027 2.7973573505878448 1.3257972747087476 6.639780370518567 2.1027410998940494 2.9798322468996048 2.064794301986697 15.885998744517563 1.1486115381121624 3.1541749592870456 7.311719749122858 3.2995964996516696 1.6577408686280248 0.96458235755562671 2.7688751295208931 0.90538875013589859 1.995064927265046 6.6549025438725948 3.0561229698359966 36.818676449358463
leaf_count=133 41 22 15 26 9 15 9 47 11 20 19 126 10 25 71 47 8 11 16 9 23 95 52 366
internal_value=-0.00019236 0.000815709 0.00132457 -0.00401159 -0.00732685 0.00916071 -0.00900233 -0.00382116 -0.00140231 -0.0138982 0.00419298 0.0115205 0.00438379 -0.00328162 -0.0128078 0.00671049 -0.0107375 0.00854382 0.0129764 -0.0157636 0.00961993 0.0182016 -0.00130126 0.00676333
internal_weight=117.233 114.029 112.733 40.1262 32.543 7.58321 4.78585 31.1863 29.6731 9.61961 20.0535 17.9508 72.6068 16.1062 10.4659 56.5007 4.95734 51.5433 5.64026 1.86997 49.6734 11.7061 5.05119 37.9673
internal_count=1226 1093 1071 297 247 50 35 238 223 67 156 145 774 153 96 621 55 566 57 20 546 170 75 376
is_linear=0
shrinkage=0.04


Tree=86
num_leaves=25
num_cat=0
split_feature=16 3 0 1 15 15 15 15 1 21 21 22 18 24 1 19 24 1 1 21 21 24 15 21
split_gain=2.89243 1.14292 1.07055 1.01019 4.52229 2.85621 2.02707 0.963372 1.77084 1.6427 0.838369 1.95847 3.9428 2.89496 1.23833 1.00176 0.984771 2.75588 0.831435 0.794587 1.59013 0.752762 0.688483 0.754047
threshold=1.0000000180025095e-35 1.5000000000000002 3.5000000000000004 26.500000000000004 2.5000000000000004 2.5000000000000004 1.5000000000000002 1.5000000000000002 15.500000000000002 1.8750000000000002 1.4166666666666667 2.5000000000000004 1.0000000180025095e-35 3.5000000000000004 9.5000000000000018 1.0000000180025095e-35 4.5000000000000009 11.500000000000002 11.500000000000002 2.8750000000000004 3.7083333333333335 4.5000000000000009 1.0000000180025095e-35 2.5833333333333335
decision_type=2 2 2 2 2 2 2 2 2 2 2 2 2 2 2 2 2 2 2 2 2 2 2 2
left_child=-1 2 10 4 7 6 -5 8 9 21 16 14 13 18 -12 -16 17 -2 -13 -9 -21 -4 23 -15
right_child=1 -3 3 5 -6 -7 -8 19 -10 -11 11 12 -14 22 15 -17 -18 -19 -20 20 -22 -23 -24 -25
leaf_value=-0.038429380760049092 -0.00035006348861465352 -0.03695326681887845 -0.046263949952528319 0.0052933789122148849 -0.079000300845440088 0.041511134232054207 -0.051975921572000726 -0.0022244406274392458 -0.048098931018184854 0.010615632185542968 0.036536556808431875 -0.0056725173842694532 -0.044940259731788397 0.0080509599997057157 0.016728648793018636 -0.013062877377369737 0.011240794732024235 -0.053640480206131866 -0.056302289222584012 0.036777720665054123 -0.021195475934060279 -0.0028423158299594885 0.018703491461016512 -0.038047309439973115
leaf_weight=3.0891033466905347 24.62537216022611 1.2558110747486342 1.6220398433506509 3.456201769411563 1.3522197678685177 2.788096334785223 1.2961069196462629 17.770534442737702 2.004966527223587 4.371715497225523 4.9189973678439847 1.7117844298482006 2.6659260578453532 2.5358229577541347 8.7692933883517963 1.9715243987739075 9.0347041320055705 1.6822826899588097 1.1575159505009649 2.4643331617116924 0.90454658865928639 1.7796713095158336 12.18915183469653 0.71988815441727627
leaf_count=133 202 22 9 26 9 15 9 130 17 34 47 18 23 36 114 16 109 12 7 31 6 11 183 7
internal_value=-0.000187648 0.000786559 0.00128207 -0.00387732 -0.0070971 0.00884113 -0.0086424 -0.00369359 -0.0141259 -0.00433423 0.00424665 0.00848761 0.000110455 0.00710514 0.0192 0.0105155 0 -0.00406189 -0.0288854 0.000753605 0.0188372 -0.0258988 0.0143093 0
internal_weight=116.138 113.049 111.793 39.8104 32.27 7.54041 4.75231 30.9178 9.77839 7.77343 71.9823 36.6399 20.9801 18.3142 15.6598 10.7408 35.3424 26.3077 2.8693 21.1394 3.36888 3.40171 15.4449 3.25571
internal_count=1226 1093 1071 297 247 50 35 238 71 54 774 451 274 251 177 130 323 214 25 167 37 20 226 43
is_linear=0
shrinkage=0.04


Tree=87
num_leaves=25
num_cat=0
split_feature=16 0 25 19 1 26 26 1 1 26 21 17 21 1 26 23 21 1 23 21 1 26 21 25
split_gain=2.76525 0.866894 1.20066 1.92756 1.11505 2.99064 1.0039 3.21158 0.949138 1.8456 1.1706 0.871889 3.67658 2.0147 3.67139 0.83229 1.00269 0.843929 0.700081 0.937498 1.05239 1.19558 2.1816 2.70873
threshold=1.0000000180025095e-35 3.5000000000000004 1.5000000000000002 1.0000000180025095e-35 4.5000000000000009 2.5000000000000004 7.0000000000000009 18.500000000000004 26.500000000000004 2.5000000000000004 2.4166666666666674 1.0000000180025095e-35 1.4166666666666667 5.5000000000000009 10.500000000000002 0.8228263892582881 1.8750000000000002 20.500000000000004 1.2359820001581181 1.4166666666666667 9.5000000000000018 4.5000000000000009 1.8750000000000002 3.5000000000000004
decision_type=2 2 2 2 2 2 2 2 2 2 2 2 2 2 2 2 2 2 2 2 2 2 2 2
left_child=-1 2 3 4 -2 -6 18 -8 9 -3 -10 13 -13 -7 -15 -11 -17 -18 19 -4 -21 22 23 -22
right_child=1 8 6 -5 5 11 7 -9 10 15 -12 12 -14 14 -16 16 17 -19 -20 20 21 -23 -24 -25
leaf_value=-0.038294617026165649 0.019059501041901683 -0.04629861001033559 0.003234125244629607 -0.059483779253511455 -0.050949787082362114 0.052449148494638172 0.010600182346101876 -0.057223027438885861 0.019515240108227205 -0.00040312950564597822 -0.013460675677301427 -0.084852874375767343 0.0068866145920653309 -0.051906448845993297 0.01846905153833589 -0.034543463680988748 0.0085855457856282257 -0.029995030015852499 -0.01478605163297359 0.034861251906800388 -0.080968588331633326 0.023557587462963419 0.018826400039572203 -0.0018509975716578251
leaf_weight=2.9782137572765341 3.099161863327029 1.8493117745965708 25.073587751016021 1.0126731023192395 2.1150341983884564 1.3848302140831927 3.2308058813214293 1.6180105879902837 5.2283167503774157 23.415112975984815 2.2863144744187593 0.91335572302341494 2.4771585278213024 1.6456879936158655 4.2223889566957951 2.9383142478764048 2.8039277717471123 1.2821845486760137 1.8057294264435757 3.872480213642123 0.84330708533525633 7.3413172736763945 6.6393639035522938 5.2572670057415962
leaf_count=133 41 20 232 11 19 7 47 8 37 179 14 7 29 14 41 17 22 13 20 35 5 102 105 68
internal_value=-0.000198881 0.000739722 0.0034017 -0.00570094 -0.00176185 -0.00744661 0.00630326 -0.010382 -0.00391144 -0.0070286 0.00841778 0.00044659 -0.0154672 0.00898879 0 -0.00437999 -0.0164975 -0.00156283 0.00805219 0.00905652 0.0148171 0.0105534 0.00243194 -0.0140991
internal_weight=115.334 112.356 72.5522 16.8703 15.8576 12.7585 55.6819 4.84882 39.8035 32.2889 7.51463 10.6434 3.39051 7.25291 5.86808 30.4395 7.02443 4.08611 50.8331 49.0273 23.9537 20.0813 12.7399 6.10057
internal_count=1226 1093 791 169 158 117 622 55 302 251 51 98 36 62 55 231 52 35 567 547 315 280 178 73
is_linear=0
shrinkage=0.04


Tree=88
num_leaves=25
num_cat=0
split_feature=16 0 27 25 1 25 26 18 1 15 25 1 15 15 15 26 15 25 25 1 25 27 23 17
split_gain=2.645 0.807424 1.51621 3.95441 2.40957 2.06327 3.43767 1.6045 1.44655 3.54142 0.929344 0.875842 4.10616 2.58895 1.94398 1.58306 1.11395 4.92683 4.8563 1.01032 0.693662 2.26338 1.69949 0.886441
threshold=1.0000000180025095e-35 3.5000000000000004 2.5000000000000004 4.5000000000000009 18.500000000000004 6.5000000000000009 10.500000000000002 1.0000000180025095e-35 19.500000000000004 1.5000000000000002 2.5000000000000004 26.500000000000004 2.5000000000000004 2.5000000000000004 1.5000000000000002 2.5000000000000004 1.5000000000000002 3.5000000000000004 3.5000000000000004 12.500000000000002 1.5000000000000002 1.5000000000000002 0.45220861134162554 1.0000000180025095e-35
decision_type=2 2 2 2 2 2 2 2 2 2 2 2 2 2 2 2 2 2 2 2 2 2 2 2
left_child=-1 2 3 7 10 6 -6 20 9 -7 -4 12 15 14 -13 -3 17 -17 -18 -20 21 22 -2 -24
right_child=1 11 4 -5 5 8 -8 -9 -10 -11 -12 13 -14 -15 -16 16 18 -19 19 -21 -22 -23 23 -25
leaf_value=-0.038157996686875084 -0.016061018241748614 -0.044786007668516425 -0.0015945503715453458 -0.052222094083761314 -0.068403710747025087 -0.06368520121110452 0 -0.040803200331031526 0.030163532563210575 0.022566032824416448 0.028941843676852465 0.0050509024648356252 -0.075754553199121902 0.039295917859602833 -0.051132929070274988 0.0052563557170958661 -0.053263648167051494 -0.056407117811317076 0.038546694736449442 0.0069127472941007562 0.0061748990396101877 -0.050108392827353222 -0.0059564923648348315 0.0286512492149423
leaf_weight=2.8714766036719075 4.2570689097046817 1.4324379488825822 1.314391709864142 2.281833127140998 1.5892169922590236 1.1218965537846091 4.1181404516100883 1.3521763551980246 3.9973349384963512 2.2761105559766293 10.170797023922203 3.4392400719225398 1.3356351982802142 2.7725415639579296 1.2890114020556209 6.6104426532983798 2.0888958238065269 2.9044035337865353 2.0136276632547405 15.840019591152666 33.031685484573245 1.5523154363036162 1.2440741583704946 3.672712080180645
leaf_count=133 33 15 15 16 7 8 37 15 58 36 172 26 9 15 10 47 12 21 19 128 316 18 11 49
internal_value=-0.00019886 0.000705288 0.00329171 -0.000732348 0.0113732 0 -0.0184167 0.00169485 0.0135881 -0.00355662 0.0247506 -0.00377965 -0.00678225 0.0080538 -0.00857392 -0.003541 -0.00126378 -0.0127256 0.00380365 0.0109287 0.00319092 -0.00525252 0.00146554 0.0182675
internal_weight=114.577 111.706 71.9798 47.3919 24.5879 13.1027 5.70736 45.11 7.39534 3.39801 11.4852 39.7263 32.2255 7.50079 4.72825 30.8898 29.4574 9.51485 19.9425 17.8536 43.7579 10.7262 9.17386 4.91679
internal_count=1226 1093 791 458 333 146 44 442 102 44 187 302 251 51 36 242 227 68 159 147 427 111 93 60
is_linear=0
shrinkage=0.04


Tree=89
num_leaves=25
num_cat=0
split_feature=16 3 23 25 25 15 24 24 26 25 15 1 21 26 21 25 1 25 15 21 21 1 15 1
split_gain=2.52969 1.0116 0.761875 1.254 0.693861 4.58411 2.6922 0.902412 7.87542 4.6297 2.67847 3.6399 1.68377 1.71508 1.63879 2.30431 1.63154 1.27135 1.1875 0.89965 1.22363 0.687674 2.34925 0.607829
threshold=1.0000000180025095e-35 1.5000000000000002 0.97140452079103179 5.5000000000000009 6.5000000000000009 2.5000000000000004 5.5000000000000009 5.5000000000000009 3.5000000000000004 3.5000000000000004 1.5000000000000002 17.500000000000004 2.4166666666666674 2.5000000000000004 1.8750000000000002 2.5000000000000004 12.500000000000002 5.5000000000000009 1.5000000000000002 2.1250000000000004 1.7083333333333337 19.500000000000004 1.5000000000000002 12.500000000000002
decision_type=2 2 2 2 2 2 2 2 2 2 2 2 2 2 2 2 2 2 2 2 2 2 2 2
left_child=-1 2 4 -4 5 7 -6 12 18 -10 11 -11 14 -14 17 16 -16 23 -9 20 -12 22 -8 -2
right_child=1 -3 3 -5 6 -7 21 8 9 10 19 -13 13 -15 15 -17 -18 -19 -20 -21 -22 -23 -24 -25
leaf_value=-0.038019351206677182 0.0062606052763469235 -0.036206795664317191 -0.031929404099379333 0.0027144317522265374 -0.042542288549052829 -0.075409413996617658 -0.034518026829944488 -0.04175131977031396 -0.053221404392000127 0.018559381037287423 0.03484053720800364 -0.058098917932419766 0.017327433239561107 -0.030738652770887231 0.0092067329494301998 0.030031384682241591 -0.047579933469760534 -0.035606370959176167 -0.12375210646977358 0.038034016940351002 -0.013735238209615235 0.026167356431713272 0.033371484999354689 -0.0027314600160508111
leaf_weight=2.7687441706657401 40.283722575753927 1.1647578682750452 2.871277291327714 3.1212373152375221 1.2286061160266388 1.2419224828481663 1.4424265027046186 1.056133534759282 1.9342056140303601 2.2001043409109102 1.474624902009964 1.6840056031942365 1.4319561012089241 4.1575857624411583 2.4611414521932597 8.8123790919780713 1.1254938915371893 1.3271591067314137 0.86175234429538239 4.8738352917134762 1.6352117881178856 6.7957727778702974 1.8352102749049664 15.709853086620567
leaf_count=133 372 22 36 23 11 6 16 19 19 33 13 10 21 23 32 116 7 11 6 49 11 77 35 125
internal_value=-0.000201558 0.000671805 0.00113687 -0.01255 0.00200599 0.0007668 0.0114151 0.00189397 -0.00664114 0.00335754 0.0132528 -0.0126171 0.00378179 -0.0169936 0.00556213 0.0188528 -0.00638254 0.00254767 -0.0827675 0.0268408 0.00672598 0.0187902 0.0010538 0.00359487
internal_weight=113.499 110.73 109.566 5.99251 103.573 92.2711 11.302 91.0292 15.7199 13.802 11.8678 3.88411 75.3093 5.58954 69.7197 12.399 3.58664 57.3207 1.91789 7.98367 3.10984 10.0734 3.27764 55.9936
internal_count=1226 1093 1071 59 1012 873 139 867 160 135 116 43 707 44 663 155 39 508 25 73 24 128 51 497
is_linear=0
shrinkage=0.04


Tree=90
num_leaves=25
num_cat=0
split_feature=16 1 16 24 21 24 26 15 24 15 25 20 24 23 25 21 15 21 15 17 25 21 25 17
split_gain=2.4756 1.13668 1.03068 2.22066 1.03213 2.28925 1.65434 2.72346 2.48365 4.40069 1.88165 1.56945 2.1401 1.74616 1.27702 1.63538 1.39696 1.15238 2.26732 1.06085 1.03397 1.01208 1.50022 1.76268
threshold=1.0000000180025095e-35 28.500000000000004 1.5000000000000002 2.5000000000000004 2.4166666666666674 3.5000000000000004 2.5000000000000004 1.0000000180025095e-35 6.5000000000000009 1.5000000000000002 6.5000000000000009 2.5000000000000004 2.5000000000000004 0.76180168105713697 3.5000000000000004 1.8750000000000002 1.0000000180025095e-35 2.7083333333333335 1.5000000000000002 1.0000000180025095e-35 5.5000000000000009 1.1250000000000002 3.5000000000000004 1.0000000180025095e-35
decision_type=2 2 2 2 2 2 2 2 2 2 2 2 2 2 2 2 2 2 2 2 2 2 2 2
left_child=-1 2 4 -4 6 -6 7 -2 11 -10 -11 19 -13 21 16 -16 -15 20 -19 -8 -7 -14 23 -23
right_child=1 -3 3 -5 5 17 8 -9 9 10 -12 12 13 14 15 -17 -18 18 -20 -21 -22 22 -24 -25
leaf_value=-0.03803580637509444 -0.055713785294669388 -0.043620461711499456 0.00095244879641230812 -0.040292951548404163 -0.065725062990533947 -0.034072373016427453 0.051792749567105605 -0.0017848831728572642 -0.067646413737793218 -0.039217842820651716 0.037847236849939792 -0.020567483813857344 0.020582909491938414 0.0022391484724710582 -0.039879972927228766 0.019543576355558822 0.041955772534077444 -0.028026214630410728 0.028143965115740816 0.0045906905202730856 -0.0011541275125401902 -0.021387737437156332 0.0088448184697778164 0.0052231182368019501
leaf_weight=2.8111461801454416 1.6851534713059688 0.94857172481715579 5.4775540605187398 3.0592356119304895 1.0458062104880799 2.6258157193660718 2.2501165121793738 17.303719837218523 1.9548621922731388 0.66309171915054332 1.6153684966266155 4.1719696000218383 5.7253465987741938 2.4563963450491411 1.0327368602156632 2.5507162138819695 5.8270360641181469 1.5401668548583982 3.7705894261598587 1.7726635709404943 4.9802349880337715 7.4664931669831258 22.54471380636096 7.7897860258817673
leaf_count=139 14 10 45 71 8 16 15 167 13 4 30 40 68 37 5 33 81 13 50 20 37 41 225 60
internal_value=-0.000968154 0 0.000355255 -0.0128911 0.00155678 -0.0083793 0.00324707 -0.00699206 0.00623181 -0.0229388 0.0119081 0.00829963 0.00649842 0.00868132 0.0224695 0.000185463 0.0311439 -0.00311697 0.0103477 0.0329815 -0.0135702 0.00473837 0.00212691 -0.00727598
internal_weight=113.069 110.258 109.31 8.53679 100.773 13.9626 86.8102 18.9889 67.8213 4.23332 2.27846 63.588 59.5652 55.3932 11.8669 3.58345 8.28343 12.9168 5.31076 4.02278 7.60605 43.5263 37.801 15.2563
internal_count=1242 1103 1093 116 977 124 853 181 672 47 34 625 590 550 156 38 118 116 63 35 53 394 326 101
is_linear=0
shrinkage=0.04


Tree=91
num_leaves=25
num_cat=0
split_feature=16 0 10 18 23 21 26 21 27 21 26 26 1 26 3 1 21 23 15 1 21 26 1 26
split_gain=2.37088 1.0193 1.75868 0.762287 3.16487 2.91429 2.81763 1.84021 2.16625 1.54476 1.50414 1.4448 3.37938 1.44397 1.93206 2.32246 1.42837 1.51421 1.38072 1.22304 1.01689 1.69081 1.16057 1.31862
threshold=1.0000000180025095e-35 2.5000000000000004 2.5000000000000004 1.0000000180025095e-35 0.60355339059327384 1.5833333333333337 5.5000000000000009 1.1250000000000002 1.5000000000000002 2.4166666666666674 2.5000000000000004 2.5000000000000004 17.500000000000004 5.5000000000000009 1.0000000180025095e-35 12.500000000000002 1.7083333333333337 0.48570226039551589 1.0000000180025095e-35 18.500000000000004 1.8750000000000002 1.5000000000000002 8.5000000000000018 2.5000000000000004
decision_type=2 2 2 2 2 2 2 2 2 2 2 2 2 2 2 2 2 2 2 2 2 2 2 2
left_child=-1 -2 -3 5 10 7 -6 18 -9 20 -5 -11 -13 14 -10 -16 -12 19 -4 -18 22 -22 -7 -24
right_child=1 2 3 4 6 9 -8 8 13 11 16 12 -14 -15 15 -17 17 -19 -20 -21 21 -23 23 -25
leaf_value=-0.037897390090292388 0.015965336154580966 -0.039687935588899333 -0.0078410962628735759 -0.040605923187837609 -0.059188133527260559 0.026652650690002239 -0.0065365498042077377 0.0066604474576784228 0.0045228040779741706 0.027404392734748231 0.017584977640162217 -0.053969771169215419 0.0070819089575331427 0 -0.019775560975758749 -0.061759447960893381 0.0049705781274946917 0.036199198856999099 0.024239415352505473 -0.025831615628047568 -0.012927279532127949 0.024473810778231846 -0.028314476700467356 0.0054108035807905186
leaf_weight=2.7105872677639118 6.0253559332340947 1.8447872921824444 3.532136566936968 1.1775833982974351 2.9288875050842753 3.2907551229000118 4.5746622383594513 6.6552857123315361 2.3851439990103289 1.3529728055000294 8.5370369814336318 2.3803551495075226 3.2455735206604004 4.9345254749059668 8.5674249529838509 3.3288477063179025 3.1364875845611078 1.1507650837302206 4.5815946534276009 4.5041326461359859 1.9254967272281671 14.934358539059756 2.1827330570667973 12.291998876258729
leaf_count=139 62 37 28 12 21 34 34 66 13 22 113 15 29 37 56 19 32 17 64 30 16 190 22 134
internal_value=-0.000942158 0 -0.000958624 -0.000176653 -0.00615363 0.00177414 -0.0281544 -0.00678279 -0.0121321 0.00895626 0.00233463 -0.00750906 -0.0173273 -0.0190571 -0.0255035 -0.0321961 0.0057144 -0.00490276 0.00928788 -0.0121402 0.012506 0.0197279 0.00520188 0
internal_weight=112.179 109.469 103.444 101.599 26.0096 75.5892 7.50355 33.985 25.8712 41.6042 18.506 6.9789 5.62593 19.2159 14.2814 11.8963 17.3284 8.79139 8.11373 7.64062 34.6253 16.8599 17.7655 14.4747
internal_count=1242 1103 1041 1004 259 745 55 283 191 462 204 66 44 125 88 75 192 79 92 62 396 206 190 156
is_linear=0
shrinkage=0.04


Tree=92
num_leaves=25
num_cat=0
split_feature=1 18 23 25 26 23 15 26 27 25 23 1 26 1 23 26 19 1 15 1 26 1 26 23
split_gain=1.07842 0.932603 2.89521 2.74576 2.72274 1.79466 1.49969 1.46629 1.25946 2.49891 2.4236 1.22945 1.2996 4.38968 1.92682 1.73427 0.859442 0.830868 0.804753 0.685462 0.650645 1.41178 0.984893 1.5645
threshold=28.500000000000004 1.0000000180025095e-35 0.60355339059327384 3.5000000000000004 5.5000000000000009 0.60355339059327384 1.0000000180025095e-35 2.5000000000000004 1.5000000000000002 2.5000000000000004 1.0000000180025095e-35 12.500000000000002 3.5000000000000004 14.500000000000002 0.45220861134162554 4.5000000000000009 1.0000000180025095e-35 20.500000000000004 1.0000000180025095e-35 17.500000000000004 2.5000000000000004 7.5000000000000009 5.5000000000000009 0.45220861134162554
decision_type=2 2 2 2 2 2 2 2 2 2 2 2 2 2 2 2 2 2 2 2 2 2 2 2
left_child=1 5 3 -3 -4 8 16 -8 9 -1 18 -5 13 -13 15 -14 19 -9 -10 -7 21 -12 23 -22
right_child=-2 2 4 11 -6 6 7 17 10 -11 20 12 14 -15 -16 -17 -18 -19 -20 -21 22 -23 -24 -25
leaf_value=0.010717912155766 -0.042828980528975207 -0.046181573066792804 -0.056459020826826418 0.027314121687298958 -0.0058506490073673414 0.0093477725036805095 -0.0010345943770483335 0.022980088108188843 -0.0112339436674196 -0.052167243081165993 -0.049615961454856417 0.0082480335729638015 0.024715200740103638 -0.078130844058750773 0.029448742687551533 -0.02297668290546687 -0.038767757247292957 -0.013931566895413479 0.020064374290971167 -0.036182143926658576 0 0.0059011894422934313 -0.00080882965995425602 -0.027011869851500735
leaf_weight=16.130132627673451 0.97777443286031385 1.7528460593894184 3.1794322673231354 3.5379996746778515 4.5453950818628073 2.7434574458748133 6.1037339176982668 15.578206123784184 1.3145707212388504 1.048102275468408 0.82946717739105125 2.7567058093845835 1.7438964452594499 1.3375594373792408 4.2087222281843424 3.5866069905459881 1.204087379388511 0.76480518095195371 6.2054478470236063 0.65463429689407338 5.0378609523177209 6.2288409918546677 7.2677995478734365 12.679048650898038
leaf_count=165 14 26 38 50 44 43 53 201 20 9 4 25 16 14 74 30 22 12 98 9 30 76 70 99
internal_value=-0.000908475 -0.000464894 -0.0070376 0.000980479 -0.027716 0.00153005 0.0100669 0.0144795 -0.00239851 0.00641537 -0.0064277 0.00626062 0.000210273 -0.0180172 0.00887221 -0.00587329 -0.00971727 0.0207632 0.0135293 0 -0.011361 0 -0.0143945 -0.0195161
internal_weight=111.417 110.439 26.6492 18.9243 7.72483 83.7902 27.0489 22.4467 56.7413 17.1782 39.563 17.1715 13.6335 4.09427 9.53923 5.3305 4.60218 16.343 7.52002 3.39809 32.043 7.05831 24.9847 17.7169
internal_count=1242 1228 317 235 82 911 340 266 571 174 397 209 159 39 120 46 74 213 118 52 279 80 199 129
is_linear=0
shrinkage=0.04


Tree=93
num_leaves=25
num_cat=0
split_feature=16 16 24 20 24 17 25 26 25 24 18 26 25 1 26 15 26 24 25 24 24 26 24 1
split_gain=2.25457 0.912758 2.08568 0.951291 1.04909 6.10034 1.88471 1.44463 1.29681 5.98785 1.10755 1.83075 1.65194 2.75082 5.26474 0.573274 1.25116 1.2546 0.756732 1.07995 0.941616 0.654304 0.416252 0.367096
threshold=1.0000000180025095e-35 1.5000000000000002 2.5000000000000004 2.5000000000000004 2.5000000000000004 1.0000000180025095e-35 2.5000000000000004 1.5000000000000002 1.5000000000000002 4.5000000000000009 1.0000000180025095e-35 2.5000000000000004 3.5000000000000004 17.500000000000004 3.5000000000000004 2.5000000000000004 1.5000000000000002 6.5000000000000009 5.5000000000000009 5.5000000000000009 6.5000000000000009 4.5000000000000009 5.5000000000000009 12.500000000000002
decision_type=2 2 2 2 2 2 2 2 2 2 2 2 2 2 2 2 2 2 2 2 2 2 2 2
left_child=-1 3 -3 22 5 -5 7 -7 9 -6 15 -12 -13 23 -15 16 17 -10 19 -18 21 -20 -2 -14
right_child=1 2 -4 4 8 6 -8 -9 10 -11 11 12 13 14 -16 -17 18 -19 20 -21 -22 -23 -24 -25
leaf_value=-0.037733327826979066 0.021905497369089231 0.00056320154658115777 -0.040074598399389379 -0.072888442626338423 -0.082517363522544934 0.039489223889752949 -0.046650080136740206 0 -0.049612916412662814 0.0056382239984910766 -0.045879474501439831 -0.046116749217210484 0.034044083732182907 -0.08117898499440164 0 -0.0074786359331103017 0.0077780537918487836 0.00096046312750252617 0.032215393147980699 -0.023080507161117692 -0.00013469111842034822 0 0 0.010685866208122093
leaf_weight=2.5956282634288064 4.789773564785718 5.3867901153862459 2.9175397753715515 2.0944590717554075 1.6180020105093706 2.2213679477572441 0.91923673450946797 3.4786987267434597 1.1780807450413695 4.6253636162728071 1.5694513097405458 1.2275427561253334 3.1719552315771606 1.4191434569656838 13.272278532385824 4.0077936947345725 36.407409586012363 1.5081177428364754 5.9595779068768007 1.794261448085307 2.2275018692016602 1.5250025391578672 1.0359599813818929 3.7589175142347813
leaf_count=139 41 45 71 15 13 35 7 37 9 46 14 10 44 10 122 22 339 22 75 15 33 21 16 41
internal_value=-0.000893316 0 -0.0127506 0.00105128 0 -0.013139 0.0045582 0.0142199 0.00142957 -0.0159264 0.00290197 -0.00398308 -0.000755299 0.00144998 -0.00795034 0.0061273 0.00736307 -0.0182412 0.0089655 0.00611927 0.0193372 0.0262011 0.0167392 0.0225301
internal_weight=110.71 108.114 8.30433 99.8099 93.9842 8.71376 6.6193 5.70007 85.2704 6.24337 79.027 24.4193 22.8498 21.6223 14.6914 54.6077 50.6 2.6862 47.9138 38.2017 9.71208 7.48458 5.82573 6.93087
internal_count=1242 1103 116 987 930 94 79 72 836 59 777 241 227 217 132 536 514 31 483 354 129 96 57 85
is_linear=0
shrinkage=0.04


Tree=94
num_leaves=25
num_cat=0
split_feature=24 1 18 21 21 0 21 1 21 26 1 26 27 1 1 24 27 22 1 21 26 1 26 26
split_gain=1.12699 1.03696 0.903407 2.17658 1.21589 1.75579 1.67986 1.61917 1.49178 1.31497 2.57657 1.12989 1.36346 1.82691 2.2188 1.02259 0.995366 2.631 1.097 0.940718 1.80446 0.916497 1.18772 0.863912
threshold=1.5000000000000002 28.500000000000004 1.0000000180025095e-35 1.5833333333333337 1.5833333333333337 2.5000000000000004 2.4166666666666674 4.5000000000000009 1.1250000000000002 2.5000000000000004 17.500000000000004 5.5000000000000009 1.5000000000000002 24.500000000000004 12.500000000000002 4.5000000000000009 3.5000000000000004 2.5000000000000004 18.500000000000004 1.8750000000000002 1.5000000000000002 8.5000000000000018 2.5000000000000004 2.5000000000000004
decision_type=2 2 2 2 2 2 2 2 2 2 2 2 2 2 2 2 2 2 2 2 2 2 2 2
left_child=-1 2 4 -4 5 23 19 -7 15 -8 -11 12 -10 14 -14 -9 17 18 -5 21 -21 -6 -23 -2
right_child=1 -3 3 16 6 7 9 8 11 10 -12 -13 13 -15 -16 -17 -18 -19 -20 20 -22 22 -24 -25
leaf_value=-0.038428594191255661 -0.004797165232567297 -0.042334913645457786 0.010967663259814157 0.0094687508053573621 0.022341606347517817 0.036508607759807903 0.024352309256126824 -0.0023931891520819824 0 -0.04352796991596726 0.0049038325273992635 0.0031326063517361146 -0.01779739626790066 0.005855057291914093 -0.057784330704919937 0.02699465491637764 -0.00053963293258479342 -0.04593006554610158 -0.020715984911004931 -0.014390758600481984 0.02216135741651621 -0.027634868609207643 0.0039397590758836797 0.031723293730032964
leaf_weight=1.2683886857703317 1.0227860752493132 0.93373167514800925 7.5696298340335515 3.4842244228348154 3.3682088665664223 1.2954346574842919 1.32483360916376 5.713437117636202 5.1462049447000089 3.2076339218765497 3.3264124915003777 4.5862386506050816 8.5775021463632566 2.3252382427453986 3.5666621606796971 2.581877812743187 6.6833133567124596 4.3931279936805367 3.8310405164957047 2.2340991236269501 15.538263366557656 2.2371297273784867 12.460570337250827 3.1796130128204823
leaf_count=37 15 13 102 48 37 22 24 55 45 27 32 39 60 12 24 47 63 61 35 24 214 27 147 32
internal_value=-0.000875801 -0.00036348 0 -0.00649946 0.00206623 -0.00302348 0.00667485 -0.00623919 -0.00818942 -0.00954931 -0.0176475 -0.0133112 -0.0175637 -0.0238531 -0.0302001 0.00578924 -0.0141235 -0.0211941 -0.00524554 0.0104558 0.0171164 0.00346066 -0.000321897 0.0209312
internal_weight=109.856 108.587 107.653 25.9613 81.6921 37.995 43.6972 33.7926 32.4972 7.85888 6.53405 24.2018 19.6156 14.4694 12.1442 8.29531 18.3917 11.7084 7.31526 35.8383 17.7724 18.0659 14.6977 4.2024
internal_count=1242 1205 1192 309 883 351 532 304 282 83 59 180 141 96 84 102 207 144 83 449 238 211 174 47
is_linear=0
shrinkage=0.04


Tree=95
num_leaves=25
num_cat=0
split_feature=16 21 24 16 24 15 25 21 24 24 25 1 21 26 17 26 21 5 0 0 19 1 24 26
split_gain=1.73305 1.10858 1.63396 1.14376 1.69114 1.03523 2.46467 1.011 2.06604 1.35735 1.87544 0.989239 0.931271 1.00646 0.87286 1.40767 0.690125 0.511495 0.414622 0.411249 0.367493 2.9435 1.60051 0.685289
threshold=1.0000000180025095e-35 2.4166666666666674 3.5000000000000004 1.5000000000000002 2.5000000000000004 1.5000000000000002 3.5000000000000004 1.8750000000000002 3.5000000000000004 5.5000000000000009 5.5000000000000009 19.500000000000004 2.7083333333333335 3.5000000000000004 1.5000000000000002 4.5000000000000009 2.8750000000000004 1.0000000180025095e-35 3.5000000000000004 3.5000000000000004 1.0000000180025095e-35 16.500000000000004 3.5000000000000004 5.5000000000000009
decision_type=2 2 2 2 2 2 2 2 2 2 2 2 2 2 2 2 2 2 2 2 2 2 2 2
left_child=-1 3 -3 7 -5 16 -7 14 -9 17 -11 19 -8 -14 20 -16 -4 18 -10 -12 23 22 -22 -2
right_child=1 2 5 4 -6 6 12 8 9 10 11 -13 13 -15 15 -17 -18 -19 -20 -21 21 -23 -24 -25
leaf_value=-0.037385204258330078 -0.0015896061951650097 -0.058981348932586608 -0.0097310152088448728 -0.00093261842975896167 -0.040332127230946882 -0.049222081210237086 -0.0021997136719166268 -0.025815538060685247 0.034205571307281503 -0.044897352579970587 0.035475425094783596 -0.0082132517034711142 -0.0056242896813256662 0.039193128802757146 -0.047344398877104982 -0.00029918725999175059 -0.04415074480379641 0.0011078046902722987 0.013208908962011828 0.002661225361933139 -0.04152003647649366 -0.061590105899135182 0.0077385110473285855 0.0095165945856730289
leaf_weight=2.3646437469869843 36.354044325649738 1.1817836053669442 4.4085549507290107 5.7950497753918153 2.8045734297484159 1.2370288260281084 2.7451850958168507 2.4303751252591637 5.082076735794546 1.2780557610094536 1.9633640311658382 2.6969656497240067 0.74179603904485736 2.6153638958930969 1.7296464592218388 3.3542651198804379 1.6464996449649332 2.5060188472270957 4.5519342720508575 1.7476331442594528 1.2161954343318919 1.3884126096963871 7.75577312707901 11.539422057569025
leaf_count=135 325 11 33 49 64 11 25 20 100 10 35 19 12 34 10 32 16 19 28 14 11 7 74 141
internal_value=-0.00326545 -0.00245014 -0.0127532 -0.000770847 -0.0147122 -0.0080772 0.00100887 0.000536368 0.00794225 0.012484 0 0.00813849 0.0125023 0.0269073 -0.0019397 -0.0178785 -0.0204117 0.0208185 0.0251153 0.0221779 -0.000411362 -0.00733475 0.000169601 0.000919278
internal_weight=111.135 108.77 14.5762 94.1938 8.59962 13.3944 7.33937 85.5942 22.2564 19.826 7.68602 6.40796 6.10235 3.35716 63.3378 5.08391 6.05505 12.14 9.63401 3.711 58.2538 10.3604 8.97197 47.8935
internal_count=1235 1100 142 958 113 131 82 845 245 225 78 68 71 46 600 42 49 147 128 49 558 92 85 466
is_linear=0
shrinkage=0.04


Tree=96
num_leaves=25
num_cat=0
split_feature=24 21 24 15 25 23 25 21 26 15 25 26 21 25 0 26 21 26 23 24 24 26 1 24
split_gain=1.36069 1.15839 1.52067 1.00446 2.27692 1.8408 1.96956 0.928524 0.977433 0.892361 1.73286 2.07555 1.57355 1.2909 2.59982 2.18527 1.24198 1.35962 1.21348 1.29233 1.14737 1.15694 1.10518 4.20992
threshold=1.5000000000000002 2.4166666666666674 3.5000000000000004 1.5000000000000002 3.5000000000000004 1.1038793623175318 3.5000000000000004 2.7083333333333335 3.5000000000000004 1.0000000180025095e-35 2.5000000000000004 7.0000000000000009 1.1250000000000002 1.5000000000000002 2.5000000000000004 5.5000000000000009 1.8750000000000002 1.5000000000000002 0.45220861134162554 3.5000000000000004 5.5000000000000009 2.5000000000000004 14.500000000000002 4.5000000000000009
decision_type=2 2 2 2 2 2 2 2 2 2 2 2 2 2 2 2 2 2 2 2 2 2 2 2
left_child=-1 9 -3 5 -5 6 -4 -6 -9 10 13 -12 -11 14 15 -2 22 -18 -19 -20 21 -21 -14 -24
right_child=1 2 3 4 7 -7 -8 8 -10 12 11 -13 16 -15 -16 -17 17 18 19 20 -22 -23 23 -25
leaf_value=-0.040328681111330866 -0.019891036172085957 -0.056968943129110994 0 -0.04839072073453015 -0.0028706510177436751 0.01093004494478053 -0.053411034909888216 -0.0053839319918264038 0.038796671910587117 0.02482406402491126 -0.052278983956448422 0 0.00046541144598197335 0.0080544508826516457 -0.050780725838092206 0.03623810405864053 -0.022296323650876113 -0.0021367629292543193 -0.019010256579910262 -0.0025446253956341218 0.0036296630043270045 0.039225578618992944 -0.079606074980191496 -0.0055503006291702595
leaf_weight=1.5847619231790293 2.798491422086955 1.2232090486213554 1.4551564306020717 1.208528848364949 2.8009867705404758 1.7536619296297429 2.9648949699476361 0.74387253448367152 2.5379765704274178 4.2340074963867655 2.7326280083507291 2.1609827252104878 31.946542539633811 9.0706407837569714 2.1953244907781482 1.820245476439595 1.9363928511738802 5.6820613276213434 1.0659853387624014 0.852949993684886 3.9028994087129831 6.3379077352583408 1.3702671751379991 15.993702819570897
leaf_count=44 26 15 22 11 28 15 24 12 34 70 41 34 306 86 30 28 20 49 10 16 49 88 12 165
internal_value=-0.00318092 -0.00256624 -0.0130535 -0.00846996 0.00054007 -0.0204069 -0.0346499 0.0115767 0.0263449 -0.000844259 -0.00821007 -0.029113 0.00113397 -0.00126687 -0.0148491 0.000497398 -0.000202053 0.00814147 0.0118933 0.0191072 0.023491 0.0331584 -0.00371083 -0.0118551
internal_weight=110.374 108.789 14.6883 13.4651 7.29136 6.17371 4.42005 6.08284 3.28185 94.101 20.7783 4.89361 73.3227 15.8847 6.81406 4.61874 69.0887 19.7782 17.8418 12.1597 11.0938 7.19086 49.3105 17.364
internal_count=1235 1191 161 146 85 61 46 74 46 1030 245 75 785 170 84 54 715 232 212 163 153 104 483 177
is_linear=0
shrinkage=0.04


Tree=97
num_leaves=25
num_cat=0
split_feature=24 21 24 15 25 23 25 21 26 15 25 26 21 25 0 26 21 26 23 17 1 25 24 24
split_gain=1.29914 1.09088 1.43833 0.925451 2.13704 1.74109 1.9091 0.879516 0.948987 0.831593 1.62856 2.00719 1.4753 1.20931 2.48836 2.05735 1.14317 1.26341 1.14488 2.04026 1.07845 0.819762 3.15906 0.787755
threshold=1.5000000000000002 2.4166666666666674 3.5000000000000004 1.5000000000000002 3.5000000000000004 1.1038793623175318 3.5000000000000004 2.7083333333333335 3.5000000000000004 1.0000000180025095e-35 2.5000000000000004 7.0000000000000009 1.1250000000000002 1.5000000000000002 2.5000000000000004 5.5000000000000009 1.8750000000000002 1.5000000000000002 0.45220861134162554 1.0000000180025095e-35 4.5000000000000009 1.5000000000000002 4.5000000000000009 2.5000000000000004
decision_type=2 2 2 2 2 2 2 2 2 2 2 2 2 2 2 2 2 2 2 2 2 2 2 2
left_child=-1 9 -3 5 -5 6 -4 -6 -9 10 13 -12 -11 14 15 23 20 -18 -19 -20 -14 22 -22 -2
right_child=1 2 3 4 7 -7 -8 8 -10 12 11 -13 16 -15 -16 -17 17 18 19 -21 21 -23 -24 -25
leaf_value=-0.039974808461634835 0 -0.056025177368867043 0 -0.047590323748661678 -0.0027549750768138294 0.010496757845119387 -0.052803927493027383 -0.0051544515765273189 0.038397251812950783 0.024205147414285651 -0.051755143685803758 0 0.023787521589885049 0.0077649818695737314 -0.050367017334785942 0.035776022007249934 -0.021483583347721415 -0.0020503849652243745 0.0039395490645630698 0.03914713415029094 -0.07689183144382343 -0.0030187013074095908 0 -0.040391946514654935
leaf_weight=1.5358302341774095 1.3831041343510162 1.1946434564888466 1.4551564306020717 1.1802741345018146 2.8018329367041588 1.7530209757387636 2.8807298457249999 0.74586887657642398 2.4633174575865269 4.1698984988033763 2.6515188729390493 2.1609827252104878 2.1087623573839656 9.033208716660738 2.1262213457375765 1.7710073031485078 1.9294077865779424 5.6845217272639301 7.2192093934863788 4.7619021870195866 1.2067518010735501 42.707430629059672 3.3070108164101839 1.4012883855029938
leaf_count=44 9 15 22 11 28 15 24 12 34 70 41 34 34 86 30 28 20 49 91 72 8 416 25 17
internal_value=-0.00309059 -0.00249254 -0.0127523 -0.00825721 0.000396517 -0.0197915 -0.0338823 0.0111497 0.0257823 -0.000820834 -0.00798308 -0.0284339 0.0010811 -0.00121115 -0.0145437 0.000420532 -0.000201815 0.00784633 0.0115025 0.0186005 -0.00356091 -0.00495162 -0.0214678 -0.0191941
internal_weight=109.633 108.097 14.4748 13.2802 7.19129 6.08891 4.33589 6.01102 3.20919 93.6222 20.5273 4.8125 73.0949 15.7148 6.68162 4.5554 68.925 19.595 17.6656 11.9811 49.33 47.2212 4.51376 2.78439
internal_count=1235 1191 161 146 85 61 46 74 46 1030 245 75 785 170 84 54 715 232 212 163 483 449 33 26
is_linear=0
shrinkage=0.04


Tree=98
num_leaves=25
num_cat=0
split_feature=16 16 24 21 22 15 21 1 1 21 24 23 17 25 15 17 26 24 21 21 14 0 1 1
split_gain=1.63163 0.982636 1.59404 1.02481 1.42411 1.06856 1.40671 0.943417 0.832619 0.81128 1.79345 1.16919 1.72105 3.24343 0.832679 0.744052 1.359 0.586534 0.572254 0.470835 0.571767 0.336255 0.329471 0.370291
threshold=1.0000000180025095e-35 1.5000000000000002 2.5000000000000004 2.4166666666666674 3.5000000000000004 1.0000000180025095e-35 3.7083333333333335 18.500000000000004 17.500000000000004 1.8750000000000002 3.5000000000000004 0.45220861134162554 1.0000000180025095e-35 5.5000000000000009 1.5000000000000002 1.5000000000000002 4.5000000000000009 4.5000000000000009 2.8750000000000004 2.1250000000000004 3.5000000000000004 3.5000000000000004 19.500000000000004 11.500000000000002
decision_type=2 2 2 2 2 2 2 2 2 2 2 2 2 2 2 2 2 2 2 2 2 2 2 2
left_child=-1 3 -3 9 7 -6 17 8 -5 15 -11 21 13 -13 -14 -2 -17 -7 -19 20 -15 22 23 -12
right_child=1 2 -4 4 5 6 -8 -9 -10 10 11 12 14 19 -16 16 -18 18 -20 -21 -22 -23 -24 -25
leaf_value=-0.037134797253494403 -0.00020174385401387857 -0.0017339688353281198 -0.04003144428287727 -0.02539622644194198 -0.038443632777984037 0.033740204428448169 -0.032105233324387555 -0.054720568909440027 0.0082889911780514233 -0.024221773021888861 0 -0.046655137356362716 0.041786043802844654 0.024127379481995254 0 -0.045660448658923637 0 -0.024556215903731742 0.013912029555413215 0.036310418662692537 -0.0043154109288574983 -0.01341244438996483 -0.0035163701310198872 0.034313738827548568
leaf_weight=2.2247317787259808 57.790821431204677 5.7906254306435567 2.8278212901204824 3.3694321159273368 0.96962523087859143 2.0116855166852474 1.111218813806772 1.5234973095357416 1.349859334528446 2.3984961733222034 0.92895090952515902 1.4772100150585155 4.8151359781622887 1.9348814189434052 0.64935053139924992 1.6924499571323384 3.3283918313682079 0.73544842004776034 2.5963015910238028 2.0058636367321014 1.8697763830423355 2.5208647027611732 1.9814034700393675 1.0080555193126199
leaf_count=135 558 50 71 30 13 16 7 16 8 20 11 10 76 35 4 10 32 7 37 29 15 13 11 21
internal_value=-0.00299803 -0.00221119 -0.0152281 -0.000985671 -0.0111777 0 0.00654702 -0.0252689 -0.0140661 0.00056992 0.00732825 0.0116881 0.0187542 0.00473797 0.035983 -0.00162573 -0.0164227 0.0160823 0.00301943 0.0191805 0.00804665 -0.00106304 0.00484017 0.0175183
internal_weight=108.912 106.687 8.61845 98.0687 13.6671 7.42428 6.45465 6.24279 4.71929 84.4017 21.59 19.1915 12.7522 7.28773 5.46449 62.8117 5.02084 5.34344 3.33175 5.81052 3.80466 6.43927 3.91841 1.93701
internal_count=1235 1100 121 979 134 80 67 54 38 845 245 225 169 89 80 600 42 60 44 79 50 56 43 32
is_linear=0
shrinkage=0.04


Tree=99
num_leaves=25
num_cat=0
split_feature=16 16 1 21 22 18 15 21 21 18 24 23 26 1 23 17 26 1 24 21 21 21 15 18
split_gain=1.56562 0.919934 1.54976 0.954091 1.31654 1.12566 1.008 1.30069 0.753538 2.05241 2.44685 1.8067 1.36014 1.33034 2.7054 0.691904 1.26822 0.602214 0.548755 0.533098 0.292435 1.32816 2.21079 0.89135
threshold=1.0000000180025095e-35 1.5000000000000002 7.5000000000000009 2.4166666666666674 3.5000000000000004 1.0000000180025095e-35 1.0000000180025095e-35 3.7083333333333335 1.8750000000000002 1.0000000180025095e-35 3.5000000000000004 0.45220861134162554 1.5000000000000002 26.500000000000004 1.0000000180025095e-35 1.5000000000000002 4.5000000000000009 17.500000000000004 4.5000000000000009 2.8750000000000004 1.4166666666666667 1.5833333333333337 2.5000000000000004 1.0000000180025095e-35
decision_type=2 2 2 2 2 2 2 2 2 2 2 2 2 2 2 2 2 2 2 2 2 2 2 2
left_child=-1 3 -3 8 5 17 -6 18 15 10 -10 -12 -13 14 -11 20 -17 -5 -8 -20 23 -22 -23 -2
right_child=1 2 -4 4 6 -7 7 -9 9 13 11 12 -14 -15 -16 16 -18 -19 19 -21 21 22 -24 -25
leaf_value=-0.036977052707605165 -0.0054263568312820235 -0.0016055670746865306 -0.039762668704525529 -0.022191225965659506 -0.037983638891351326 -0.053730483430925693 0.03278792041352372 -0.030619814489297896 -0.024102246707993144 0.0033160005305375977 0 -0.012279642373250011 0.035741951350517005 0.02116023722233137 -0.054516172269212765 -0.044320859227825665 0 0.0058774957880580484 -0.023847094362509418 0.013430573392945407 0.017174785521822677 0.00042908472947129976 -0.057814836893574605 0.016135737725597808
leaf_weight=2.146435258910059 28.267971234396104 5.7816928923130018 2.7439778186380863 3.0973992198705655 0.94266045093536366 1.6942342091351745 1.9877995625138281 1.1183704473078249 2.0128311738371876 2.4797089286148539 3.6874274760484687 0.79185997694730659 8.7620729152113181 1.2798013091087339 2.2594508118927479 1.6742327585816372 3.3283918313682079 1.4093413203954694 0.727195464074612 2.5820934604853392 7.4786315932869938 17.6453564260155 1.0935281068086613 3.3098232429474583
leaf_count=135 251 49 72 28 13 16 16 7 15 22 34 7 136 12 19 10 32 10 7 37 61 189 8 49
internal_value=-0.00291921 -0.00215521 -0.0148247 -0.000966886 -0.0108429 -0.024429 0 0.00627687 0.000530778 0.00710739 0.0151479 0.0217186 0.0309244 -0.0119411 -0.0225681 -0.00156969 -0.0158679 -0.0116385 0.0155771 0.0028216 -0.000193659 0.00277651 -0.00254288 -0.00291299
internal_weight=108.302 106.156 8.52567 97.6302 13.5591 6.20097 7.35812 6.41546 84.0711 21.2732 15.2542 13.2414 9.55393 6.01896 4.73916 62.7979 5.00262 4.50674 5.29709 3.30929 57.7953 26.2175 18.7389 31.5778
internal_count=1235 1100 121 979 134 54 80 67 845 245 192 177 143 53 41 600 42 38 60 44 558 258 197 300
is_linear=0
shrinkage=0.04


Tree=100
num_leaves=25
num_cat=0
split_feature=16 27 24 24 25 15 16 18 25 21 26 22 18 21 0 25 1 22 1 21 22 27 24 26
split_gain=1.90959 1.03943 3.23757 2.32467 2.16089 1.718 1.53354 1.15148 1.48187 1.83506 1.17473 1.64999 0.999531 2.23525 1.59784 1.81365 1.46079 2.46672 1.40501 0.770376 1.64861 1.04771 0.718941 0.714178
threshold=1.0000000180025095e-35 2.5000000000000004 2.5000000000000004 5.5000000000000009 4.5000000000000009 1.5000000000000002 1.5000000000000002 1.0000000180025095e-35 2.5000000000000004 1.2916666666666667 3.5000000000000004 2.5000000000000004 1.0000000180025095e-35 1.5833333333333337 3.5000000000000004 2.5000000000000004 20.500000000000004 2.5000000000000004 17.500000000000004 1.4166666666666667 2.5000000000000004 1.5000000000000002 4.5000000000000009 2.5000000000000004
decision_type=2 2 2 2 2 2 2 2 2 2 2 2 2 2 2 2 2 2 2 2 2 2 2 2
left_child=-1 3 -3 4 5 7 12 8 19 -10 -11 -12 14 -14 15 -4 17 18 22 21 -21 -2 -15 -16
right_child=1 2 6 -5 -6 -7 -8 -9 9 10 11 -13 13 16 23 -17 -18 -19 -20 20 -22 -23 -24 -25
leaf_value=-0.036925934225280163 0.010019388087834437 -0.060784773395653427 0.0010652259345834485 -0.05131374080686605 -0.047836918206032517 -0.052342138496668397 -0.035838172372762815 -0.038807470439502216 0.024036085877506348 0 -0.036985466547253702 0.0041929294790022985 0.020066946318397613 0 -0.0089617039190863345 0.032860950431193844 0.0069103621175004128 -0.044687765803359814 -0.021954187094355145 0.037318853590299725 0.00034612842373845553 -0.015825411978935219 0.037888370981610769 0.0084634468483268718
leaf_weight=2.1204926660284391 10.301947362720968 1.1526672095060337 4.9644015580415717 1.5569637967273582 1.5356285423040379 0.95673157274722953 1.2789530837908376 1.0570530127733935 2.6286512240767506 7.2979722358286363 4.6968879885971546 1.8420757390558717 6.6616623513400581 1.508050344884394 4.6206451971083906 9.1466393023729307 5.8681299332529298 3.4555222168564796 2.8092233501374722 4.2741981446742994 4.3415330331772566 3.1670021582394829 1.4248022139072416 15.178447619080542
leaf_count=134 95 6 45 26 13 5 36 13 40 59 26 32 78 15 30 178 59 28 26 53 60 29 25 101
internal_value=0.000512021 0.00137107 0.00493171 -0.00318181 -0.00121173 0.000356133 0.00640315 0.00183106 0.0031529 -0.00562178 -0.0118342 -0.0241618 0.00751795 0.000431311 0.0118227 0.0222418 -0.00772004 -0.0179241 -0.000424812 0.0100572 0.0196165 0.00334845 0.0174693 0.00399277
internal_weight=103.846 101.726 58.0691 43.6566 42.0997 40.5641 56.9165 39.6073 38.5503 16.4656 13.8369 6.53896 55.6375 21.7274 33.9101 14.111 15.0657 9.1976 5.74208 22.0847 8.61573 13.4689 2.93285 19.7991
internal_count=1212 1078 627 451 425 412 621 407 394 157 117 58 585 231 354 223 153 94 66 237 113 124 40 131
is_linear=0
shrinkage=0.04


Tree=101
num_leaves=25
num_cat=0
split_feature=16 27 24 24 25 16 23 1 0 18 27 23 23 0 1 27 25 23 23 23 25 1 0 18
split_gain=1.82332 0.96762 3.02944 2.21274 2.04947 1.45239 1.13328 1.34609 1.03135 0.869187 0.580986 1.18879 0.852537 0.888609 0.681621 0.568408 1.29484 0.479898 0.458089 0.430186 0.699224 0.365194 0.348396 0.981896
threshold=1.0000000180025095e-35 2.5000000000000004 2.5000000000000004 5.5000000000000009 4.5000000000000009 1.5000000000000002 0.45220861134162554 15.500000000000002 2.5000000000000004 1.0000000180025095e-35 3.5000000000000004 0.84759080068664439 0.84759080068664439 3.5000000000000004 16.500000000000004 1.5000000000000002 1.5000000000000002 1.1038793623175318 0.76180168105713697 0.90441722268325109 2.5000000000000004 4.5000000000000009 3.5000000000000004 1.0000000180025095e-35
decision_type=2 2 2 2 2 2 2 2 2 2 2 2 2 2 2 2 2 2 2 2 2 2 2 2
left_child=-1 3 -3 4 8 6 22 -8 -2 15 12 -12 13 14 -9 18 -17 -13 21 -18 -21 -10 23 -4
right_child=1 2 5 -5 -6 -7 7 10 9 -11 11 17 -14 -15 -16 16 19 -19 -20 20 -22 -23 -24 -25
leaf_value=-0.036763613239278459 0.020522665630532608 -0.059253994622123621 0.025360048117824881 -0.050750601463950884 -0.047214001401637777 -0.035560549432794131 0.020994100866067591 0.034905136617077628 0.024686316776643871 -0.038298171173472409 0.033901776069250704 -0.014818127564410692 0.01418914459983228 -0.016123724986913487 0 -0.046242879566693158 -0.0039624035387013316 0.017728566424021399 -0.013430926545375326 0.036906246360866445 -0.0014023006852007154 0.0046504020838558681 -0.0055341241529442489 -0.0087985400215260141
leaf_weight=2.0461627170443526 3.7337056566029778 1.1354956924915303 2.5203177109360704 1.5121791474521149 1.4944879338145245 1.2382056694477785 14.215951798483728 1.0065684095025114 2.2653201110661021 1.0028610806912173 2.9757175967097274 1.8033458888530733 5.7770594730973235 5.8008270151913166 6.3195476643741131 1.1310043856501604 19.390883404761556 1.1831399053335188 1.352828625589608 1.1457803137600413 1.2387256883084774 9.1052678227424604 11.155704597942531 2.4418647922575474
leaf_count=134 31 6 49 26 13 36 168 22 37 12 45 19 51 44 75 12 190 9 13 19 19 79 81 22
internal_value=0.000486871 0.00132118 0.00477554 -0.00307973 -0.00116656 0.00620552 0.00728731 0.0109914 0.000340076 -0.00149861 0.0049511 0.0159564 0.00105691 -0.00411305 0.00430504 -0.000238289 -0.00421655 0 0.00629515 -0.00166634 0.0136504 0.00934565 -0.00119783 0.00693859
internal_weight=102.993 100.947 57.5737 43.373 41.8609 56.4383 55.2 39.0822 40.3664 36.6327 24.8662 5.9622 18.904 13.1269 7.32612 35.6298 22.9064 2.98649 12.7234 21.7754 2.38451 11.3706 16.1179 4.96218
internal_count=1212 1078 627 451 425 621 585 433 412 381 265 73 192 141 97 369 240 28 129 228 38 116 152 71
is_linear=0
shrinkage=0.04


Tree=102
num_leaves=25
num_cat=0
split_feature=16 27 24 24 25 15 16 23 1 25 21 21 15 21 22 25 21 21 21 0 1 22 21 1
split_gain=1.7398 0.90008 2.83512 2.10515 1.94332 1.60059 1.37409 1.06 1.25573 1.01298 1.72591 1.01165 1.57187 0.741986 0.642211 0.764524 0.89861 0.672187 1.01361 1.03912 0.628616 0.845443 1.50569 0.607845
threshold=1.0000000180025095e-35 2.5000000000000004 2.5000000000000004 5.5000000000000009 4.5000000000000009 1.5000000000000002 1.5000000000000002 0.45220861134162554 15.500000000000002 2.5000000000000004 1.2916666666666667 1.1250000000000002 1.5000000000000002 1.8750000000000002 3.5000000000000004 5.5000000000000009 1.4166666666666667 2.4166666666666674 2.1250000000000004 3.5000000000000004 8.5000000000000018 2.5000000000000004 1.5833333333333337 18.500000000000004
decision_type=2 2 2 2 2 2 2 2 2 2 2 2 2 2 2 2 2 2 2 2 2 2 2 2
left_child=-1 3 -3 4 5 9 7 11 -9 -2 -11 -4 13 -13 15 16 -10 18 19 -17 -12 22 -22 -21
right_child=1 2 6 -5 -6 -7 -8 8 14 10 20 12 -14 -15 -16 17 -18 -19 -20 23 21 -23 -24 -25
leaf_value=-0.036597788617267119 0.007391181516816542 -0.057813842865232674 0.025992618699676461 -0.050191611750206734 -0.04660778057696504 -0.051026986617613623 -0.035280022353205251 0.020372675116649336 0 0.023441139909819525 0 -0.049341524384099202 0.0061460714555446831 -0.011264551891193544 0.01873030472079425 0.019140202947553885 -0.038263919120411896 -0.011032651501521391 0.03974497073091033 -0.024734993285503128 -0.0095307320260647789 0.0041190348800727731 -0.049781354266126787 0.0013597885937692725
leaf_weight=1.9746612673625339 22.684848096221685 1.1175929643213738 1.8492202349007154 1.4687409410253156 1.4541870728135098 0.93922819197177787 1.1989248348399986 14.066678289324043 3.0486425161361757 2.6020442619919804 4.0673508197069159 1.2898493260145167 7.7504047797992826 5.1992199793457985 4.4412764124572268 4.8917214050888997 1.4735083132982252 2.6826708503067485 1.6723834462463845 1.8036582991480825 5.6520889364182931 1.8401593752205361 2.4435146171599627 4.721983827650547
leaf_count=134 248 6 36 26 13 5 36 168 19 40 34 7 67 42 53 97 11 21 22 12 37 32 16 30
internal_value=0.000453296 0.00126202 0.00460784 -0.00298822 -0.00113305 0.000311884 0.00599422 0.00704146 0.0106443 0.00174275 -0.00549197 -0.00115046 -0.00523724 -0.0200661 0.00478852 0.0013433 -0.0126148 0.00585248 0.00992416 0.00485541 -0.0114396 -0.0169016 -0.0226679 -0.00462676
internal_weight=102.335 100.36 57.2077 43.1522 41.6834 40.2292 56.0901 54.8912 38.8025 39.29 16.6052 16.0887 14.2395 6.48907 24.7358 20.2946 4.52215 15.7724 13.0897 11.4174 14.0031 9.93576 8.0956 6.52564
internal_count=1212 1078 627 451 425 412 621 585 433 407 159 152 116 49 265 212 30 182 161 139 119 85 53 42
is_linear=0
shrinkage=0.04


Tree=103
num_leaves=25
num_cat=0
split_feature=16 27 24 24 25 16 23 25 24 22 15 0 15 22 25 15 15 0 25 15 25 22 22 25
split_gain=1.6607 0.835013 2.65589 2.00412 1.84408 1.30077 0.987387 0.962738 1.19197 0.948226 1.4618 0.931151 1.3897 0.709488 1.12255 1.10718 0.696006 1.39282 1.04176 0.626957 0.626439 0.437378 0.385884 0.487928
threshold=1.0000000180025095e-35 2.5000000000000004 2.5000000000000004 5.5000000000000009 4.5000000000000009 1.5000000000000002 0.45220861134162554 2.5000000000000004 5.5000000000000009 1.5000000000000002 1.5000000000000002 2.5000000000000004 1.5000000000000002 1.5000000000000002 2.5000000000000004 1.0000000180025095e-35 1.5000000000000002 3.5000000000000004 6.5000000000000009 1.5000000000000002 5.5000000000000009 2.5000000000000004 3.5000000000000004 6.5000000000000009
decision_type=2 2 2 2 2 2 2 2 2 2 2 2 2 2 2 2 2 2 2 2 2 2 2 2
left_child=-1 3 -3 4 11 6 9 -8 19 -4 -11 -2 13 15 -15 -13 17 18 -10 20 -9 -20 23 -18
right_child=1 2 5 -5 -6 -7 7 8 16 10 -12 12 -14 14 -16 -17 22 -19 21 -21 -22 -23 -24 -25
leaf_value=-0.036428310379978415 0.019565384897581847 -0.056455712987224786 0.025454385563483051 -0.049636432969313263 -0.046016927057762599 -0.034996391050492619 -0.0067646913258825004 0.034361641017893282 0.035836236367794365 -0.019383174723159768 0.005912333515948956 -0.00049582457774216061 -0.049949264504488007 0.0042608086182419 -0.010951613729665813 0.034876430930066524 -0.0028815235486163117 -0.045230031400976513 0.0014078081402815236 0.0085548418774770898 0.010421939060920416 -0.028387497086064757 0.024077881000642495 0.014115237381021398
leaf_weight=1.905884058214723 3.7041544727981082 1.0990750566124905 1.8135207518935228 1.4266166072338808 1.4147445335984219 1.1610629893839348 4.1091099530458441 6.8736017439514416 1.1487323902547388 6.4668883942067605 7.7348596667870879 2.724736798554658 0.92147428542375465 16.52040217444301 14.013766152784227 2.2372997552156448 4.7433877512812597 1.2125514000654218 1.1818774007260802 6.6600148268043986 3.874147567898035 1.1419662088155744 2.6700938232243052 4.8876756578683853
leaf_count=134 31 6 36 26 13 36 30 96 25 49 67 29 5 193 119 35 32 11 26 71 38 12 35 57
internal_value=0.000427805 0.00121227 0.00445215 -0.00288324 -0.00108485 0.00579811 0.00681364 0.0103089 0.0125813 -0.00108994 -0.00504288 0.000300116 -0.00143974 0 -0.00245899 0.0138407 0.00442601 -0.00777592 0.00299851 0.0200795 0.0264766 -0.00979141 0.0097237 0.00491353
internal_weight=101.648 99.7418 56.7786 42.9632 41.5366 55.6795 54.5184 38.5032 34.394 16.0153 14.2017 40.1218 36.4177 35.4962 30.5342 4.96204 16.9863 4.68513 3.47258 17.4078 10.7477 2.32384 12.3012 9.63106
internal_count=1212 1078 627 451 425 621 585 433 403 152 116 412 381 376 312 64 198 74 63 205 134 38 124 89
is_linear=0
shrinkage=0.04


Tree=104
num_leaves=25
num_cat=0
split_feature=16 27 24 24 25 16 18 27 25 23 1 21 15 26 26 22 26 18 15 21 22 25 21 18
split_gain=1.58545 0.778426 2.49074 1.90729 1.74974 1.23224 0.961308 1.03967 1.26682 0.919267 1.08479 0.886542 1.34915 1.83539 1.19566 0.841639 0.753674 1.86796 1.22778 0.737425 0.579594 0.662364 0.828368 0.683673
threshold=1.0000000180025095e-35 2.5000000000000004 2.5000000000000004 5.5000000000000009 4.5000000000000009 1.5000000000000002 1.0000000180025095e-35 1.5000000000000002 1.5000000000000002 0.45220861134162554 15.500000000000002 1.1250000000000002 1.5000000000000002 2.5000000000000004 4.5000000000000009 2.5000000000000004 2.5000000000000004 1.0000000180025095e-35 1.5000000000000002 1.8750000000000002 3.5000000000000004 5.5000000000000009 1.4166666666666667 1.0000000180025095e-35
decision_type=2 2 2 2 2 2 2 2 2 2 2 2 2 2 2 2 2 2 2 2 2 2 2 2
left_child=-1 3 -3 4 6 9 7 15 -9 11 16 -4 19 -14 -15 -2 17 -11 -18 -13 21 22 -12 -23
right_child=1 2 5 -5 -6 -7 -8 8 -10 10 20 12 13 14 -16 -17 18 -19 -20 -21 -22 23 -24 -25
leaf_value=-0.036255030367594775 0.01327346285486658 -0.055171963748922893 0.02491650472095603 -0.049084772154027442 -0.045440220951893741 -0.034709472541747305 -0.038044759442215241 -0.045711594427550087 -0.0012748703076917046 0.026524964547440976 0 -0.048162065310777498 -0.031679449485171304 0.026248680911032871 -0.013091991061818542 -0.011571290814170427 0.03495700470315901 -0.043727250220909078 0.0055502201211827173 -0.0099996422228913456 0.017900144635011734 0.012839523419124008 -0.036668202440877679 -0.0033971212702475113
leaf_weight=1.8397304210811842 14.005041226744654 1.0800488777458657 1.7792652472853649 1.385773074813186 1.3761743418872345 1.1245736153796304 1.0062123667448748 1.1097789630293871 21.689184973016381 1.5801130980253213 3.0551330782473149 1.2489776015281657 1.5401024743914602 4.8194295316934586 1.3604098046198485 2.2422535605728617 6.6173132788389903 0.98166372627019871 4.5690739564597607 5.218322366476059 4.3521385826170436 9.0013763420283777 1.4491278156638143 6.5817283391952506
leaf_count=134 141 6 36 26 13 36 13 12 228 31 19 7 20 37 10 18 94 7 36 42 53 103 11 79
internal_value=0.000407132 0.00116791 0.00431328 -0.00278565 -0.00104386 0.00562024 0.000281827 0.00147438 -0.0037888 0.00660546 0.00999828 -0.00100824 -0.00482343 0.00568704 0.0162938 0.0093523 0.0191784 0 0.023661 -0.0186066 0.00450677 0.0012067 -0.0117611 0.00546839
internal_weight=101.013 99.1732 56.3588 42.8144 41.4286 55.2787 40.0525 39.0463 22.799 54.1542 38.1877 15.9665 14.1872 7.71994 6.17984 16.2473 13.7482 2.56178 11.1864 6.4673 24.4395 20.0874 4.50426 15.5831
internal_count=1212 1078 627 451 425 621 412 399 240 585 433 152 116 67 47 159 168 38 130 49 265 212 30 182
is_linear=0
shrinkage=0.04


Tree=105
num_leaves=25
num_cat=0
split_feature=24 1 19 4 14 25 24 23 24 1 1 19 25 1 26 15 1 21 1 25 21 21 27 1
split_gain=1.23295 1.14078 1.0146 0.760568 0.42012 1.98675 1.37169 2.92318 1.70087 3.54402 2.06873 1.19607 2.58429 2.64547 0.954036 1.77293 0.6844 0.791587 0.783619 1.09956 0.786195 0.765373 0.685445 1.02668
threshold=1.5000000000000002 28.500000000000004 1.5000000000000002 1.5000000000000002 3.5000000000000004 9.0000000000000018 6.5000000000000009 0.76180168105713697 4.5000000000000009 18.500000000000004 11.500000000000002 1.0000000180025095e-35 2.5000000000000004 8.5000000000000018 2.5000000000000004 2.5000000000000004 11.500000000000002 1.4166666666666667 4.5000000000000009 1.5000000000000002 1.2916666666666667 2.2916666666666674 3.5000000000000004 13.500000000000002
decision_type=2 2 2 2 2 2 2 2 2 2 2 2 2 2 2 2 2 2 2 2 2 2 2 2
left_child=-1 2 3 4 5 6 8 -8 9 11 -10 16 13 -13 15 -6 17 18 -2 -20 -21 -19 23 -18
right_child=1 -3 -4 -5 14 -7 7 -9 10 -11 -12 12 -14 -15 -16 -17 22 21 19 20 -22 -23 -24 -25
leaf_value=-0.039421855125353795 0.03136587914518621 -0.041949867901949975 -0.040798245196602252 -0.035923120809791903 -0.051279761040078836 0.044776138772115275 -0.053890780578008592 0.0098444854750470503 -0.042301764212592151 -0.078047705772275405 0.017694952196044351 -0.064425775579707731 -0.053750382521699676 0.01520846449013478 8.4132166497412469e-05 0 -0.0030356249800160451 0.022970074883034902 -0.022772581846049352 0.027401688069553291 0 -0.0053347061437373101 0.031184772207718488 -0.051925215892220593
leaf_weight=1.2790002981200803 1.3562525063753188 1.0208665784448374 0.9324705395847549 0.86885219253599544 1.7171607827767723 1.8146430943161238 2.1035924162715665 2.1799392253160477 0.90192663297057407 0.92484767362475295 16.655751828104258 0.80234983656555314 1.8981937253847716 3.9017279744148254 28.734193196520209 2.1886246502399445 7.0445290040224773 7.3012225683778507 2.8698120694607523 2.0362939536571476 11.549820118583739 1.3925989139825103 0.66916559636592854 0.83388598263263691
leaf_count=39 25 16 26 14 14 31 35 49 9 8 240 12 18 46 251 10 107 94 19 26 88 26 14 7
internal_value=-0.000382307 3.00044e-05 0.000535139 0.00100175 0.00140713 0.00328654 0.00199368 -0.0195875 0.00366389 -0.000475082 0.0141573 0.00105514 -0.0142953 0 -0.00216169 -0.0207321 0.00417459 0.00747569 0.00212609 0 0.00446656 0.0175159 -0.00512619 -0.00922575
internal_weight=102.978 101.699 100.678 99.7454 98.8765 66.2366 64.4219 4.28353 60.1384 42.5807 17.5577 41.6559 6.60227 4.70408 32.64 3.90579 35.0536 26.506 17.8122 16.4559 13.5861 8.69382 8.54758 7.87841
internal_count=1224 1185 1169 1143 1129 854 823 84 739 490 249 482 76 58 275 24 406 278 158 133 114 120 128 114
is_linear=0
shrinkage=0.04


Tree=106
num_leaves=25
num_cat=0
split_feature=16 1 27 24 23 26 17 1 24 1 25 24 26 26 26 25 0 23 1 25 25 1 23 26
split_gain=1.41874 1.05167 0.351072 0.893451 0.862145 0.820136 0.619814 4.72207 4.33324 6.98723 2.62286 6.01912 2.57409 2.43504 2.66321 2.38949 3.64873 2.08064 1.89094 1.35282 1.23818 1.22483 1.53424 0.8177
threshold=1.0000000180025095e-35 28.500000000000004 3.5000000000000004 1.5000000000000002 0.84759080068664439 7.0000000000000009 1.0000000180025095e-35 17.500000000000004 4.5000000000000009 13.500000000000002 3.5000000000000004 4.5000000000000009 2.5000000000000004 10.500000000000002 7.0000000000000009 2.5000000000000004 2.5000000000000004 0.45220861134162554 13.500000000000002 3.5000000000000004 1.5000000000000002 12.500000000000002 0.84759080068664439 3.5000000000000004
decision_type=2 2 2 2 2 2 2 2 2 2 2 2 2 2 2 2 2 2 2 2 2 2 2 2
left_child=-1 2 3 -2 -4 -6 8 10 9 15 17 12 -12 14 19 16 -5 20 -14 -10 -8 -21 23 -23
right_child=1 -3 4 6 5 -7 7 -9 13 -11 11 -13 18 -15 -16 -17 -18 -19 -20 21 -22 22 -24 -25
leaf_value=-0.036027647706254599 -0.038615566464029132 -0.041447254153330067 0.021884986032847119 0.011029439828257603 -0.030823767025301443 0.0074447417884939754 -0.036260453846888419 -0.063122074934019223 -0.042740924058135156 -0.079569417087998778 -0.043319503108307511 -0.073743146484953115 -0.0080112002410883103 0.039934687251970635 -0.049807498677350626 8.2142353349899444e-05 -0.051696914584366101 0.01928445314196145 0.042466809728116062 0.030450036830113707 0.0030242689827678555 -0.013191140461105181 0.024805376770478303 0.0059889424054431475
leaf_weight=1.7579869152978052 0.95112733542919059 0.95692488830536504 4.0641213394701472 2.0784535091370406 1.2681754939258101 2.5891713760793209 1.6429371740669036 1.5634153811261047 0.78950393479318393 2.4129378013312808 1.1872972324490536 1.9493128452450035 1.659517243504524 3.4595663845539084 1.3788636326789845 16.68750774115324 3.9673062451183796 21.810186065733433 2.8141619190573692 3.7253925856202867 4.6746925767511129 5.9721801448613432 4.5487745925784102 8.3456357624381763
leaf_count=135 8 12 56 15 13 19 16 15 20 15 10 12 24 37 9 170 34 277 19 52 33 81 46 96
internal_value=-0.000378265 0.000165742 0.000646156 0 0.00872679 -0.00306279 0.000352031 0.0043834 -0.00231588 -0.0145071 0.00756038 -0.0127417 0.00685052 0.00826398 0.00351579 -0.0072494 -0.0288092 0.0133377 0.0219537 0.00700255 -0.00592566 0.009095 0.00445421 -0.00145262
internal_weight=102.255 100.497 99.5402 91.6188 7.92147 3.85735 90.6676 37.3015 53.3661 25.1462 35.7381 7.61029 5.66098 28.2199 24.7604 22.7333 6.04576 28.1278 4.47368 23.3815 6.31763 22.592 18.8666 14.3178
internal_count=1224 1089 1077 989 88 32 981 406 575 234 391 65 53 341 304 219 49 326 43 295 49 275 223 177
is_linear=0
shrinkage=0.04


Tree=107
num_leaves=25
num_cat=0
split_feature=16 1 18 26 21 27 22 23 15 23 21 23 21 1 21 26 21 15 1 21 1 26 19 15
split_gain=1.35571 0.995869 0.938264 1.91417 1.14398 1.28739 1.8983 0.664245 1.44168 0.670747 0.77095 0.632815 1.16018 0.553493 0.432034 1.28994 0.621244 0.884882 0.72831 1.179 1.06625 0.780424 0.685441 1.46869
threshold=1.0000000180025095e-35 28.500000000000004 1.0000000180025095e-35 2.5000000000000004 1.4166666666666667 3.5000000000000004 2.5000000000000004 0.84759080068664439 2.5000000000000004 1.1038793623175318 1.5833333333333337 0.84759080068664439 3.7083333333333335 18.500000000000004 2.4166666666666674 2.5000000000000004 1.4166666666666667 1.5000000000000002 8.5000000000000018 1.1250000000000002 6.5000000000000009 2.5000000000000004 1.0000000180025095e-35 1.5000000000000002
decision_type=2 2 2 2 2 2 2 2 2 2 2 2 2 2 2 2 2 2 2 2 2 2 2 2
left_child=-1 2 7 -4 -5 6 13 8 14 10 -9 12 -7 -6 16 -16 17 18 20 21 -2 -20 -18 -24
right_child=1 -3 3 4 5 11 -8 9 -10 -11 -12 -13 -14 -15 15 -17 22 -19 19 -21 -22 -23 23 -25
leaf_value=-0.035845039885534356 7.7496045572943116e-05 -0.040891076034169561 -0.044476116081568276 0.021564545790906001 0.002749656011506237 0.03401321772059774 -0.046441323895499959 0 -0.037077527746386084 -0.0023689395010363353 0.026447588628436117 -0.0037398771200253416 -0.014933035273524953 -0.015693361949367397 0.026857109371271736 -0.022835993746219637 0.01063988795460793 -0.032052911309910066 -0.011162624570957947 0 -0.02561702724704024 0.028451250348490446 -0.01700865135174676 0.036729194969138512
leaf_weight=1.6974880686029781 8.3330426290631348 0.93165624793618818 1.95452384836972 2.6332655679434565 4.8359093796461838 2.5604248940944667 2.4283698145300141 2.3593496903777105 1.5154855381697405 2.7590655740350485 5.5382334720343351 3.1962009035050869 0.84762928076088417 4.5123831182718277 0.99857655167579551 3.3283581994473934 22.831910981796685 1.3653423339128483 0.64170469157397825 13.010704608634114 3.3981267707422367 4.5887533873319626 3.9779662173241368 0.97420556843280781
leaf_count=135 75 12 20 45 60 34 27 12 11 29 94 22 7 36 19 26 292 14 11 98 26 70 39 10
internal_value=-0.000374068 0.00015056 0.000619541 -0.00635479 -0.00242844 -0.00630093 -0.0144603 0.00284368 0.00118796 0.0121865 0.0182845 0.00703746 0.0194922 -0.00529694 0.00222802 -0.00951886 0.00322305 -0.000398831 0.000776208 0.00601217 -0.0066834 0.0220617 0.00759611 -0.00482173
internal_weight=101.219 99.5212 98.5895 22.9687 21.0142 18.3809 11.7767 75.6208 64.9642 10.6566 7.89758 6.60426 3.40805 9.34829 63.4487 4.32693 59.1218 31.3377 29.9723 18.2412 11.7312 5.23046 27.7841 4.95217
internal_count=1224 1089 1077 251 231 186 123 826 691 135 106 63 41 96 680 45 635 294 280 179 101 81 341 49
is_linear=0
shrinkage=0.04


Tree=108
num_leaves=25
num_cat=0
split_feature=16 24 18 25 17 25 1 1 24 24 23 15 14 27 22 21 1 24 24 15 1 24 17 21
split_gain=1.29482 0.866723 0.967917 2.34359 1.43186 1.71795 1.52923 1.48375 1.92574 0.85636 0.604678 1.5214 0.693666 1.27131 0.63632 0.581079 0.536133 2.77109 0.83964 1.87303 0.547746 1.72941 0.845812 2.76548
threshold=1.0000000180025095e-35 1.5000000000000002 1.0000000180025095e-35 3.5000000000000004 1.0000000180025095e-35 4.5000000000000009 12.500000000000002 18.500000000000004 6.5000000000000009 5.5000000000000009 0.84759080068664439 2.5000000000000004 3.5000000000000004 2.5000000000000004 3.5000000000000004 3.1250000000000004 18.500000000000004 4.5000000000000009 5.5000000000000009 1.5000000000000002 17.500000000000004 5.5000000000000009 1.0000000180025095e-35 1.2916666666666667
decision_type=2 2 2 2 2 2 2 2 2 2 2 2 2 2 2 2 2 2 2 2 2 2 2 2
left_child=-1 -2 10 -4 5 6 -5 9 -9 -7 11 16 13 14 -12 -8 20 -18 -19 -20 21 22 -3 -24
right_child=1 2 3 4 -6 7 15 8 -10 -11 12 -13 -14 -15 -16 -17 17 18 19 -21 -22 -23 23 -25
leaf_value=-0.035658166275103355 -0.038189692678861825 -0.0016644093293744788 -0.045040335626005942 0.039335593002053283 -0.046241864611857607 -0.067108689664487936 -0.011834092206688665 0.00466777714567686 -0.046717757007757543 -0.0061069678762976322 0.013802862559407682 -0.036437677395472219 0 0.039378241467251524 -0.023212693022678033 0.016308452675873667 -0.075301265233944661 0.014829920047629239 -0.057848196202667748 0.008121764481133607 0.020997987768403927 -0.034904603688827834 -0.022366624749042177 0.013346600203152861
leaf_weight=1.6393050961196411 0.92995687574148078 21.105642205104232 2.2930945847183493 2.7795228976756396 1.1039786636829365 1.0171819683164349 2.4046180211007595 8.733982110396024 1.3328399360179908 1.1003970988094807 2.6011810144409524 1.6446879524737585 4.0177212227135897 2.9735148958861828 0.98313854075968254 2.2295000776648521 0.85566153191029926 3.3942587617784739 1.0432774759829044 1.573956772685051 2.9327332619577637 1.8486446980386961 3.8537417892366674 26.272587159648538
leaf_count=135 8 195 32 48 7 7 20 82 15 15 47 14 26 48 14 30 5 34 11 29 45 32 32 293
internal_value=-0.000376473 0.000126805 0.000571601 -0.00650465 -0.00184975 0.000242706 0.0158137 -0.00857497 -0.00134094 -0.0391871 0.0028448 0.00125205 0.0118063 0.0198502 0.00141797 0 0.00236508 -0.00781462 0.00046048 -0.0151184 0.00375592 0.00265257 0.00416393 0.00851264
internal_weight=100.665 99.0258 98.0959 22.9951 20.702 19.598 7.41364 12.1844 10.0668 2.11758 75.1007 64.5252 10.5756 6.55783 3.58432 4.63412 62.8805 6.86715 6.01149 2.61723 56.0133 53.0806 51.232 30.1263
internal_count=1224 1089 1081 256 224 217 98 119 97 22 825 690 135 109 61 50 676 79 74 40 597 552 520 325
is_linear=0
shrinkage=0.04


Tree=109
num_leaves=25
num_cat=0
split_feature=16 18 25 26 17 1 26 25 22 21 21 15 25 1 21 1 16 1 17 21 26 1 0 27
split_gain=1.23629 0.789453 2.23511 1.4525 1.54812 2.59216 2.30827 3.33537 1.03541 0.793246 0.438803 0.894831 1.10098 0.878698 1.02799 0.953983 0.782991 1.21498 0.649555 0.624965 1.2779 1.06611 0.539143 1.33774
threshold=1.0000000180025095e-35 1.0000000180025095e-35 3.5000000000000004 2.5000000000000004 1.0000000180025095e-35 12.500000000000002 3.5000000000000004 4.5000000000000009 3.5000000000000004 1.5833333333333337 1.4166666666666667 1.5000000000000002 5.5000000000000009 8.5000000000000018 1.2916666666666667 6.5000000000000009 1.5000000000000002 7.5000000000000009 1.0000000180025095e-35 2.4166666666666674 2.5000000000000004 17.500000000000004 3.5000000000000004 2.5000000000000004
decision_type=2 2 2 2 2 2 2 2 2 2 2 2 2 2 2 2 2 2 2 2 2 2 2 2
left_child=-1 10 -3 -4 5 -5 7 -7 9 -8 11 12 13 15 18 -2 19 -18 -15 22 -21 -22 23 -12
right_child=1 2 3 4 -6 6 8 -9 -10 -11 16 -13 -14 14 -16 -17 17 -19 -20 20 21 -23 -24 -25
leaf_value=-0.035466890132644327 2.6517583703175459e-05 -0.044604024089906685 -0.042882637128707567 0.040490756075413893 -0.045499880674552788 0 0.02158859728998451 -0.086716343353806555 0.024496531400918849 -0.0076273692243060635 0.0053636296680882149 -0.031621593845162492 -0.038778579466938634 0.036068012079385835 0.0010545391590553908 -0.024163182458426954 0.01113222024642512 -0.037857840037177223 0.00084968855084884194 0.031366350624000998 -0.031981298653695249 0.0014352929766372027 0.0025493378837020144 0.02977259866911287
leaf_weight=1.5833516144193698 8.2806296348571866 2.2242974871769574 1.2971351537853504 2.6442020181566539 1.0776374489068974 1.7617115043103688 1.8102332949638347 1.1696728300303219 3.2393666356801978 7.5044003836810589 12.790439777076246 1.4807620327919711 1.1130473017692555 2.833818208426238 12.714513508602977 3.4291123929433516 1.212953303009271 1.6771883545443413 1.8864902947098015 1.1801560558378685 2.6425984166562557 2.6342032477259636 16.051570758223534 5.7033161651343098
leaf_count=135 75 32 12 47 7 16 27 12 38 65 165 17 13 52 97 26 11 50 20 24 19 25 106 133
internal_value=-0.000382687 0.000100751 -0.00634904 -0.00180901 0.000548335 0.00372675 -0.00203426 -0.0343511 0.00487453 -0.00109059 0.00214483 -0.00124153 0 0.00173557 0.00764109 -0.00637407 0.00477575 -0.0145293 0.0236877 0.00633162 -0.00429238 -0.0137835 0.00854896 0.0133237
internal_weight=99.9428 98.3595 22.7287 20.5044 19.2072 18.1296 15.4854 2.93138 12.554 9.31463 75.6308 31.7384 30.2576 29.1446 17.4348 11.7097 43.8924 2.89014 4.72031 41.0023 6.45696 5.2768 34.5453 18.4938
internal_count=1224 1089 256 224 212 205 158 28 130 92 833 300 283 270 169 101 533 61 72 472 68 44 404 298
is_linear=0
shrinkage=0.04


Tree=110
num_leaves=25
num_cat=0
split_feature=21 25 23 26 25 26 24 22 26 0 27 26 17 23 26 23 15 27 24 26 17 25 24 24
split_gain=2.34576 1.30408 1.37853 1.03807 3.29187 0.968567 3.648 0.780051 0.716087 0.648526 0.482838 0.851136 2.88447 0.705726 0.758861 1.23579 0.530238 1.91138 1.12477 0.620793 1.93237 3.91422 2.57768 2.04771
threshold=3.7083333333333335 1.5000000000000002 1.0000000180025095e-35 5.5000000000000009 6.5000000000000009 5.5000000000000009 2.5000000000000004 2.5000000000000004 1.5000000000000002 2.5000000000000004 3.5000000000000004 7.0000000000000009 1.5000000000000002 0.84759080068664439 7.0000000000000009 1.1038793623175318 1.0000000180025095e-35 1.5000000000000002 3.5000000000000004 3.5000000000000004 1.0000000180025095e-35 5.5000000000000009 5.5000000000000009 3.5000000000000004
decision_type=2 2 2 2 2 2 2 2 2 2 2 2 2 2 2 2 2 2 2 2 2 2 2 2
left_child=1 5 3 8 -5 6 -1 9 -3 -7 11 16 -13 -12 -15 -16 17 18 -4 -18 21 23 -23 -21
right_child=-2 2 10 4 -6 7 -8 -9 -10 -11 13 12 -14 14 15 -17 19 -19 -20 20 -22 22 -24 -25
leaf_value=0.0010746275444963932 -0.070314551289638122 0 -0.010283081436462765 -0.052761014834276428 0.040818057491454972 0.032959462368488603 -0.051698463011301467 -0.027900384895828641 0.030336121761529278 0 0.024344818196938539 -0.059275307436602004 0.011917284017758309 -0.02836586538097528 -0.017378040369997558 0.043402570367713278 -0.0022220509304208568 -0.04673993047920541 0.028350573350135834 -0.0095469600062458963 0.017953908017032588 -0.048357509552453 0.021476040982439409 -0.061479558844169654
leaf_weight=4.7326587121933681 0.76060096081346174 1.1151539236307124 3.8894346486777058 1.204343765974045 1.1651818631216881 1.2577916095033277 3.398556187748909 1.1810295134782789 5.8338324227370322 3.6301650889217854 3.1622833637520662 1.6385495271533721 1.7354165175929663 1.1465390780940654 0.84772395528852929 1.0686717294156549 28.704357417300344 1.7167441351339219 1.7275418909266589 4.2522079395130286 12.290138117969034 0.88956684246659268 7.9301390126347542 2.0317477434873581
leaf_count=62 9 24 36 8 13 26 40 26 95 40 48 18 38 18 14 8 324 35 28 25 168 10 107 13
internal_value=-0.000314141 0.00015445 0.00216628 0.0166683 -0.00336858 -0.0109492 -0.0199988 0 0.0246519 0.00820081 0.000206329 -0.000674275 -0.0202859 0.0109416 -0.000284451 0.0123416 0.000242757 -0.00971663 0.000174726 0.00168736 0.00607583 -0.00305991 0.0135255 -0.027611
internal_weight=97.3104 96.5498 82.3496 9.31851 2.36953 14.2002 8.13121 6.06899 6.94899 4.88796 73.0311 66.8058 3.37397 6.22522 3.06293 1.9164 63.4319 7.33372 5.61698 56.0982 27.3938 15.1037 8.81971 6.28396
internal_count=1233 1224 1030 140 21 194 102 92 119 66 890 802 56 88 40 22 746 99 64 647 323 155 117 38
is_linear=0
shrinkage=0.04


Tree=111
num_leaves=25
num_cat=0
split_feature=21 16 16 17 14 21 0 26 24 21 15 13 21 15 27 0 26 26 19 24 15 26 26 27
split_gain=2.18109 1.34152 1.29523 0.935272 0.542835 0.972384 0.719358 0.799573 0.544237 0.477841 0.631017 0.579512 0.473692 0.356837 0.490003 0.825701 2.20265 0.69683 0.73576 0.592683 1.97926 0.784098 0.724056 0.538494
threshold=3.7083333333333335 1.5000000000000002 1.0000000180025095e-35 1.0000000180025095e-35 2.5000000000000004 2.4166666666666674 2.5000000000000004 5.5000000000000009 2.5000000000000004 1.1250000000000002 1.0000000180025095e-35 1.0000000180025095e-35 1.2916666666666667 2.5000000000000004 2.5000000000000004 3.5000000000000004 2.5000000000000004 7.0000000000000009 1.0000000180025095e-35 3.5000000000000004 1.0000000180025095e-35 5.5000000000000009 2.5000000000000004 1.5000000000000002
decision_type=2 2 2 2 2 2 2 2 2 2 2 2 2 2 2 2 2 2 2 2 2 2 2 2
left_child=1 2 -1 -3 5 6 7 8 -4 10 -6 -11 -5 14 19 17 -17 18 -16 21 23 22 -13 -21
right_child=-2 3 4 12 9 -7 -8 -9 -10 11 -12 13 -14 -15 15 16 -18 -19 -20 20 -22 -23 -24 -25
leaf_value=-0.035107807439252257 -0.068109778156708767 -0.038782452049163231 0.01087922203869375 0.016668730190783441 0 -0.038778819855430982 -0.025845646774886436 0.035905621893493618 -0.0226286247479172 -0.012726536350726132 0.02643963738990978 0.0079354822404968592 -0.012119986429551935 -0.0093299005311248389 0.021216992185461202 -0.045747614185405842 0.0051961144934536277 -0.0093868172417848478 -0.0076182007087676933 0.033855619346738461 -0.018939070007724327 0.022290745912226958 -0.012868869613219789 0
leaf_weight=1.4868652261793602 0.75394775532185931 2.1858652336522928 1.7270576953887933 0.99011709168553341 1.942687434144317 1.3376712054014204 1.3749707061797378 1.1706991605460642 1.3063069768249986 3.6557279247790566 3.1875725500285625 7.0491426652297395 4.2027793154120445 3.0724979732185593 11.37339686788618 1.4138750992715383 26.641161158680916 1.2979492507874972 1.1758493781089789 1.5589516460895523 7.8752646893262863 3.2596953921020022 4.3149662241339684 2.1824876582249999
leaf_count=134 9 61 8 12 19 17 22 21 17 29 58 75 44 20 224 12 220 18 17 20 77 39 22 38
internal_value=-0.000314395 0.000135726 0.00158597 -0.0161554 0.00230571 -0.00811752 0 0.00743657 -0.00091347 0.00330688 0.0154124 0.00237054 -0.00509034 0.00325786 0.00394283 0.00663251 0.00234358 0.0147443 0.0178777 -4.73188e-05 -0.00708569 0.00499669 0 0.015726
internal_weight=96.5375 95.7836 88.4048 7.37876 86.9179 6.91671 5.57903 4.20406 3.03336 80.0012 5.13026 74.871 5.1929 71.2152 68.1427 41.9022 28.055 13.8472 12.5492 26.2405 11.6167 14.6238 11.3641 3.74144
internal_count=1233 1224 1107 117 973 85 68 46 25 888 77 811 56 782 762 491 232 259 241 271 135 136 97 58
is_linear=0
shrinkage=0.04


Tree=112
num_leaves=25
num_cat=0
split_feature=21 16 16 25 19 21 26 27 1 27 25 26 22 1 25 26 23 26 23 15 27 26 1 26
split_gain=2.02984 1.24447 1.23262 0.988965 1.31427 0.878186 0.969379 1.90099 0.865464 1.15477 1.30606 1.23556 2.42169 0.832853 0.793138 0.788445 0.593033 0.557351 0.478632 3.07006 0.99583 1.28204 1.30602 0.703546
threshold=3.7083333333333335 1.5000000000000002 1.0000000180025095e-35 1.5000000000000002 1.0000000180025095e-35 2.2916666666666674 5.5000000000000009 1.5000000000000002 11.500000000000002 2.5000000000000004 4.5000000000000009 3.5000000000000004 2.5000000000000004 7.5000000000000009 3.5000000000000004 1.5000000000000002 1.0000000180025095e-35 2.5000000000000004 0.84759080068664439 2.5000000000000004 3.5000000000000004 5.5000000000000009 19.500000000000004 3.5000000000000004
decision_type=2 2 2 2 2 2 2 2 2 2 2 2 2 2 2 2 2 2 2 2 2 2 2 2
left_child=1 2 -1 4 5 6 7 15 14 10 11 -10 -13 -3 -5 -4 -11 -16 19 20 21 23 -23 -18
right_child=-2 13 3 8 -6 -7 -8 -9 9 16 -12 12 -14 -15 17 -17 18 -19 -20 -21 -22 22 -24 -25
leaf_value=-0.034903372772772438 -0.066036775808943057 -0.0054444394036116317 0.024359819783780275 0.014576108473265997 -0.056029998195107816 -0.040111084667724672 0.013393995678737527 -0.049342309653250802 0.013697173818717729 0.020512355467390792 -0.047992290054062581 -0.048279009201312437 0.0023547025477188171 -0.038168155935734104 -0.038280632677724843 -0.0097490871519130395 -0.0024061948165743441 0.0037841988010702283 0.011202334318711673 -0.059299240524070464 0.024926348022153204 -0.052466625286220946 0 0.010429682332244582
leaf_weight=1.4367645746096958 0.74665824929252167 5.2872974500060073 1.6245310194790308 16.342966062948111 0.86946353968232948 0.97238858835771758 4.6639456823468208 1.5425776615738866 3.5110835246741754 3.5340795144438735 1.3182653039693821 2.282546442002058 3.6838454632088542 2.0357779609039426 0.79520336911082157 3.1326110735535622 13.604150798171768 0.62906967103481293 8.7328926660120469 1.311750130727886 3.0423900969326487 1.3972118832170954 1.1176566481590271 12.3977541513741
leaf_count=134 9 48 28 162 11 15 57 13 37 55 11 16 69 69 9 22 149 14 92 11 45 9 26 122
internal_value=-0.000316006 0.000115112 0.00151751 0.00221489 -0.00783505 -0.00365413 0 -0.0106483 0.00406962 0.00146205 -0.0100687 -0.00394966 -0.0156753 -0.0156339 0.0118283 0.000217186 0.00439713 -0.0140846 0.00283592 0.000369816 0.00310344 0.000494667 -0.0264285 0.0034063
internal_weight=96.0129 95.2662 87.9431 86.5064 12.8055 11.9361 10.9637 6.29972 73.7009 55.9336 10.7957 9.47748 5.96639 7.32308 17.7672 4.75714 45.1379 1.42427 41.6038 32.8709 31.5592 28.5168 2.51487 26.0019
internal_count=1233 1224 1107 973 146 135 120 63 827 642 133 122 85 117 185 50 509 23 454 362 351 306 35 271
is_linear=0
shrinkage=0.04


Tree=113
num_leaves=25
num_cat=0
split_feature=21 1 24 4 15 22 17 24 24 17 24 21 15 14 19 24 15 1 5 1 22 1 15 21
split_gain=1.89098 0.839221 0.792552 0.603626 0.617198 1.05693 0.930547 0.911057 1.72195 1.04217 0.98199 0.601291 0.881908 0.59639 0.506499 3.16073 1.11072 2.2094 0.695345 1.18125 1.02252 2.17721 0.74724 0.451259
threshold=3.7083333333333335 28.500000000000004 1.5000000000000002 1.5000000000000002 1.0000000180025095e-35 2.5000000000000004 1.5000000000000002 3.5000000000000004 2.5000000000000004 1.0000000180025095e-35 4.5000000000000009 1.1250000000000002 1.5000000000000002 2.5000000000000004 1.0000000180025095e-35 4.5000000000000009 1.5000000000000002 16.500000000000004 1.0000000180025095e-35 24.500000000000004 2.5000000000000004 20.500000000000004 1.5000000000000002 1.7083333333333337
decision_type=2 2 2 2 2 2 2 2 2 2 2 2 2 2 2 2 2 2 2 2 2 2 2 2
left_child=1 2 -1 4 5 7 -7 8 9 -4 -9 12 -6 -13 18 -16 17 -17 -15 20 23 -22 -21 -20
right_child=-2 -3 3 -5 11 6 -8 10 -10 -11 -12 13 -14 14 15 16 -18 -19 19 22 21 -23 -24 -25
leaf_value=-0.035760452093896403 -0.064084814765739309 -0.040196867855454836 0.029083225537061361 -0.034087728703761581 0.029289489523325107 -0.040592143389463556 -0.0005342557785284743 0.024398224559430987 -0.047210924382726401 -0.0079988059748217141 -0.012202232391907642 -0.02567554269573993 -0.011763805179414402 0.0073762281174958371 -0.051824906858284836 0.0078148414590951034 0.026615989835711656 -0.055814312434174042 -0.0065571829327408836 0.032715883534290911 -0.05974949066136382 0 0 0.0094232384369300169
leaf_weight=0.94159965217113395 0.73878422798588772 0.81502634566277166 1.5837408751249329 0.76149252057075401 3.0853192890062924 2.2155085494741789 2.3334938283078372 3.9121897444128981 1.4601389188319442 5.1247681798413396 1.348048756830394 1.1661259233951558 0.82531701773405064 38.096540350466967 1.9198127901181559 3.8070381507277489 2.6292861765250564 1.0960458712652323 8.5247555943206006 2.1900302479043594 1.6507724951952689 2.1561173601076007 2.8643698384985328 4.0826371684670439
leaf_count=38 9 14 13 14 65 55 49 55 18 42 24 21 11 511 25 39 26 13 70 20 18 31 23 29
internal_value=-0.000314765 9.87271e-05 0.000534258 0.000988567 0.00136556 -0.00511984 -0.0218023 0 -0.00781846 0 0.0134977 0.00304712 0.0185797 0.00206765 0.00265232 -0.00560047 0.00511889 -0.00477733 0.00409623 -0.00135156 -0.00689677 -0.0251593 0.0150739 -0.000747714
internal_weight=95.329 94.5902 93.7751 92.8335 92.0721 17.9779 4.549 13.4289 8.16865 6.70851 5.26024 74.0942 3.91064 70.1835 69.0174 9.45218 7.53237 4.90308 59.5652 21.4687 16.4143 3.80689 5.0544 12.6074
internal_count=1233 1224 1210 1172 1158 256 104 152 73 55 79 902 76 826 805 103 78 52 702 191 148 49 43 99
is_linear=0
shrinkage=0.04


Tree=114
num_leaves=25
num_cat=0
split_feature=16 16 17 25 19 23 26 26 22 26 27 26 18 25 26 17 22 26 26 25 25 23 15 17
split_gain=1.03776 1.12066 0.942725 0.785672 1.25105 0.858534 0.911109 0.97608 0.716899 0.908556 1.66515 0.5585 0.526551 2.08858 1.54154 1.26195 0.863535 4.15094 1.60993 1.21975 0.932882 0.511169 2.89031 1.52841
threshold=1.0000000180025095e-35 1.5000000000000002 1.0000000180025095e-35 1.5000000000000002 1.0000000180025095e-35 1.0000000180025095e-35 5.5000000000000009 2.5000000000000004 2.5000000000000004 5.5000000000000009 1.5000000000000002 1.5000000000000002 1.0000000180025095e-35 3.5000000000000004 2.5000000000000004 1.0000000180025095e-35 2.5000000000000004 5.5000000000000009 4.5000000000000009 6.5000000000000009 4.5000000000000009 0.84759080068664439 2.5000000000000004 1.0000000180025095e-35
decision_type=2 2 2 2 2 2 2 2 2 2 2 2 2 2 2 2 2 2 2 2 2 2 2 2
left_child=-1 3 -3 4 8 6 7 -5 9 10 11 -2 21 -14 -15 16 18 -18 20 -20 -16 22 -7 -23
right_child=1 2 -4 5 -6 12 -8 -9 -10 -11 -12 -13 13 14 15 -17 17 -19 19 -21 -22 23 -24 -25
leaf_value=-0.034684159458431028 0.021863777504132119 -0.038408785757096116 -0.0040840327593536282 0 -0.055317133348782715 0.0039089365594072809 -0.0028237539934444699 0.035946153271305827 -0.027377233078004003 0.014685602983482661 -0.049657975407184161 -0.0079366735913146916 -0.046702919518350143 -0.04290675086040828 0.034168863806125931 -0.041942733823709971 -0.060338234830395222 0.01425316338559445 -0.06678285847650843 0 0.0030596234176076473 0.028402423436551846 -0.057238627627732561 -0.0037843444005098356
leaf_weight=1.3876252188347269 1.4788189679384176 2.0548107605427495 5.2241413407027721 1.7091088350862254 0.84524663910269815 36.495679819956422 2.2058577537536621 3.8249031621962786 1.7191215371713049 4.231507359072566 1.2997968904674051 2.9659731537103653 1.662972056306901 1.2347491346299673 4.6014353521168214 0.8820960149168976 1.6092299763113267 4.4136809594929218 0.57083908841013875 1.1101866438984871 3.2448345515877008 4.7234040889888984 1.272213865071534 3.9660085327923298
leaf_count=137 27 63 56 32 11 378 14 68 24 54 9 21 15 12 62 6 14 46 4 26 32 61 11 50
internal_value=-0.000322688 0.000102403 -0.0148728 0.00146184 -0.00760991 0.00311788 0.0158333 0.0247157 -0.00347794 0 -0.00970525 0.000178323 0.00150031 -0.00384302 0 0.00342977 0.00651802 -0.00434826 0.0142271 -0.0188028 0.0223232 0.00389577 0.00163736 0.0127911
internal_weight=94.7342 93.3466 7.27895 86.0677 12.5405 73.5272 7.73987 5.53401 11.6952 9.9761 5.74459 4.44479 65.7873 19.33 17.6671 16.4323 15.5502 6.02291 9.5273 1.68103 7.84627 46.4573 37.7679 8.68941
internal_count=1233 1096 119 977 146 831 114 100 135 111 57 48 717 217 202 190 184 60 124 30 94 500 389 111
is_linear=0
shrinkage=0.04


Tree=115
num_leaves=25
num_cat=0
split_feature=16 14 26 27 24 24 24 1 21 1 26 22 26 22 1 1 21 21 23 18 23 1 21 26
split_gain=1.01367 0.615493 1.23698 1.2961 1.72736 1.11471 1.43779 1.42515 0.943202 0.655145 0.641704 0.631986 1.99627 1.11518 0.970355 0.849581 0.7373 0.702728 0.588977 2.06772 0.620693 0.989966 0.661964 0.58274
threshold=1.0000000180025095e-35 3.5000000000000004 7.0000000000000009 2.5000000000000004 5.5000000000000009 5.5000000000000009 4.5000000000000009 18.500000000000004 1.8750000000000002 17.500000000000004 2.5000000000000004 2.5000000000000004 3.5000000000000004 3.5000000000000004 13.500000000000002 17.500000000000004 2.4166666666666674 1.7083333333333337 0.76180168105713697 1.0000000180025095e-35 0.48570226039551589 18.500000000000004 2.5833333333333335 4.5000000000000009
decision_type=2 2 2 2 2 2 2 2 2 2 2 2 2 2 2 2 2 2 2 2 2 2 2 2
left_child=-1 2 3 4 8 6 7 9 -2 -4 -3 14 -13 16 -12 17 23 -16 20 -20 21 22 -5 -14
right_child=1 10 5 18 -6 -7 -8 -9 -10 -11 11 12 13 -15 15 -17 -18 -19 19 -21 -22 -23 -24 -25
leaf_value=-0.03437298787043671 0.0056018247796504848 -0.02203540246701656 -0.03147839394287643 0.033935095111994378 -0.050389468723659368 -0.04953122735542264 0.0045684019179585292 -0.069210280767698695 -0.01498809665642249 0.02829971932656037 -0.012414900343600589 -0.052943001878154074 -0.011410852622144824 0.01275692658762243 0.0088238479896916317 -0.0018767036449691915 -0.028073952395106874 0.043213774889021062 0.040271577387219877 -0.022234107022175015 -0.021649356803319933 -0.000688552353282481 0.0015194473650284041 0.010131896035406396
leaf_weight=1.3180213002488006 30.987438468262553 2.7958845086395767 0.61136566102504575 3.5907816598191822 0.98508533975109358 1.0360026005655516 6.3942183647304773 0.95424959855154146 3.8681399077177039 0.55244235321879387 3.0814818739891079 1.3764114975929285 5.2037820629775542 5.1313842497766009 3.4839359819889051 2.9418620336800814 2.7124016545712939 1.9409765303134916 4.1341456621885291 0.88705118186771859 0.79092196002602655 4.2144695790484548 2.1626634038984776 3.0032281577587128
leaf_count=133 318 19 8 102 22 9 83 9 55 13 30 12 38 52 25 23 19 15 92 7 9 66 31 31
internal_value=0.000313448 0.000892049 0.00330388 0.00584751 0.00139429 -0.00960988 -0.00381136 -0.0328861 0.00308731 0 -0.00351348 -0.00144304 -0.00645598 -0.00197114 0.00548916 0.0130394 -0.00962497 0.0226029 0.015455 0.027636 0.00902651 0.0122631 0.0231408 -0.00255284
internal_weight=94.1583 92.8403 61.169 51.6207 35.8407 9.54828 8.51228 2.11806 34.8556 1.16381 31.6713 28.8755 17.4272 16.0508 11.4483 8.36677 10.9194 5.42491 15.78 5.0212 10.7588 9.96791 5.75345 8.20701
internal_count=1221 1088 824 702 395 122 113 30 373 21 264 245 152 140 93 63 88 40 307 99 208 199 133 69
is_linear=0
shrinkage=0.04


Tree=116
num_leaves=25
num_cat=0
split_feature=16 14 26 27 25 24 25 24 24 25 4 18 24 26 21 21 21 1 1 26 1 26 24 26
split_gain=0.96547 0.569715 1.14837 1.21788 2.52195 1.82805 1.13862 1.05482 1.3544 1.33512 1.04563 1.1181 1.14461 1.42283 0.918117 0.876819 1.07062 1.31847 0.609073 0.592555 0.555436 1.01787 0.476364 3.1746
threshold=1.0000000180025095e-35 3.5000000000000004 7.0000000000000009 2.5000000000000004 4.5000000000000009 5.5000000000000009 2.5000000000000004 5.5000000000000009 4.5000000000000009 5.5000000000000009 1.5000000000000002 1.0000000180025095e-35 6.5000000000000009 2.5000000000000004 1.5833333333333337 1.8750000000000002 1.4166666666666667 8.5000000000000018 24.500000000000004 2.5000000000000004 11.500000000000002 3.5000000000000004 3.5000000000000004 3.5000000000000004
decision_type=2 2 2 2 2 2 2 2 2 2 2 2 2 2 2 2 2 2 2 2 2 2 2 2
left_child=-1 2 3 4 5 15 -5 8 9 -4 11 14 13 -13 18 16 17 -2 -8 -3 -19 -22 23 -21
right_child=1 19 7 6 -6 -7 10 -9 -10 -11 -12 12 -14 -15 -16 -17 -18 20 -20 22 21 -23 -24 -25
leaf_value=-0.034150439499961042 -0.0067640852747816883 -0.021238690837393843 -0.06273854656313102 -0.034220090133945225 -0.04637877971279844 -0.049720825980420019 -0.017633507793910003 -0.048604221006008003 0.0043954627868503793 0 -0.030372257140682039 -0.038811033059854859 -0.047002732351376489 0.021014452768708485 0.035800205078825087 -0.012055074265202661 0.022002580525307552 0.017504204700104657 0.030282663647006984 0.014529789621062239 0.01224181402271269 -0.037236556981560448 0.00025535054499772235 -0.059127934704605874
leaf_weight=1.2744283871725191 10.116060986183589 2.7849600873887566 1.0905388444662079 0.61176545824855466 1.6653497740626324 0.95893126074224611 0.9756458774208967 1.0139788892120112 6.3802574332803488 0.98444934748113144 0.56766122579574663 0.66592662036418993 0.56089699082076538 4.498995391651988 6.9508215356618166 3.6104262322187415 7.0109694488346568 9.1461830567568523 0.73186436295509338 2.0621167197823556 2.3090888708829875 0.92498023435473431 25.13744274713099 1.5617577843368051
leaf_count=133 85 19 12 11 16 22 14 9 83 18 10 4 5 88 164 53 92 91 11 23 30 6 213 9
internal_value=0.000283241 0.000845228 0.00317803 0.00563825 0.00132379 0.00388981 0.0150324 -0.00930696 -0.00364815 -0.0322364 0.0175827 0.0200314 0.00459933 0.0117521 0.0293128 0.00568368 0.00812527 0.00344479 0 -0.00339537 0.0124328 0 -0.00138945 -0.0150064
internal_weight=93.5955 92.3211 60.7748 51.3056 35.742 34.0766 15.5636 9.46922 8.45525 2.07499 14.9518 14.3842 5.72582 5.16492 8.65833 33.1177 29.5073 22.4963 1.70751 31.5463 12.3803 3.23407 28.7613 3.62387
internal_count=1221 1088 824 702 395 379 307 122 113 30 296 286 97 92 189 357 304 212 25 264 127 36 245 32
is_linear=0
shrinkage=0.04


Tree=117
num_leaves=25
num_cat=0
split_feature=18 25 17 25 23 21 21 24 21 23 14 25 27 25 25 19 21 21 24 24 22 25 25 23
split_gain=0.611064 1.86821 1.28849 1.23445 1.26359 1.46397 0.638637 0.618466 0.587994 0.695155 0.394251 1.04358 0.462011 0.390235 0.33501 1.52538 0.719902 0.432329 0.786985 3.07308 0.277197 0.715418 1.48278 0.539811
threshold=1.0000000180025095e-35 3.5000000000000004 1.0000000180025095e-35 4.5000000000000009 1.1038793623175318 1.4166666666666667 2.4166666666666674 1.5000000000000002 3.7083333333333335 0.60355339059327384 3.5000000000000004 9.0000000000000018 3.5000000000000004 6.5000000000000009 1.5000000000000002 1.0000000180025095e-35 2.2916666666666674 1.4166666666666667 4.5000000000000009 2.5000000000000004 2.5000000000000004 3.5000000000000004 5.5000000000000009 0.48570226039551589
decision_type=2 2 2 2 2 2 2 2 2 2 2 2 2 2 2 2 2 2 2 2 2 2 2 2
left_child=7 -2 3 8 5 -5 13 -1 9 -3 11 12 14 -7 15 16 17 18 19 -9 23 -22 -23 -12
right_child=1 2 -4 4 -6 6 -8 10 -10 -11 20 -13 -14 -15 -16 -17 -18 -19 -20 -21 21 22 -24 -25
leaf_value=-0.03379714205390684 -0.042504308762684614 0.0230128465447791 -0.043566368422992927 0.025289547841276634 0.034883281569006039 -0.01665840657912792 -0.038078225345067766 0.012037428752458222 -0.011135851329326351 -0.015393952822152633 -0.0024926437589693744 0.033335068639537488 0.030171715213827398 0 0.0043334504567180444 -0.053363866557784329 -0.036748703553867584 0.017033080951929239 0.011834839646659129 -0.06015554839752188 0.0030861613888082408 -0.04804427434102939 -0.0017708298161019087 0.025422689524665573
leaf_weight=0.72390419850125809 1.9900152552872921 6.0350738679990235 1.1048613721504796 1.3750149905681581 0.97754248045384962 5.243994686752556 2.1133189331740141 2.28623659536242 0.94072517752647389 0.60373049974441517 2.8580249324440965 1.9808721505105484 1.0437884647399176 2.6168086375109851 37.992004503495991 0.8959729680791505 0.74551770184189159 2.8848790610209107 3.6173560884781182 1.4753865934908388 5.7350531192496419 1.676440419629216 4.483206489123404 1.4949818188324568
leaf_count=31 48 94 22 30 10 49 20 28 5 8 20 37 24 34 510 18 13 49 45 11 46 18 39 12
internal_value=0.000250662 -0.00530487 -0.00140086 0.000537585 -0.00684802 -0.0111474 -0.0169726 0.00219337 0.0136044 0.0183151 0.00268569 0.00441535 0.00313375 -0.0102808 0.00240782 -0.00306522 0.000301572 0.00377216 -0.000328155 -0.0141514 -0.00245577 -0.00595081 -0.0156636 0.00525669
internal_weight=92.8947 23.0011 21.0111 19.9062 12.3267 11.3491 9.97412 69.8936 7.57953 6.6388 69.1697 52.922 50.9411 7.8608 49.8974 11.9053 11.0094 10.2639 7.37898 3.76162 16.2477 11.8947 6.15965 4.35301
internal_count=1221 320 272 250 143 133 103 901 107 102 870 735 698 83 674 164 146 133 84 39 135 103 57 32
is_linear=0
shrinkage=0.04


Tree=118
num_leaves=25
num_cat=0
split_feature=16 18 25 26 1 26 25 21 22 25 26 26 24 1 25 24 26 14 27 25 26 22 24 26
split_gain=0.893073 0.510482 1.73206 1.05804 0.983291 1.18409 4.08224 0.789559 0.890982 0.613057 0.573327 0.425173 1.10151 1.2078 0.604607 1.17228 1.66237 0.825506 1.43674 2.6964 1.67605 0.927682 0.665858 0.58131
threshold=1.0000000180025095e-35 1.0000000180025095e-35 3.5000000000000004 2.5000000000000004 12.500000000000002 3.5000000000000004 4.5000000000000009 1.5833333333333337 3.5000000000000004 6.5000000000000009 4.5000000000000009 7.0000000000000009 4.5000000000000009 18.500000000000004 1.5000000000000002 2.5000000000000004 5.5000000000000009 3.5000000000000004 2.5000000000000004 4.5000000000000009 1.5000000000000002 2.5000000000000004 5.5000000000000009 10.500000000000002
decision_type=2 2 2 2 2 2 2 2 2 2 2 2 2 2 2 2 2 2 2 2 2 2 2 2
left_child=-1 11 -3 -4 -5 6 -6 10 9 -9 -7 14 13 -13 15 -2 -17 18 19 20 -16 -20 -23 -14
right_child=1 2 3 4 5 7 -8 8 -10 -11 -12 12 23 -15 17 16 -18 -19 21 -21 -22 22 -24 -25
leaf_value=-0.033787519528470242 0.0055882243385564755 -0.042280599257547118 -0.039714714429431253 0.02366187311033785 0.006309983460580597 0.03963594862269712 -0.080830796831940901 -0.017933530343980132 0.014551010123094441 0.0045839750271204748 0 0 -0.011069355926915492 -0.064072813799690112 -0.04669985971621788 -0.04816654432790779 0.0075686154181572552 -0.0017714798230982294 0 -0.045976070817050234 0.009339640871050334 0.013485684741312644 0.044680194051741257 0.012508857832225584
leaf_weight=1.2084606625139702 4.3561871573328963 1.7821662556380058 1.0654010958969617 2.7127740997821119 2.2236033827066453 1.4488152042031281 1.2717941701412199 4.9793863147497159 3.6063590608537197 2.393378023058176 0.77442814782261837 1.0907517746090873 2.777533215470612 0.95732866972684849 0.84366335906088963 1.9983392935246229 1.1203267304226756 15.970250408165155 2.6982454042881709 1.5937432572245587 25.226719694212079 3.0433958601206541 3.3549031782895327 3.855845008045435
leaf_count=133 50 29 13 48 22 18 11 39 39 28 16 21 44 8 11 28 23 121 59 14 264 70 69 43
internal_value=0.00023359 0.000772435 -0.00436385 -0.000672984 0.00105778 -0.00213545 -0.0231073 0.00281101 -0.000897214 -0.00953873 0.0247218 0.00254815 -0.00535361 -0.0312311 0.00382043 -0.00634533 -0.0255795 0.00541319 0.00875211 0.00386549 0.00721929 0.0227337 0.0310926 0.00143015
internal_weight=92.3538 91.1453 22.2581 20.4759 19.4105 16.6978 3.4954 13.2024 10.9791 7.37276 2.22324 68.8872 8.68146 2.04808 60.2058 7.47485 3.11867 52.7309 36.7607 27.6641 26.0704 9.09654 6.3983 6.63338
internal_count=1221 1088 263 234 221 173 33 140 106 67 34 825 116 29 709 101 51 608 487 289 275 198 139 87
is_linear=0
shrinkage=0.04


Tree=119
num_leaves=25
num_cat=0
split_feature=1 16 18 26 21 27 23 1 26 26 16 24 24 24 1 21 26 15 24 24 23 23 21 21
split_gain=0.877707 0.854349 0.4963 1.24952 0.969255 0.589452 1.18157 0.493584 0.979548 0.843545 0.462865 1.25485 0.440603 0.436662 1.78907 1.57367 0.863116 1.07235 2.26121 1.17587 1.20647 1.64614 0.987333 1.81945
threshold=28.500000000000004 1.0000000180025095e-35 1.0000000180025095e-35 2.5000000000000004 1.7083333333333337 3.5000000000000004 0.60355339059327384 12.500000000000002 3.5000000000000004 4.5000000000000009 1.5000000000000002 2.5000000000000004 4.5000000000000009 2.5000000000000004 7.5000000000000009 1.7083333333333337 3.5000000000000004 1.5000000000000002 5.5000000000000009 5.5000000000000009 0.48570226039551589 1.0000000180025095e-35 1.5833333333333337 2.1250000000000004
decision_type=2 2 2 2 2 2 2 2 2 2 2 2 2 2 2 2 2 2 2 2 2 2 2 2
left_child=1 -1 10 -4 7 6 12 -5 -9 -10 13 -12 -6 15 -15 -3 -16 19 -19 20 21 -18 -23 -24
right_child=-2 2 3 4 5 -7 -8 8 9 -11 11 -13 -14 14 16 -17 17 18 -20 -21 -22 22 23 -25
leaf_value=-0.033410789850935312 -0.040278078189423694 0.004314118636574488 -0.040714500139206002 0.029583391399173112 -0.022995452094576631 0.00013373209150090005 -0.049972882630018679 -0.016560875651701779 0.039435927234956994 0 0.0022337974828971307 -0.037266669254553693 0 -0.047049365227151675 0.01255494101568471 -0.035159352214475741 0.029718464438367828 -0.046838808705709632 0.0034617604237516071 -0.02370401618598221 0.019998346060218029 0.0023407142792547047 -0.052886427841930872 0
leaf_weight=1.1450881543569256 0.84205394284799595 7.2809642441570741 1.392246095463636 1.7543624471873069 1.7367659620940665 6.2203344581648707 1.3633361253887413 2.1048032641410828 1.5302829220890999 1.6755985952913761 4.5309583768248549 1.6477355724200604 4.0780075564980507 0.97666406631469627 22.988342510536313 2.0127848219126463 2.442819859832535 2.0867291260510674 3.7660737168043852 1.8216141816228617 8.9622350912541133 5.5372176542878133 1.7650757711380722 2.0243292395025492
leaf_count=129 15 86 19 38 14 61 18 19 22 33 40 59 34 6 276 18 47 16 38 26 149 30 15 13
internal_value=0.000222956 0.00068643 0.0012109 -0.00387533 -0.000978018 -0.00765206 -0.0155135 0.0105466 0.00275145 0.0179263 0.00296734 -0.00700542 -0.00605832 0.00409632 0.00557476 -0.00337402 0.00673045 0.00173521 -0.0131053 0.00594119 0.00893188 0 -0.00714662 -0.023121
internal_weight=91.6864 90.8444 89.6993 21.8557 20.4635 13.3984 7.17811 7.06505 5.31068 3.20588 67.8435 6.17869 5.81477 61.6649 52.3711 9.29375 51.3944 28.4061 5.8528 22.5533 20.7317 11.7694 9.32662 3.78941
internal_count=1221 1206 1077 258 239 127 66 112 74 55 819 99 48 720 616 104 610 334 54 280 254 105 58 28
is_linear=0
shrinkage=0.04


Tree=120
num_leaves=25
num_cat=0
split_feature=15 24 3 16 16 24 6 24 15 25 26 23 24 22 23 26 21 6 21 23 21 24 25 23
split_gain=2.28464 0.865782 0.599519 0.586179 0.529872 1.25729 0.479154 0.474138 3.34127 1.09823 0.818981 1.52356 1.49872 1.85707 0.711731 0.778047 2.99418 0.702558 1.02111 0.652557 1.40648 0.725712 0.635864 1.21608
threshold=2.5000000000000004 1.5000000000000002 1.5000000000000002 1.0000000180025095e-35 1.5000000000000002 2.5000000000000004 1.0000000180025095e-35 6.5000000000000009 1.5000000000000002 3.5000000000000004 2.5000000000000004 0.45220861134162554 3.5000000000000004 2.5000000000000004 1.1713894300707421 5.5000000000000009 2.5833333333333335 1.0000000180025095e-35 1.8750000000000002 0.48570226039551589 1.5833333333333337 2.5000000000000004 2.5000000000000004 1.0000000180025095e-35
decision_type=2 2 2 2 2 2 2 2 2 2 2 2 2 2 2 2 2 2 2 2 2 2 2 2
left_child=1 -1 3 -3 7 -6 -2 10 -9 -10 11 -5 13 22 15 16 -11 -14 -19 20 21 -13 -12 -24
right_child=6 2 -4 4 5 -7 -8 8 9 14 12 19 17 -15 -16 -17 -18 18 -20 -21 -22 -23 23 -25
leaf_value=-0.037699379222798542 -0.058120913971926563 -0.032018223164731421 -0.03370975151602796 -0.032756576616402751 0 -0.038136940074580461 -0.015816352585786071 -0.042376196649630264 -0.037856812216886311 0.028826766857168912 0.01069581607960768 0.020535953063082552 0.0095571425444113522 -0.041977403947146136 -0.013706498935439203 0.040166818659942871 -0.076454196340572059 -0.024006415185443188 0.0070518696887587407 -0.019236661448901154 0.028448477465887374 -0.016102765126984643 0.027251640203893493 -0.017021965742838346
leaf_weight=1.0696707610040892 1.3441436528228214 0.95321002975106139 0.90754528623074193 2.9016096638515583 4.9749504737555972 1.9559642993845043 1.6916745528578758 3.0697533739730698 0.64777585864067067 1.9935033135116103 4.3586506769061071 0.99247743189334681 38.234578638337553 2.1330634932965031 0.82959525287151326 2.1277985796332359 0.54064602591097344 2.6151234880089751 4.2939420193433762 2.1197637859731913 2.8664550874382257 3.5972543340176344 1.0914362631738184 5.7156530823558569
leaf_count=31 21 103 24 31 45 72 10 38 4 56 40 21 477 19 7 36 4 15 29 25 48 25 20 48
internal_value=-0.0029246 -0.00168002 -0.00115676 -0.000730193 -0.000295733 -0.0109639 -0.0371824 0.000527187 -0.00785959 0.00809616 0.00172903 -0.00735897 0.00380622 -0.00770516 0.0149735 0.0217931 0.00320881 0.00737455 -0.00354598 0 0.00590141 -0.00643704 -0.00044143 -0.00874797
internal_weight=93.0262 89.9904 88.9208 88.0132 87.06 6.93091 3.03582 80.1291 9.20907 6.13932 70.92 12.4776 58.4424 13.2988 5.49154 4.66195 2.53415 45.1436 6.90907 9.57595 7.45619 4.58973 11.1657 6.80709
internal_count=1249 1218 1187 1163 1060 117 31 943 145 107 798 150 648 127 103 96 60 521 44 119 94 46 108 68
is_linear=0
shrinkage=0.04


Tree=121
num_leaves=25
num_cat=0
split_feature=24 1 18 27 24 25 14 1 23 24 1 26 26 25 1 26 26 23 23 23 25 23 26 23
split_gain=0.788371 0.683379 0.580814 0.790737 0.777043 1.80399 1.82119 0.877337 0.72256 0.604285 2.9559 1.60205 1.22942 2.13151 1.56783 4.37006 1.21295 1.02283 0.829678 0.666531 2.36011 0.466931 0.559431 0.45777
threshold=1.5000000000000002 28.500000000000004 1.5000000000000002 3.5000000000000004 6.5000000000000009 6.5000000000000009 3.5000000000000004 19.500000000000004 0.48570226039551589 4.5000000000000009 14.500000000000002 2.5000000000000004 10.500000000000002 2.5000000000000004 14.500000000000002 3.5000000000000004 5.5000000000000009 0.60355339059327384 0.48570226039551589 0.76180168105713697 6.5000000000000009 0.84759080068664439 7.0000000000000009 0.45220861134162554
decision_type=2 2 2 2 2 2 2 2 2 2 2 2 2 2 2 2 2 2 2 2 2 2 2 2
left_child=-1 2 3 4 9 -6 7 8 -7 10 -2 -11 13 -13 18 -16 17 -17 -15 20 -18 23 -23 -5
right_child=1 -3 -4 21 5 6 -8 -9 -10 11 -12 12 -14 14 15 16 19 -19 -20 -21 -22 22 -24 -25
leaf_value=-0.037396768210363043 -0.0019085094169081853 -0.039692045322618108 -0.035690250878339831 0 -0.051726946546434636 -0.027152917096529654 -0.037371861860128856 0.044966809414589921 0.015581374982364603 -0.041918149251244909 -0.052283775647392283 -0.054184570953927563 0.030080956015703403 0.030238252436291586 -0.079127917739353237 0.027709681612468385 -0.082674361820117337 0 0 0.0030359836036040855 0 -0.025905046975264492 0.011304601395469975 0.03006203536104703
leaf_weight=1.0766182849183668 47.290781254414469 0.80017037969082494 0.83036040375009079 1.4192350199446071 1.7004160983487953 0.98638896550983268 1.7523114196956155 0.94356386549770821 1.7664237786084411 1.1551610147580529 1.967512672767042 1.0039411401376188 2.9788032365031532 4.7673948630690601 1.0876896269619454 4.0848748441785556 0.80267246346920651 5.0285075255669653 1.7384581705555318 1.7866695662960408 1.8814521795138717 0.96304278634488616 1.9470268869772551 2.6026414595544338
leaf_count=38 570 15 20 15 35 16 14 21 42 15 19 12 38 65 6 55 7 57 31 37 32 16 20 53
internal_value=-0.00285331 -0.00235827 -0.00193971 -0.00153789 -0.00270362 -0.0154251 -0.00262781 0.0116787 0 -0.00139435 -0.00408305 0.00333443 0.00573002 0.00209924 0.00514516 -0.00160008 0.00401868 0.0128292 0.0215865 -0.0121515 -0.0252414 0.0112194 0 0.0200676
internal_weight=92.3621 91.2855 90.4853 89.655 82.723 7.1491 5.44869 3.69638 2.75281 75.5739 49.2583 26.3156 25.1605 22.1817 21.1777 14.6719 13.5842 9.11338 6.50585 4.47079 2.68412 6.93195 2.91007 4.02188
internal_count=1249 1211 1196 1176 1072 128 93 79 58 944 589 355 340 302 290 194 188 112 96 76 39 104 36 68
is_linear=0
shrinkage=0.04


Tree=122
num_leaves=25
num_cat=0
split_feature=15 24 18 27 24 25 15 0 27 24 25 15 15 0 25 6 23 21 15 23 23 25 24 23
split_gain=2.06418 0.784046 0.598706 0.569648 0.6088 1.92515 1.59747 1.33805 0.505062 1.76964 1.5582 1.21546 0.817891 0.599699 0.8099 0.502758 0.494027 0.602229 0.470254 0.543306 0.315614 0.286481 0.724002 1.18323
threshold=2.5000000000000004 1.5000000000000002 1.5000000000000002 3.5000000000000004 6.5000000000000009 6.5000000000000009 1.5000000000000002 3.5000000000000004 2.5000000000000004 2.5000000000000004 4.5000000000000009 1.5000000000000002 1.0000000180025095e-35 3.5000000000000004 6.5000000000000009 1.0000000180025095e-35 0.84759080068664439 3.7083333333333335 1.5000000000000002 1.1038793623175318 0.84759080068664439 3.5000000000000004 4.5000000000000009 0.76180168105713697
decision_type=2 2 2 2 2 2 2 2 2 2 2 2 2 2 2 2 2 2 2 2 2 2 2 2
left_child=1 -1 3 4 8 -6 -7 -8 10 -10 11 21 -11 14 -14 -2 17 -5 19 -18 -15 22 -3 -24
right_child=15 2 -4 16 5 6 7 -9 9 12 -12 -13 13 20 -16 -17 18 -19 -20 -21 -22 -23 23 -25
leaf_value=-0.036888741766251558 -0.056925794035112526 -0.0001567986715876609 -0.035321719752717411 0.028238405125790428 -0.051351110046364098 -0.031864898798489492 0.036992119675010357 -0.033246574867983048 -0.051886169489903565 -0.024126301517094238 -0.045438096392295825 -0.044875702124632835 0.018433321877603309 0 -0.0044888442810926367 -0.014158024521877475 -0.0055469887085052858 -0.0022385006940017628 -0.026029100980344756 0.031461265338376967 0.019624199525919834 0.0092511288974654032 -0.07170254116641582 -0.0012855324148822673
leaf_weight=1.0085784965194751 1.3123952080495647 29.581906623207036 0.81872759573161502 3.0942699215374883 1.6138168876059342 1.4951471025124194 1.9654108821414413 0.44257489219307888 0.9080239050090303 1.4544453495182086 1.4137935321778048 1.0404179333709169 9.6025284118950349 20.32184943929315 2.6307449704036108 1.6903924159705639 1.0910153593868024 0.87880461569875468 0.90785895381122816 0.98305518552660931 1.403013736475258 3.8758762227371326 0.62048581335693542 1.6771732717752454
leaf_count=31 21 360 21 61 34 26 58 6 7 24 14 12 196 177 39 10 14 8 13 9 18 45 12 33
internal_value=-0.00276911 -0.00157214 -0.00107545 -0.000661224 -0.00170129 -0.0145956 0 0.0207603 -0.000639474 0.00260728 -0.00393508 -0.00212301 0.00423047 0.00568059 0.01285 -0.0355143 0.010159 0.0194837 0 0.00813681 0.00127526 -0.000655247 -0.0021106 -0.0237835
internal_weight=91.8323 88.8295 87.8209 87.0022 80.0472 5.51695 3.90313 2.40799 74.5303 36.3206 38.2097 36.7959 35.4126 33.9581 12.2333 3.00279 6.955 3.97307 2.98193 2.07407 21.7249 35.7554 31.8796 2.29766
internal_count=1249 1218 1187 1166 1061 124 90 64 937 461 476 462 454 430 235 31 105 69 36 23 195 450 405 45
is_linear=0
shrinkage=0.04


Tree=123
num_leaves=25
num_cat=0
split_feature=24 1 24 19 25 1 26 1 24 1 19 16 26 26 26 21 25 21 21 6 21 24 25 19
split_gain=0.713677 0.652606 0.526381 1.15903 0.991888 0.755678 0.614225 2.25488 0.655707 2.18603 1.51247 0.839458 0.760099 0.798287 0.754955 2.66088 0.549949 0.534931 0.502379 0.450134 0.912279 0.612698 3.37338 1.71931
threshold=1.5000000000000002 28.500000000000004 6.5000000000000009 1.0000000180025095e-35 3.5000000000000004 26.500000000000004 1.5000000000000002 4.5000000000000009 3.5000000000000004 13.500000000000002 1.0000000180025095e-35 1.5000000000000002 5.5000000000000009 3.5000000000000004 2.5000000000000004 2.2916666666666674 9.0000000000000018 1.4166666666666667 1.7083333333333337 1.0000000180025095e-35 1.8750000000000002 5.5000000000000009 5.5000000000000009 1.0000000180025095e-35
decision_type=2 2 2 2 2 2 2 2 2 2 2 2 2 2 2 2 2 2 2 2 2 2 2 2
left_child=-1 2 6 4 -4 16 7 -2 9 10 12 14 13 17 15 -10 -6 -8 -19 21 -21 -16 -23 -24
right_child=1 -3 3 -5 5 -7 8 -9 11 -11 -12 -13 -14 -15 19 -17 -18 18 -20 20 -22 22 23 -25
leaf_value=-0.036612884056120509 0.0096861460557794241 -0.039293222044343892 -0.038932340627768187 -0.05309637105522217 0 -0.021234442557648947 -0.002212542146516918 -0.04586622175507097 -0.042884510380673424 -0.051336784199362294 -0.041156782478643184 -0.033877503679082925 0.022091455686335013 -0.016515386293741476 0.010088829672580147 0.025074179665244979 0.033849395753573014 0.022880757301887308 -0.00082711230545210162 -0.02268511424510922 0.0065418580813660435 -0.059464054749812187 -0.0027460829253825071 0.033976931923661226
leaf_weight=1.0140575952827919 2.2532792240381232 0.77582901529967685 1.2188672232441575 0.96107270708307702 5.4831925537437183 2.0945221204310656 9.4440134838223582 2.0938683869317174 2.161125223152339 1.5472109429538239 1.4575722482986737 0.93454367201775213 2.4148362823761991 4.5170041220262638 28.201700412202626 1.4621370015665887 0.99895151704549778 3.2591688167303792 1.4688166794367132 2.6350133577361694 4.3023171308450401 1.3824427574872959 6.4702931139618141 2.7840138524770737
leaf_count=38 43 15 35 12 106 14 78 26 19 16 31 29 36 36 407 36 27 42 16 18 31 10 85 43
internal_value=-0.0027124 -0.00224322 -0.00183288 -0.0101834 -0.00515641 0 -0.00059129 -0.0152312 0.00015616 -0.00515204 -0.0016302 0.0028576 0.000720688 -0.0016126 0.00371451 -0.0132524 0.00638979 0.00257283 0.0138235 0.00523225 -0.00340627 0.00698125 -0.000505922 0.007437
internal_weight=91.3358 90.3218 89.546 10.7566 9.79553 8.57667 78.7894 4.34715 74.4422 24.1086 22.5614 50.3336 21.1038 18.689 49.399 3.62326 6.48214 14.172 4.72799 45.7758 6.93733 38.8385 10.6367 9.25431
internal_count=1249 1211 1196 194 182 147 1002 69 933 255 239 678 208 172 649 55 133 136 58 594 49 545 138 128
is_linear=0
shrinkage=0.04


Tree=124
num_leaves=25
num_cat=0
split_feature=24 1 18 16 24 16 26 14 24 22 18 24 24 1 24 25 26 23 6 26 23 26 25 23
split_gain=0.679044 0.617737 0.525043 0.481611 1.04661 0.509909 0.469211 2.1349 1.3916 1.31504 1.19996 1.30795 0.788511 1.91891 1.10097 1.84329 2.25922 4.18815 0.753404 0.634546 0.902387 0.919041 0.752675 0.629532
threshold=1.5000000000000002 28.500000000000004 1.5000000000000002 1.5000000000000002 2.5000000000000004 1.0000000180025095e-35 2.5000000000000004 3.5000000000000004 6.5000000000000009 1.5000000000000002 1.0000000180025095e-35 4.5000000000000009 3.5000000000000004 13.500000000000002 5.5000000000000009 3.5000000000000004 3.5000000000000004 0.76180168105713697 1.0000000180025095e-35 5.5000000000000009 0.45220861134162554 3.5000000000000004 3.5000000000000004 0.60355339059327384
decision_type=2 2 2 2 2 2 2 2 2 2 2 2 2 2 2 2 2 2 2 2 2 2 2 2
left_child=-1 2 3 5 -5 -2 7 8 9 -7 11 -11 13 19 18 -16 17 -17 -14 20 -8 22 -22 -18
right_child=1 -3 -4 4 -6 6 12 -9 -10 10 -12 -13 14 -15 15 16 23 -19 -20 -21 21 -23 -24 -25
leaf_value=-0.036222676812638743 -0.031091097172543415 -0.038716218568739379 -0.034824494848698782 -0.00076992898605624622 -0.037727133715373951 -0.039673363285842027 0.0063483169726996601 -0.039734711573203421 0.039406693835874175 0.011267784057524112 -0.040345003536451367 -0.039635214346978087 0.011001695551543412 -0.05112404848281675 -0.046778176443108686 -0.073588566322031812 0.014196716171622529 0.013156487164443729 -0.0029848126084928441 0.015401916726704597 -0.020800939871896646 -0.02906524022025677 0.032961217641783336 -0.0035324088808823969
leaf_weight=0.98458036407828231 0.85937538091093202 0.7562932507134964 0.78395387576892872 5.226204425096511 1.8271998944692311 1.4627747219055862 3.9382550269365293 2.5597094520926467 1.305812435224653 8.2027865126728958 1.0051640672609217 0.85015538334846574 27.407398596405983 1.4253690876066674 1.487162309698763 1.7219273261725896 8.2925429791212064 1.5838828496634958 6.883069433271884 2.6097451355308285 0.69189972337335326 3.7237407304346561 0.85227605327963829 4.2346523255109778
leaf_count=38 95 15 20 48 72 15 39 16 31 113 11 9 362 12 22 12 114 39 44 35 6 19 20 42
internal_value=-0.00264599 -0.00218821 -0.00178762 -0.00140306 -0.011478 -0.000428159 -4.7343e-08 -0.00637621 0 -0.0041538 0.000216521 0.00560383 0.00138937 -0.00711455 0.00372615 -0.00419593 0 -0.0296072 0.00796091 -0.00112858 -0.00668359 -0.0179448 0.00369122 0.00756501
internal_weight=90.6759 89.6914 88.9351 88.1511 7.0534 81.0977 80.2383 15.3864 12.8267 11.5209 10.0581 9.05294 64.8519 13.2413 51.6106 17.3202 15.833 3.30581 34.2905 11.8159 9.20617 5.26792 1.54418 12.5272
internal_count=1249 1211 1196 1176 120 1056 961 195 179 148 133 122 766 131 635 229 207 51 406 119 84 45 26 156
is_linear=0
shrinkage=0.04


Tree=125
num_leaves=25
num_cat=0
split_feature=1 19 25 24 17 26 1 26 17 26 25 24 26 17 19 25 26 1 26 1 23 22 26 26
split_gain=0.804113 2.57555 2.35572 1.20797 3.31049 6.69557 3.1095 2.56216 1.40009 3.03919 2.64671 2.45584 2.44037 2.43877 1.63807 1.17878 3.12659 1.73699 1.1418 5.01282 0.891396 0.731359 0.537525 0.552279
threshold=8.5000000000000018 1.0000000180025095e-35 1.5000000000000002 4.5000000000000009 1.0000000180025095e-35 4.5000000000000009 17.500000000000004 9.0000000000000018 1.0000000180025095e-35 2.5000000000000004 2.5000000000000004 3.5000000000000004 5.5000000000000009 1.5000000000000002 1.0000000180025095e-35 3.5000000000000004 10.500000000000002 14.500000000000002 7.0000000000000009 12.500000000000002 0.60355339059327384 2.5000000000000004 1.5000000000000002 2.5000000000000004
decision_type=2 2 2 2 2 2 2 2 2 2 2 2 2 2 2 2 2 2 2 2 2 2 2 2
left_child=1 2 22 7 15 -6 -7 8 10 -10 -2 12 -11 21 18 16 -5 -17 19 -12 -15 -13 -1 -24
right_child=3 -3 -4 4 5 6 -8 -9 9 11 14 13 -14 20 -16 17 -18 -19 -20 -21 -22 -23 23 -25
leaf_value=0.0058785381466866004 -0.051158649006986114 -0.053173706638068627 0.026154183785375894 -0.048424543423871452 -0.063829642334670617 0.027348553034937675 -0.072048055128605959 -0.068075993360511747 -0.049382705366437518 -0.055266828832545675 0.0038616411639217545 0.036857804248912406 0.0039751700318793552 -0.021915336864147952 -0.044751970060442563 0.037411918811656703 0.019371394105743265 0.0082829452285921902 0.023104350366722187 -0.07192317907490621 0.012163488552025347 0.0085579591906869631 -0.039059481625050824 -0.00022992872126471837
leaf_weight=2.5148192062042627 2.5184227745048728 0.96479337429627854 8.9351733587682229 1.8352583884261573 3.1730013070628038 3.6063963137567043 0.5568582834675907 1.0676197605207551 1.6162152420729423 1.7195288427174098 9.126790867187081 6.0885074809193593 2.543944223318249 2.7198937833309182 1.5511143598705519 4.3853116333484676 2.5050598718225956 18.383886384777725 2.4933887775987378 1.6208972549065936 1.9438192234374581 3.0201611877419055 1.2096833013929429 2.0168875968083739
leaf_count=48 26 24 75 29 32 72 15 17 17 16 118 87 40 12 24 69 33 279 37 22 24 62 15 21
internal_value=0.000230667 0.00853255 0.013134 -0.00145061 0.00383119 -0.0196316 0.0121321 -0.00644494 -0.00444837 0.00252178 -0.0128235 0.00761657 -0.0180417 0.0161404 -0.00575594 0.0104757 -0.00745223 0.0142445 -0.000583605 -0.00682339 -0.00599603 0.0283527 -0.00573552 -0.017267
internal_weight=88.1174 15.6414 14.6766 72.4761 34.4458 7.33626 4.16325 38.0303 36.9627 19.6521 17.3106 18.0359 4.26347 13.7724 14.7922 27.1095 4.34032 22.7692 13.2411 10.7477 4.66371 9.10867 5.74139 3.22657
internal_count=1214 183 159 1031 529 119 87 502 485 258 227 241 56 185 201 410 62 348 177 140 36 149 84 36
is_linear=0
shrinkage=0.04


Tree=126
num_leaves=25
num_cat=0
split_feature=16 1 25 16 24 1 23 1 1 27 23 25 15 25 25 24 15 21 25 21 25 14 14 23
split_gain=0.760624 0.732445 2.29942 1.11777 1.08728 0.901243 0.86195 0.802552 0.666526 3.20501 0.578337 1.25245 0.758086 4.39427 1.42748 2.19685 1.46764 0.720542 1.55561 0.692132 0.468379 0.450617 0.872666 0.726885
threshold=1.0000000180025095e-35 8.5000000000000018 1.5000000000000002 1.5000000000000002 4.5000000000000009 11.500000000000002 1.0000000180025095e-35 5.5000000000000009 14.500000000000002 3.5000000000000004 0.8228263892582881 3.5000000000000004 1.0000000180025095e-35 2.5000000000000004 3.5000000000000004 3.5000000000000004 1.5000000000000002 1.8750000000000002 2.5000000000000004 1.7083333333333337 2.5000000000000004 3.5000000000000004 2.5000000000000004 0.8228263892582881
decision_type=2 2 2 2 2 2 2 2 2 2 2 2 2 2 2 2 2 2 2 2 2 2 2 2
left_child=-1 2 7 4 8 -6 -7 -2 10 -10 12 -12 13 -3 15 -14 -16 -17 -19 -18 -8 22 -22 -23
right_child=1 3 -4 -5 5 6 20 -9 9 -11 11 -13 14 -15 16 17 19 18 -20 -21 21 23 -24 -25
leaf_value=-0.032956418768122026 -0.002627173793270818 0.0344205675932353 0.021519222115642105 -0.036221070078768125 -0.036726434641006216 0.025114686150344952 -0.011304697002514774 -0.05019701527945461 -0.055449407474657736 0.0061891120383332403 0.031129471403285269 -0.021835065641798358 0 -0.057692673887222726 -0.020321943204716423 -0.048632782317422116 0 -0.045484093032400551 0 0.02430843608707885 -0.034084863437830418 0.0085656990262070985 0.013889586724497662 -0.0099715857717537389
leaf_weight=1.0824838294647623 5.3182259965687981 3.3042390346527162 9.2537060342729074 1.4055425892584015 0.75145732425153156 3.6089693009853354 2.6919776173308518 0.7154277036897837 2.2069510128349057 2.984103798866272 2.2023299746215339 0.88380573317408551 6.6344160735607165 1.0694030709564684 2.6450501475483161 2.8070975840091705 2.644492145627737 1.9297532513737676 2.6920773033052683 4.2311800383031368 0.55220086127519508 7.7629068363457918 11.72692961152643 5.9682879708707333
leaf_count=144 68 48 82 57 9 67 24 13 19 37 30 12 63 7 41 17 23 22 26 58 7 78 222 40
internal_value=0.000215397 0.00072601 0.00871624 -0.000888479 -5.6395e-05 0.00507066 0.00629032 -0.00959356 -0.00495538 -0.0184751 -0.00243696 0.0133693 -0.00446789 0.0100687 -0.00750291 -0.0157186 0.00379241 -0.0306736 -0.018035 0.0142326 0.00364465 0.00549943 0.0110806 0
internal_weight=87.073 85.9905 15.2874 70.7032 69.2976 33.0627 32.3113 6.03365 36.2349 5.19105 31.0438 3.08614 27.9577 4.37364 23.5841 14.0633 9.52072 7.42893 4.62183 6.87567 28.7023 26.0103 12.2791 13.7312
internal_count=1214 1070 163 907 850 447 438 81 403 56 347 42 305 55 250 128 122 65 48 81 371 347 229 118
is_linear=0
shrinkage=0.04


Tree=127
num_leaves=25
num_cat=0
split_feature=16 1 25 16 23 25 15 23 15 26 0 23 26 21 21 15 23 1 26 25 26 26 25 1
split_gain=0.72346 0.676686 2.1568 1.06629 0.863394 0.779677 2.8872 2.08546 1.38288 1.0546 2.78932 1.57773 0.82605 3.40198 0.836004 0.989814 2.30485 1.98957 0.685447 0.531016 0.575434 0.725256 1.6378 0.457604
threshold=1.0000000180025095e-35 8.5000000000000018 1.5000000000000002 1.5000000000000002 1.0000000180025095e-35 3.5000000000000004 1.5000000000000002 0.48570226039551589 1.5000000000000002 7.0000000000000009 3.5000000000000004 0.76180168105713697 4.5000000000000009 2.8750000000000004 2.4166666666666674 2.5000000000000004 0.84759080068664439 21.500000000000004 1.5000000000000002 6.5000000000000009 2.5000000000000004 5.5000000000000009 1.5000000000000002 11.500000000000002
decision_type=2 2 2 2 2 2 2 2 2 2 2 2 2 2 2 2 2 2 2 2 2 2 2 2
left_child=-1 2 18 4 19 6 7 23 9 10 11 -7 14 -14 15 17 -17 -10 -2 20 -3 -22 -23 -6
right_child=1 3 -4 -5 5 8 -8 -9 12 -11 -12 -13 13 -15 -16 16 -18 -19 -20 -21 21 22 -24 -25
leaf_value=-0.032701830508106329 0.0035189343220929049 -0.019525326380898475 0.020923412929077824 -0.03596489102811657 -0.0047080363668536842 0.0067126617298542144 -0.047771620759246014 0.011918501125109093 0.025991443681712991 0.012827917005965068 -0.050595230232761024 -0.035925563077691999 -0.050993121637955705 0.025927749817047627 -0.0077915177662434068 -0.035368901227722661 0.028893244306046922 -0.033398293233313087 -0.021636872571210587 0.033496290528998662 0.023266172234579593 0.023246179284295451 -0.047298118544900937 -0.02121155889932301
leaf_weight=1.0479739340953518 2.635906883981078 1.0162733569741229 9.1388881485909206 1.3598569352179755 7.8221622183919006 6.3735520653426629 2.5476021505892268 9.243500914424656 11.223429771140221 2.7216038219630709 2.5485809296369544 1.7470751423388717 1.6852893829345696 1.9113271981477735 2.4178051464259616 1.7696647085249417 1.7696763202548025 0.86772016063332635 3.382230706512928 1.6423838175833223 3.4114101007580757 1.1421070359647276 0.91143268346786488 6.0252239499241114
leaf_count=144 51 13 82 57 70 115 20 150 143 36 22 20 12 31 30 11 9 8 30 25 66 26 5 38
internal_value=0.000185127 0.000682869 0.0083995 -0.000870221 -6.0257e-05 -0.00181506 -0.00718318 -0.00235862 0.00188489 -0.00791697 -0.0139586 -0.0014754 0.0083185 -0.00789124 0.011992 0.015564 -0.000977415 0.0210677 -0.00928947 0.0120614 0.00539527 0.0114934 -0.00416813 -0.0124667
internal_weight=86.3627 85.3147 15.157 70.1577 68.7978 60.6742 25.6385 23.0909 35.0357 13.3908 10.6692 8.12063 21.6449 3.59662 18.0483 15.6305 3.53934 12.0911 6.01814 8.12361 6.48122 5.46495 2.05354 13.8474
internal_count=1214 1070 163 907 850 715 278 258 437 193 157 135 244 43 201 171 20 151 81 135 110 97 31 108
is_linear=0
shrinkage=0.04


Tree=128
num_leaves=25
num_cat=0
split_feature=19 24 25 25 1 15 1 25 1 24 23 26 24 26 15 15 25 26 23 24 1 1 24 15
split_gain=0.696764 1.70363 2.83609 1.42125 1.35974 1.57966 1.20103 1.96595 1.06084 0.774648 0.681989 0.557334 1.99518 1.13938 2.34739 0.764668 3.49803 2.64956 0.92742 0.725243 1.05335 0.520104 0.620008 2.10967
threshold=1.0000000180025095e-35 4.5000000000000009 3.5000000000000004 2.5000000000000004 8.5000000000000018 1.0000000180025095e-35 8.5000000000000018 1.5000000000000002 13.500000000000002 2.5000000000000004 1.0000000180025095e-35 9.0000000000000018 4.5000000000000009 7.0000000000000009 1.5000000000000002 1.5000000000000002 3.5000000000000004 3.5000000000000004 0.45220861134162554 3.5000000000000004 20.500000000000004 12.500000000000002 6.5000000000000009 2.5000000000000004
decision_type=2 2 2 2 2 2 2 2 2 2 2 2 2 2 2 2 2 2 2 2 2 2 2 2
left_child=6 3 -3 4 -2 -6 7 9 -4 -1 -8 13 -13 15 -15 17 -17 -12 -19 -20 -21 -18 23 -23
right_child=1 2 8 -5 5 -7 10 -9 -10 -11 11 12 -14 14 -16 16 21 18 19 20 -22 22 -24 -25
leaf_value=0.00016432859194397698 -0.053332486687591239 -0.050079735873318681 0.040007678820462383 -0.049047281140409682 0.019326984242412627 -0.048967830262008689 0.011655935202307639 0.024523012878363594 0.0015056857976558328 -0.037744143644926134 -0.034766410671034018 -0.067193127433706784 0 0.032745316482940504 -0.038014483985647676 -0.047283419170333074 0.023730746585848533 -0.021542100397274479 -0.0072497272528916148 0.014551059813855585 -0.033830149654161694 0.0040674039904055196 0.013586794879952244 -0.056730794056558377
leaf_weight=4.6952768815681329 0.81972198933362772 1.174254238605499 2.1464810511097312 2.3073326041921973 2.5547350151464348 0.66602100525051344 6.2519243359565726 8.5513183623552305 3.4791127410717309 0.96466076839715231 4.8057506121695068 0.95050354301929418 1.9316415674984453 3.6915395502001038 0.84952372917905439 2.0343119460158077 2.9769082106649902 3.0150228361599174 6.259706907439976 8.5707941730506683 0.70161097310483533 8.2685982435941714 6.8078934624791136 1.014809944666921
leaf_count=67 17 19 32 42 45 6 127 75 52 17 80 13 15 70 9 18 61 21 52 169 13 76 105 13
internal_value=0.000163819 -0.00820044 0.00475126 -0.0233347 -0.00667151 0.00272039 0.00179456 0.0122484 0.0176184 -0.00488322 -0.000623492 -0.0022575 -0.0195286 -0.00107827 0.0177462 -0.00318112 0.0020383 -0.00824015 -0.000935592 0.00254939 0.0100274 0.00771978 0.00426058 -0.00171696
internal_weight=85.4895 13.1477 6.79985 6.34781 4.04048 3.22076 72.3418 14.2113 5.62559 5.65994 58.1305 51.8786 2.88215 48.9965 4.54106 44.4554 21.1025 23.3529 18.5471 15.5321 9.27241 19.0682 16.0913 9.28341
internal_count=1214 213 103 110 68 51 1001 159 84 84 842 715 28 687 79 608 273 335 255 234 182 255 194 89
is_linear=0
shrinkage=0.04


Tree=129
num_leaves=25
num_cat=0
split_feature=16 21 1 26 1 26 23 15 26 26 21 26 1 10 27 21 21 26 15 23 26 26 1 21
split_gain=0.678256 0.625548 0.567532 1.36521 1.6462 0.746159 0.715211 0.673271 3.93361 2.02341 0.963509 0.77812 0.824055 0.885479 1.97818 0.874059 0.822204 0.541794 0.532659 2.04965 1.39791 0.474671 1.04854 0.635696
threshold=1.0000000180025095e-35 2.4166666666666674 8.5000000000000018 2.5000000000000004 5.5000000000000009 1.5000000000000002 1.0000000180025095e-35 1.5000000000000002 4.5000000000000009 4.5000000000000009 1.4166666666666667 2.5000000000000004 16.500000000000004 3.5000000000000004 2.5000000000000004 1.5833333333333337 1.8750000000000002 2.5000000000000004 2.5000000000000004 0.84759080068664439 2.5000000000000004 2.5000000000000004 17.500000000000004 2.5833333333333335
decision_type=2 2 2 2 2 2 2 2 2 2 2 2 2 2 2 2 2 2 2 2 2 2 2 2
left_child=-1 2 3 4 5 -2 17 9 18 11 -11 -8 13 14 15 -13 -15 -4 20 -20 -9 -3 23 -23
right_child=1 21 6 -5 -6 -7 7 8 -10 10 -12 12 -14 16 -16 -17 -18 -19 19 -21 -22 22 -24 -25
leaf_value=-0.032366870295063591 0.0023742602464214271 0.011762581361942926 -0.0079379893490194569 -0.017087816870658898 0.024766730840569687 -0.036523856215356004 -0.039888599060292296 -0.013290400375367844 -0.050910323990786835 -0.0072725176690863228 0.013670080080419209 0 -0.047116348271336504 -0.043229090086759375 0.037027270518551279 -0.027215390291553218 -0.0070887933038302669 0.017000508805035883 -0.033512052954937629 0.027520448673170841 0.020992183766421504 -0.0059711644027521825 -0.0015915041887813964 -0.05379241271531196
leaf_weight=1.005344975972547 2.6877263505011793 1.1816860269755114 1.3028505239635695 2.3823091983795157 8.4711322849616391 0.97617465257644642 1.8450703257694865 2.0101357446983519 1.7914792336523522 5.0009537786245337 9.5986024914309365 6.024159523658458 1.0033399229869235 1.8563427068293084 1.8340540863573558 2.7664689058437943 3.8065517898648977 6.3081031255424023 1.7416465636342757 1.7493116259574888 10.80198287218809 1.3030519094318136 5.8592201196588576 1.3735718000680206
leaf_count=144 47 27 27 14 83 11 29 38 14 53 187 46 11 13 63 24 27 109 11 9 126 12 77 12
internal_value=0.000150298 0.00063659 0.00197896 0.00908028 0.0148768 -0.00580592 0.000110017 -0.00143468 0.00456561 -0.00489015 0.00594841 -0.0135774 -0.0103071 -0.0075484 0 -0.00860272 -0.0203486 0.0116804 0.0111523 -0.000637163 0.0149891 -0.00875673 -0.0125346 -0.0335006
internal_weight=84.6813 83.6759 73.9584 14.5173 12.135 3.6639 59.4411 51.8301 18.0946 33.7355 14.5996 19.136 17.2909 16.2876 10.6247 8.79063 5.66289 7.61095 16.3031 3.49096 12.8121 9.71753 8.53584 2.67662
internal_count=1214 1070 942 155 141 58 787 651 198 453 240 213 184 173 133 70 40 136 184 20 164 128 101 24
is_linear=0
shrinkage=0.04


Tree=130
num_leaves=25
num_cat=0
split_feature=24 19 26 26 24 23 26 26 25 18 15 26 25 23 15 15 15 25 21 14 25 24 26 21
split_gain=0.667378 0.706601 2.37858 1.87798 0.786913 0.586905 1.26203 1.2046 1.36147 2.25651 1.70221 1.577 0.949888 0.529325 2.65332 0.836156 0.521398 1.91365 0.515145 1.44772 0.539436 1.38047 0.847261 0.603542
threshold=1.5000000000000002 1.0000000180025095e-35 4.5000000000000009 2.5000000000000004 3.5000000000000004 0.48570226039551589 9.0000000000000018 4.5000000000000009 4.5000000000000009 1.0000000180025095e-35 1.5000000000000002 3.5000000000000004 2.5000000000000004 0.84759080068664439 2.5000000000000004 2.5000000000000004 1.0000000180025095e-35 3.5000000000000004 1.1250000000000002 2.5000000000000004 4.5000000000000009 6.5000000000000009 2.5000000000000004 1.5833333333333337
decision_type=2 2 2 2 2 2 2 2 2 2 2 2 2 2 2 2 2 2 2 2 2 2 2 2
left_child=-1 5 3 -3 -5 18 7 8 12 10 -10 -11 -7 14 -12 -15 -6 -18 19 -2 22 -22 23 -20
right_child=1 2 -4 4 16 6 -8 -9 9 11 13 -13 -14 15 -16 -17 17 -19 20 -21 21 -23 -24 -25
leaf_value=-0.034859511571515178 -0.0060589960495260912 -0.050897067424433333 -0.043553282894054822 -0.036680473065264285 0.024017212168756876 -0.0047650640904333763 -0.038752459046369585 0.018709933078688873 -0.037548530807536243 -0.074183135965203623 0.034189351239218242 -0.0068650843444903733 0.02738489996879984 0.00027657130695403216 -0.049503905699180013 0.052525481116154932 -0.056970144926498073 0.010777838228547981 -0.0013939229353801038 0.036232021127068526 0.011249754872382943 -0.037588808340262826 -0.010227577226499512 0.020522871587942883
leaf_weight=0.86826794361695547 2.6168216620571902 1.0413442458957423 2.4477670746855429 0.58685308322310348 2.7673289631493372 1.7209674175828755 0.87909398600458999 10.989066256210206 1.1904453686438481 1.2014363026246428 1.5656950375996532 1.6081910273060203 4.0317220720462501 1.3827811926603317 0.98552104830741871 1.2025521555915475 0.74788584187626828 5.587925021070987 6.2094738287851232 2.167121309787035 8.5960279367864096 0.9892684328369804 19.120794184505939 2.642953896895051
leaf_count=40 45 20 40 14 50 20 11 205 16 12 32 17 58 34 6 7 4 76 64 48 145 19 193 44
internal_value=0 0.000392851 -0.00797122 0 0.00563015 0.00210387 0.00677079 0.00862637 0.000646884 -0.00838123 0.00372856 -0.0384986 0.0163763 0.0148524 0 0.0276742 0.00923661 0.00151813 -0.000656369 0.0114265 -0.00240841 0.00537467 -0.00536134 0.00424578
internal_weight=83.1473 82.279 13.1791 10.7313 9.68999 69.0999 26.7575 25.8784 14.8893 9.13662 6.32699 2.80963 5.75269 5.13655 2.55122 2.58533 9.10314 6.33581 42.3425 4.78394 37.5585 9.5853 27.9732 8.85243
internal_count=1220 1180 204 164 144 976 418 407 202 124 95 29 78 79 38 41 130 80 558 93 465 164 301 108
is_linear=0
shrinkage=0.04


Tree=131
num_leaves=25
num_cat=0
split_feature=24 19 26 26 23 26 26 25 15 23 15 25 15 21 14 27 24 25 24 26 17 24 24 26
split_gain=0.632772 0.661921 2.2712 1.76703 0.54415 1.17156 1.12109 1.26209 1.98145 1.53895 1.02455 0.896193 0.801137 0.475936 1.3847 0.70503 0.556257 0.4953 1.28319 0.776955 0.572161 2.28774 1.3758 1.45853
threshold=1.5000000000000002 1.0000000180025095e-35 4.5000000000000009 2.5000000000000004 0.48570226039551589 9.0000000000000018 4.5000000000000009 4.5000000000000009 1.5000000000000002 0.84759080068664439 2.5000000000000004 2.5000000000000004 2.5000000000000004 1.1250000000000002 2.5000000000000004 2.5000000000000004 2.5000000000000004 4.5000000000000009 6.5000000000000009 2.5000000000000004 1.0000000180025095e-35 4.5000000000000009 4.5000000000000009 4.5000000000000009
decision_type=2 2 2 2 2 2 2 2 2 2 2 2 2 2 2 2 2 2 2 2 2 2 2 2
left_child=-1 4 3 -3 13 6 7 11 -9 10 -10 -6 -11 14 15 16 -2 19 -19 -15 22 -22 23 -21
right_child=1 2 -4 -5 5 -7 -8 8 9 12 -12 -13 -14 17 -16 -17 -18 18 -20 20 21 -23 -24 -25
leaf_value=-0.034457703811507659 0 -0.049988427607768539 -0.043196046387295337 0.0054281997708474083 -0.0045742438262475022 -0.0373102868997707 0.018117456451727389 -0.041792710569768209 0 3.4272074652230612e-05 -0.04856140630025349 0.026626128826690555 0.051405627671519405 0.0040498685446154724 0.035856067835017567 0.027813260260876719 -0.037786613677381044 0.010854377532151845 -0.036371136660790171 -0.004718598470274781 -0.0048755506182777842 -0.058418278384668544 0.011688249535410091 -0.054267723527931765
leaf_weight=0.84375482378527422 0.87286039721220721 1.0183301004581142 2.370846521575003 9.5910399234853667 1.7210478070192099 0.87660286389291187 10.896412781905381 2.1523697888478619 3.3333962159231305 1.3905320111662149 0.96488196030259121 3.9817819949239492 1.180056462995708 8.8329579019919056 2.1035412549972534 0.58320508524775494 1.1594442198984323 8.5536575326696003 0.98165082512423474 5.2484671156853455 5.8436831668950608 1.8021466452628372 4.9644984235055745 1.3123481338843701
leaf_count=40 7 20 40 144 20 11 205 27 49 35 6 58 7 108 48 17 21 145 19 42 58 17 63 13
internal_value=0 0.000360408 -0.00780063 0 0.00201747 0.00654118 0.0083538 0.000584972 -0.00815119 0.00122576 -0.0121652 0.0158074 0.026729 -0.000629698 0.0110623 -0.00581961 -0.0194076 -0.0023126 0.00515357 -0.00514048 -0.00979215 -0.0185421 -0.00329338 -0.0158492
internal_weight=82.5795 81.7358 12.9802 10.6094 68.7555 26.4971 25.6205 14.7241 9.02124 6.86887 4.29828 5.70283 2.57059 42.2585 4.71905 2.61551 2.0323 37.5394 9.53531 28.0041 19.1711 7.64583 11.5253 6.56082
internal_count=1220 1180 204 164 976 418 407 202 124 97 55 78 42 558 93 45 28 465 164 301 193 75 118 55
is_linear=0
shrinkage=0.04


Tree=132
num_leaves=25
num_cat=0
split_feature=24 23 26 26 17 18 25 24 15 15 15 27 25 1 25 26 26 24 27 1 23 24 26 25
split_gain=0.60013 0.490537 1.10599 0.589651 1.01495 1.32223 3.31572 0.987764 2.71553 1.33816 1.23001 0.826407 0.60098 0.535808 0.593177 1.52312 1.46762 0.552804 0.506922 0.47286 0.440109 0.41226 1.09417 1.9739
threshold=1.5000000000000002 0.48570226039551589 9.0000000000000018 3.5000000000000004 1.5000000000000002 1.0000000180025095e-35 4.5000000000000009 5.5000000000000009 1.5000000000000002 1.0000000180025095e-35 1.5000000000000002 2.5000000000000004 5.5000000000000009 4.5000000000000009 1.5000000000000002 5.5000000000000009 7.0000000000000009 2.5000000000000004 1.5000000000000002 13.500000000000002 0.60355339059327384 6.5000000000000009 5.5000000000000009 9.0000000000000018
decision_type=2 2 2 2 2 2 2 2 2 2 2 2 2 2 2 2 2 2 2 2 2 2 2 2
left_child=-1 13 3 4 5 19 -7 8 9 18 12 -11 -9 -2 15 17 21 -15 -5 -3 -12 -16 23 -23
right_child=1 2 -4 7 -6 6 -8 10 -10 11 20 -13 -14 14 16 -17 -18 -19 -20 -21 -22 22 -24 -25
leaf_value=-0.03405529821686739 0.020156116096898317 0 -0.03658362771039169 0.032887951426955268 -0.048700172652321856 0.011721519204029474 -0.071267648842599729 -0.04757781481819242 -0.039972300921451834 0.0049037387622977817 0.023308035013682088 0.03911826205213919 0 -0.002555376487693042 0.001421127283957879 0.00094837983513822686 -0.050183392407173094 -0.049439700890446858 -0.0097845216019693797 0.019750721572253535 0 -0.06317009492888212 0.0084788000293894647 0.010816509518110652
leaf_weight=0.8200571988709261 1.6126613151282061 2.520221666898582 0.9617989007383575 0.56149413762614075 0.6743172933347531 1.7615248626098039 1.2224665945395825 1.1414619423449028 1.1040437207557268 2.0678148199804127 1.9488581921905277 6.2652847035788 0.74198822025209654 1.0004823128692799 38.300471419934183 3.6545244883745909 0.94668795540928741 1.8901270176284013 2.1282606893219054 4.5020629866048694 2.5146976402029395 1.325583717785775 1.5959904561750593 0.74159323051571835
leaf_count=40 34 40 14 12 17 34 15 20 14 48 33 92 21 9 472 58 12 30 45 69 29 20 21 21
internal_value=0 0.000335445 0.00446695 0.00609559 -0.000705017 0.00172985 -0.0195961 0.0104604 0.0172128 0.0236662 -0.00118076 0.0315881 -0.0293487 -0.00194436 -0.00282678 -0.0141384 -0.000914975 -0.0359799 0 0.0119312 0.00891273 5.86531e-06 -0.0126076 -0.0327576
internal_weight=82.0045 81.1844 30.1163 29.1545 10.6806 10.0063 2.98399 18.4739 12.1269 11.0229 6.34701 8.3331 1.88345 51.0681 49.4555 6.54513 42.9103 2.89061 2.68975 7.02228 4.46356 41.9636 3.66317 2.06718
internal_count=1220 1180 503 489 175 158 49 314 211 197 103 140 41 677 643 97 546 39 57 109 62 534 62 41
is_linear=0
shrinkage=0.04


Tree=133
num_leaves=25
num_cat=0
split_feature=1 27 24 18 25 17 24 15 24 1 18 21 20 14 25 23 21 25 17 17 17 15 1 24
split_gain=0.604792 0.691589 0.924375 0.732625 0.638803 2.28764 1.82364 0.813929 0.631557 1.43921 0.632771 2.54408 0.713339 0.60246 0.576112 0.809802 0.536466 0.52937 2.30058 2.73503 1.77992 1.64447 1.12756 0.993815
threshold=28.500000000000004 2.5000000000000004 5.5000000000000009 1.0000000180025095e-35 2.5000000000000004 1.0000000180025095e-35 4.5000000000000009 1.0000000180025095e-35 3.5000000000000004 12.500000000000002 1.0000000180025095e-35 1.4166666666666667 3.5000000000000004 2.5000000000000004 3.5000000000000004 0.48570226039551589 1.7083333333333337 2.5000000000000004 1.0000000180025095e-35 1.5000000000000002 1.0000000180025095e-35 1.0000000180025095e-35 8.5000000000000018 3.5000000000000004
decision_type=2 2 2 2 2 2 2 2 2 2 2 2 2 2 2 2 2 2 2 2 2 2 2 2
left_child=1 2 3 17 5 6 -3 -6 9 16 11 -10 13 -13 15 -14 -9 20 -19 -20 21 -1 -22 -24
right_child=-2 4 -4 -5 7 -7 -8 8 10 -11 -12 12 14 -15 -16 -17 -18 18 19 -21 22 -23 23 -25
leaf_value=0.0040200749798305459 -0.037375657291579142 -0.049697191891420703 -0.044478877545586805 -0.036209669006435873 -0.034542795920145523 -0.068944059619717016 0.018474262745248368 0.027009750925602954 -0.0310763731287916 -0.049517015226874531 0.0013220823760363984 0 0 0.03440922032965818 0.0035665664699607376 0.034549499787633005 -0.0093702554192335759 0.0011924854411559311 -0.064036960331208551 0.00078352338717358936 -0.00126375432691828 -0.047991706159507784 0 0.029796587412696703
leaf_weight=1.4928200552240025 0.68738850252702732 0.78608250524848644 0.8924972559325387 1.0172309821937222 0.73832458956167002 0.86162518220953632 2.8931073457933962 1.1356735937297342 1.8145761108025933 1.0286905725952236 15.552407545037566 0.64541831053793508 1.6770203728228814 5.1770954309031367 8.3722577788867039 3.1216391939669847 1.1075430349446831 11.684281772468237 2.1374852908775201 1.5738143664784732 7.1938061791006485 1.8793651494197545 2.7803872902877611 5.2714924355968833
leaf_count=24 16 7 28 38 18 8 49 24 26 19 221 11 9 167 88 31 19 117 19 39 88 18 39 97
internal_value=0 0.000303097 -0.00372429 -0.00245759 0.0037026 -0.00991496 0.0017346 0.00543244 0.00637901 -0.00936499 0.00801576 0.0126343 0.0172315 0.0297859 0.0110741 0.0225055 0.00548155 -0.00121298 -0.00686636 -0.0343936 0.00303225 -0.0225945 0.00922535 0.0195902
internal_weight=81.522 80.8346 35.9232 35.0307 44.9115 4.54082 3.67919 40.3706 39.6323 3.27191 36.3604 20.808 18.9934 5.82251 13.1709 4.79866 2.24322 34.0135 15.3956 3.7113 18.6179 3.37219 15.2457 8.05188
internal_count=1220 1204 507 479 697 64 56 633 615 62 553 332 306 178 128 40 43 441 175 58 266 42 224 136
is_linear=0
shrinkage=0.04


Tree=134
num_leaves=25
num_cat=0
split_feature=16 27 25 17 26 24 16 18 21 26 20 26 21 24 18 25 17 17 17 25 1 26 24 23
split_gain=0.57272 0.521506 0.99048 1.86926 1.35165 0.898327 0.792792 0.69457 2.28892 1.57658 1.02819 1.02765 0.654613 0.599491 0.586721 0.498398 2.09595 2.68876 1.63851 1.37531 1.09236 1.9082 0.970764 0.682042
threshold=1.0000000180025095e-35 2.5000000000000004 2.5000000000000004 1.0000000180025095e-35 10.500000000000002 5.5000000000000009 1.5000000000000002 1.0000000180025095e-35 1.4166666666666667 2.5000000000000004 3.5000000000000004 2.5000000000000004 1.5833333333333337 4.5000000000000009 1.0000000180025095e-35 2.5000000000000004 1.0000000180025095e-35 1.5000000000000002 1.0000000180025095e-35 1.0000000180025095e-35 8.5000000000000018 2.5000000000000004 3.5000000000000004 0.76180168105713697
decision_type=2 2 2 2 2 2 2 2 2 2 2 2 2 2 2 2 2 2 2 2 2 2 2 2
left_child=-1 5 3 4 -3 14 7 8 9 -4 -10 -9 13 -13 15 18 -17 -18 19 -2 21 -20 -22 -24
right_child=1 2 6 -5 -6 -7 -8 11 10 -11 -12 12 -14 -15 -16 16 17 -19 20 -21 22 -23 23 -25
leaf_value=-0.03154530259606933 0.0010355228439609722 -0.044107251523575204 0.0073392954633457524 -0.067600630610340204 0.010672089989475947 -0.04391841108944914 -0.031700554131237936 -0.037892885923279482 0.031087411677505727 -0.060683225404442598 0.0090823777861189295 0 -0.00074471040268670353 0.027435705463505166 -0.035098881244276646 0.0011773693391451453 -0.063150627170110787 0.0023615022071029747 0.0052311317764785837 -0.046423503713350904 0 -0.05971033259804668 0.041681256431809359 0.0054133292477289143
leaf_weight=0.91182738519273598 1.5391773600131284 0.92934261029586096 0.71353863645345228 0.84177656471729267 3.113862406462431 0.8645022320561101 0.82433636952191491 1.0305141508579279 5.5366006344556817 1.1129826158285139 13.392486903816462 1.3416328690946127 13.030951177701352 2.8779453579336405 0.84630795288830896 11.669252706691621 2.0693172570317975 1.5139450654387476 6.3488253373652697 1.7303860504180191 2.7610761802643538 0.8096012845635413 3.2361432183533907 1.8687948063015936
leaf_count=138 16 16 20 7 42 27 35 13 169 6 105 19 157 44 15 115 16 33 77 17 36 5 50 42
internal_value=0 0.000335163 0.00329126 -0.0132373 0 -0.00318959 0.00551754 0.00650841 0.0115367 -0.02973 0.0159413 0.000361842 0.00311086 0.0169136 -0.00193322 -0.000858047 -0.0063835 -0.0332388 0.00331147 -0.0216349 0.00927267 -0.000996032 0.0196347 0.0299716
internal_weight=80.9151 80.0033 44.746 4.88498 4.04321 35.2573 39.861 39.0367 20.7556 1.82652 18.9291 18.281 17.2505 4.21958 34.3928 33.5465 15.2525 3.58326 18.294 3.26956 15.0244 7.15843 7.86601 5.10494
internal_count=1220 1082 633 65 58 449 568 533 300 26 274 233 220 63 422 407 164 49 243 33 210 82 128 92
is_linear=0
shrinkage=0.04


Tree=135
num_leaves=25
num_cat=0
split_feature=15 23 3 4 24 15 25 25 24 25 1 1 21 21 14 21 15 25 24 24 21 1 1 21
split_gain=1.09463 0.744936 0.522206 0.468245 0.439722 1.49686 1.35658 0.716471 2.4157 0.601244 0.864406 0.585905 0.64618 0.583572 0.712233 1.21368 0.598476 0.677933 0.590266 0.486265 0.493452 0.344506 0.902805 0.82207
threshold=2.5000000000000004 1.1713894300707421 1.5000000000000002 1.5000000000000002 6.5000000000000009 1.5000000000000002 9.0000000000000018 5.5000000000000009 5.5000000000000009 3.5000000000000004 26.500000000000004 18.500000000000004 3.7083333333333335 2.4166666666666674 2.5000000000000004 1.4166666666666667 1.5000000000000002 2.5000000000000004 2.5000000000000004 5.5000000000000009 1.8750000000000002 4.5000000000000009 8.5000000000000018 1.5833333333333337
decision_type=2 2 2 2 2 2 2 2 2 2 2 2 2 2 2 2 2 2 2 2 2 2 2 2
left_child=1 2 3 4 7 6 -6 8 13 -7 11 -11 -13 14 15 18 17 -15 -1 20 -9 -16 23 -23
right_child=-2 -3 -4 -5 5 9 -8 19 -10 10 -12 12 -14 16 21 -17 -18 -19 -20 -21 -22 22 -24 -25
leaf_value=0.01779692692152746 -0.029229291390955613 -0.02350250489862828 -0.032623544852307826 -0.033085515266191391 -0.048897738450621057 -0.032883851209602161 0.01793643251105137 -0.025835646033193996 -0.055692547532010625 -0.012053192242106556 -0.03648654862564963 0.037984922846775224 0 -0.032823586110672175 0.015319787924564487 0.039537107869323684 -0.044921900524765197 0.029622912977110154 -0.021605715272844082 0.015651592854983375 0.0053818719318822995 -0.020075932969502049 0.0012073056068858468 0.0069820955007263751
leaf_weight=1.1263959496282034 2.4601719949860117 2.4911558679305008 0.83759580855257709 0.70574885257519682 2.1176285338588055 0.54041987657546986 0.42899269377812732 0.95748452655970862 1.2733200718648721 0.43609254201874215 0.42721238359808911 2.1761605581268673 0.52517531812190998 0.54914499958977037 2.0660267379134885 1.9908274747431276 0.91845350340008725 0.56187044992111623 1.2588952034711836 7.6342880018055439 5.1932570342905819 6.658794093411414 37.836433160118759 1.9382991855964062
leaf_count=8 35 58 36 17 47 4 15 17 14 7 7 66 3 17 41 31 7 6 20 125 89 57 490 27
internal_value=-0.00272273 -0.00181497 -0.00102137 -0.000575565 -0.000171678 -0.010079 -0.0344977 0.000655898 -0.00122488 0.00312067 0.0108234 0.0198153 0.0279215 0 0.000846169 0.0163521 -0.0210101 0 0 0.00890103 0 -0.000387981 -0.00125918 -0.0130449
internal_weight=83.1098 80.6497 78.1585 77.3209 76.6152 6.65168 2.54662 69.9635 56.1785 4.10506 3.56464 3.13743 2.70134 54.9051 52.8757 4.37612 2.02947 1.11102 2.38529 13.785 6.15074 48.4996 46.4335 8.59709
internal_count=1244 1209 1151 1115 1098 149 62 949 718 87 83 76 69 704 674 59 30 23 28 231 106 615 574 84
is_linear=0
shrinkage=0.04


Tree=136
num_leaves=25
num_cat=0
split_feature=15 23 24 1 26 24 0 24 15 25 26 25 25 24 26 26 21 21 0 25 24 26 24 1
split_gain=1.00885 0.69375 0.445795 0.555252 0.838859 0.877063 0.758807 0.599112 2.4134 0.77874 0.837531 1.76033 0.573514 2.26555 1.83532 1.64876 1.97538 0.587862 0.755957 0.922363 2.29281 0.578269 0.431885 0.779319
threshold=2.5000000000000004 1.1713894300707421 1.5000000000000002 4.5000000000000009 1.5000000000000002 6.5000000000000009 3.5000000000000004 6.5000000000000009 1.5000000000000002 3.5000000000000004 5.5000000000000009 6.5000000000000009 5.5000000000000009 5.5000000000000009 9.0000000000000018 3.5000000000000004 2.2916666666666674 2.4166666666666674 2.5000000000000004 1.5000000000000002 4.5000000000000009 5.5000000000000009 2.5000000000000004 11.500000000000002
decision_type=2 2 2 2 2 2 2 2 2 2 2 2 2 2 2 2 2 2 2 2 2 2 2 2
left_child=1 2 -1 -4 5 -5 -7 12 -9 -10 11 -11 13 17 15 16 -14 18 -6 20 -20 -19 -21 -24
right_child=-2 -3 3 4 7 6 -8 8 9 10 -12 -13 14 -15 -16 -17 -18 21 19 22 -22 -23 23 -25
leaf_value=-0.032487963871845257 -0.028132491185176453 -0.022816515611756679 0.020694671388794796 -0.043479921585946706 0.020782428442020214 0.026094732585128996 -0.036606744137887677 -0.048615406752783759 -0.032856509776180862 -0.065030654197203774 0.037512698590505461 0.029898538244361443 -0.051168487735387763 -0.054779961268496082 -0.055976505083971437 0.019071966125419164 0.014891997272276643 0 -0.055129235411125431 -0.0059962012658463654 0 -0.043808243119247969 0.012840750202287119 0
leaf_weight=0.72273637331090768 2.4539715871214858 2.4639738788828245 1.872033018618821 1.5093187671154731 2.9133555358275762 0.7843721641693262 0.50743108708411455 1.9884853011462826 0.56663951929658685 0.50716256676241755 1.4712056564167142 0.75641463324427605 1.3182522729039168 1.2308702857699234 0.64309062436223108 10.574883406516163 1.3386975657194851 1.080988134723156 1.6502349935472 8.3726681438274664 3.6470018997788429 0.9466799444053321 10.710027140565215 22.651346012484282
leaf_count=33 35 58 40 19 43 34 12 37 7 3 30 31 18 12 7 172 37 12 18 88 42 21 136 299
internal_value=-0.00264279 -0.00176341 -0.000993462 -0.000594166 -0.00123078 -0.0227525 0 -0.000287197 -0.0133207 0.00551449 0.0163901 -0.001872 0.000621387 -0.00113691 0.00794013 0.0116512 -0.0148731 0 0.000990272 -6.56545e-05 -0.015946 -0.0209694 0.00175832 0.00394427
internal_weight=82.6818 80.2279 77.7639 77.0412 75.1691 2.80112 1.2918 72.368 5.28991 3.30142 2.73478 1.26358 67.0781 53.2032 13.8749 13.2318 2.65695 51.9723 49.9446 47.0313 5.29724 2.02767 41.734 33.3614
internal_count=1244 1209 1151 1118 1078 65 46 1013 108 71 64 34 905 671 234 227 55 659 626 583 60 33 523 435
is_linear=0
shrinkage=0.04


Tree=137
num_leaves=25
num_cat=0
split_feature=15 23 23 16 0 15 26 1 21 26 1 14 23 15 23 1 1 27 1 22 22 15 21 26
split_gain=0.928856 0.64506 0.363862 0.35044 0.360682 0.41946 1.44484 0.950798 0.766422 0.673695 3.38026 1.23702 1.25666 1.08274 0.905346 0.809839 0.60209 1.44012 0.686876 0.602059 0.580699 0.562199 0.551555 0.689469
threshold=2.5000000000000004 1.1713894300707421 0.84759080068664439 1.0000000180025095e-35 2.5000000000000004 1.0000000180025095e-35 3.5000000000000004 8.5000000000000018 1.1250000000000002 3.5000000000000004 14.500000000000002 3.5000000000000004 0.76180168105713697 1.5000000000000002 0.8228263892582881 4.5000000000000009 11.500000000000002 2.5000000000000004 14.500000000000002 2.5000000000000004 2.5000000000000004 1.5000000000000002 1.5833333333333337 2.5000000000000004
decision_type=2 2 2 2 2 2 2 2 2 2 2 2 2 2 2 2 2 2 2 2 2 2 2 2
left_child=1 3 -2 -1 -5 6 7 -6 -7 10 13 12 -12 15 16 -10 -11 -18 19 -19 22 -14 -17 -24
right_child=2 -3 -4 4 5 8 -8 -9 9 14 11 -13 21 -15 -16 20 17 18 -20 -21 -22 -23 23 -25
leaf_value=-0.029127067922077768 -0.046111942264692687 -0.022139809728677694 -0.0056887941463036372 0.010949815657148167 -0.0065036145677415374 0.021441889686469755 -0.027418996353958225 0.02438803929693201 0.014607559720021278 0.01037867609247386 -0.044973851444248557 -0.068238728059929282 -0.024587884638971873 0.011721101284063682 0.015041131155111822 -0.016772990113335665 -0.035495643085875397 -0.040930400959493581 0.0039648659411267509 -0.0035182458095823609 -0.037738531068520167 0.031124072205196033 0.025731373678033732 -0.0084734175651672277
leaf_weight=0.71409529820084472 1.0972163293045007 2.438246617326512 1.3506423630751667 3.950952320592477 5.7963336938992125 2.5574985276907674 4.1347777261398733 2.15551080647856 1.9441439136862797 5.8274270053952959 1.2869001147337251 1.6374925356358287 0.31684422492980935 8.2205026987940073 7.3194921258836976 4.5848375884816033 2.1028883047401932 1.0734668057411934 13.86668425099924 3.7295868340879679 1.3942320654168714 0.81398731470108032 1.440006676129997 2.3757953564636409
leaf_count=107 21 58 14 63 58 63 73 33 37 60 15 12 2 109 85 49 32 11 184 38 19 36 24 41
internal_value=-0.0025755 -0.00172243 -0.027076 -0.000974376 -0.000607148 -0.0013465 -0.0081495 0.000864147 0 -0.000933205 -0.00615939 -0.0394733 -0.0166821 0.000208276 0.00253104 -0.00717234 -0.000610596 -0.00407858 -0.000111383 -0.0135453 -0.0123121 0.00843987 -0.00713984 0.00233824
internal_weight=82.1296 79.6817 2.44786 77.2435 76.5294 72.5784 12.0866 7.95184 60.4918 57.9343 24.0147 4.05522 2.41773 19.9595 33.9195 11.739 26.6001 20.7726 18.6697 4.80305 9.79487 1.13083 8.40064 3.8158
internal_count=1244 1209 35 1151 1044 981 164 91 817 754 344 65 53 279 410 170 325 265 233 49 133 38 114 65
is_linear=0
shrinkage=0.04


Tree=138
num_leaves=25
num_cat=0
split_feature=15 23 3 4 23 21 22 21 14 21 21 23 23 15 16 1 26 15 26 26 1 1 25 6
split_gain=0.874506 0.60031 0.453504 0.413636 0.348875 0.283166 0.610482 0.587097 0.68248 0.847052 0.517914 0.663398 0.487295 0.778432 0.379857 0.372569 0.904383 0.999437 2.47687 1.96267 0.885602 0.435936 0.666666 1.2247
threshold=2.5000000000000004 1.1713894300707421 1.5000000000000002 1.5000000000000002 0.84759080068664439 3.7083333333333335 3.5000000000000004 2.4166666666666674 2.5000000000000004 1.4166666666666667 2.1250000000000004 0.45220861134162554 1.0000000180025095e-35 1.0000000180025095e-35 1.5000000000000002 11.500000000000002 2.5000000000000004 1.5000000000000002 4.5000000000000009 4.5000000000000009 13.500000000000002 16.500000000000004 3.5000000000000004 1.0000000180025095e-35
decision_type=2 2 2 2 2 2 2 2 2 2 2 2 2 2 2 2 2 2 2 2 2 2 2 2
left_child=1 2 3 5 -2 6 7 8 9 -1 12 -12 13 -10 15 -14 -17 19 20 21 -19 22 -18 -24
right_child=4 -3 -4 -5 -6 -7 -8 -9 10 -11 11 -13 14 -15 -16 16 17 18 -20 -21 -22 -23 23 -25
leaf_value=0 -0.04541867393876016 -0.021473047244023116 -0.0316186280929538 -0.032032667092813709 -0.0054525324016312408 -0.022304923587384819 0.016082903501824338 -0.014477836681561211 -0.0074702695350910165 0.032266203484420893 0 0.030969426193627834 0.0028694830618233563 0.018812250895442278 -0.015359285954021907 -0.033370085511504985 -0.038208008433494769 -0.0073809246247771689 -0.049500612072344262 0.0011268207165327415 0.019435997679058105 -0.05083646216403831 0.0015926694780695576 -0.050390758704528492
leaf_weight=2.7803346952423444 1.0699594209436321 2.4139028217177829 0.7731389869004478 0.66407304652966459 1.3527558839414267 0.91373795503750344 3.6450153989717355 4.636363082798197 2.6051089931279412 2.3048741947859526 2.4958512231241903 1.7783336876891551 13.92064348515123 4.2337414005305618 4.2048951415345064 1.7226260788738752 2.0237992629408863 2.1120173260569599 1.0923754042014469 11.509683275595306 8.0076301018707436 1.2142523531801996 3.4152279887348413 0.84739473462104786
leaf_count=44 21 58 36 17 14 12 69 55 27 52 14 55 176 95 56 25 15 24 9 194 104 12 56 4
internal_value=-0.00250031 -0.00166926 -0.000943595 -0.000526979 -0.0264051 -0.000143722 2.05902e-05 -0.000692297 0.00015146 0.0143307 -0.000896276 0.0122765 -0.00202619 0.00763072 -0.00350495 -0.00224374 -0.00472235 -0.00282478 0.00624101 -0.00859246 0.0130486 -0.0245731 -0.0182277 -0.00686468
internal_weight=81.7377 79.315 76.9011 76.128 2.42272 75.4639 74.5502 70.9052 66.2688 5.08521 61.1836 4.27418 56.9094 6.83885 50.0705 45.8657 31.945 30.2224 11.212 19.0104 10.1196 7.50067 6.28642 4.26262
internal_count=1244 1209 1151 1115 35 1098 1086 1017 962 96 866 69 797 122 675 619 443 418 137 281 128 87 75 60
is_linear=0
shrinkage=0.04


Tree=139
num_leaves=25
num_cat=0
split_feature=15 24 15 25 21 25 0 21 25 24 26 26 21 15 15 21 0 26 25 15 24 25 21 26
split_gain=0.822699 0.585891 1.02465 1.19957 0.435662 1.1648 1.40669 0.577489 0.434522 2.0124 1.58418 1.92222 1.83579 1.12984 0.711772 0.661034 0.618444 0.481312 0.368265 1.62705 0.412119 4.07007 1.07856 0.411343
threshold=2.5000000000000004 6.5000000000000009 1.5000000000000002 9.0000000000000018 3.1250000000000004 6.5000000000000009 3.5000000000000004 3.7083333333333335 5.5000000000000009 5.5000000000000009 9.0000000000000018 3.5000000000000004 2.2916666666666674 1.0000000180025095e-35 1.5000000000000002 2.4166666666666674 2.5000000000000004 5.5000000000000009 1.5000000000000002 1.0000000180025095e-35 2.5000000000000004 2.5000000000000004 1.5833333333333337 2.5000000000000004
decision_type=2 2 2 2 2 2 2 2 2 2 2 2 2 2 2 2 2 2 2 2 2 2 2 2
left_child=1 8 3 -3 5 -4 -7 -6 9 15 11 12 -10 -13 -14 16 -1 -17 19 -18 21 22 -20 -22
right_child=-2 2 4 -5 7 6 -8 -9 10 -11 -12 13 14 -15 -16 17 18 -19 20 -21 23 -23 -24 -25
leaf_value=0.017915339591082512 -0.025753710530491598 -0.046791748074741311 -0.045328292343788046 0.016677717272689865 0.032357941624560578 0.033650408678260371 -0.040380389773828365 -0.007341783074028229 -0.048311418809183479 -0.052988432629137536 -0.054528207599896183 -0.031081682273360937 -0.025088837349869043 0.020668419377433134 0.032471667110512512 0 -0.045911790481512366 -0.042810644679998497 -0.0071093216589306219 0 -0.0081081298879646657 -0.08489245117707879 0.025222749454594986 0.004341120123986548
leaf_weight=2.9265451449900857 2.3979956323746583 2.0921264286153014 1.0630852156318726 0.4026375226676463 1.1702206693589685 1.1832513590343294 0.58250712323933829 0.67182727158069599 1.6117999986745393 1.2222032947465766 0.63415921176783818 0.60418659448623557 0.38129496201872792 10.330638266401364 1.0112870195880532 1.1780353148933493 1.5368317239917804 1.0189915883820502 5.5554411481134576 6.2378624575212598 4.6010268554091445 0.96547784283757199 2.2925785114057362 29.656217975076288
leaf_count=47 35 52 12 15 29 47 7 5 23 14 8 8 6 176 33 19 27 25 58 86 51 20 34 407
internal_value=-0.00243821 -0.0016285 -0.0125792 -0.0333415 0 -0.0112742 0.00469771 0.0135358 -0.000423598 -0.00209756 0.00559671 0.00890599 -0.0181723 0.0170774 0.0109666 -0.000843316 0 -0.0223499 -0.000993721 -0.00904596 0.000274047 -0.00721984 0.00131622 0.00243556
internal_weight=81.3282 78.9302 7.16566 2.49476 4.67089 2.82884 1.76576 1.84205 71.7646 57.1912 14.5734 13.9392 3.00438 10.9348 1.39258 55.969 53.772 2.19703 50.8454 7.77469 43.0707 8.8135 7.84802 34.2572
internal_count=1244 1209 167 67 100 66 54 34 1042 788 254 246 62 184 39 774 730 44 683 113 570 112 92 458
is_linear=0
shrinkage=0.04


Tree=140
num_leaves=25
num_cat=0
split_feature=18 17 26 24 19 26 26 24 22 22 17 26 15 24 24 24 1 1 14 23 26 24 1 24
split_gain=0.746458 0.966454 0.955338 0.652812 0.408752 1.92131 1.91101 1.23639 0.604883 0.733273 0.64958 0.377468 2.45472 1.22595 5.84552 0.953627 1.43528 0.582932 0.48838 0.374011 2.00331 0.923236 2.52308 1.13391
threshold=1.0000000180025095e-35 1.0000000180025095e-35 2.5000000000000004 1.5000000000000002 1.0000000180025095e-35 4.5000000000000009 2.5000000000000004 3.5000000000000004 3.5000000000000004 1.5000000000000002 1.0000000180025095e-35 4.5000000000000009 1.5000000000000002 6.5000000000000009 4.5000000000000009 4.5000000000000009 20.500000000000004 13.500000000000002 3.5000000000000004 0.60355339059327384 5.5000000000000009 4.5000000000000009 12.500000000000002 3.5000000000000004
decision_type=2 2 2 2 2 2 2 2 2 2 2 2 2 2 2 2 2 2 2 2 2 2 2 2
left_child=3 2 -2 -1 8 6 -6 -8 9 10 -5 13 15 14 17 16 -13 -11 -15 21 -21 22 23 -4
right_child=1 -3 19 4 5 -7 7 -9 -10 11 -12 12 -14 18 -16 -17 -18 -19 -20 20 -22 -23 -24 -25
leaf_value=-0.032845383027651519 -0.037782493909816105 -0.040251215561317888 0.021358481183688834 0.028286912016869267 -0.047346691502833861 -0.041484540462087244 -0.037211993384331316 0.014987473412697776 0.026562728471039018 0.00080409650977903866 0 0.0093915321807241867 -0.041132770264357542 0.038987986857846421 -0.056303499819669173 0.026283090779673939 -0.059310878441373269 0.021500016672682351 0.0045166158922373811 -0.052038354030423312 0.0034688955227723086 0.011116612555363737 -0.070346086817131767 -0.039483155260904707
leaf_weight=0.73035675054415961 1.1558400643989504 1.2206176260951895 2.0424409266561305 3.626429440220817 1.001666760072111 1.7256968363653857 0.71911332476884027 8.6638548152986896 2.3050793847069135 19.503313990309845 1.2125579640269277 5.1691492795944178 1.3511508768424398 1.6181264976039522 2.9345732894726089 5.8689063349738717 0.5274857822805642 2.6148805245757094 2.1866999780759215 1.3292778611648817 3.8548363046720624 8.6927343260031176 0.91821017372421909 0.60055311280302692
leaf_count=33 20 39 37 76 19 31 13 120 39 220 16 102 21 60 34 90 3 20 13 23 42 156 11 6
internal_value=0.00131381 -0.0052815 -0.00255562 0.00355936 0.00412612 -0.00197564 0.00381949 0.0101343 0.00580022 0.00460186 0.019618 0.00267094 0.0083564 0 -0.00308645 0.0148297 0.00162562 0.00361252 0.0212793 0 -0.00922075 0.00358684 -0.0125465 0.0045069
internal_weight=81.5736 19.8145 18.5939 61.759 61.0287 12.1103 10.3846 9.38297 48.9184 46.6133 4.83899 41.7743 12.9167 28.8576 25.0528 11.5655 5.69664 22.1182 3.80483 17.4381 5.18411 12.2539 3.5612 2.64299
internal_count=1244 334 295 910 877 183 152 133 694 655 92 563 216 347 274 195 105 240 73 275 65 210 54 43
is_linear=0
shrinkage=0.04


Tree=141
num_leaves=25
num_cat=0
split_feature=1 1 15 18 23 17 23 15 23 16 1 26 15 21 1 17 26 21 23 21 15 21 17 1
split_gain=0.698464 0.844988 1.03682 1.04343 2.11432 0.887881 0.525764 0.618021 0.592523 0.367324 0.899592 0.445986 1.37806 0.500277 0.679993 0.483662 0.586541 0.708896 0.527235 0.459044 0.415807 0.601553 0.472601 0.414934
threshold=28.500000000000004 24.500000000000004 2.5000000000000004 1.0000000180025095e-35 0.60355339059327384 1.0000000180025095e-35 1.1038793623175318 2.5000000000000004 0.84759080068664439 1.5000000000000002 7.5000000000000009 2.5000000000000004 1.0000000180025095e-35 2.4166666666666674 17.500000000000004 1.5000000000000002 4.5000000000000009 1.8750000000000002 0.90441722268325109 2.2916666666666674 1.5000000000000002 1.4166666666666667 1.0000000180025095e-35 4.5000000000000009
decision_type=2 2 2 2 2 2 2 2 2 2 2 2 2 2 2 2 2 2 2 2 2 2 2 2
left_child=1 2 3 9 5 -5 7 8 -3 11 -11 12 -1 15 -15 -13 17 -17 -18 20 21 23 -23 -14
right_child=-2 6 -4 4 -6 -7 -8 -9 -10 10 -12 13 19 14 -16 16 18 -19 -20 -21 -22 22 -24 -25
leaf_value=-0.046907906623131317 -0.03801387148959972 0.017304935796807443 -0.043441550467468851 0.0016788431477222029 -0.03881145258807505 -0.039260715625835919 0.045068869260864668 0.024787119045480158 -0.018460759904845647 0.0013776112683086062 -0.035609468916124348 0.010634118557466692 0.013797186301628636 -0.023267397950651882 0.0083695582235511178 -0.035601102357182113 0.024453985499152741 0 -0.0068493702894931461 0.027957562351772776 -0.021484363537424431 0.0373038527733928 0 -0.011688224408668457
leaf_weight=1.0028993119485665 0.70107728545553882 1.2323180614039295 0.84501529671251674 12.603043275186792 2.890756939770653 0.90043168887496072 0.98616865277290333 2.2764866948127747 1.7034620055928824 4.6076503321528426 1.2509624222293494 29.443133417284116 1.212873771786686 1.9844854278489941 1.941902484744787 1.2797828114125867 2.0920100111979996 2.7757777955848724 0.92108460213057686 0.98778530815616328 1.3234893945045767 1.2263109348714354 0.96398574486374844 3.6571932700462639
leaf_count=11 13 35 22 213 59 17 8 13 17 45 55 438 25 22 24 14 39 23 21 36 24 17 15 38
internal_value=0.00126354 0.00170714 0.000405981 0.00102258 -0.00770927 -0.000458627 0.0159316 0.00888395 -0.000722812 0.00368974 -0.00515456 0.00486691 -0.00195191 0.00681414 -0.00558298 0.0083664 0 -0.0109673 0.0122297 0.00200539 -9.80807e-05 0.00277777 0.02083 -0.00369848
internal_weight=80.8101 80.109 73.9106 73.0656 16.3942 13.5035 6.19844 5.21227 2.93578 56.6713 5.85861 50.8127 10.3745 40.4382 3.92639 36.5118 7.06866 4.05556 3.01309 9.37164 8.38385 7.06036 2.1903 4.87007
internal_count=1244 1231 1158 1136 289 230 73 65 52 847 100 747 166 581 46 535 97 37 60 155 119 95 32 63
is_linear=0
shrinkage=0.04


Tree=142
num_leaves=25
num_cat=0
split_feature=1 1 15 18 23 25 17 1 24 24 23 15 23 1 21 25 15 24 15 24 1 15 17 1
split_gain=0.65955 0.791855 0.978333 0.96732 1.99976 1.85952 1.11987 0.834561 3.19888 0.603014 0.499513 0.571117 0.549712 0.465926 0.624203 0.385767 3.97375 1.69214 1.60833 1.51665 2.13855 0.73083 0.667527 0.827616
threshold=28.500000000000004 24.500000000000004 2.5000000000000004 1.0000000180025095e-35 0.60355339059327384 3.5000000000000004 1.0000000180025095e-35 12.500000000000002 4.5000000000000009 1.5000000000000002 1.1038793623175318 2.5000000000000004 0.84759080068664439 20.500000000000004 1.4166666666666667 4.5000000000000009 1.5000000000000002 5.5000000000000009 1.5000000000000002 4.5000000000000009 13.500000000000002 1.0000000180025095e-35 1.5000000000000002 18.500000000000004
decision_type=2 2 2 2 2 2 2 2 2 2 2 2 2 2 2 2 2 2 2 2 2 2 2 2
left_child=1 2 3 9 5 -5 7 -7 -9 -1 11 12 -3 14 -10 16 17 19 22 20 -11 -21 23 -17
right_child=-2 10 -4 4 -6 6 -8 8 13 15 -12 -13 -14 -15 -16 18 -18 -19 -20 21 -22 -23 -24 -25
leaf_value=-0.032265136973993677 -0.03742228690752275 0.016749824235394461 -0.042723430765666343 -0.043091305279521076 -0.038061555952403715 0.03104932382677128 -0.038662749561766269 -0.069065432899128129 0.032904084382862478 0.004650388911333932 0.044274550544934316 0.023883419446666224 -0.017805446136115427 0.035964794078026524 0 0.0081982989183787148 -0.042605996006784656 -0.042360509669079879 0.022530291227023862 0 -0.053542762360838027 0.027122683163896821 -0.04421270477821157 -0.044781400459718484
leaf_weight=0.69241477106697757 0.68402094999328156 1.2224374730139964 0.82525205193087359 1.4888827316463018 2.8310252751689395 2.1240022024139735 0.84275723155587989 0.88719346700236101 1.1113042533397655 29.5818210458383 0.96415491914376605 2.2682885229587555 1.6956712855026124 1.1286786943674085 5.8882862264290452 2.8535454389639185 2.9138084477744988 1.0993380059953768 7.2566485381685197 2.2877040333114547 1.0331960637122382 7.3948859889060259 0.6709745037369429 0.5646791998296975
leaf_count=25 13 35 22 28 59 50 12 9 30 360 8 13 17 25 76 78 41 31 135 49 10 104 9 5
internal_value=0.00121241 0.00164477 0.000378657 0.000978374 -0.00744669 -0.000418944 0.00421577 0.00817791 0.00190215 0.00355777 0.0154694 0.00857202 -0.000588248 0.0106324 0.00540467 0.00414718 0.00223155 0.00558079 0.0109235 0.00708717 0.00242518 0.0210015 -0.00771753 0
internal_weight=80.311 79.627 73.4764 72.6511 16.3021 13.4711 11.9822 11.1395 9.01546 56.349 6.15055 5.1864 2.91811 8.12827 6.99959 55.6566 44.3108 41.3969 11.3458 40.2976 30.615 9.68259 4.0892 3.41822
internal_count=1244 1231 1158 1136 289 230 202 190 140 847 73 65 52 131 106 822 595 554 227 523 370 153 92 83
is_linear=0
shrinkage=0.04


Tree=143
num_leaves=25
num_cat=0
split_feature=1 1 15 18 23 25 17 1 24 26 26 21 23 15 23 25 15 24 24 1 15 26 15 26
split_gain=0.622665 0.742669 0.922985 0.899453 1.88595 1.76459 1.05909 0.788595 2.98865 0.551183 0.828578 0.902442 0.47456 0.527835 0.509854 0.43218 3.60849 1.53893 1.60521 1.9407 1.5035 1.12721 0.689877 0.751734
threshold=28.500000000000004 24.500000000000004 2.5000000000000004 1.0000000180025095e-35 0.60355339059327384 3.5000000000000004 1.0000000180025095e-35 12.500000000000002 4.5000000000000009 3.5000000000000004 5.5000000000000009 3.1250000000000004 1.1038793623175318 2.5000000000000004 0.84759080068664439 4.5000000000000009 1.5000000000000002 5.5000000000000009 4.5000000000000009 13.500000000000002 1.5000000000000002 4.5000000000000009 1.0000000180025095e-35 4.5000000000000009
decision_type=2 2 2 2 2 2 2 2 2 2 2 2 2 2 2 2 2 2 2 2 2 2 2 2
left_child=1 2 3 15 5 -5 7 -7 -9 -10 -11 -12 13 14 -3 16 17 18 19 -1 -17 -22 -20 -24
right_child=-2 12 -4 4 -6 6 -8 8 9 10 11 -13 -14 -15 -16 20 -18 -19 22 -21 21 -23 23 -25
leaf_value=0.0034279702088045069 -0.03683751326724926 0.01620598320695666 -0.042022685173072082 -0.042608223582247855 -0.037310542226295762 0.030503406210563622 -0.038117870487330847 -0.067141161609745689 -0.0035233628618172182 0.039557836699576993 -0.005414836379137429 0.036313334848950343 0.043499373525017475 0.023012775085964728 -0.017172001916999812 -0.0074727546631284582 -0.041655944755300295 -0.041870009667297377 0 -0.052378084775965332 0.026846671571331197 -0.029028326934489257 0.0084956944342821968 0.03851250621656583
leaf_weight=30.175820874283094 0.66742207040078838 1.2131152609363192 0.80584761057980259 1.4463941643480236 2.7736641161609432 2.0765059799887213 0.82105306815356094 0.87633510399609704 2.2970370436087233 1.8992919875308869 2.783782154321671 1.0854247212409971 0.9425234468653797 2.2601095214486122 1.6880502598360179 4.056841249112038 2.8711586750578126 1.0683567996602494 2.2877040333114547 1.0230413211975236 6.6832202859222889 0.49720845371484745 3.1989316269755363 4.0877141105011106
leaf_count=378 13 35 22 28 59 50 12 9 30 33 44 24 8 13 17 92 44 31 49 14 130 5 42 62
internal_value=0.00115957 0.00158228 0.000345934 0.000931172 -0.00725611 -0.000379538 0.00410373 0.007976 0.00184996 0.0103378 0.0172443 0.00422352 0.0150207 0.00827003 -0.000457567 0.00342418 0.0014517 0.00460093 0.00601479 0.00134162 0.0105607 0.0218635 0.0204072 0.0264326
internal_weight=79.5866 78.9191 72.8153 72.0095 16.0595 13.2858 11.8394 11.0184 8.94187 8.06554 5.7685 3.86921 6.1038 5.16128 2.90117 55.95 44.7127 41.8416 40.7732 31.1989 11.2373 7.18043 9.57435 7.28665
internal_count=1244 1231 1158 1136 289 230 202 190 140 131 101 68 73 65 52 847 620 576 545 392 227 135 153 104
is_linear=0
shrinkage=0.04


Tree=144
num_leaves=25
num_cat=0
split_feature=1 1 15 18 23 25 17 25 26 21 24 26 24 23 15 23 25 15 24 15 24 1 15 26
split_gain=0.587642 0.697149 0.870637 0.844185 1.77168 1.67119 0.998912 0.778101 3.99637 0.768156 0.566191 0.506547 1.98594 0.450808 0.487888 0.472754 0.324942 3.49339 1.51174 1.40971 1.33404 1.89328 0.654321 0.725506
threshold=28.500000000000004 24.500000000000004 2.5000000000000004 1.0000000180025095e-35 0.60355339059327384 3.5000000000000004 1.0000000180025095e-35 4.5000000000000009 3.5000000000000004 1.5833333333333337 1.5000000000000002 4.5000000000000009 6.5000000000000009 1.1038793623175318 2.5000000000000004 0.84759080068664439 4.5000000000000009 1.5000000000000002 5.5000000000000009 1.5000000000000002 4.5000000000000009 13.500000000000002 1.0000000180025095e-35 4.5000000000000009
decision_type=2 2 2 2 2 2 2 2 2 2 2 2 2 2 2 2 2 2 2 2 2 2 2 2
left_child=1 2 3 10 5 -5 7 11 -9 -10 -1 -7 -13 14 15 -3 17 18 20 -18 21 -12 -22 -24
right_child=-2 13 -4 4 -6 6 -8 8 9 -11 16 12 -14 -15 -16 -17 19 -19 -20 -21 22 -23 23 -25
leaf_value=-0.031866586285224777 -0.036259024365172761 0.015673723125632835 -0.041337999615062924 -0.042134926120022669 -0.036558864000206283 0.027278901534849874 -0.037580467979704761 -0.077982101966385386 0.034484747264209366 0 0.0043429528064672243 -0.050544567799186785 0.035964911702982327 0.042741469281418837 0.022173689869535163 -0.016559707661578753 -0.0071668902106403181 -0.040719154372759692 -0.041382103027772572 0.021277504161952822 0 -0.051524868746678991 0.0081860847441377789 0.037907517043569448
leaf_weight=0.67501253262162109 0.65127630135975678 1.2043212335556739 0.78681434807367523 1.4049754610750813 2.7185930514242491 3.6181749859824741 0.79991216631606299 0.93808541586622585 1.6243854332715271 2.9416713137179613 29.478729339782152 0.71074373461306062 1.0527648366987705 0.92129928665235628 2.2519779615104198 1.6806014648173002 4.0606981106102449 2.8118870430625966 1.0383246128913004 7.0702133974991739 2.2877040333114547 0.99045193009078403 3.1873637628741562 3.9888500515371561
leaf_count=25 13 35 22 28 59 71 12 11 39 41 360 4 24 8 13 17 92 41 31 135 49 10 42 62
internal_value=0.00110434 0.00151758 0.000310074 0.000881084 -0.0071174 -0.000392065 0.00394208 0.00772814 -0.00154629 0.0124052 0.00329973 0.0187001 0 0.0145849 0.00797769 -0.00033071 0.00387768 0.00209225 0.00522567 0.0101819 0.00663789 0.00226432 0.0198733 0.0258213
internal_weight=78.8948 78.2436 72.1854 71.3985 15.8093 13.0907 11.6857 10.8858 5.50414 4.56606 55.5892 5.38168 1.76351 6.0582 5.1369 2.88492 54.9142 43.7833 40.9714 11.1309 39.9331 30.4692 9.46392 7.17621
internal_count=1244 1231 1158 1136 289 230 202 190 91 80 847 99 28 73 65 52 822 595 554 227 523 370 153 104
is_linear=0
shrinkage=0.04


Tree=145
num_leaves=25
num_cat=0
split_feature=16 21 14 21 24 25 22 24 26 26 24 24 24 18 25 23 26 26 21 26 26 21 21 25
split_gain=0.867635 0.635224 0.83934 0.61033 0.46394 2.86869 0.689501 0.444762 0.542086 0.436744 0.694112 0.976619 0.47723 0.352244 0.824892 0.724369 0.970433 0.589472 0.544469 1.06131 0.555351 0.542524 0.918772 0.756578
threshold=1.5000000000000002 1.1250000000000002 2.5000000000000004 1.4166666666666667 2.5000000000000004 2.5000000000000004 2.5000000000000004 6.5000000000000009 2.5000000000000004 4.5000000000000009 4.5000000000000009 2.5000000000000004 2.5000000000000004 1.0000000180025095e-35 3.5000000000000004 0.60355339059327384 3.5000000000000004 2.5000000000000004 1.8750000000000002 4.5000000000000009 1.5000000000000002 1.5833333333333337 1.8750000000000002 2.5000000000000004
decision_type=2 2 2 2 2 2 2 2 2 2 2 2 2 2 2 2 2 2 2 2 2 2 2 2
left_child=3 -2 -3 7 5 6 -5 8 -1 12 11 -11 -10 15 -15 16 -6 -16 -17 20 -20 -18 -23 -24
right_child=1 2 -4 4 13 -7 -8 -9 9 10 -12 -13 -14 14 17 18 21 -19 19 -21 -22 22 23 -25
leaf_value=-0.00014681381779468874 0.011102277841471376 0.010022073150673581 -0.027063641281177706 0.024448696314203367 0.0077912087958595493 -0.071053690087452007 -0.017320488386391858 -0.013455854771270681 0 0.0069964173202524092 0.017984545633133505 -0.034646003178857139 0.021853527436214253 -0.038516217545163656 -0.034410500600006381 0.00037012445848104523 0.01338398384653334 0.0014403419712863861 0 0 0.033943034346490368 -0.044917388083123053 -0.030761756010427802 0.0030035346810954621
leaf_weight=5.064639790914959 1.0920046558603633 0.90972325019538391 4.1949718315154314 1.6179874879308043 7.2002578005194682 1.0115621855948118 0.8430008110590278 1.1066983938217152 1.391783758066597 2.0728267009835681 3.1407239837571979 1.3668679613620045 9.2530103777535242 0.98444432043470342 0.77359797060489555 6.2994921915233126 0.75021992065012444 13.087634827708824 0.68068174738436749 3.2760939034633338 4.4359393250197172 1.5828223899006841 1.4279374452307818 2.9500036798417568
leaf_count=70 19 22 75 30 111 29 25 21 10 32 56 12 125 30 11 94 13 198 8 81 83 15 24 28
internal_value=0.00178028 -0.0123114 -0.0188873 0.00313586 0.000325063 -0.0135113 0.00689012 0.00843096 0.00987655 0.0132881 0.00359101 -0.00722569 0.0185311 0.00161502 -0.00307741 0.00433016 -0.00172681 0 0.0106097 0.0173422 0.0287262 -0.0131308 -0.0178101 -0.00618223
internal_weight=76.5149 6.1967 5.1047 70.3182 46.9217 3.47255 2.46099 23.3966 22.2899 17.2252 6.58042 3.43969 10.6448 43.4491 14.8457 28.6034 13.9112 13.8612 14.6922 8.39271 5.11662 6.71098 5.96076 4.37794
internal_count=1222 116 97 1106 780 84 55 326 305 235 100 44 135 696 239 457 191 209 266 172 91 80 67 52
is_linear=0
shrinkage=0.04


Tree=146
num_leaves=25
num_cat=0
split_feature=16 19 26 26 0 22 26 26 24 24 18 25 26 14 22 26 26 24 25 24 1 1 1 5
split_gain=0.788538 0.659252 1.6139 0.844193 0.708063 0.723503 0.693726 1.71586 0.642409 0.555924 0.577487 0.610365 0.404897 0.387444 0.384218 0.306494 0.300112 0.223496 1.03872 0.205189 0.19289 0.338641 0.244026 0.117241
threshold=1.5000000000000002 1.0000000180025095e-35 4.5000000000000009 2.5000000000000004 3.5000000000000004 2.5000000000000004 7.0000000000000009 10.500000000000002 2.5000000000000004 3.5000000000000004 1.0000000180025095e-35 2.5000000000000004 3.5000000000000004 2.5000000000000004 3.5000000000000004 7.0000000000000009 3.5000000000000004 4.5000000000000009 2.5000000000000004 4.5000000000000009 11.500000000000002 4.5000000000000009 21.500000000000004 1.0000000180025095e-35
decision_type=2 2 2 2 2 2 2 2 2 2 2 2 2 2 2 2 2 2 2 2 2 2 2 2
left_child=1 4 3 -3 5 6 12 -8 -2 -7 11 -11 20 -13 23 -15 -12 18 -5 -16 21 -1 -22 -6
right_child=8 2 -4 17 14 9 7 -9 -10 10 16 13 -14 15 19 -17 -18 -19 -20 -21 22 -23 -24 -25
leaf_value=0.020020584778273075 -0.002879596703046018 -0.043256936319792792 -0.04128659324173653 0.0076605232268325161 0.00044644140379504927 -0.023693719531638725 -0.053635155052601295 0.010312555211756847 -0.03618765621738055 -0.0058427935675421077 -0.035200084471398642 -0.007411123487948465 0.021549913801984899 0.030132371756352815 0.024583402980056665 0.0023584537667190137 0 0.0090714605306604287 -0.042708197650543442 0.0011092437169986482 0.031499035901304352 0 0 -0.0050781427967750018
leaf_weight=1.8090570562053523 4.8159069307148448 0.64518386265262861 1.7113976660184551 2.5339651093818234 7.2518214297015264 1.4174092765897501 0.84181035659275893 3.1062835534103215 1.4014672036282716 2.3452212275005859 0.78035314613953211 0.4474433660507201 10.118541730567811 2.7575179357081652 1.3157622939907008 1.7171439388766883 0.57542049372568727 5.8274184770416468 0.84144455078057934 2.6742796539328992 1.2263774843886484 6.7073398372158408 0.4216810856014489 12.836349101504311
leaf_count=41 50 14 36 39 76 29 8 49 66 44 12 7 153 114 11 43 16 89 16 47 47 71 8 136
internal_value=0.00171756 0.00302301 -0.00538335 4.36066e-05 0.00482545 0.00852599 0.0122714 -0.00129605 -0.0116743 0 0.00329738 0.00854808 0.0153067 0.0170302 -0.000109433 0.021262 -0.0189471 0.00394858 -0.00252564 0.0108551 0.00830468 0.00463915 0.0223922 -0.00268553
internal_weight=76.1266 69.9092 11.5594 9.84801 58.3498 34.2716 24.2311 3.94809 6.21737 10.0405 8.6231 7.26733 20.283 4.92211 24.0782 4.47466 1.35577 9.20283 3.37541 3.99004 10.1645 8.5164 1.64806 20.0882
internal_count=1222 1106 194 158 912 642 377 57 116 265 236 208 320 164 270 157 28 144 55 58 167 112 55 212
is_linear=0
shrinkage=0.04


Tree=147
num_leaves=25
num_cat=0
split_feature=16 24 19 26 26 21 1 24 1 1 1 22 21 0 1 23 14 26 23 25 26 25 26 25
split_gain=0.738201 0.621035 0.614974 1.54091 0.793949 0.781868 0.503565 0.613515 2.77975 0.484008 0.441809 0.342162 1.3388 0.533573 0.320653 0.620964 1.06442 0.295276 0.244539 0.871347 0.865721 0.802052 0.672243 0.484706
threshold=1.5000000000000002 2.5000000000000004 1.0000000180025095e-35 4.5000000000000009 2.5000000000000004 1.4166666666666667 21.500000000000004 4.5000000000000009 13.500000000000002 9.5000000000000018 4.5000000000000009 3.5000000000000004 2.4166666666666674 2.5000000000000004 19.500000000000004 0.45220861134162554 3.5000000000000004 5.5000000000000009 0.48570226039551589 4.5000000000000009 2.5000000000000004 3.5000000000000004 2.5000000000000004 2.5000000000000004
decision_type=2 2 2 2 2 2 2 2 2 2 2 2 2 2 2 2 2 2 2 2 2 2 2 2
left_child=2 -2 5 4 -4 6 7 8 9 10 -1 12 13 -7 18 -16 -17 -9 19 22 -21 23 -15 -20
right_child=1 -3 3 -5 -6 11 -8 17 -10 -11 -12 -13 -14 14 15 16 -18 -19 21 20 -22 -23 -24 -25
leaf_value=0.026665740678285019 -0.0027598324609127843 -0.035931344607572642 -0.042433014019434341 -0.040930530615340917 0.0038122775783395249 0.027742802762066074 -0.015494400336950206 0.0068285522887021723 -0.054143227903973891 0.021610381689128606 -0.00030715163176555646 0.010728068047393428 -0.024015495951038322 0.016530590632534946 -0.0075837909748048774 0.045540505549291295 0.00051163671788162512 0.038417188789259579 -0.010310899828404749 -0.0077342009476118077 0.034237731035047229 -0.014012053470921581 -0.01133866077961071 0.01221268493101363
leaf_weight=1.092368591576818 4.8237355668097726 1.3559276773594318 0.63167818309739132 1.6583090473432083 9.1474902600748447 1.3093449925072516 0.77272833045571943 1.4793629776686423 0.99919043481350023 6.779930520337075 4.4631954370997846 5.3787054053973398 3.3847391176968804 1.7382904589176229 1.7502601374872018 1.5108375072013585 2.7644925229251385 2.3763910578563809 1.899972845800219 0.76584134367294643 2.3829739615321159 7.1576153798960149 5.2493323686067015 4.8232513396069407
leaf_count=26 50 66 14 36 144 31 14 37 10 75 37 96 48 29 19 31 27 51 43 22 43 122 60 91
internal_value=0.00165592 -0.0113328 0.00292564 -0.00522901 7.03156e-06 0.00466928 0.0116682 0.0133546 0.0084123 0.0141279 0.00355642 0.00133582 0 0.00246141 0.00109329 0.00945055 0.0182954 0.0283722 -0.000670328 0.00363826 0.0214889 -0.004393 -0.00326083 0.00465765
internal_weight=75.696 6.17966 69.5163 11.4375 9.77917 58.0788 17.9632 17.1904 13.3347 12.3355 5.55556 40.1157 34.737 31.3522 30.0429 6.02559 4.27533 3.85575 24.0173 10.1364 3.14882 13.8808 6.98762 6.72322
internal_count=1222 116 1106 194 158 912 250 236 148 138 63 662 566 518 487 77 58 88 410 154 65 256 89 134
is_linear=0
shrinkage=0.04


Tree=148
num_leaves=25
num_cat=0
split_feature=16 21 14 4 19 26 26 21 15 25 15 25 18 25 26 23 23 26 14 15 21 22 25 26
split_gain=0.690646 0.591368 0.767607 0.578163 0.644688 1.47247 0.746917 0.732333 0.437839 1.40255 0.39587 0.962299 0.340425 1.06708 0.524807 0.344465 0.518357 0.319194 1.86065 0.763933 0.91336 0.817268 0.553231 1.49019
threshold=1.5000000000000002 1.1250000000000002 2.5000000000000004 1.5000000000000002 1.0000000180025095e-35 4.5000000000000009 2.5000000000000004 1.4166666666666667 1.0000000180025095e-35 3.5000000000000004 1.5000000000000002 4.5000000000000009 1.0000000180025095e-35 3.5000000000000004 2.5000000000000004 0.84759080068664439 0.90441722268325109 2.5000000000000004 3.5000000000000004 2.5000000000000004 2.4166666666666674 3.5000000000000004 4.5000000000000009 3.5000000000000004
decision_type=2 2 2 2 2 2 2 2 2 2 2 2 2 2 2 2 2 2 2 2 2 2 2 2
left_child=3 -2 -3 4 7 6 -6 -1 -8 -10 11 -11 17 -14 -15 -16 -17 18 -9 20 22 -22 23 -19
right_child=1 2 -4 -5 5 -7 8 12 9 10 -12 -13 13 14 15 16 -18 19 -20 -21 21 -23 -24 -25
leaf_value=0.011992122946875169 0.011895866671101228 0.010221783220798159 -0.025314441487407469 -0.032138056915290147 -0.041628192298261847 -0.040577761000306592 0.019391765917024489 0.031416880899718239 -0.050990492402235361 0.012522303664990917 0.020641059770225893 -0.026968713877589364 -0.039529897150452839 -0.033182224805294237 0.0063194377420880757 -0.027432626691575823 0.0035318166860845717 -0.048949294280705907 -0.0098523451307596707 -0.041724647488970722 -0.038575504387424873 0.0038387208799731507 0.02065181929012613 0.0068087938896387156
leaf_weight=17.567094342550263 1.0711726951412845 0.90252855559810985 4.1695944871753454 0.70690127182751794 0.61840570671483774 1.606858703540637 2.1908535067923349 3.7914412675891098 0.79957954585552204 2.7407974433153868 1.8745618505636228 1.5260298606008289 1.158997811609878 0.69804100133478542 9.9647774384357017 1.3771890192292624 1.3846522523090241 0.8115758472122313 2.8426792034879327 0.60373048717155953 1.4322003289125853 0.87195043638348568 3.9223411749117068 10.63224033010192
leaf_count=244 19 22 75 25 14 36 47 92 6 39 27 24 33 9 157 13 17 7 18 8 12 14 88 176
internal_value=0.00159147 -0.0110011 -0.0174139 0.00282637 0.00330457 -0.00505176 0 0.00510803 0.00367643 -0.00013139 0.00518759 0 0.00184321 -0.00266705 0 0.00236372 -0.00901195 0.00480514 0.0125274 0.00156391 0.00349566 -0.0190529 0.00739743 0.00215546
internal_weight=75.2662 6.1433 5.07212 69.1229 68.416 11.3571 9.75023 57.0589 9.13182 6.94097 6.14139 4.26683 39.4918 14.5837 13.4247 12.7266 2.76184 24.9082 6.63412 18.274 17.6703 2.30415 15.3662 11.4438
internal_count=1222 116 97 1106 1081 193 157 888 143 96 90 63 644 229 196 187 30 415 110 305 297 26 271 183
is_linear=0
shrinkage=0.04


Tree=149
num_leaves=25
num_cat=0
split_feature=16 24 4 19 26 24 0 26 24 24 26 15 15 24 24 26 15 14 14 26 24 26 26 26
split_gain=0.625967 0.619731 0.54642 0.599457 1.40546 0.712004 0.554353 0.636332 0.827217 0.749747 0.957948 0.544978 0.548 1.37002 0.815181 0.480755 0.440728 0.838464 0.701287 1.18086 0.81947 0.943039 3.97586 0.490847
threshold=1.5000000000000002 2.5000000000000004 1.5000000000000002 1.0000000180025095e-35 4.5000000000000009 3.5000000000000004 3.5000000000000004 7.0000000000000009 5.5000000000000009 4.5000000000000009 10.500000000000002 1.5000000000000002 1.0000000180025095e-35 4.5000000000000009 5.5000000000000009 10.500000000000002 1.0000000180025095e-35 2.5000000000000004 2.5000000000000004 2.5000000000000004 2.5000000000000004 5.5000000000000009 1.5000000000000002 1.5000000000000002
decision_type=2 2 2 2 2 2 2 2 2 2 2 2 2 2 2 2 2 2 2 2 2 2 2 2
left_child=2 -2 3 6 5 -5 7 16 9 15 -11 12 -7 -14 -15 -9 17 -1 19 -18 21 22 -20 -22
right_child=1 -3 -4 4 -6 11 -8 8 -10 10 -12 -13 13 14 -16 -17 18 -19 20 -21 23 -23 -24 -25
leaf_value=0.0070468313792209957 -0.002081519835353267 -0.035573685875217594 -0.031722215233693597 -0.03719822573275218 -0.0402278360870158 0.015260677432204358 0 0 -0.044694694318744073 -0.009347448350131243 0.027142129286819645 0.02400959798348877 -0.051999275756818522 0.015394265524073254 -0.021990675962333953 -0.049015473938658252 0.022075657095593577 -0.042415561746658066 0.019307325137566687 -0.046131357997575374 -0.0055747094482494156 0.018801725251839294 -0.076615637650859561 0.020816094101135444
leaf_weight=2.7068989626131983 4.8688793014734975 1.2956294002942739 0.68790750065818329 0.72672872920520504 1.5570121314376582 2.2517643501050753 23.536474401131272 0.67497548996470758 0.67281942069530476 1.6607970120385287 2.5680128429085016 1.7444200580939648 0.94100921601057042 2.5426094732247297 1.4510925461072472 0.61440735543146729 0.63659287057817227 0.67128894571214903 1.7219298225827544 0.82396376994438469 0.710526248440149 2.537818678189069 1.078581381589174 16.102201047819108
leaf_count=47 50 66 25 24 36 43 258 18 4 36 40 24 5 36 25 12 21 11 42 13 14 39 9 324
internal_value=0.00152893 -0.0104185 0.00271882 0.00318535 -0.00491524 0 0.00492812 0.00826105 -0.0022751 0.00144727 0.0109196 0.0038681 0 -0.00845048 0 -0.0234149 0.0109743 -0.000413842 0.0129424 -0.0109255 0.0148773 0 -0.0147796 0.019225
internal_weight=74.7843 6.16451 68.6198 67.9319 11.2146 9.65762 56.7173 33.1808 6.19101 5.51819 4.22881 8.9309 7.18648 4.93471 3.9937 1.28938 26.9898 3.37819 23.6116 1.46056 22.1511 5.33833 2.80051 16.8127
internal_count=1222 116 1106 1081 193 157 888 630 110 106 76 133 109 66 61 30 520 58 462 34 428 90 51 338
is_linear=0
shrinkage=0.04


Tree=150
num_leaves=25
num_cat=0
split_feature=19 26 24 26 21 26 21 23 15 22 15 15 24 26 14 24 24 21 0 21 10 21 23 21
split_gain=0.551033 1.64989 0.871732 0.739341 1.76823 1.01314 0.792574 0.754261 0.777254 0.893409 0.563084 0.549507 0.763189 0.518721 0.392971 0.510705 0.325192 0.303026 0.375717 0.322315 0.284539 0.260833 0.226626 0.380855
threshold=1.0000000180025095e-35 4.5000000000000009 3.5000000000000004 5.5000000000000009 1.7083333333333337 9.0000000000000018 1.1250000000000002 0.8228263892582881 1.0000000180025095e-35 3.5000000000000004 1.5000000000000002 1.0000000180025095e-35 4.5000000000000009 7.0000000000000009 2.5000000000000004 2.5000000000000004 6.5000000000000009 1.4166666666666667 3.5000000000000004 2.4166666666666674 2.5000000000000004 1.5833333333333337 0.90441722268325109 2.5833333333333335
decision_type=2 2 2 2 2 2 2 2 2 2 2 2 2 2 2 2 2 2 2 2 2 2 2 2
left_child=3 2 -2 6 13 7 14 8 -6 -10 11 21 -13 -5 15 -1 -17 -8 20 -20 -19 -4 23 -22
right_child=1 -3 10 4 5 -7 17 -9 9 -11 -12 12 -14 -15 -16 16 -18 18 19 -21 22 -23 -24 -25
leaf_value=0.021948110902575459 -0.037819399440244893 -0.041076875991159313 0.021307699020882066 0.033622376212364469 0.02319599599483468 -0.049317347417583014 -0.0076991552859407442 0.019121848362099125 -0.022710734362066259 0.0089752117004578032 0.024076040068373175 -0.048519885597510401 -0.00061124358738442021 0.0085357101754724735 0.034791661769181574 -0.031711911781233684 3.1401649565375026e-05 -0.011189404113104637 -0.0016853065564883004 -0.026037675950645295 0.017049806633865159 0 0 -0.001986102694166548
leaf_weight=1.3766460698097942 0.90495064354035903 1.9299763219896693 1.8736268915235981 4.3004226856865015 1.1356843574903868 0.66246542637236494 11.813090598676352 2.9122906636912376 4.0374255874194205 1.7610168689861891 1.723369085229933 0.70851656049489964 3.7416753612924367 3.4177701643202454 1.3754204176366327 0.69700066745281197 0.40218826197087765 0.95763775496743697 17.405202179914344 1.0127403452061106 5.7885259571485221 0.57959310756996263 1.8373420229181645 1.3816398107446728
leaf_count=9 36 44 31 102 24 15 127 49 58 38 23 4 61 75 29 15 16 31 186 14 152 17 49 27
internal_value=0.000570868 -0.00733486 0 0.00215439 0.00895573 -0.0010017 -0.00047842 0.00143649 -0.00483753 -0.0117079 0.00341171 -0.000588089 -0.0100365 0.02355 0.0166121 0.00328139 -0.0128191 -0.00231491 0 -0.00345872 0.00618183 0.0132904 0.00891681 0.012266
internal_weight=73.7362 11.4617 9.53173 62.2745 18.2271 10.5089 44.0474 9.84642 6.93413 5.79844 8.62678 6.90341 4.45019 7.71819 3.85126 2.47583 1.09919 40.1962 28.3831 18.4179 9.96515 2.45322 9.00751 7.17017
internal_count=1232 216 172 1016 361 184 655 169 120 96 136 113 65 177 69 40 31 586 459 200 259 48 228 179
is_linear=0
shrinkage=0.04


Tree=151
num_leaves=25
num_cat=0
split_feature=19 26 24 25 15 25 26 21 26 27 15 25 21 15 26 4 21 25 27 24 24 0 26 21
split_gain=0.519488 1.57392 0.824048 0.697028 0.747448 1.31493 0.696545 1.6641 0.953283 1.4563 1.13213 0.884608 0.751799 0.644574 0.499347 0.399937 0.320634 0.316206 0.251564 1.77256 1.08238 1.09801 0.971493 0.588519
threshold=1.0000000180025095e-35 4.5000000000000009 3.5000000000000004 5.5000000000000009 1.0000000180025095e-35 3.5000000000000004 5.5000000000000009 1.7083333333333337 9.0000000000000018 3.5000000000000004 1.0000000180025095e-35 6.5000000000000009 1.1250000000000002 1.5000000000000002 7.0000000000000009 1.0000000180025095e-35 3.7083333333333335 1.5000000000000002 2.5000000000000004 3.5000000000000004 2.5000000000000004 3.5000000000000004 2.5000000000000004 1.5833333333333337
decision_type=2 2 2 2 2 2 2 2 2 2 2 2 2 2 2 2 2 2 2 2 2 2 2 2
left_child=6 2 -2 4 -4 -6 12 14 9 10 -9 -12 17 -5 -8 -14 -11 -1 19 22 -20 -22 23 -17
right_child=1 -3 3 13 5 -7 7 8 -10 16 11 -13 15 -15 -16 18 -18 -19 20 -21 21 -23 -24 -25
leaf_value=0.00024286199523233101 -0.037388782046889904 -0.04075508125246171 0.01308780896797582 0 -0.055292930102358966 0 0.03307608961609361 0.015404209913203484 -0.048255795590090828 0.023423588395176855 -0.037736226036554861 0 -0.026358253932568673 0.039193035727181171 0.0082392742376326284 -0.00033802703295991254 0 0.028413532950408972 -0.045368458002674535 -0.048420758039970674 0.018910177336272305 -0.0015140630370641367 -0.020513457825495372 0.020005252945215508
leaf_weight=1.9062587181106203 0.87927965144626696 1.868647688999771 2.4103484777733666 0.92123445821926009 0.95868635550141368 2.8454956905916333 4.1986697060056057 1.441963166696947 0.6502070380374797 3.8766582640819252 2.5424013156443834 1.3864043783396485 1.1102708957623679 1.4268768578767776 3.3994865941349417 6.2699166131205839 0.57673576567322005 1.875718919560313 0.77303198818117635 1.4061897261999536 5.2199121676385429 19.30964613892138 3.0396404564380637 3.0416027123574167
leaf_count=20 36 44 44 27 6 40 102 31 15 79 36 18 26 19 75 66 5 49 13 18 194 208 16 45
internal_value=0.000534924 -0.00719485 0 0.00322963 -0.00266265 -0.0147452 0.00207347 0.00871069 -0.000903218 0.00141647 -0.0117049 -0.0236908 -0.000473641 0.0222312 0.0230168 -0.00225481 0.0190372 0.0163298 -0.00136486 -0.00579426 0.000727284 0.0025061 -0.000293487 0.00544794
internal_weight=73.3353 11.3106 9.44192 8.56264 6.21453 3.80418 62.0247 18.0725 10.4744 9.82416 5.37077 3.92881 43.9522 2.34811 7.59816 40.1702 4.45339 3.78198 39.0599 13.7573 25.3026 24.5296 12.3512 9.31152
internal_count=1232 216 172 136 90 46 1016 361 184 169 85 54 655 46 177 586 84 69 560 145 415 402 127 111
is_linear=0
shrinkage=0.04


Tree=152
num_leaves=25
num_cat=0
split_feature=4 21 26 1 25 24 17 26 18 15 23 21 5 24 15 24 1 17 26 22 15 21 17 1
split_gain=0.441784 0.325717 0.410808 1.51499 0.648532 2.24199 2.00165 0.578614 3.3985 0.583758 0.550552 0.520411 0.931841 0.504923 0.405146 0.756467 0.977413 0.805219 0.435605 0.394878 1.56318 0.363766 0.642342 0.887758
threshold=1.5000000000000002 1.1250000000000002 5.5000000000000009 10.500000000000002 5.5000000000000009 5.5000000000000009 1.0000000180025095e-35 3.5000000000000004 1.0000000180025095e-35 1.5000000000000002 0.8228263892582881 1.5833333333333337 1.0000000180025095e-35 3.5000000000000004 1.0000000180025095e-35 2.5000000000000004 8.5000000000000018 1.0000000180025095e-35 3.5000000000000004 3.5000000000000004 1.5000000000000002 1.8750000000000002 1.0000000180025095e-35 13.500000000000002
decision_type=2 2 2 2 2 2 2 2 2 2 2 2 2 2 2 2 2 2 2 2 2 2 2 2
left_child=1 14 4 -4 5 11 7 8 9 -6 -9 12 -3 -5 15 17 -17 -1 -18 20 21 22 -15 -24
right_child=-2 2 3 13 6 -7 -8 10 -10 -11 -12 -13 -14 19 -16 16 18 -19 -20 -21 -22 -23 23 -25
leaf_value=0.04561198664287873 -0.031388739388546104 -0.0019602998223172074 0.030815700934366665 -0.035474066989030065 -0.01545811509983531 -0.050215545410517426 -0.0427545633109448 0.031224475712690644 -0.053928841722594031 0.024908414854240699 0 0.0023440442949363991 -0.026178175182692304 0.023265479277028406 0.023180061095529586 -0.044831662864370271 0.02440079592945046 0 -0.016265416359005684 0.014146069852860679 -0.043257803443224586 -0.0029132958500743839 0.028064528488515081 -0.030613462507074512
leaf_weight=1.0176642364822317 0.67517565144225855 13.525030386168511 3.0636645059566971 0.61771845654584367 0.41027336986735274 1.6694089998491097 1.148449255619197 3.3890218922169879 1.2846354604698715 4.1239627795293927 1.4186032814905045 17.011521868640557 3.4292350325267753 3.0194775117561186 2.2868760281708091 0.96237064944580231 0.91511583235114791 0.97502721101045597 0.61949741095304489 3.1909176206681868 1.2943939955439425 5.135887355892919 0.59452932700514782 1.0528549235314129
leaf_count=9 29 147 64 20 8 38 21 64 21 94 22 262 35 49 81 14 18 11 9 68 17 87 17 27
internal_value=0.000503164 0.000912452 0 0.00519678 -0.00190472 -0.00472114 0.00593937 0.0119548 0.00190766 0.0194916 0.0224512 -0.00224957 -0.00733056 0 0.00926118 0.000389552 -0.0123715 0.0203948 0.00277149 0.00146186 -0.0014645 0.00323796 0.0117216 -0.00458081
internal_weight=72.8313 72.1561 65.3796 17.9694 47.4101 35.6352 11.7749 10.6265 5.81887 4.53424 4.80763 33.9658 16.9543 14.9058 6.77655 4.48968 2.49698 1.99269 1.53461 14.2881 11.0971 9.80275 4.66686 1.64738
internal_count=1232 1203 1061 349 712 482 230 209 123 102 86 444 182 285 142 61 41 20 27 265 197 180 93 44
is_linear=0
shrinkage=0.04


Tree=153
num_leaves=25
num_cat=0
split_feature=19 26 24 25 17 25 26 21 26 21 1 15 17 21 15 25 14 24 4 24 1 24 25 25
split_gain=0.48675 1.5075 0.77177 0.634369 0.748793 1.27368 0.620306 1.50554 0.892631 0.673612 0.66926 0.609732 0.599796 0.501204 0.707313 0.936013 0.369357 0.432247 0.356876 0.29027 0.230181 0.225734 2.02721 1.63518
threshold=1.0000000180025095e-35 4.5000000000000009 3.5000000000000004 5.5000000000000009 1.0000000180025095e-35 3.5000000000000004 5.5000000000000009 1.7083333333333337 9.0000000000000018 1.1250000000000002 26.500000000000004 1.5000000000000002 1.5000000000000002 2.2916666666666674 1.0000000180025095e-35 6.5000000000000009 2.5000000000000004 2.5000000000000004 1.0000000180025095e-35 6.5000000000000009 5.5000000000000009 2.5000000000000004 2.5000000000000004 2.5000000000000004
decision_type=2 2 2 2 2 2 2 2 2 2 2 2 2 2 2 2 2 2 2 2 2 2 2 2
left_child=6 2 -2 4 5 -4 9 12 10 16 13 -5 -8 14 -9 -16 17 -1 20 -19 -11 22 -20 -23
right_child=1 -3 3 11 -6 -7 7 8 -10 18 -12 -13 -14 -15 15 -17 -18 19 21 -21 -22 23 -24 -25
leaf_value=0.020157544537981388 -0.036820899694501488 -0.040433437349320096 -0.053205375138026395 0 0.013792161455659615 0 0.026595384136293445 0.012494986637112277 -0.047175343835796059 0 0.022470863324725462 0.038594347815297997 -0.00077328967305620075 0.0069297374564267246 -0.040121889933344999 0 0.033904324299073148 -0.030817590247060728 0.0005722282749889996 0 -0.038281373495316552 -0.04723808349129948 -0.055876017887735697 0.0018909990252186607
leaf_weight=1.3427339103072879 0.85085065837483753 1.8166870177956287 0.99970861896872376 0.90507170977070939 2.324741190765053 2.8172729224897921 6.4781160876154926 0.95563573017716041 0.63627805002033788 0.36018897220492252 2.0142713994719088 1.3665907420217991 0.90823468565940846 3.4055784081574529 1.9824359701015055 1.3574276422150433 1.2894875928759573 0.65889165084809043 5.7813943475484839 0.39048601221293211 0.72054620110429823 1.1232530036941195 1.1740094274282453 30.711687376722693
leaf_count=9 36 44 8 27 42 40 156 23 15 7 30 19 21 71 33 12 29 15 76 16 19 9 17 458
internal_value=0.000466537 -0.0070965 0 0.00310793 -0.00242973 -0.0144056 0.00196441 0.00829644 -0.000813748 -0.000430795 0.00139913 0.0216013 0.022147 -0.00307352 -0.0128668 -0.0225188 0.0156926 0.00253112 -0.00212024 -0.0123992 -0.0252245 -0.0012703 -0.00780554 0
internal_weight=72.3716 11.0809 9.26424 8.41339 6.14172 3.81698 61.2907 17.738 10.3516 43.5527 9.71535 2.27166 7.38635 7.70108 4.2955 3.33986 3.6816 2.39211 39.8711 1.04938 1.08074 38.7903 6.9554 31.8349
internal_count=1232 216 172 136 90 48 1016 361 184 655 169 46 177 139 68 45 69 40 586 31 26 560 93 467
is_linear=0
shrinkage=0.04


Tree=154
num_leaves=25
num_cat=0
split_feature=16 21 15 24 25 26 21 26 26 17 21 15 25 24 17 26 23 26 23 21 5 26 24 23
split_gain=0.447186 0.297778 0.450639 0.705236 0.643114 0.446762 1.36537 1.42105 0.881999 0.772288 0.481695 0.512394 0.384244 2.1278 2.0338 0.799849 1.55824 1.70041 0.553282 0.494424 0.846135 0.341803 1.85211 1.13179
threshold=1.0000000180025095e-35 1.1250000000000002 1.0000000180025095e-35 2.5000000000000004 1.5000000000000002 5.5000000000000009 1.7083333333333337 7.0000000000000009 9.0000000000000018 1.0000000180025095e-35 2.1250000000000004 1.5000000000000002 5.5000000000000009 5.5000000000000009 1.0000000180025095e-35 3.5000000000000004 0.76180168105713697 2.5000000000000004 0.8228263892582881 1.5833333333333337 1.0000000180025095e-35 3.5000000000000004 3.5000000000000004 0.76180168105713697
decision_type=2 2 2 2 2 2 2 2 2 2 2 2 2 2 2 2 2 2 2 2 2 2 2 2
left_child=-1 2 3 -2 -5 12 7 -7 10 -9 11 -8 13 19 15 16 17 -14 -17 20 -3 -21 -23 -24
right_child=1 5 -4 4 -6 6 8 9 -10 -11 -12 -13 14 -15 -16 18 -18 -19 -20 21 -22 22 23 -25
leaf_value=-0.02978548907912975 0.019609635921424656 -0.0016146883640536004 0.02413156950017389 -0.034088841271647165 0.0020351730392381747 0.036655859852375176 -0.0010109452703865617 0.014361053979844338 -0.045702328961881027 -0.028549347869565721 0.0086366609977901292 -0.039841902595846655 0 -0.049480315383917138 -0.042570406879853077 0.03184667643264634 0.018597431260933304 -0.061918733838399444 0 0.0082302282303224582 -0.024783529632724711 -0.045825127012762659 -0.0049974247743216297 0.030016417561483381
leaf_weight=0.76007171988021482 1.9320125794038165 13.453871563076975 2.1519810520112514 1.2127349004149439 1.2484109802171586 3.6618073843419578 3.9680008739232981 1.9125379119068386 0.71003429731354195 1.0320884678512809 5.3698492716066539 0.74710681848227967 1.595319767482577 1.5973902032710601 1.2796281576156605 3.2364165745675564 3.3913583988323808 1.0539819626137614 1.3798518273979423 9.1011127913370746 3.4040459617972365 1.3552637472748745 4.2687387568876147 2.0845464244484901
leaf_count=140 17 141 73 20 23 85 65 20 13 21 89 7 52 36 14 58 68 9 19 135 29 13 40 45
internal_value=0.000449379 0.000884818 0.00901688 0 -0.0125145 0 0.00553846 0.0200149 -0.00257992 0 0 -0.00886037 -0.00195843 -0.00417101 0.00390814 0.0102397 0 -0.0223233 0.0227878 -0.00178365 -0.00676763 0.00273872 -0.00270702 0.00523161
internal_weight=71.9082 71.1481 6.54514 4.39316 2.46115 64.603 17.4014 6.60643 10.795 2.94463 10.085 4.71511 47.2015 35.265 11.9366 10.6569 6.04066 2.6493 4.61627 33.6676 16.8579 16.8097 7.70855 6.35329
internal_count=1232 1092 133 60 43 959 300 126 174 41 161 72 659 439 220 206 129 61 77 403 170 233 98 85
is_linear=0
shrinkage=0.04


Tree=155
num_leaves=25
num_cat=0
split_feature=1 17 19 24 26 15 19 21 24 24 26 24 26 24 15 21 26 17 24 27 26 1 24 17
split_gain=0.58805 2.13559 1.17994 0.629529 0.481246 1.99879 1.7905 0.488812 0.459905 0.439454 0.712344 0.491787 0.308205 1.34864 0.733865 0.297314 0.78098 1.09298 0.644864 0.426153 0.817974 1.00541 0.45459 3.2931
threshold=18.500000000000004 1.0000000180025095e-35 1.0000000180025095e-35 3.5000000000000004 4.5000000000000009 1.5000000000000002 1.0000000180025095e-35 2.5833333333333335 3.5000000000000004 5.5000000000000009 7.0000000000000009 4.5000000000000009 3.5000000000000004 6.5000000000000009 1.5000000000000002 1.1250000000000002 2.5000000000000004 1.0000000180025095e-35 2.5000000000000004 2.5000000000000004 2.5000000000000004 8.5000000000000018 4.5000000000000009 1.0000000180025095e-35
decision_type=2 2 2 2 2 2 2 2 2 2 2 2 2 2 2 2 2 2 2 2 2 2 2 2
left_child=4 2 3 -2 15 6 8 -7 -6 11 12 -5 13 -11 -14 16 18 -18 -1 20 -17 -22 -21 -24
right_child=1 -3 -4 9 5 7 -8 -9 -10 10 -12 -13 14 -15 -16 19 17 -19 -20 22 21 -23 23 -25
leaf_value=0.014940345552119313 -0.039610182492896356 -0.060921577561883516 -0.043589324618990621 0 0.0031005010693890716 -0.042840419463861565 -0.034438728816217144 0 0.028052160899807665 -0.058709307064396601 -0.041924192011240077 0.028027632483990251 -0.0065248153117150737 0 0.022650215162738879 0 0.038154657210375219 -0.0050720142215836131 -0.029104951282756898 0.0058430606584577369 -0.053209275195415788 -0.0099450871646205672 0.00368912304372245 -0.070448146412597085
leaf_weight=0.62347935186698933 0.64317401382141248 1.1830449802801002 1.1379573394078768 2.449737381655722 2.4327689381316251 1.2886794717051095 0.91567541740369129 0.5402008476667105 5.9857289560604841 0.71035789139568439 0.71368692675605494 1.7562749562785027 2.502298753708601 3.7252428205683827 2.4757709046825767 9.8302496238611656 2.0283464975655079 1.2105661933310332 1.3308719837805254 11.607986243558118 1.1248514032922674 8.3834091969765705 5.9016922854352734 1.1135226706974206
leaf_count=8 11 28 21 28 48 22 29 13 152 7 6 29 46 77 51 140 42 18 26 190 15 90 109 10
internal_value=-0.0020919 -0.00851537 -0.00417153 -0.00064229 0 0.00735589 0.0154187 -0.0294205 0.0217919 0.000548158 -0.00336469 0.0118717 0 -0.00809459 0.00637792 -0.00196111 0.00651438 0.0195284 -0.0109601 -0.00333132 -0.0075298 -0.0159047 0.000598857 -0.00693828
internal_weight=71.6156 17.2975 16.1145 14.9765 54.318 11.1631 9.33417 1.82888 8.4185 14.3334 10.1274 4.20601 9.41367 4.4356 4.97807 43.155 5.19326 3.23891 1.95435 37.9617 19.3385 9.50826 18.6232 7.01521
internal_count=1216 304 276 255 912 264 229 35 200 244 187 57 181 84 97 648 94 60 34 554 245 105 309 119
is_linear=0
shrinkage=0.04


Tree=156
num_leaves=25
num_cat=0
split_feature=1 17 19 23 21 5 27 25 21 15 23 26 25 17 17 0 21 21 25 15 26 26 23 1
split_gain=0.553668 2.03542 1.11978 0.527532 1.34493 0.515465 0.760841 1.04408 0.690685 0.690136 0.686725 1.16227 0.761183 3.6339 0.978452 1.58764 0.725801 0.48117 0.681011 0.594718 1.08253 1.04075 0.452706 0.4375
threshold=18.500000000000004 1.0000000180025095e-35 1.0000000180025095e-35 0.48570226039551589 1.5833333333333337 1.0000000180025095e-35 2.5000000000000004 4.5000000000000009 1.7083333333333337 1.5000000000000002 0.48570226039551589 5.5000000000000009 2.5000000000000004 1.0000000180025095e-35 1.0000000180025095e-35 2.5000000000000004 1.5833333333333337 1.8750000000000002 2.5000000000000004 1.5000000000000002 2.5000000000000004 2.5000000000000004 0.90441722268325109 8.5000000000000018
decision_type=2 2 2 2 2 2 2 2 2 2 2 2 2 2 2 2 2 2 2 2 2 2 2 2
left_child=5 2 3 4 -2 6 7 9 -8 10 12 22 14 -14 15 -1 23 -10 -19 21 -21 -20 -12 -16
right_child=1 -3 -4 -5 -6 -7 8 -9 17 -11 11 -13 13 -15 16 -17 -18 18 19 20 -22 -23 -24 -25
leaf_value=0.010230574081312574 0.0088474738089239259 -0.060268547014663588 -0.043019354444593337 0.0061812810596829481 -0.024494495679996064 -0.0090998881907891696 0.026623198486936742 -0.041647027800495472 -0.0090138371994175036 -0.038856764900679866 0.0017286506279247504 0.029068666238299543 0 -0.064515347204448736 -0.002313387866400173 -0.044015353821795833 0.029685968493727316 -0.033814259906157038 -0.024609098933420531 0.02675892936170594 -0.02824657494141242 0.026371366559565679 -0.036107912336462523 0.016220327909732019
leaf_weight=1.5538161629811045 3.2130668179597706 1.1487258111592371 1.1075306818820543 7.5638341557933018 4.1021896480815485 8.4798617392079887 3.0891612675040951 1.0117284348234523 2.8262395932106292 0.72335701389238138 0.65953577053733059 3.203371295472607 9.6695218384265882 1.6464084077160794 5.0595734561793506 1.5588001140858978 2.5399670901242644 0.45720031112432291 0.5721610179170965 0.95951713609974865 1.3165234867483375 5.0945197893306613 0.70206661545671523 2.9233399950899184
leaf_count=24 66 28 21 129 60 106 86 13 33 14 11 93 119 19 59 20 52 5 13 40 20 107 27 51
internal_value=-0.00203164 -0.00829727 -0.00406244 -0.000624995 -0.00875616 0 0.00163992 -0.00164279 0.00936519 -3.98248e-05 0.000640424 0.0150949 -0.00168346 -0.00957978 0.0042829 -0.0143656 0.0105593 0.00390359 0.00920218 0.0126855 -0.00154287 0.0198121 -0.0119051 0.00347151
internal_weight=71.182 17.1353 15.9866 14.8791 7.31526 54.0467 45.5668 31.2515 14.3153 30.2398 29.5164 4.56497 24.9514 11.3159 13.6355 3.11262 10.5229 11.2262 8.39992 7.94272 2.27604 5.66668 1.3616 7.98291
internal_count=1216 304 276 255 126 912 806 502 304 489 475 131 344 138 206 44 162 218 185 180 60 120 38 110
is_linear=0
shrinkage=0.04


Tree=157
num_leaves=25
num_cat=0
split_feature=1 17 19 24 5 27 25 24 15 23 26 25 17 17 0 24 25 0 23 26 19 24 26 24
split_gain=0.509603 1.94578 1.06654 0.581403 0.472794 0.705063 0.990398 0.974372 0.652547 0.642802 1.08615 0.706205 3.43187 0.906205 1.51595 1.35129 0.607605 0.603364 0.434895 0.400966 1.66059 0.384274 0.665504 0.465157
threshold=18.500000000000004 1.0000000180025095e-35 1.0000000180025095e-35 3.5000000000000004 1.0000000180025095e-35 2.5000000000000004 4.5000000000000009 2.5000000000000004 1.5000000000000002 0.48570226039551589 5.5000000000000009 2.5000000000000004 1.0000000180025095e-35 1.0000000180025095e-35 2.5000000000000004 2.5000000000000004 1.0000000180025095e-35 3.5000000000000004 0.90441722268325109 3.5000000000000004 1.0000000180025095e-35 5.5000000000000009 7.0000000000000009 4.5000000000000009
decision_type=2 2 2 2 2 2 2 2 2 2 2 2 2 2 2 2 2 2 2 2 2 2 2 2
left_child=4 2 3 -2 5 6 8 -7 9 11 18 13 -13 14 15 -1 -15 -9 -11 -6 -21 23 -23 -5
right_child=1 -3 -4 21 19 7 -8 17 -10 10 -12 12 -14 16 -16 -17 -18 -19 -20 20 -22 22 -24 -25
leaf_value=0.043040986666244577 -0.03856636899695022 -0.059610902435712251 -0.042459092117425552 0 -0.00034887049994094979 -0.040096982637780998 -0.041101474262393974 0.02175144089703461 -0.038263770341702426 0.0016597783136231546 0.028394864179823828 0 -0.063259872840246201 -0.019066731711104415 -0.04352174335014896 -0.030034714968855927 0.013535364928505411 0.0031694831020381282 -0.035618287434077633 -0.053722581558079394 0.00063209306880268135 0 -0.040841877337313474 0.027184692726917099
leaf_weight=0.95716059021652899 0.62561672599986273 1.1156153046758834 1.0778615938033915 2.44659385154955 5.2909655651310441 0.54822503356262942 0.98470010049641032 5.7576095601543766 0.70554700447246332 0.65942896017804631 3.149323568912223 9.6695218384265882 1.6126064885174844 0.81940008560195465 1.5143221393227577 0.59719803812913597 9.6290316795930266 7.8462031444068998 0.6836241033161059 1.3661538318265232 1.8402083985274655 9.3904210315085912 0.69504257617518383 1.7169693689793346
leaf_count=8 11 28 21 28 62 14 13 197 14 11 93 119 19 19 20 16 143 93 27 15 29 181 6 29
internal_value=-0.00197924 -0.00799986 -0.00388903 -0.000556297 0 0.00156617 -0.00159561 0.00905329 -3.2082e-05 0.000615689 0.0147293 -0.0016184 -0.00923574 0.00414761 -0.013897 0.00981785 0.0102129 0.0116221 -0.0113585 -0.00871756 -0.0200321 0.000551129 -0.00306208 0.0112249
internal_weight=70.6994 17.0681 15.9525 14.8746 53.6312 45.1339 30.9819 14.152 29.9972 29.2916 4.49238 24.7992 11.2821 13.5171 3.06868 1.55436 10.4484 13.6038 1.34305 8.49733 3.20636 14.249 10.0855 4.16356
internal_count=1216 304 276 255 912 806 502 304 489 475 131 344 138 206 44 24 162 290 38 106 44 244 187 57
is_linear=0
shrinkage=0.04


Tree=158
num_leaves=25
num_cat=0
split_feature=1 19 23 24 24 5 27 25 24 15 23 19 25 15 22 26 25 26 0 22 26 24 1 1
split_gain=0.476002 0.772599 0.535585 0.966458 0.439103 0.495061 0.560007 0.980086 0.883864 0.652643 0.711625 0.883345 0.753848 1.05015 0.844084 0.922566 0.834299 0.580347 0.566566 0.448585 0.631045 0.405715 1.10589 0.369046
threshold=18.500000000000004 1.0000000180025095e-35 0.48570226039551589 4.5000000000000009 1.5000000000000002 1.0000000180025095e-35 2.5000000000000004 4.5000000000000009 2.5000000000000004 1.5000000000000002 0.48570226039551589 1.0000000180025095e-35 2.5000000000000004 1.0000000180025095e-35 1.5000000000000002 2.5000000000000004 3.5000000000000004 5.5000000000000009 3.5000000000000004 2.5000000000000004 3.5000000000000004 2.5000000000000004 8.5000000000000018 20.500000000000004
decision_type=2 2 2 2 2 2 2 2 2 2 2 2 2 2 2 2 2 2 2 2 2 2 2 2
left_child=4 2 3 -2 -1 6 7 9 -8 10 12 17 21 -14 -15 -16 -17 -12 19 -10 -21 -6 -23 -5
right_child=1 -3 -4 23 5 -7 8 -9 18 -11 11 -13 13 14 15 16 -18 -19 -20 20 -22 22 -24 -25
leaf_value=-0.031756428086700914 -0.052980653754615387 -0.041882966635932085 0.0012038076110935066 -0.015394793716187237 0.010492555301018397 -0.0083429964019679035 -0.039246480238926067 -0.0405634521259811 0.037260914041530847 -0.037677349410796951 0 -0.025607709742846176 -0.045307932345117416 0.030544135340865954 0.0097239640751021986 -0.029058776157068575 0 0.033478233369334524 0.0030439876771056209 -0.0043842363003928674 0.026455339612091545 -0.0397500159792133 0.0065960949856983574 0.0015677778508749111
leaf_weight=0.69083759177010406 0.90179643419105637 1.063902996247635 8.2612891065655258 3.539307635743171 8.8873752830550199 8.4533388665877265 0.51651057600974937 0.95838496275246043 2.1311919656582159 0.68821987044066091 0.87580762384459321 0.50716061482671637 1.1631659592967452 0.95349150244146486 2.6951010534539819 3.726206973195076 2.6292106471955776 2.8601832212880254 7.8429604440461844 1.7220023144036534 1.8294640611857174 1.0712703964672972 2.9998858121689409 3.1828797054477036
leaf_count=36 12 26 146 57 119 98 3 13 86 14 16 28 22 34 31 17 29 84 93 45 66 18 60 63
internal_value=-0.00194244 -0.00778144 -0.00499391 -0.012759 0 0.000334476 0.002181 -0.000658741 0.00882076 0.000382109 0.00158742 0.0167912 -0.00075498 -0.00865664 -0.00359551 -0.00807613 -0.0168833 0.0246882 0.0112478 0.0211626 0.00924954 0.00543702 -0.00363422 -0.00617312
internal_weight=70.1509 16.9492 15.8853 7.62398 53.2018 52.5109 44.0576 30.0155 14.0421 29.0571 28.3689 4.24315 24.1257 11.1672 10.004 9.05052 6.35542 3.73599 13.5256 5.68266 3.55147 12.9585 4.07116 6.72219
internal_count=1216 304 278 132 912 876 778 485 293 472 458 128 330 133 111 77 46 100 290 197 111 197 78 120
is_linear=0
shrinkage=0.04


Tree=159
num_leaves=25
num_cat=0
split_feature=17 25 24 0 1 25 1 24 26 25 21 21 14 22 1 24 25 21 26 19 0 26 21 21
split_gain=0.438996 1.71074 0.686627 0.498331 0.428043 0.600002 1.43665 0.948691 0.633086 1.33029 0.767307 0.905593 0.444871 0.593628 0.413902 0.353162 0.290326 0.237123 0.228574 1.44791 0.677301 0.338968 0.580481 0.537483
threshold=1.5000000000000002 3.5000000000000004 4.5000000000000009 2.5000000000000004 14.500000000000002 5.5000000000000009 17.500000000000004 4.5000000000000009 3.5000000000000004 6.5000000000000009 1.5833333333333337 2.1250000000000004 3.5000000000000004 2.5000000000000004 16.500000000000004 1.5000000000000002 6.5000000000000009 2.4166666666666674 3.5000000000000004 1.0000000180025095e-35 3.5000000000000004 4.5000000000000009 1.5833333333333337 1.5833333333333337
decision_type=2 2 2 2 2 2 2 2 2 2 2 2 2 2 2 2 2 2 2 2 2 2 2 2
left_child=3 2 -2 -1 15 6 -6 -8 9 -7 -10 14 13 -11 -12 -5 -16 -13 -17 20 21 23 -23 -20
right_child=1 -3 -4 4 5 8 7 -9 10 12 11 17 -14 -15 16 18 -18 -19 19 -21 -22 22 -24 -25
leaf_value=0.011008334179834845 0.0028045141192875188 -0.042166036493399166 0.033205226440337639 -0.03083900287886026 -0.056164735006854365 -0.066409040839284561 -0.051489050370945984 0 0.029032478401195147 -0.015093366460758428 0.0090620825109241857 0.028517839746528079 -0.019482101820499399 0.023088192319263491 -0.028138378585328434 0.0014128701385317816 -0.0023786360592686511 0.0017886477630037613 0.0025164125410835902 -0.046838469014322592 -0.038238557744655288 -0.0019814001479602017 0.025044264572465301 -0.028571903361790288
leaf_weight=3.5125985813792786 3.785472087096422 0.89166253327857692 2.3506658474216238 0.6362372183939432 1.3768268091371307 0.72317324578761955 0.69478240038733918 4.7905785674229264 1.4486140669323493 0.99855061108246479 0.6583998277783375 1.1249015689827504 2.0504752178676426 1.4321203911677001 2.5265596117824316 25.835564753157087 2.0231874079909176 2.5376206596847624 3.2862268481403554 1.2012758906930674 0.68969736713916141 1.7033536694943903 2.374184207059443 1.089827576652169
leaf_count=76 45 23 54 20 22 3 8 93 41 24 21 34 15 51 35 410 34 31 32 23 6 25 71 19
internal_value=-0.00188599 0.00726727 0.0157543 -0.00303926 -0.00400787 -0.00843091 -0.0185786 -0.00768603 -0.00342981 -0.0149836 0.00162185 -0.00195257 -0.00489919 0.00411145 -0.0134288 -0.00110119 -0.0184418 0.0121825 -0.000357128 -0.00555105 0 0.00298284 0.0117926 -0.0033978
internal_weight=69.7426 7.0278 6.13614 62.7148 59.2022 22.3858 6.86219 5.48536 15.5236 5.20432 10.3193 8.87067 4.48115 2.43067 5.20815 36.8164 4.54975 3.66252 36.1801 10.3446 9.14329 8.45359 4.07754 4.37605
internal_count=1216 122 99 1094 1018 412 123 101 289 93 196 155 90 75 90 606 69 65 586 176 153 147 96 51
is_linear=0
shrinkage=0.04


Tree=160
num_leaves=25
num_cat=0
split_feature=17 24 25 25 20 24 23 15 1 21 1 1 21 24 1 22 1 25 21 23 15 14 25 1
split_gain=0.739395 2.86085 2.20083 1.78376 1.10432 3.51602 1.09327 0.982113 0.70223 1.10763 0.673225 0.641616 0.609159 0.572457 0.76544 0.452444 0.426154 1.05929 0.763297 0.702067 0.621922 0.582875 0.508647 0.477648
threshold=1.0000000180025095e-35 4.5000000000000009 3.5000000000000004 2.5000000000000004 2.5000000000000004 2.5000000000000004 0.45220861134162554 1.0000000180025095e-35 14.500000000000002 1.5833333333333337 8.5000000000000018 13.500000000000002 1.7083333333333337 3.5000000000000004 5.5000000000000009 3.5000000000000004 19.500000000000004 2.5000000000000004 1.7083333333333337 1.0000000180025095e-35 2.5000000000000004 3.5000000000000004 3.5000000000000004 12.500000000000002
decision_type=2 2 2 2 2 2 2 2 2 2 2 2 2 2 2 2 2 2 2 2 2 2 2 2
left_child=4 6 3 -3 -1 -6 11 -7 9 13 -9 -2 -5 14 -8 -14 17 -12 21 -19 22 -18 -21 -24
right_child=1 2 -4 12 5 7 8 10 -10 -11 16 -13 15 -15 -16 -17 18 19 -20 20 -22 -23 23 -25
leaf_value=0.029436065983414139 -0.018838975896447983 -0.06603249777857606 -0.057262187101073544 -0.011944929943156015 -0.06068143858950438 -0.035584694266493105 0.018001099370963069 0.021074335607828235 -0.03246063439403931 0.021170060642925214 -0.04126382421374615 0.0062583145709134312 0.034525375273080541 0.015377973207319946 -0.018648515951683188 -8.7497162405182719e-05 0.028721788088799674 0.025385179978974146 0 -0.011239575143589005 -0.041074710873142413 0 0.013990437402025355 -0.00086562327988901544
leaf_weight=2.1789096812717608 5.6594238270772683 0.70083402539603357 2.7708623993676156 1.5652379556559028 1.4634048395091657 1.021107266191392 0.99650928378104797 3.3312795944511882 0.59992092300672162 6.606759435730055 1.0162754687480653 1.7095939363352952 1.2575188829796387 2.0948559427633882 3.8125309917377308 0.35797079419717182 3.5299075264483681 1.6772442338988209 8.091368407243861 4.9494521897286239 0.61574207805097003 1.6069273129105566 4.8324567652307442 9.2751975296996516
leaf_count=46 68 15 34 32 44 40 24 35 14 146 15 17 42 39 47 7 87 58 112 30 7 10 105 166
internal_value=-0.00145118 -0.00656644 -0.0295013 -0.00762309 0.00166661 1.22636e-05 0.000164247 0.00243596 0.00704766 0.00939409 0.00363885 -0.0119308 0.00273155 -0.000716283 -0.0093906 0.0219036 0.00178231 -0.00128318 0.00757024 0.000245214 -0.00149149 0.0196298 0 0.00365613
internal_weight=71.7213 28.132 6.65242 3.88156 43.5893 41.4104 21.4796 39.947 14.1106 13.5107 38.9259 7.36902 3.18073 6.9039 4.80904 1.61549 35.5946 22.3664 13.2282 21.3501 19.6728 5.13683 19.0571 14.1077
internal_count=1240 485 130 96 755 709 355 665 270 256 625 85 81 110 71 49 590 381 209 366 308 97 301 271
is_linear=0
shrinkage=0.04


Tree=161
num_leaves=25
num_cat=0
split_feature=0 10 16 0 27 26 24 24 21 26 19 15 24 26 15 25 25 24 26 26 24 26 21 22
split_gain=0.683694 0.617264 0.228793 0.197102 0.510882 0.683912 1.87242 0.88338 0.697757 0.504584 1.19779 0.427446 0.439564 0.393423 0.460658 2.07044 1.5218 0.374958 0.324511 0.308923 0.58109 1.16326 0.848116 0.401276
threshold=2.5000000000000004 2.5000000000000004 1.0000000180025095e-35 3.5000000000000004 2.5000000000000004 2.5000000000000004 3.5000000000000004 2.5000000000000004 1.5833333333333337 3.5000000000000004 1.0000000180025095e-35 1.0000000180025095e-35 6.5000000000000009 7.0000000000000009 1.5000000000000002 3.5000000000000004 3.5000000000000004 3.5000000000000004 2.5000000000000004 2.5000000000000004 4.5000000000000009 3.5000000000000004 2.4166666666666674 2.5000000000000004
decision_type=2 2 2 2 2 2 2 2 2 2 2 2 2 2 2 2 2 2 2 2 2 2 2 2
left_child=-1 -2 -3 4 5 6 8 -7 -4 -9 17 -6 -13 14 15 -5 -16 -11 -14 -18 -21 -22 23 -23
right_child=1 2 3 13 11 7 -8 9 -10 10 -12 12 18 -15 16 -17 19 -19 -20 20 21 22 -24 -25
leaf_value=0.015914276867285745 -0.034094553716958236 -0.027099285506870296 0.0033176818882274589 0 -0.027209549959845005 -0.029707032796528733 -0.044029269268263435 0.0061398911748181805 0.029593766688288531 0.0047129654544880144 -0.046141360922531613 0.013907995828931451 0.022844670824245582 0.0088763103853213097 -0.042387495729560187 -0.044777723427761658 -0.0076114676693573172 -0.012030677648289719 -0.012557833569112645 0.017317914624588492 -0.021955729744357208 0.012437143829466127 0.028730938199286349 -0.017197462991287091
leaf_weight=3.3538425522856405 0.99697997886687417 0.603759566671214 6.9026259845122713 4.9450211706571343 0.43166707828640838 2.5880520809441832 1.0579396560788143 4.9505073279142371 2.5619891975075006 4.1011879798024875 1.2398373018950222 8.7036284282803518 0.43093913421034757 2.8796453755348912 1.3720981813967252 2.4188219346106052 4.0226955390535286 3.8173243128694594 2.0073355287313461 4.0447093732655031 2.8222663253545761 1.118167866021395 2.2360572414472699 1.6329231932759283
leaf_count=75 58 103 81 53 8 41 8 79 40 33 17 243 18 36 13 30 36 78 48 46 24 13 40 19
internal_value=-0.00141283 -0.00238671 -0.0017945 -0.00144332 0.000200783 -0.00257729 0.00495501 -0.00780335 0.0112756 -0.00321844 -0.00915056 0.00742566 0.00948553 -0.00405422 -0.0058921 -0.0144479 -0.00177569 -0.00234845 -0.00301981 0.00123016 0.00490544 -0.000498913 0.0100395 -0.00224468
internal_weight=71.24 67.8862 66.8892 66.2854 38.793 27.2195 10.5226 16.6969 9.46462 14.1089 9.15835 11.5736 11.1419 27.4924 24.6128 7.36384 17.2489 7.91851 2.43827 15.8768 11.8541 7.80941 4.98715 2.75109
internal_count=1240 1165 1107 1004 694 377 129 248 121 207 128 317 309 310 274 83 191 111 66 178 142 96 72 32
is_linear=0
shrinkage=0.04


Tree=162
num_leaves=25
num_cat=0
split_feature=17 1 16 0 23 21 25 21 25 25 1 21 25 1 25 23 23 1 1 14 25 1 1 15
split_gain=0.647015 2.21779 1.01691 1.02835 0.908469 0.776228 0.972132 0.826825 0.72724 0.653931 2.01467 0.544441 0.4095 0.341294 0.339759 1.18433 1.00267 0.291165 0.221532 0.212766 0.252434 2.00014 0.453714 0.609366
threshold=1.0000000180025095e-35 16.500000000000004 1.5000000000000002 2.5000000000000004 0.45220861134162554 1.8750000000000002 2.5000000000000004 1.5833333333333337 4.5000000000000009 2.5000000000000004 20.500000000000004 1.1250000000000002 2.5000000000000004 5.5000000000000009 4.5000000000000009 0.8228263892582881 0.8228263892582881 6.5000000000000009 11.500000000000002 2.5000000000000004 3.5000000000000004 11.500000000000002 12.500000000000002 1.5000000000000002
decision_type=2 2 2 2 2 2 2 2 2 2 2 2 2 2 2 2 2 2 2 2 2 2 2 2
left_child=2 4 3 -1 8 6 7 13 17 10 -5 -11 -7 -6 15 -8 -16 -2 -9 -13 21 -21 23 -22
right_child=1 -3 -4 9 5 12 14 18 -10 11 -12 19 -14 -15 16 -17 -18 -19 -20 20 22 -23 -24 -25
leaf_value=0.030384840217643139 0 -0.054450151251335267 -0.034626444401223477 -0.042778605454257303 0.017377414073600477 0 -0.044467270362119775 0.033328927657092992 0.0016732365622101795 0.03052174335229433 0.011614513877305419 -0.01890679216317382 0.025172110006084592 -0.0074770726456985627 0.025018821771551653 0 -0.039441310234052021 -0.026890724718301215 0 0.0049261860367484991 0.0030040570068276345 -0.046287612817031441 0.001645133626382607 0.036778593262345241
leaf_weight=2.0746959983371189 1.0360889369621933 1.4646879346109916 1.1768985566450272 2.0330599527806035 0.98368931561708617 2.2296013832092276 2.0000322209671135 1.658281243639067 2.180444810539484 1.1566101815551508 2.0055772357154638 0.68412086227908631 2.8074389890534803 4.8262108480557799 0.95118007424753137 1.87052152515389 0.6485423669219017 4.5887190838111565 0.57281013764441002 7.0168612599372846 3.1906575635075596 1.447047969792038 20.64073408243712 1.6030249209143219
leaf_count=40 13 42 62 38 24 51 15 33 29 46 39 21 75 71 19 38 6 53 16 51 61 13 336 48
internal_value=-0.00136808 -0.00618251 0.00155851 0.00276719 -0.00319631 0.00122818 -0.00329005 0.0048027 -0.0147356 0.00112561 -0.0137863 0.00303455 0.0149361 -0.00189193 -0.0166484 -0.0230689 0 -0.0225187 0.0258216 0.00188391 0.0025395 -0.00288449 0.00465899 0.0159672
internal_weight=70.8475 27.8182 43.0293 41.8524 26.3536 18.5483 13.5113 8.04099 7.80525 39.7777 4.03864 35.7391 5.03704 5.8099 5.47028 3.87055 1.59972 5.62481 2.23109 34.5824 33.8983 8.46391 25.4344 4.79368
internal_count=1240 485 755 693 443 348 222 144 95 653 77 576 126 95 78 53 25 66 49 530 509 64 445 109
is_linear=0
shrinkage=0.04


Tree=163
num_leaves=25
num_cat=0
split_feature=0 10 1 24 1 1 23 1 26 26 24 1 14 24 24 23 21 26 26 23 1 23 26 21
split_gain=0.588554 0.576658 0.426214 0.516449 1.35575 1.11127 0.488444 0.751063 0.437688 0.596392 0.46554 0.307332 0.526378 0.605495 0.373808 0.427675 0.855651 0.40749 0.348997 0.639847 0.307175 0.570082 0.29431 0.338596
threshold=2.5000000000000004 2.5000000000000004 4.5000000000000009 2.5000000000000004 7.5000000000000009 8.5000000000000018 0.45220861134162554 8.5000000000000018 2.5000000000000004 3.5000000000000004 4.5000000000000009 19.500000000000004 3.5000000000000004 5.5000000000000009 4.5000000000000009 0.76180168105713697 1.8750000000000002 4.5000000000000009 4.5000000000000009 0.90441722268325109 12.500000000000002 0.60355339059327384 7.0000000000000009 3.4166666666666674
decision_type=2 2 2 2 2 2 2 2 2 2 2 2 2 2 2 2 2 2 2 2 2 2 2 2
left_child=-1 -2 -3 4 -4 -6 8 -8 -5 -10 -11 14 13 -13 18 -16 17 -17 20 -20 -9 -22 23 -14
right_child=1 2 3 6 5 -7 7 11 9 10 -12 12 22 -15 15 16 -18 -19 19 -21 21 -23 -24 -25
leaf_value=0.014852351740555087 -0.033606326980727609 0.018069724886695507 0.00099768219785445391 -0.025196609868121063 -0.095271522875794365 -0.018751374419748092 0.019873014892007341 0.00066830018224785616 0.0050638767002868989 -0.022390020841610826 0 0 -0.014439310399623774 0.033347031973240647 -0.012211832926521551 -0.030683260502856097 0.019093541284604811 0 -0.02415168630169312 0.011879588208485475 0 0.034201221168684182 0.0088310007626853284 0.011041189934651776
leaf_weight=3.3123668392654499 0.95063474448397656 1.6226017666049291 4.1886821852531275 2.0187302906997493 0.44877709448337588 2.8125873260432854 3.2024812996387473 8.0208142590709048 5.7110058306716365 3.4468695149989799 3.8443604002241045 1.6997051344951599 3.3458560416474938 1.9151324164122341 9.4334637462161464 1.1861402639187866 2.489984575426206 1.498913330491632 1.9631847878918045 0.98525130096822966 1.2008239962160581 1.4906038371846078 2.8533206933643669 0.75908730179071415
leaf_count=75 58 43 44 42 2 70 34 141 88 35 64 19 38 58 132 24 81 31 44 27 12 20 35 23
internal_value=-0.00130243 -0.00221928 -0.00164718 -0.00226707 -0.0122572 -0.0317338 -0.00082265 0.00122879 -0.00709737 -0.00367199 -0.0116118 -0.000102434 0.00549003 0.0179205 -0.0024771 -0.00704943 0.00081513 -0.0131559 0.00182686 -0.00939815 0.00566323 0.0175764 0 -0.00777858
internal_weight=70.4014 67.089 66.1384 64.5158 7.45005 3.26136 57.0657 42.0448 15.021 13.0022 7.29123 38.8423 10.5731 3.61484 28.2692 14.6085 5.17504 2.68505 13.6607 2.94844 10.7122 2.69143 6.95826 4.10494
internal_count=1240 1165 1107 1064 116 72 948 719 229 187 99 685 173 77 512 268 136 55 244 71 173 32 96 61
is_linear=0
shrinkage=0.04


Tree=164
num_leaves=25
num_cat=0
split_feature=0 1 24 25 16 21 23 1 25 1 26 21 27 26 24 25 1 23 14 25 16 24 26 25
split_gain=0.544292 0.335914 0.56571 2.16301 0.900114 0.655935 0.503436 0.663322 0.442955 0.496497 0.91649 0.607168 0.372142 0.451087 0.605671 1.1588 0.5747 0.350332 0.902249 0.342904 0.303628 0.299207 0.267448 1.0156
threshold=2.5000000000000004 4.5000000000000009 2.5000000000000004 2.5000000000000004 1.5000000000000002 1.5833333333333337 0.45220861134162554 8.5000000000000018 3.5000000000000004 18.500000000000004 2.5000000000000004 1.7083333333333337 2.5000000000000004 3.5000000000000004 4.5000000000000009 6.5000000000000009 14.500000000000002 0.76180168105713697 3.5000000000000004 4.5000000000000009 1.5000000000000002 3.5000000000000004 9.0000000000000018 2.5000000000000004
decision_type=2 2 2 2 2 2 2 2 2 2 2 2 2 2 2 2 2 2 2 2 2 2 2 2
left_child=-1 -2 3 5 6 20 8 -8 -4 10 -10 -12 19 14 -14 16 -16 -17 -19 -9 -3 -13 23 -15
right_child=1 2 4 -5 -6 -7 7 12 9 -11 11 21 13 22 15 17 -18 18 -20 -21 -22 -23 -24 -25
leaf_value=0.014316747164592279 0.014804126346463378 -0.027204962585669228 -0.01626301560486108 -0.060467402416547467 -0.035246631449848083 0.016232557960044098 0.019497897372320033 -0.0029933018347861736 -0.02385951452203898 -0.01228869364928138 -0.0012425172212594076 0 0.010461921070021999 -0.039408390534069963 -0.010032327692243949 -0.022355190321025429 -0.058730260391579317 0.035096964006924192 -0.0042500026327248327 -0.03489388264214785 -0.0015774412430180538 0.032374722599197735 -0.0036216254282433295 0.012397344779639054
leaf_weight=3.299110271735116 1.6848828922957171 1.4463709180708963 5.1900691048940635 1.2930230924393979 1.2181275390321378 1.8534494591876862 3.1574544543400398 11.567554670851674 1.1281784186139683 3.9945787955075502 1.5083994213491676 0.72992491535842452 3.1622091149911302 0.5697249062359323 1.5379131278023126 0.75986453657969821 0.96479876898229111 1.2819716227240863 2.5252339746803045 0.6530395336449154 3.1812757030129433 2.3556291069835424 1.9679392067482684 13.169173702597616
leaf_count=75 46 28 73 42 64 40 33 168 18 50 28 9 79 8 25 13 8 44 16 10 28 42 23 270
internal_value=-0.00123998 -0.00212672 -0.0026868 -0.0129232 -0.00116215 -0.00220341 -0.000281397 0.00184187 -0.00670309 -0.000773444 0.00586719 0.0149089 0.000171298 0.00308221 -0.00290606 -0.0100169 -0.032002 0.000278985 0.00689773 -0.00535263 -0.0113161 0.0253973 0.00749251 0.00966678
internal_weight=70.1999 66.9008 65.2159 7.77412 57.4418 6.4811 56.2237 41.3169 14.9068 9.71671 5.72213 4.59395 38.1594 25.9388 10.232 7.06978 2.50271 4.56707 3.80721 12.2206 4.62765 3.08555 15.7068 13.7389
internal_count=1240 1165 1119 138 981 96 917 697 220 147 97 79 664 486 185 106 33 73 60 178 56 51 301 278
is_linear=0
shrinkage=0.04


Tree=165
num_leaves=25
num_cat=0
split_feature=1 25 15 24 15 14 21 24 17 25 18 26 25 1 24 25 15 25 26 22 1 19 19 25
split_gain=0.628467 0.477413 0.585306 0.49009 1.78029 0.301495 0.209642 1.01963 2.00666 1.83542 0.780299 0.663913 0.616248 0.544858 0.599083 1.17032 0.551768 1.99544 0.684279 0.517998 1.25181 0.490889 0.487325 0.556594
threshold=28.500000000000004 9.0000000000000018 2.5000000000000004 6.5000000000000009 1.5000000000000002 3.5000000000000004 1.4166666666666667 4.5000000000000009 1.0000000180025095e-35 1.0000000180025095e-35 1.0000000180025095e-35 4.5000000000000009 3.5000000000000004 8.5000000000000018 3.5000000000000004 2.5000000000000004 1.5000000000000002 4.5000000000000009 3.5000000000000004 2.5000000000000004 26.500000000000004 1.0000000180025095e-35 1.0000000180025095e-35 5.5000000000000009
decision_type=2 2 2 2 2 2 2 2 2 2 2 2 2 2 2 2 2 2 2 2 2 2 2 2
left_child=1 2 3 6 -5 -3 7 9 21 -1 13 -11 -12 -8 15 -15 18 -18 -16 -14 -21 -9 -20 -24
right_child=-2 5 -4 4 -6 -7 10 8 -10 11 12 -13 19 14 16 -17 17 -19 22 20 -22 -23 23 -25
leaf_value=-0.055922276952253575 -0.03904070101465261 0.028816437645387216 -0.040509548628652074 -0.043689596385746016 0.0035276206901428287 0 0.021894695241796581 0.036457678734496304 -0.049139639182562728 0 -0.037551495884504203 -0.02298458308974681 0.0024182702565141356 0.014887519979261625 -0.016556270230132012 -0.04329239628335034 -0.039762308028666565 0.026376282318589947 0.0099029392618819115 -0.04340880629291223 0.003093360079857152 0.0025875333516643842 -0.038376895537323485 0.0049012461800919957
leaf_weight=1.1968331425450802 0.70434116618707676 1.3588230916066086 0.6220185566926365 1.9183245436288405 3.0521374228410423 1.5184063236229122 3.2570078880526152 2.4333508231211445 0.6396385496482252 14.73708542797249 0.97466658777557214 2.4520828158128998 7.0528487310511974 0.75810107891448097 2.7013825043104616 1.2004339998820794 0.77050637779757281 5.0257388185709715 8.8490281659178418 1.5110812149941921 1.6795206307433546 1.7278285175561903 0.77937532984651514 0.56950649991631508
leaf_count=18 16 46 14 53 87 13 62 68 9 181 38 37 111 21 47 23 9 93 174 25 21 29 16 19
internal_value=-0.0012256 -0.000707003 -0.00153859 -0.00102915 -0.0130861 0.0149835 0 -0.00295351 0.0128631 -0.00751855 0.00194697 -0.00368293 -0.00641314 0.00620377 0.00334208 -0.0166877 0.0058683 0.0162041 0.000603743 -0.00266933 -0.0164229 0.0243165 0.00593383 -0.0141738
internal_weight=67.4901 66.7857 63.9085 63.2865 4.97046 2.87723 58.316 23.1868 4.80082 18.386 35.1292 17.1892 11.2181 23.9111 20.6541 1.95854 18.6955 5.79625 12.8993 10.2435 3.1906 4.16118 10.1979 1.34888
internal_count=1230 1214 1155 1141 140 59 1001 342 106 236 659 218 195 464 402 44 358 102 256 157 46 97 209 35
is_linear=0
shrinkage=0.04


Tree=166
num_leaves=25
num_cat=0
split_feature=1 25 15 24 15 27 25 18 24 21 15 10 21 15 1 1 21 1 25 21 21 1 21 21
split_gain=0.594359 0.446284 0.551469 0.453262 1.70747 0.619185 0.745575 0.526555 0.974914 0.530654 1.2684 0.386729 0.325675 0.294182 0.287341 0.557112 0.515871 0.270081 0.173213 0.928896 0.377013 0.170206 0.582607 0.419822
threshold=28.500000000000004 9.0000000000000018 2.5000000000000004 6.5000000000000009 1.5000000000000002 2.5000000000000004 4.5000000000000009 1.0000000180025095e-35 3.5000000000000004 1.8750000000000002 1.5000000000000002 3.5000000000000004 1.2916666666666667 1.5000000000000002 4.5000000000000009 5.5000000000000009 1.4166666666666667 26.500000000000004 6.5000000000000009 2.8750000000000004 3.7083333333333335 9.5000000000000018 1.5833333333333337 1.2916666666666667
decision_type=2 2 2 2 2 2 2 2 2 2 2 2 2 2 2 2 2 2 2 2 2 2 2 2
left_child=1 2 3 5 -5 6 13 8 -7 11 17 -9 -10 14 -1 16 -16 -11 19 -6 -21 22 -17 -23
right_child=-2 -3 -4 4 18 7 -8 9 12 10 -12 -13 -14 -15 15 21 -18 -19 -20 20 -22 23 -24 -25
leaf_value=0.013096490426419242 -0.038422250559545956 0.014519298249109669 -0.03973524764346599 -0.043279744278552156 -0.040957941727599798 -0.035771420241974362 -0.039561354764599821 0.023620695895221002 -0.0064231247910387333 -0.00884891850297812 -0.05087706525443586 0 0.013485085986155889 -0.031865027836686981 -0.047440609159392716 -0.0020910628991879631 0 0.013597169996199676 0.021851846998393942 0.030751337793782915 0 0.01794078369693854 0.019388399808811598 -0.0067050406244912823
leaf_weight=1.7781998161226606 0.68739620014093716 2.8619615763891479 0.60903839219827105 1.8602082689758379 0.68406600644812066 0.64994794724043536 0.94585887342691322 1.3921101581072433 0.88090365193784137 2.5081930349115282 1.0594854089431462 6.0731156328693032 14.002993812668135 0.57062579574994643 0.85182838514447456 8.5208703269017878 0.7211627799551934 1.2750199628062548 0.65379952918738116 0.99603664875030495 0.71429858356714249 1.0653651424217958 2.5056697973050168 13.127186876954509
leaf_count=47 16 59 14 53 10 16 13 69 24 38 9 80 250 15 11 98 14 16 39 33 5 40 50 211
internal_value=-0.00118855 -0.000681904 -0.0014937 -0.000995737 -0.0126666 0 -0.00398501 0.00429211 0.00926518 -0.00133441 -0.0121341 0.00459971 0.0117693 -0.00255574 -0.00169035 -0.00297035 -0.0263449 0 0.00339098 0 0.0140719 -0.00119519 0.00206441 -0.00429132
internal_weight=66.9953 66.3079 63.446 62.8369 4.90841 57.9285 30.0868 27.8418 15.5338 12.3079 4.8427 7.46523 14.8839 29.1409 28.5703 26.7921 1.57299 3.78321 3.0482 2.3944 1.71034 25.2191 11.0265 14.1926
internal_count=1230 1214 1155 1141 140 1001 499 502 290 212 63 149 274 486 471 424 25 54 87 48 38 399 148 251
is_linear=0
shrinkage=0.04


Tree=167
num_leaves=25
num_cat=0
split_feature=1 25 15 24 15 27 25 18 24 22 1 26 10 23 21 23 1 14 21 26 21 1 1 1
split_gain=0.561473 0.414285 0.519184 0.426502 1.62826 0.571477 0.709804 0.483327 0.915046 0.634955 1.21384 0.482867 0.618489 0.702633 0.306491 0.299961 0.639199 0.285571 0.282252 0.371044 0.280354 0.439203 0.343876 0.288133
threshold=28.500000000000004 9.0000000000000018 2.5000000000000004 6.5000000000000009 1.5000000000000002 2.5000000000000004 4.5000000000000009 1.0000000180025095e-35 3.5000000000000004 2.5000000000000004 26.500000000000004 3.5000000000000004 2.5000000000000004 0.48570226039551589 1.2916666666666667 0.48570226039551589 10.500000000000002 3.5000000000000004 1.4166666666666667 4.5000000000000009 1.5833333333333337 8.5000000000000018 5.5000000000000009 8.5000000000000018
decision_type=2 2 2 2 2 2 2 2 2 2 2 2 2 2 2 2 2 2 2 2 2 2 2 2
left_child=1 2 3 5 -5 6 11 8 -7 18 -11 12 13 -1 -10 16 -13 -3 19 -9 23 22 -22 -14
right_child=-2 17 -4 4 -6 7 -8 9 14 10 -12 15 20 -15 -16 -17 -18 -19 -20 -21 21 -23 -24 -25
leaf_value=-0.045844671539051918 -0.037811623611512822 0.027559237189829278 -0.038980224482200003 -0.042876227394246812 0.0032278861673006036 -0.035224051089746689 -0.039062316348009121 0.033363869184617638 -0.0061547332035334955 -0.04196943470645547 0.0029597760174416522 -0.0062456712767783229 -0.0031897199799768611 0.0013136407147683309 0.013009466293949268 0 -0.037173014394806185 0 0 0 0 0 0.033283093923497674 0.010298232143315812
leaf_weight=0.88646959664766523 0.6708931673783799 1.3360643823398268 0.59626208781264622 1.8037499787751574 2.9950847588479519 0.63397133524995375 0.9201471246778955 1.0391489425674061 0.88251128233969112 1.6188155224081138 1.6591937127523124 7.385741798207162 7.6697025259491038 0.49666420137509704 13.935736089944838 3.5790280147921285 1.5339883973356334 1.5169633305631578 7.4764684939291328 0.4621383063495158 0.82507298327982592 1.3003574023023245 1.7986216363497076 3.6314965174533427
leaf_count=22 16 46 14 53 87 16 13 30 24 28 21 101 87 10 250 101 27 13 118 15 21 22 32 63
internal_value=-0.00116635 -0.000672508 -0.00146155 -0.000975884 -0.0124343 0 -0.00384623 0.00411925 0.00890059 -0.00125637 -0.0167876 -0.00245812 0.0016146 -0.0231268 0.0113283 -0.00851002 -0.0124614 0.0139831 0.00352339 0.0193662 0.00438767 0.013728 0.0234457 0.000436572
internal_weight=66.6543 65.9834 63.1304 62.5341 4.79883 57.7353 30.0273 27.708 15.4522 12.2558 3.27801 29.1071 16.6084 1.38313 14.8182 12.4988 8.91973 2.85303 8.97776 1.50129 15.2253 3.92405 2.62369 11.3012
internal_count=1230 1214 1155 1141 140 1001 499 502 290 212 49 486 257 32 274 229 128 59 163 45 225 75 53 150
is_linear=0
shrinkage=0.04


Tree=168
num_leaves=25
num_cat=0
split_feature=1 25 15 27 25 18 23 26 16 23 21 21 21 26 25 1 26 25 23 26 10 23 26 25
split_gain=0.530655 0.387102 0.489038 0.314394 0.662661 0.493815 0.673695 1.26381 0.499069 0.555539 0.717798 0.761631 0.619433 1.14157 0.485958 0.586476 0.833743 2.16989 1.14858 0.421763 0.673142 0.704155 0.399811 0.388654
threshold=28.500000000000004 9.0000000000000018 2.5000000000000004 2.5000000000000004 4.5000000000000009 1.0000000180025095e-35 0.60355339059327384 7.0000000000000009 1.5000000000000002 0.84759080068664439 2.4166666666666674 2.7083333333333335 1.4166666666666667 10.500000000000002 3.5000000000000004 12.500000000000002 3.5000000000000004 4.5000000000000009 0.45220861134162554 3.5000000000000004 2.5000000000000004 0.48570226039551589 2.5000000000000004 4.5000000000000009
decision_type=2 2 2 2 2 2 2 2 2 2 2 2 2 2 2 2 2 2 2 2 2 2 2 2
left_child=1 2 3 4 19 8 14 -8 9 10 12 -12 13 -5 -7 -16 17 -17 -18 20 21 -1 -14 -24
right_child=-2 -3 -4 5 -6 6 7 -9 -10 -11 11 -13 22 -15 15 16 18 -19 -20 -21 -22 -23 23 -25
leaf_value=-0.044837569485902229 -0.037208283666646066 0.013535250855971416 -0.038242917883368546 -0.04898488746991108 -0.038567486483636997 -0.034126757939054814 -0.040816772170476884 0.0028440791676886895 -0.027271153063095712 0.028073290520971739 -0.031950310243040951 0.016812459083976057 -0.0088640838274487276 0.0060047227056837515 0.023834738947432689 0.0017598538467473457 -0.0036013500494855217 -0.066846607029106456 0.032093718556217829 -0.0082684628138101554 0.004071433900438186 0.001261289511425918 0.0057558132135696362 0.025765203979906753
leaf_weight=0.98056720593013647 0.6548281004652371 2.839176398003473 0.58370336552616109 0.76405638176948487 0.89518187567591567 0.5683277661446472 1.9495052804704749 1.6576540027745066 0.57404308719560404 2.106306954403407 1.559527202509343 0.52561987843364466 0.68120341654866834 2.2194916382431984 1.8674715338274825 2.1007982739247368 3.6477575406897813 0.99077109713107336 2.0995022500865161 12.53008258610498 15.223543905187398 0.4965890240855515 4.4263006291585025 4.368166129803285
leaf_count=33 16 59 14 7 13 10 40 21 31 56 22 19 18 38 49 25 40 14 70 236 226 10 73 90
internal_value=-0.00113717 -0.00065556 -0.00142431 -0.000950427 -0.00396627 0.00163021 -0.0033619 -0.0185348 0.00640773 0.0080493 0.00459939 -0.0158216 0.0086591 -0.00539619 0.0007829 0.00338325 -3.2652e-05 -0.0176391 0.00804627 -0.00263294 0.00111623 -0.0239243 0.0139289 0.016604
internal_weight=66.3102 65.6553 62.8162 62.2325 30.126 32.1065 14.8818 3.60716 17.2247 16.6507 14.5444 2.08515 12.4592 2.98355 11.2746 10.7063 8.83883 3.09157 5.74726 29.2308 16.7007 1.47716 9.47567 8.79447
internal_count=1230 1214 1155 1141 518 623 269 61 354 323 267 41 226 45 208 198 149 39 110 505 269 43 181 163
is_linear=0
shrinkage=0.04


Tree=169
num_leaves=25
num_cat=0
split_feature=1 25 15 24 15 27 25 18 24 22 1 26 10 23 23 1 21 14 21 1 1 1 1 21
split_gain=0.501857 0.358282 0.461094 0.373237 1.51425 0.491632 0.643556 0.412884 0.845473 0.554495 1.12088 0.410393 0.5242 0.657715 0.277592 0.607465 0.271207 0.269623 0.261544 0.418926 0.330596 0.265976 0.362597 0.250882
threshold=28.500000000000004 9.0000000000000018 2.5000000000000004 6.5000000000000009 1.5000000000000002 2.5000000000000004 4.5000000000000009 1.0000000180025095e-35 3.5000000000000004 2.5000000000000004 26.500000000000004 3.5000000000000004 2.5000000000000004 0.48570226039551589 0.48570226039551589 10.500000000000002 1.2916666666666667 3.5000000000000004 1.5833333333333337 8.5000000000000018 5.5000000000000009 8.5000000000000018 4.5000000000000009 1.4166666666666667
decision_type=2 2 2 2 2 2 2 2 2 2 2 2 2 2 2 2 2 2 2 2 2 2 2 2
left_child=1 2 3 5 -5 6 11 8 -7 23 -11 12 13 -1 15 -13 -10 -3 21 20 -20 22 -14 -9
right_child=-2 17 -4 4 -6 7 -8 9 16 10 -12 14 18 -15 -16 -17 -18 -19 19 -21 -22 -23 -24 -25
leaf_value=-0.044720557988862188 -0.03661171467471068 0.026331790710476533 -0.03752192012177729 -0.04220305321558665 0.0030859184098906384 -0.034534451129275362 -0.038076424577644943 0.018524865986921976 -0.0054152881911322323 -0.040836508805204952 0.0027327983121162268 -0.0056335231819809109 0.016667337828249227 0.001211017211787113 0 -0.035916975313043581 0.012279504958985849 0 0 0 0.032624706698775964 0.0098061673887974692 -0.0075110432736411941 0
leaf_weight=0.83879930013791504 0.63919659471139212 1.315584529656916 0.57137401436921109 1.7087468397803594 2.9537878502160311 0.62020741624292064 0.87095004692673583 1.4543100013397614 0.87968440912663837 1.5503180581144997 1.6561785987578332 7.4251195364631695 1.0275496020913104 0.49651697464287281 3.5937567132059476 1.5105969292344523 13.744303843704982 1.5155706689693034 0.82493578083813357 1.2998392563313244 1.7535802314523605 3.6017367281019688 6.6383799512404948 7.4135194427799433
leaf_count=22 16 46 14 53 87 16 13 45 24 28 21 101 28 10 101 27 250 13 21 22 32 63 59 118
internal_value=-0.00109917 -0.000628794 -0.00137637 -0.000913204 -0.011796 0 -0.00357177 0.00385221 0.00830421 -0.00110601 -0.0158377 -0.00226013 0.00148921 -0.0216505 -0.00783052 -0.0116483 0.0106681 0.0130314 0.00405746 0.0131163 0.0227753 0.000229381 -0.00322657 0.00331865
internal_weight=65.9045 65.2653 62.4342 61.8628 4.66253 57.2003 29.8818 27.3185 15.2442 12.0743 3.2065 29.0108 16.4813 1.33532 12.5295 8.93572 14.624 2.83116 15.146 3.87836 2.57852 11.2677 7.66593 8.86783
internal_count=1230 1214 1155 1141 140 1001 499 502 290 212 49 486 257 32 229 128 274 59 225 75 53 150 87 163
is_linear=0
shrinkage=0.04


Tree=170
num_leaves=25
num_cat=0
split_feature=27 21 23 0 1 24 25 21 1 26 23 1 26 22 1 21 24 23 21 1 25 21 23 26
split_gain=0.553323 0.352174 0.503184 0.347275 0.388009 0.901578 1.92656 0.703486 0.542178 0.451004 0.411443 0.827168 0.780065 0.440585 0.505687 0.340756 0.332604 1.03175 0.570849 0.392108 0.631053 0.237269 0.235864 0.235239
threshold=3.5000000000000004 3.7083333333333335 0.84759080068664439 2.5000000000000004 4.5000000000000009 2.5000000000000004 2.5000000000000004 1.5833333333333337 7.5000000000000009 5.5000000000000009 1.0000000180025095e-35 8.5000000000000018 2.5000000000000004 3.5000000000000004 12.500000000000002 1.8750000000000002 4.5000000000000009 0.90441722268325109 1.5833333333333337 16.500000000000004 6.5000000000000009 2.4166666666666674 0.90441722268325109 2.5000000000000004
decision_type=2 2 2 2 2 2 2 2 2 2 2 2 2 2 2 2 2 2 2 2 2 2 2 2
left_child=3 2 -2 21 -5 6 7 -6 -7 10 11 -10 -13 -12 -15 -9 17 -11 -18 22 -21 23 -20 -1
right_child=1 -3 -4 4 5 8 -8 15 9 16 13 12 -14 14 -16 -17 18 -19 19 20 -22 -23 -24 -25
leaf_value=0 0.030936868366674645 -0.0089515128771061308 0.00014247700827727306 0.011458948438721289 -0.016312309921872756 -0.037719904310200829 -0.059527286876307296 0.022444360207824365 -0.032644760925467663 -0.03657681845401678 -0.0030714289741388258 -0.0045803073755581311 0.034303342096548867 -0.0037528507304168631 0.034618780984863408 -0.0085341177040574364 0.010593848023226934 0.0082247185678176338 0.02399465628862521 -0.039912861346879901 -0.00022036105434708944 -0.0063714390890276832 -0.0071278766447448799 0.020084770649176919
leaf_weight=0.62157293548807491 1.8058467714581627 0.90146414749324311 2.6646241417620331 1.934345623711123 4.8233912147115898 0.75618763267993827 1.5201361383078618 1.445048881229013 0.42952278954908196 2.2869309857487665 32.910680761793628 0.78875844879075918 2.242544730193913 0.45919392234645684 1.1002480848692355 0.47222745697945345 2.3420155001804233 0.89066217839717854 0.58644353330600985 1.5004183480050415 1.8783920130226761 0.80149341700598586 0.78541936911642551 2.2445289716124535
leaf_count=23 56 9 43 52 55 7 41 28 9 39 498 21 75 18 26 18 53 23 20 19 36 17 21 45
internal_value=-0.00290177 0.00896836 0.0143714 -0.00404416 -0.00486688 -0.00555861 -0.0180088 -0.00745883 -0.00329443 -0.00258839 -0.00035392 0.0125093 0.0215465 -0.00187748 0.0181898 0.0106417 -0.0100619 -0.0215016 -0.00380897 -0.0125933 -0.0202142 0.00704368 0.000344888 0.0135864
internal_weight=68.1921 5.37194 4.47047 62.8202 59.1526 57.2182 8.2608 6.74067 48.9574 48.2012 37.9309 3.46083 3.0313 34.4701 1.55944 1.91728 10.2703 3.17759 7.09269 4.75067 3.37881 3.6676 1.37186 2.8661
internal_count=1252 108 99 1144 1059 1007 142 101 865 858 647 105 96 542 44 46 211 62 149 96 55 85 41 68
is_linear=0
shrinkage=0.04


Tree=171
num_leaves=25
num_cat=0
split_feature=27 16 21 15 21 21 17 26 23 24 23 23 26 15 21 26 26 1 23 24 24 1 1 25
split_gain=0.51612 0.394464 0.37667 0.345777 0.544216 0.570422 0.318944 0.948322 0.81192 0.746086 0.830246 0.318408 0.560773 1.2554 0.584578 0.676205 0.560099 0.820483 0.782992 0.587803 0.62602 0.65337 0.474416 0.422679
threshold=3.5000000000000004 1.5000000000000002 1.1250000000000002 1.5000000000000002 2.8750000000000004 3.7083333333333335 1.5000000000000002 4.5000000000000009 0.8228263892582881 4.5000000000000009 0.84759080068664439 0.84759080068664439 4.5000000000000009 1.5000000000000002 2.4166666666666674 2.5000000000000004 2.5000000000000004 4.5000000000000009 0.45220861134162554 6.5000000000000009 3.5000000000000004 7.5000000000000009 8.5000000000000018 1.5000000000000002
decision_type=2 2 2 2 2 2 2 2 2 2 2 2 2 2 2 2 2 2 2 2 2 2 2 2
left_child=1 6 -3 -2 -5 -6 11 8 -8 -9 -11 12 14 -14 16 -16 17 -1 23 20 21 -19 -20 -18
right_child=3 2 -4 4 5 -7 7 9 -10 10 -12 -13 13 -15 15 -17 18 19 22 -21 -22 -23 -24 -25
leaf_value=0.015456538481986594 0.018647574559586117 0.0061038662910297007 -0.019423721942224234 -0.033599036238148139 0.0308665727197362 -0.0083718453819124471 -0.037739936571017776 -0.032402831537573881 0 0.036109001449860664 -0.0066092873175839931 0.0073012209526192541 -0.0041092990195596138 -0.043355758432381479 0.0028924702118765851 -0.04136780092668986 0 -0.036326309001249911 -0.030477328778734401 0.0077831135981248894 -0.038287434170945094 0 0.0010917348607997921 0.020057520005993854
leaf_weight=1.7787144547328333 2.7466594865545622 0.61366539425216515 4.5716611631214619 0.64396189991384778 1.0429712088080121 0.89559683762490738 2.545098949107341 0.60894035059027407 1.1647862666286526 1.4360565724782648 0.96251595206558693 5.3647308573126784 10.03266935725696 1.6371920497622348 0.48403053265064855 1.1551189423771573 1.4861351195722843 0.96892640413716424 0.79847839334979553 1.2098253825679419 2.0232487344183028 3.1990720178000629 14.594397262204437 6.0133508620783687
leaf_count=45 51 14 89 11 39 7 29 16 26 32 20 135 208 28 16 20 14 13 7 30 31 43 211 117
internal_value=-0.00281176 -0.00391732 -0.0148598 0.00868372 0 0.0086121 -0.00279068 -0.0111844 -0.025039 0.00324575 0.0156314 -0.00152193 -0.00274124 -0.0103008 0 -0.0234174 0.00106613 -0.00694274 0.00462713 -0.0134069 -0.0188398 -0.00748004 -2.61339e-05 0.0152448
internal_weight=67.9778 62.6486 5.18533 5.32919 2.58253 1.93857 57.4633 6.7174 3.70989 3.00751 2.39857 50.7459 45.3812 11.6699 33.7113 1.63915 32.0721 9.17979 22.8924 7.40107 6.19125 4.168 15.3929 7.49949
internal_count=1252 1144 103 108 57 46 1041 123 55 68 52 918 783 236 547 36 511 162 349 117 87 56 218 131
is_linear=0
shrinkage=0.04


Tree=172
num_leaves=25
num_cat=0
split_feature=16 1 1 23 22 14 17 26 23 24 23 26 1 1 0 1 22 22 26 1 23 1 26 24
split_gain=0.46646 0.459553 0.474882 0.51779 0.356381 0.430108 0.332149 0.860304 0.767226 0.696089 0.799512 0.272792 0.679239 0.500224 0.522811 0.323084 0.413558 0.309382 0.525012 0.238541 0.230716 0.382214 1.54014 1.33858
threshold=1.5000000000000002 28.500000000000004 24.500000000000004 1.1038793623175318 1.5000000000000002 2.5000000000000004 1.5000000000000002 4.5000000000000009 0.8228263892582881 4.5000000000000009 0.84759080068664439 2.5000000000000004 4.5000000000000009 7.5000000000000009 3.5000000000000004 8.5000000000000018 1.5000000000000002 1.5000000000000002 5.5000000000000009 16.500000000000004 0.84759080068664439 14.500000000000002 3.5000000000000004 4.5000000000000009
decision_type=2 2 2 2 2 2 2 2 2 2 2 2 2 2 2 2 2 2 2 2 2 2 2 2
left_child=1 2 6 -4 -2 -6 11 8 -8 -9 -11 12 -1 -14 -15 16 -13 18 -17 -20 21 -19 -23 -24
right_child=4 -3 3 -5 5 -7 7 9 -10 10 -12 15 13 14 -16 17 -18 20 19 -21 -22 22 23 -25
leaf_value=0.012367787673193749 0.0058705020248997373 -0.036128594152759812 0.0027820167684612629 0.041065789988137091 0.0010029681676956283 -0.024231883984997288 -0.036425995620055926 -0.031907283435200474 0 0.035601180814622359 -0.0064326264890160814 0 -0.038957983484505306 -0.0012399630101140836 -0.038605876934168795 0.028383664783905482 -0.032586284506823368 0.0024531772426075894 -0.028074084632681375 0.0055282458734490147 0.0099128941172508273 -0.042622827177753918 -0.04026445719695488 0.0039253326076812024
leaf_weight=1.8476805642712841 0.61256043915636738 0.6266474723815908 4.3235675289761266 0.7912035584449767 0.69042802997864772 3.9526567163411528 2.5317056492203842 0.5939668006030846 1.1543657644651828 1.3990333033725622 0.96974099846556772 1.2968505555763834 1.1695502253714947 5.5130498446524143 0.7664396185427903 1.7347449231892818 1.0513753986451773 19.30748523352668 0.4608403935562817 0.65472003258764744 3.5507972913328549 1.6398273399099697 1.2283195861382399 9.8084494648501259
leaf_count=48 14 16 57 6 23 71 29 16 22 32 21 10 18 107 13 51 15 306 7 26 113 29 23 179
internal_value=-0.00271613 -0.00160725 -0.00112771 0.0102682 -0.0143639 -0.0187565 -0.00229724 -0.0108327 -0.0240478 0.00290859 0.0150159 -0.00100301 -0.00722154 -0.0131545 -0.00707463 0.00021987 -0.0139157 0.00129303 0.0140056 -0.00118167 4.82087e-05 -0.000796821 -0.00637792 -0.00026785
internal_weight=67.676 62.4204 61.7937 5.11477 5.25565 4.64308 56.6789 6.64881 3.68607 2.96274 2.36877 50.0301 9.29672 7.44904 6.27949 40.7334 2.34823 38.3852 2.85031 1.11556 35.5349 31.9841 12.6766 11.0368
internal_count=1252 1144 1128 63 108 94 1065 120 51 69 53 945 186 138 120 759 25 734 84 33 650 537 231 202
is_linear=0
shrinkage=0.04


Tree=173
num_leaves=25
num_cat=0
split_feature=27 0 1 1 26 16 15 23 23 15 1 1 22 26 1 26 15 1 26 23 26 15 23 15
split_gain=0.460759 0.333617 0.313957 0.487564 2.04234 0.432424 0.311557 0.326745 0.298661 1.03948 0.5517 1.2141 0.91816 0.697349 1.35681 0.752944 0.882404 0.67181 0.804718 0.618276 0.386514 0.454194 0.35175 0.337346
threshold=3.5000000000000004 2.5000000000000004 4.5000000000000009 8.5000000000000018 2.5000000000000004 1.5000000000000002 1.5000000000000002 0.8228263892582881 0.84759080068664439 1.0000000180025095e-35 12.500000000000002 13.500000000000002 2.5000000000000004 3.5000000000000004 11.500000000000002 2.5000000000000004 1.5000000000000002 16.500000000000004 2.5000000000000004 0.8228263892582881 3.5000000000000004 1.5000000000000002 0.45220861134162554 1.0000000180025095e-35
decision_type=2 2 2 2 2 2 2 2 2 2 2 2 2 2 2 2 2 2 2 2 2 2 2 2
left_child=1 -1 -3 4 -4 8 -2 -8 10 -10 13 12 -12 15 -15 16 -5 18 -13 -20 21 -11 -14 -17
right_child=6 2 3 5 -6 -7 7 -9 9 20 11 17 22 14 -16 23 -18 -19 19 -21 -22 -23 -24 -25
leaf_value=0.0073021278367336878 0.017816282888778876 0.010164589764692226 -0.0064101476770662639 -0.04003224524552184 -0.07158189506816591 -0.032336394531881807 0.0075591571569736307 -0.023407088883249733 -0.023131738201860028 -0.028836315496785652 -0.070631403090734624 -0.037347053822006364 -0.028228723338313562 0.0016534425894292324 -0.033782720526442933 0.032259484303461261 0.014536355139552792 -0.010260076672578992 0.014961785867596283 -0.01298654903345281 0.026208922807456261 0.011155281194799352 0 0.008244563389740639
leaf_weight=3.6268244702368966 2.7135331633035085 1.9021550826728333 7.9952500064391625 0.96804729383438981 0.91419542965013523 0.85506643145345052 1.7616088108625265 0.77046735957264889 1.4656964706955466 0.52854558429680798 0.81988303922117056 0.61113428068347531 1.39371082931757 6.1545850839465839 2.2282121293246746 1.7555332188494501 0.65475127659738064 11.446812933660111 6.0713018191745505 1.3021603426896033 2.3912280183285475 2.329109178041108 1.1493969522416589 5.6273461664095521
leaf_count=85 51 52 93 11 10 49 40 17 47 11 9 7 8 89 37 38 30 208 107 15 55 46 24 113
internal_value=-0.00261386 -0.00366447 -0.00448022 -0.00511304 -0.0139953 -0.0032883 0.00831685 0 -0.00258809 0.00469247 -0.00400376 -0.0081413 -0.030697 0.000960026 -0.00681143 0.00908229 -0.0130857 -0.00382588 0.00439633 0.00894111 0.0139862 0.000959024 -0.0146766 0.0150385
internal_weight=67.4366 62.1909 58.5641 56.662 8.90945 47.7525 5.24561 2.53208 46.8975 6.71458 40.1829 22.7944 3.36299 17.3885 8.3828 9.00568 1.6228 19.4314 7.9846 7.37346 5.24888 2.85765 2.54311 7.38288
internal_count=1252 1144 1059 1007 103 904 108 57 855 159 696 378 41 318 126 192 41 337 129 122 112 57 32 151
is_linear=0
shrinkage=0.04


Tree=174
num_leaves=25
num_cat=0
split_feature=1 1 23 14 15 15 0 24 17 26 26 21 22 21 17 24 26 17 26 1 26 24 1 23
split_gain=0.39653 0.46631 0.516019 0.490726 0.541121 0.336704 0.276708 0.30918 2.43023 1.0928 0.583529 0.516789 0.939027 0.206185 0.436136 0.544907 0.541627 0.195358 0.965746 0.689133 0.854686 2.85911 2.01674 1.68748
threshold=28.500000000000004 24.500000000000004 1.1038793623175318 3.5000000000000004 1.5000000000000002 2.5000000000000004 2.5000000000000004 2.5000000000000004 1.0000000180025095e-35 1.5000000000000002 1.5000000000000002 1.5833333333333337 2.5000000000000004 2.4166666666666674 1.0000000180025095e-35 2.5000000000000004 5.5000000000000009 1.0000000180025095e-35 2.5000000000000004 9.5000000000000018 4.5000000000000009 4.5000000000000009 13.500000000000002 0.76180168105713697
decision_type=2 2 2 2 2 2 2 2 2 2 2 2 2 2 2 2 2 2 2 2 2 2 2 2
left_child=1 5 3 -3 -5 6 13 8 -8 -10 -9 -11 -13 14 15 -1 -16 -12 -19 -20 21 22 23 -21
right_child=-2 2 -4 4 -6 -7 7 10 9 11 17 12 -14 -15 16 -17 -18 18 19 20 -22 -23 -24 -25
leaf_value=0.042501603351259368 -0.035439966912935494 0.032238658752050384 0.040213036865775695 0.012064627760765688 -0.018055945945979358 -0.035249455380274741 -0.054607963453252195 -0.029265257341535848 0.031324918511271671 -0.014947374596496628 0.00058000893258657244 0.03292139025231814 -0.019871938158586809 -0.004602889478401098 -0.046468386181402858 0 0.014862405585522692 -0.042881768423322905 0.019884973380905776 -0.028848621472545317 0.0062812286063003734 -0.060584591549730477 0.038394202863819164 0.03513359965176583
leaf_weight=1.13823897857219 0.61187044833786686 0.75096628908067842 0.76397189497947682 1.6253956304863095 1.9883418902754784 0.56179051485378195 1.6468187135178567 1.24007256515324 1.3587578684091566 5.1257912407163531 30.778368667932227 1.1736341314390304 0.83347989863250393 0.76608089543879021 0.37328838324174274 0.95560082094743837 0.36687200516462326 1.0132511043921102 1.9225822412408877 3.3558972757309657 4.882329463143833 1.6683936049230395 1.5203657220117746 0.72315753810107697
leaf_count=12 16 22 6 27 15 21 36 34 41 59 564 24 22 15 7 34 15 11 41 42 136 17 19 16
internal_value=-0.00252413 -0.00210118 0.009094 0.00181422 -0.00229447 -0.00316651 -0.00273879 -0.00351156 -0.0100517 -0.000468617 -0.00193407 -0.00764658 0.00701246 0.00732654 0.0133741 0.0237821 -0.00526036 -0.00102067 -0.00481666 -0.00150746 -0.00555093 -0.0146002 0 -0.0155443
internal_weight=67.1453 66.5334 5.12868 4.3647 3.61374 61.4048 60.843 57.2429 10.1385 8.49166 47.1044 7.13291 2.00711 3.60008 2.834 2.09384 0.74016 45.8643 15.086 14.0727 12.1501 7.26781 5.59942 4.07905
internal_count=1252 1236 70 64 42 1166 1145 1062 182 146 880 105 46 83 68 46 22 846 282 271 230 94 77 58
is_linear=0
shrinkage=0.04


Tree=175
num_leaves=25
num_cat=0
split_feature=24 1 24 24 17 21 21 23 0 1 17 15 1 1 23 24 23 15 24 1 15 15 23 23
split_gain=0.381623 0.427897 0.967143 0.784018 1.22549 0.517709 1.03525 0.487396 0.245582 0.243707 1.16599 1.7515 0.505199 0.822068 1.24446 0.405241 0.291757 0.315008 0.268845 0.275842 0.282302 0.184517 0.212662 0.139384
threshold=1.5000000000000002 6.5000000000000009 2.5000000000000004 2.5000000000000004 1.0000000180025095e-35 2.1250000000000004 2.4166666666666674 1.2359820001581181 2.5000000000000004 15.500000000000002 1.0000000180025095e-35 1.0000000180025095e-35 13.500000000000002 12.500000000000002 0.60355339059327384 4.5000000000000009 0.90441722268325109 1.5000000000000002 3.5000000000000004 8.5000000000000018 1.5000000000000002 1.5000000000000002 0.76180168105713697 0.48570226039551589
decision_type=2 2 2 2 2 2 2 2 2 2 2 2 2 2 2 2 2 2 2 2 2 2 2 2
left_child=-1 2 -2 4 -3 8 7 -7 -5 12 16 -12 13 18 -15 -14 -11 -18 19 -10 -21 22 -20 -17
right_child=1 3 -4 5 -6 6 -8 -9 9 10 11 -13 15 14 -16 23 17 -19 21 20 -22 -23 -24 -25
leaf_value=-0.031500109373190116 0.012441942989602318 -0.063759815393333516 -0.03354843367742024 0.015818428631803702 -0.0037974280342116785 0.030888997451102962 -0.0011517426481102171 0 0.013106009214051129 -0.0048941015633496799 0 -0.075007902866141521 0 -0.070794688866128941 0 0 0 0.034836660815067241 0 -0.0065909948157103996 0.016790206904353157 -0.026016670824216954 -0.015559944263519034 0.02347179650206337
leaf_weight=0.66571719921193917 7.7643581533338857 0.83262801077216808 0.73461484909057606 0.95899079600348969 2.618920614477247 3.087982592056504 7.0578569421777502 0.77088964520953585 3.1190749714151114 11.944733549840747 1.1223115620668971 0.96866647992283095 3.0474043400026849 0.7230798047967244 0.9269031984731555 0.99833987094461951 0.62886468693613895 0.62959535932168365 7.2406733217649126 4.2901923584286124 0.9534446746110915 0.81908726040273983 1.8290482158772645 2.4452265556901693
leaf_count=37 112 12 10 43 50 66 145 21 37 209 34 20 33 16 27 16 9 25 127 50 17 16 59 37
internal_value=-0.00108612 -0.000654946 0.00752544 -0.0020147 -0.0205801 -0.000668988 0.00689819 0.0236946 -0.00279368 -0.00341375 -0.00750426 -0.0355831 -0.000740231 -0.00417588 -0.0314583 0.00856109 -0.00245153 0.0143753 -0.00127117 0.0034212 -0.000813958 -0.00604838 -0.00336299 0.0180677
internal_weight=66.1786 65.5129 8.49897 57.0139 3.45155 53.5624 10.9167 3.85887 42.6456 41.6866 15.2942 2.09098 26.3925 19.9015 1.64998 6.49097 13.2032 1.25846 18.2515 8.36271 5.24364 9.88881 9.06972 3.44357
internal_count=1228 1191 122 1069 62 1007 232 87 775 732 297 54 435 349 43 86 243 34 306 104 67 202 186 53
is_linear=0
shrinkage=0.04


Tree=176
num_leaves=25
num_cat=0
split_feature=16 21 21 23 1 16 0 15 1 15 25 15 1 25 23 1 1 23 23 27 1 21 1 23
split_gain=0.279411 0.285304 1.08786 0.424256 0.355616 0.323168 0.268425 0.210324 0.343899 0.178369 0.995952 0.344462 0.213857 0.280825 0.267938 0.170246 0.140849 0.133213 0.110215 0.302315 0.206038 0.168133 0.134987 0.129995
threshold=1.0000000180025095e-35 2.1250000000000004 2.4166666666666674 1.2359820001581181 6.5000000000000009 1.5000000000000002 2.5000000000000004 1.0000000180025095e-35 4.5000000000000009 1.5000000000000002 3.5000000000000004 2.5000000000000004 15.500000000000002 4.5000000000000009 0.60355339059327384 12.500000000000002 14.500000000000002 0.90441722268325109 0.60355339059327384 3.5000000000000004 19.500000000000004 3.7083333333333335 12.500000000000002 0.90441722268325109
decision_type=2 2 2 2 2 2 2 2 2 2 2 2 2 2 2 2 2 2 2 2 2 2 2 2
left_child=-1 4 3 -3 7 6 -6 -2 -9 12 -11 15 13 16 -14 -12 -8 -16 19 22 -20 -21 -4 -22
right_child=1 2 18 -5 5 -7 9 8 -10 10 11 -13 14 -15 17 -17 -18 -19 20 21 23 -23 -24 -25
leaf_value=-0.027760983447683726 0.0092192612433013334 0.029079576176957223 -0.0030825841744112907 0 0.017060225963254207 -0.030731713678636547 -0.0022701563984524466 0.001894508231465477 -0.03102338365518904 -0.038001668568460885 0.026170386357208312 -0.0080123097443695491 -0.01521145397700179 -0.020117264207428147 0.012282971245166134 0.0046549339593225346 0.0098816914123269449 -0.0070980326804186726 0.014933657154184153 0.016625475705915743 -0.01431785936631365 -0.0061754230284463705 -0.029932844934995755 0.00028327106086879913
leaf_weight=0.63807051873300125 6.339004267472772 3.0954326940700398 1.6317600095644595 0.76067286729812611 0.92188412882387538 0.75098084309138258 19.123184335418056 1.8901233300566675 0.58233053237199772 0.99332235753536124 0.92874589934945007 2.5286551867611697 6.2339849201962334 1.4265323728322972 0.94061947055161033 8.4987088879570347 1.507526822388171 1.4137718472629783 1.2594750588759782 0.92202798370271899 1.2539486922323702 0.59870564471930265 1.0320177450776098 0.68510618712753046
leaf_count=135 59 56 27 15 35 56 294 43 7 10 20 20 104 32 31 126 21 25 30 31 16 6 15 14
internal_value=-0.00106964 -0.000686431 0.0049135 0.0224227 -0.00199818 -0.00353487 -0.00289636 0.0049885 -0.0026229 -0.00350188 0 0.00364719 -0.00517278 -0.00259387 -0.0108646 0.00762311 -0.000994425 0 -0.00314783 -0.0077164 0.000327894 0.00238825 -0.0164883 -0.00503327
internal_weight=65.9566 65.3185 11.2391 3.85611 54.0794 45.2679 44.5169 8.81146 2.47245 43.5951 12.9494 11.9561 30.6456 22.0572 8.58838 9.42745 20.6307 2.35439 7.38304 4.18451 3.19853 1.52073 2.66378 1.93905
internal_count=1228 1093 210 71 883 774 718 109 50 683 176 166 507 347 160 146 315 56 139 79 60 37 42 30
is_linear=0
shrinkage=0.04


Tree=177
num_leaves=25
num_cat=0
split_feature=16 21 21 26 23 23 1 15 23 0 15 23 26 1 27 1 21 21 1 1 26 1 21 21
split_gain=0.265123 0.261153 1.00786 0.461685 0.399518 0.307705 0.493399 0.428329 0.507556 0.272049 0.403089 0.620402 0.60119 0.312721 0.916173 0.552438 0.469788 0.307822 0.717714 0.229719 0.529541 0.288235 0.200566 0.187157
threshold=1.0000000180025095e-35 2.1250000000000004 2.4166666666666674 3.5000000000000004 1.2359820001581181 0.76180168105713697 18.500000000000004 1.5000000000000002 0.90441722268325109 2.5000000000000004 1.0000000180025095e-35 0.8228263892582881 4.5000000000000009 11.500000000000002 2.5000000000000004 14.500000000000002 1.5833333333333337 1.8750000000000002 19.500000000000004 13.500000000000002 2.5000000000000004 6.5000000000000009 1.4166666666666667 1.8750000000000002
decision_type=2 2 2 2 2 2 2 2 2 2 2 2 2 2 2 2 2 2 2 2 2 2 2 2
left_child=-1 3 4 5 -3 6 19 -7 -9 -5 23 13 -13 16 -15 -16 -12 18 -17 21 -21 22 -2 -11
right_child=1 2 -4 9 -6 7 -8 8 -10 10 11 12 -14 14 15 17 -18 -19 -20 20 -22 -23 -24 -25
leaf_value=-0.027405124886108381 0.0039053151470254456 0.028129187877702907 -0.0030362098741834741 0.016700590182410456 0 -0.02699421917341983 -0.021974900190893935 -0.0077240893764156209 0.034522318282312059 -0.030042313797714455 -0.0040642107210089127 -0.0096552779707622365 0.029028042708913775 -0.036298395897034909 -0.025790872148889605 0.024471923101561346 0.030642461977699355 -0.010426292670567137 -0.0046293714484747358 -0.012526555370596737 0.01929793347546754 -0.0012261622381957219 0.024346024332791875 0
leaf_weight=0.62085210625082154 6.6748925121501221 3.0724917072802769 7.3496297281235456 0.60268686711788433 0.76067286729812611 1.3489687039982516 1.1087550073862065 2.4438669765368108 0.55906147137284268 1.8271889581810712 4.7896639853715959 0.68233315274119322 1.5770977530628441 2.0387576669454548 1.7859711330384023 1.9940732819959501 0.71626717597246159 3.4519967036321759 3.3732845857739449 0.73666240810416539 4.0261298641562462 12.274267514934762 1.2620218135416506 0.70605209190398444
leaf_count=135 75 56 139 22 15 26 26 29 23 41 47 5 32 30 36 36 25 45 67 19 44 209 21 25
internal_value=-0.00103681 -0.000662811 0.00470025 -0.00192205 0.021621 0.00111238 0.00298458 -0.00827016 0 -0.00618412 -0.00713398 -0.00476252 0.0138052 -0.00751472 -0.0109833 -0.00536246 0 -0.000318494 0.00469181 0.00441302 0.0126959 0.00206532 0.00816347 -0.023082
internal_weight=65.7836 65.1628 11.1828 53.98 3.83316 30.4346 26.0827 4.3519 3.00293 23.5454 22.9427 20.4094 2.25943 18.15 12.6441 10.6053 5.50593 8.81935 5.36736 24.974 4.76279 20.2112 7.93691 2.53324
internal_count=1228 1093 210 883 71 472 394 78 52 411 389 323 37 286 214 184 72 148 103 368 63 305 96 66
is_linear=0
shrinkage=0.04


Tree=178
num_leaves=25
num_cat=0
split_feature=16 21 21 26 19 25 25 15 14 15 1 21 22 26 1 26 26 26 21 25 1 25 25 26
split_gain=0.250981 0.24018 0.933641 0.428657 0.489253 1.32524 0.32626 0.412113 0.561209 0.296208 2.081 0.600243 0.653882 0.2496 0.242923 0.259023 0.226247 0.596609 0.210372 0.199525 0.636153 0.234143 0.196541 0.173528
threshold=1.0000000180025095e-35 2.1250000000000004 2.4166666666666674 3.5000000000000004 1.0000000180025095e-35 5.5000000000000009 5.5000000000000009 1.5000000000000002 3.5000000000000004 1.5000000000000002 18.500000000000004 1.1250000000000002 2.5000000000000004 4.5000000000000009 12.500000000000002 5.5000000000000009 10.500000000000002 7.0000000000000009 1.7083333333333337 1.5000000000000002 5.5000000000000009 2.5000000000000004 3.5000000000000004 4.5000000000000009
decision_type=2 2 2 2 2 2 2 2 2 2 2 2 2 2 2 2 2 2 2 2 2 2 2 2
left_child=-1 3 -3 6 9 -6 19 -8 -9 11 -11 -5 14 -14 15 -13 17 23 -12 20 -2 -21 -23 -16
right_child=1 2 -4 4 5 -7 7 8 -10 10 18 12 13 -15 16 -17 -18 -19 -20 21 -22 22 -24 -25
leaf_value=-0.027044444534633817 0.0004086713761606206 0.020841223823797717 -0.0029146637580986781 0.029408677187092069 -0.044719422921756243 0.014542236659493937 -0.026163671215803302 0.020285318294878722 -0.012349932741565683 -0.0472633795470596 0.028119988217129958 -0.0096794928001535576 -0.0043531064791801147 0.013014532106938219 -0.024777597004702306 0.0069051214539893645 0 -0.058585220985018893 0 0.011778449618820446 -0.042200039361231949 -0.0047699303332279551 0.0050194430369004507 -0.00036076636442743565
leaf_weight=0.60430372977862035 4.22611464373768 3.8113027792423946 7.3498709914274514 0.93061717040837777 1.6617818023078137 0.68864723108708847 1.4108670675195742 1.3093462027609351 2.3547355690971017 1.6783343404531472 0.81577264517545678 3.2893312647938746 1.1049753590486933 4.0953898434527218 1.0402096211910254 2.4164531007409096 2.0431755343452096 0.65328776091337193 0.80201226752251387 6.1911303922534016 0.59935037477407593 4.2393352906219652 9.9975093260873091 2.2723755519837141
leaf_count=135 64 71 139 41 26 16 36 63 15 13 14 23 22 113 24 46 18 4 7 73 15 47 159 44
internal_value=-0.00102107 -0.000655957 0.00448069 -0.00186982 -0.00598145 -0.0239528 0.00105127 -0.00777028 0 -0.00360511 -0.0148614 -0.0010778 -0.00322801 0.0077859 -0.00880011 -0.00125367 -0.0146344 -0.0203906 0.0138084 0.00314084 -0.0032257 0.00503635 0.00154252 -0.0104431
internal_weight=65.5862 64.9819 11.1612 53.8208 23.4924 2.35043 30.3284 5.07495 3.66408 21.1419 3.29612 17.8458 16.9152 5.20037 11.7148 5.70578 6.00905 3.96587 1.61778 25.2534 4.82547 20.428 14.2368 3.31259
internal_count=1228 1093 210 883 411 42 472 114 78 369 34 335 294 135 159 69 90 72 21 358 79 279 206 68
is_linear=0
shrinkage=0.04


Tree=179
num_leaves=25
num_cat=0
split_feature=24 1 24 24 26 16 21 21 18 26 24 26 24 1 15 1 18 15 21 19 24 23 21 24
split_gain=0.35199 0.338462 0.858921 0.766826 1.49428 0.531788 0.379709 0.852197 0.437705 0.360045 0.619555 0.822444 1.26124 0.523481 0.572743 0.552299 1.13439 1.514 0.489716 0.373752 1.12047 0.262229 0.413815 0.526277
threshold=1.5000000000000002 6.5000000000000009 2.5000000000000004 2.5000000000000004 5.5000000000000009 1.5000000000000002 2.1250000000000004 2.4166666666666674 1.0000000180025095e-35 3.5000000000000004 3.5000000000000004 2.5000000000000004 6.5000000000000009 14.500000000000002 1.5000000000000002 13.500000000000002 1.0000000180025095e-35 1.5000000000000002 1.7083333333333337 1.0000000180025095e-35 5.5000000000000009 0.8228263892582881 1.5833333333333337 4.5000000000000009
decision_type=2 2 2 2 2 2 2 2 2 2 2 2 2 2 2 2 2 2 2 2 2 2 2 2
left_child=-1 2 -2 4 -3 6 9 8 -8 10 -5 12 -12 15 -15 16 -13 -18 -17 21 -21 22 23 -11
right_child=1 3 -4 5 -6 -7 7 -9 -10 19 11 13 -14 14 -16 18 17 -19 -20 20 -22 -23 -24 -25
leaf_value=-0.030862764286517855 0.011458687972636819 -0.057103559930413619 -0.032753375377118081 0.015492276766072479 0 -0.031880138455995868 0.030054929790460823 -0.00031764500248722161 0 -0.0084255287505021897 -0.039950574655578622 0.0061637920458730193 0 -0.039364689897545942 0.00033357911557694648 0.0043382420947175948 0 -0.10320087976926151 0.038507892622957812 -0.044052744892012052 0.010313463758070121 0.0067483974825001333 -0.012796725147159335 0.011418680773892536
leaf_weight=0.63683524419320647 7.6097172586014477 1.1623775707557791 0.70332713797688473 4.2725276695564416 2.2501517364289612 0.84852303471416135 2.8265848293667646 6.9524220154853538 0.83049003616906691 4.8506844416260773 1.9978577950969345 5.5788986142724735 2.8209570227190852 0.85201990732457555 0.73191940668039024 2.4022896175738429 0.27012749249115575 0.37796376459300518 1.5037807147018609 1.4208811145508655 0.71804447751492251 2.872199564240872 6.9499387107789508 3.8170832339674234
leaf_count=37 112 13 10 63 49 64 56 138 27 47 30 98 44 12 33 27 19 5 19 20 18 63 148 76
internal_value=-0.00100058 -0.000582492 0.00675577 -0.00180796 -0.0202507 -0.000466886 0 0.00679672 0.0225093 -0.00168339 0.00174308 -0.00132564 -0.0155866 0.00385665 -0.0159699 0.00774531 0 -0.0497346 0.0195412 -0.00552748 -0.0220616 -0.00318213 -0.00552066 0
internal_weight=65.2576 64.6208 8.31304 56.3077 3.41253 52.8952 52.0467 10.6095 3.65707 41.4372 20.8083 16.5358 4.81881 11.717 1.58394 10.1331 6.22699 0.648091 3.90607 20.6288 2.13893 18.4899 15.6177 8.66777
internal_count=1228 1191 122 1069 62 1007 943 221 83 722 350 287 74 213 45 168 122 24 46 372 38 334 271 123
is_linear=0
shrinkage=0.04


Tree=180
num_leaves=25
num_cat=0
split_feature=25 26 22 1 24 26 0 15 25 26 24 24 14 15 25 24 25 15 24 15 24 1 24 25
split_gain=0.562748 0.47383 1.06425 0.792462 0.395631 1.22802 0.380645 0.654863 0.945669 0.461365 0.695719 0.376292 0.283824 0.443915 0.76715 0.353035 0.456804 0.269701 1.3904 0.581528 0.299539 0.20865 0.201852 0.194492
threshold=1.5000000000000002 4.5000000000000009 2.5000000000000004 13.500000000000002 2.5000000000000004 5.5000000000000009 3.5000000000000004 1.5000000000000002 3.5000000000000004 3.5000000000000004 3.5000000000000004 2.5000000000000004 2.5000000000000004 1.5000000000000002 6.5000000000000009 4.5000000000000009 4.5000000000000009 1.5000000000000002 6.5000000000000009 1.0000000180025095e-35 5.5000000000000009 19.500000000000004 4.5000000000000009 4.5000000000000009
decision_type=2 2 2 2 2 2 2 2 2 2 2 2 2 2 2 2 2 2 2 2 2 2 2 2
left_child=4 6 3 -3 -1 -6 11 8 -8 10 -9 -2 -13 14 15 16 -14 19 -19 22 -21 -5 -4 -12
right_child=1 2 17 21 5 -7 7 9 -10 -11 23 12 13 -15 -16 -17 -18 18 -20 20 -22 -23 -24 -25
leaf_value=0 -0.0011695175966180446 -0.00021486878711727921 -0.028409259202087384 -0.054587330879313979 -0.045352811687495019 -0.0021363947665283332 -6.5948037868831442e-05 0.031121571554964957 -0.041632230984898405 0.016424994059904427 -0.013114158891373691 -0.0078019364833000204 0.0093761768730756638 0.034257552066268349 -0.033699948936255983 0.023015224197486202 -0.015242843908714273 -0.040109392780517381 0.014016775269751425 0.019883562318779521 -0.0014809258122690508 -0.018973060630207556 0 0
leaf_weight=4.0712595351506007 5.4886356145725612 2.8822088650194919 0.5566757950000446 0.9445412133354697 1.6737179411575196 4.0526886921143159 3.4969591710250851 0.96469718450680275 1.3873263925779609 3.3454643097938961 2.8496494591236097 0.87616515066474931 10.298201550031079 1.4395201979205019 0.57853397727012712 3.3330338103696695 1.147895611822604 1.2379325609654188 1.7180418926291168 4.2510127221466973 0.5210518289823084 2.1481128971790895 1.4324952563038094 5.6690691492985934
leaf_count=84 65 51 13 14 40 92 34 23 30 54 27 29 150 79 9 86 28 22 41 114 8 45 46 58
internal_value=-0.000456478 0.000948868 -0.00475431 -0.0182323 -0.00938682 -0.0161648 0.00333405 -0.000680531 -0.0135103 0.0035805 -0.00010708 0.0067496 0.00966162 0.0110488 0.00835248 0.0105399 0.00620828 0.00270969 -0.00594434 0.0076764 0.0158744 -0.0324369 -0.007969 -0.00458266
internal_weight=66.3649 56.5672 15.6921 5.97486 9.79767 5.72641 40.8752 17.7132 4.88429 12.8289 9.48342 23.162 17.6734 16.7972 15.3577 14.7791 11.4461 9.71721 2.95597 6.76124 4.77206 3.09265 1.98917 8.51872
internal_count=1242 1026 354 110 216 132 672 226 64 162 108 446 381 352 273 264 178 244 63 181 122 59 59 85
is_linear=0
shrinkage=0.04


Tree=181
num_leaves=25
num_cat=0
split_feature=1 16 17 24 23 21 24 19 24 15 1 15 15 1 27 24 27 0 24 23 23 0 1 21
split_gain=0.441631 0.293791 0.238729 2.40358 2.81377 0.973498 0.911284 1.39837 0.864084 0.71519 0.899781 0.653981 0.590077 1.16615 0.761191 1.6867 0.580695 0.498348 2.4031 0.361039 0.275263 0.246928 0.2216 0.340104
threshold=28.500000000000004 1.0000000180025095e-35 1.0000000180025095e-35 4.5000000000000009 0.60355339059327384 1.2916666666666667 4.5000000000000009 1.0000000180025095e-35 5.5000000000000009 1.5000000000000002 18.500000000000004 1.0000000180025095e-35 1.5000000000000002 12.500000000000002 3.5000000000000004 3.5000000000000004 2.5000000000000004 2.5000000000000004 2.5000000000000004 0.8228263892582881 0.60355339059327384 3.5000000000000004 13.500000000000002 2.1250000000000004
decision_type=2 2 2 2 2 2 2 2 2 2 2 2 2 2 2 2 2 2 2 2 2 2 2 2
left_child=1 -1 6 5 -5 -4 7 12 11 10 -10 -8 14 16 15 17 -14 -3 -19 -6 -11 -7 23 -23
right_child=-2 2 3 4 19 21 8 -9 9 20 -12 -13 13 -15 -16 -17 -18 18 -20 -21 -22 22 -24 -25
leaf_value=-0.027455442765959476 -0.034728828316756263 0.028170791838600284 -0.020434122384492284 -0.066597384004231444 0.017546801959818354 0.0095982305612529791 -0.013239861484631417 -0.041194750829324153 0.014922728798400649 0 -0.022646617653776988 0.025117961400211018 -0.035406004270649091 -0.044419456859770147 0.026684885032289479 -0.046325018531458054 0.0096874751229589062 -0.056720491315127179 0.0086730624572863863 -0.012211252846674308 0.015806239128238912 -0.021224274270565006 0.0097849472822226571 0.00027916554604294388
leaf_weight=0.62287308007944275 0.59816423559095611 1.2865133117884404 2.3888920284807744 1.8869949174113561 0.82840038090944323 12.186556947417559 0.52262551989406603 1.478647565934806 1.2348749462980766 4.5545824614819121 3.209754528477788 5.7971926173195243 0.56874006986617986 1.3428542371839283 1.9363743150606758 1.1525943865999586 2.3031835122965276 1.0093807987868784 7.9658382888883352 2.2063880760688335 4.6263720826245844 1.5100729148834933 2.2799165472388268 2.4924914576113224
leaf_count=131 17 12 28 24 36 230 15 34 61 78 56 106 6 15 34 14 59 10 93 42 85 17 22 17
internal_value=-0.000475764 -4.01002e-05 0.000100032 -0.00275282 -0.028054 0.00283388 0.00219151 -0.00378229 0.00829647 0.00196559 -0.0104086 0.0206801 -0.000177503 -0.0136362 0.00347216 0 0 0.00468515 0.000427359 -0.00145216 0.00882747 0.00627666 0 -0.00583486
internal_weight=65.9903 65.3921 64.7692 25.7797 4.92178 20.8579 38.9895 19.0441 19.9454 13.6256 4.44463 6.31982 17.5655 4.21478 13.3507 11.4143 2.87192 10.2617 8.97522 3.03479 9.18095 18.469 6.28248 4.00256
internal_count=1242 1225 1094 416 102 314 678 277 401 280 117 121 243 80 163 129 65 115 103 78 163 286 56 34
is_linear=0
shrinkage=0.04


Tree=182
num_leaves=25
num_cat=0
split_feature=25 24 1 1 24 23 25 25 27 1 15 17 1 21 25 17 25 15 23 23 0 21 1 21
split_gain=0.515038 0.367967 0.404498 0.306196 0.99795 0.708552 0.45695 0.524402 0.573695 0.431157 0.650762 0.526071 0.818111 0.257504 0.246192 0.716387 0.505771 0.293285 0.259896 0.491252 0.195542 0.195505 0.193609 0.258205
threshold=1.5000000000000002 2.5000000000000004 9.5000000000000018 12.500000000000002 3.5000000000000004 0.60355339059327384 3.5000000000000004 4.5000000000000009 2.5000000000000004 13.500000000000002 1.5000000000000002 1.0000000180025095e-35 18.500000000000004 1.7083333333333337 5.5000000000000009 1.0000000180025095e-35 3.5000000000000004 1.5000000000000002 0.90441722268325109 0.76180168105713697 2.5000000000000004 1.5833333333333337 22.500000000000004 1.8750000000000002
decision_type=2 2 2 2 2 2 2 2 2 2 2 2 2 2 2 2 2 2 2 2 2 2 2 2
left_child=1 -1 -3 6 -5 9 13 21 -9 -6 11 12 -11 -2 16 22 18 -18 19 -7 -4 -8 23 -16
right_child=3 2 20 4 5 14 7 8 -10 10 -12 -13 -14 -15 15 -17 17 -19 -20 -21 -22 -23 -24 -25
leaf_value=0 0.0029622296529566473 -0.041932389270160887 0 -0.039959137665778105 -0.02116696537969023 0 0.033865552490593684 -0.034770338435996195 0.011735725532995549 0.019809221250218417 0.0028813671325657072 -0.053548325212725095 -0.021097982630234866 -0.010344103553589577 0 -0.029843898766965738 -0.038313192363626104 0 -0.0015088085363035178 0.031317726203053085 -0.013724622081001114 0.0072476133247700069 0.0074795162893616877 0.033872226361100412
leaf_weight=4.0225604793522489 17.879514346132062 0.96031481015961606 1.1871521952562032 1.0542076887213649 2.6363279460929361 0.90480960160493751 1.9330881674541154 0.60592105612158742 1.3459054352715611 0.97696662414818769 9.136946422746405 0.59096966078504909 2.4907427469734102 2.5434890227625138 0.78019554028287563 0.50641805445775379 0.72648658603429772 0.66188346268609166 1.3948495901422573 1.4383583138696847 3.4756982802646235 1.8240162120200691 4.5789813606534153 1.8544124192558227
leaf_count=84 218 20 38 31 25 14 57 9 57 46 131 14 45 77 29 13 10 14 34 46 74 42 48 66
internal_value=-0.000461156 -0.00907532 -0.0156837 0.000882988 -0.00170646 -2.13461e-05 0.00413536 0.0142605 0 -0.00595746 -0.00231253 -0.0159762 -0.00726609 0.000913338 0.00667161 0.0111844 0 -0.0207391 0.00753232 0.0163285 -0.00856213 0.0230723 0.0151738 0.02551
internal_weight=65.5102 9.64573 5.62317 55.8645 29.7326 28.6783 26.1319 5.70893 1.95183 15.832 13.1956 4.05868 3.46771 20.423 12.8464 7.72001 5.12639 1.38837 3.73802 2.34317 4.66285 3.7571 7.21359 2.63461
internal_count=1242 216 132 1026 566 535 460 165 66 261 236 105 91 295 274 156 118 24 94 60 112 99 143 95
is_linear=0
shrinkage=0.04


Tree=183
num_leaves=25
num_cat=0
split_feature=25 26 22 1 19 0 15 25 26 24 23 24 24 14 15 25 24 25 21 1 15 21 15 21
split_gain=0.475331 0.391528 0.89449 0.62515 0.348849 0.336771 0.531156 0.906709 0.43247 0.640148 0.406105 1.27532 0.339996 0.271552 0.420667 0.680713 0.301221 0.386705 0.238602 0.238339 0.229966 1.70324 0.527854 0.333677
threshold=1.5000000000000002 4.5000000000000009 2.5000000000000004 13.500000000000002 1.0000000180025095e-35 3.5000000000000004 1.5000000000000002 3.5000000000000004 3.5000000000000004 3.5000000000000004 0.60355339059327384 5.5000000000000009 2.5000000000000004 2.5000000000000004 1.5000000000000002 6.5000000000000009 4.5000000000000009 4.5000000000000009 2.1250000000000004 19.500000000000004 1.5000000000000002 2.8750000000000004 1.0000000180025095e-35 2.5833333333333335
decision_type=2 2 2 2 2 2 2 2 2 2 2 2 2 2 2 2 2 2 2 2 2 2 2 2
left_child=4 5 3 -3 -1 12 7 18 9 -8 11 -11 -2 -14 15 16 17 -15 -7 -5 22 -22 -4 -24
right_child=1 2 20 19 -6 6 8 -9 -10 10 -12 -13 13 14 -16 -17 -18 -19 -20 -21 21 -23 23 -25
leaf_value=-0.0057157972471738594 -0.001176163343313406 -0.00015414628220382872 -0.0076193149185352941 -0.051684202703796311 -0.040764459005574266 -0.015349478889683308 0.030235711580084236 -0.040759528009678858 0.015724938515953964 -0.0014789838867656925 0.0061311345920927116 -0.055508604200473849 -0.0080409428946875503 0.0088575926376683999 0.033789802812438062 -0.032502644191133384 0.021950970655891144 -0.013893411502857323 0.0061379637700344734 -0.016055620066252382 -0.03941709297400945 0.020867401161115733 0.019522834400077932 -0.0064015755003086249
leaf_weight=9.0234678797423804 5.4545812446740483 2.8491695162374517 1.9533045588759685 0.92742429359350387 0.6001287094550215 1.2663269158219947 0.91324178443755855 1.3187998957000671 3.2703941608197047 4.8229923304170352 2.7331173224374652 0.89855601335875679 0.86905469419434922 10.182166080805471 1.3619401776231832 0.55136849055998105 3.1726752209942779 1.1109902849420894 2.2138996522407979 2.1976238986244425 1.3883381690829995 1.4960757601074872 4.1805311067728326 0.45555172255262721
leaf_count=195 65 51 59 14 21 18 23 30 54 50 21 14 29 150 79 9 86 28 16 45 25 38 112 10
internal_value=-0.00044638 0.000844264 -0.00435945 -0.0166811 -0.00873273 0.00304623 -0.000735011 -0.0124197 0.0030689 -0.000495425 -0.00476111 -0.0113624 0.00630287 0.00913186 0.0105314 0.00788938 0.00998196 0.00591102 0 -0.0291891 0.0025662 -0.00537546 0.00725663 0.0152499
internal_weight=65.2117 55.5881 15.448 5.97422 9.6236 40.1401 17.4373 4.79903 12.6383 9.36791 8.45467 5.72155 22.7028 17.2482 16.3791 15.0172 14.4658 11.2932 3.48023 3.12505 9.4738 2.88441 6.58939 4.63608
internal_count=1242 1026 354 110 216 672 226 64 162 108 85 64 446 381 352 273 264 178 34 59 244 63 181 122
is_linear=0
shrinkage=0.04


Tree=184
num_leaves=25
num_cat=0
split_feature=25 26 27 15 1 23 24 26 0 15 25 25 26 24 23 1 24 24 23 21 21 26 23 1
split_gain=0.439061 0.367935 0.740662 1.16034 0.403842 0.426672 0.338046 1.19062 0.309824 0.493513 0.871718 0.637072 0.51842 0.562303 0.723925 1.09378 0.318452 0.232748 0.223086 0.219167 0.189767 0.294998 0.178495 0.177192
threshold=1.5000000000000002 4.5000000000000009 3.5000000000000004 1.5000000000000002 15.500000000000002 0.76180168105713697 2.5000000000000004 5.5000000000000009 3.5000000000000004 1.5000000000000002 3.5000000000000004 3.5000000000000004 3.5000000000000004 4.5000000000000009 0.84759080068664439 14.500000000000002 2.5000000000000004 4.5000000000000009 0.84759080068664439 2.1250000000000004 1.5833333333333337 1.5000000000000002 0.90441722268325109 16.500000000000004
decision_type=2 2 2 2 2 2 2 2 2 2 2 2 2 2 2 2 2 2 2 2 2 2 2 2
left_child=6 8 3 4 17 -6 20 -8 16 10 19 -11 13 -13 15 -15 -2 22 -4 -10 21 -1 -3 -18
right_child=1 2 18 -5 5 -7 7 -9 9 11 -12 12 -14 14 -16 -17 23 -19 -20 -21 -22 -23 -24 -25
leaf_value=0.028892797001986343 -0.0011284225161394784 -0.0048324744160354125 0.017282352466770807 -0.042504698889417346 -0.02385022378914901 0 -0.044408630582184812 -0.0010899554273313451 -0.014673913492971884 -0.034215551892370452 -0.040330536856016556 0.013714720548664501 0.020042298881384601 0 0.0076713337979442808 -0.053527726146829865 0.010315635713693053 0.020214848075265208 0 0.0058929987384831939 -0.011412108634442508 0 0.020216862786558303 0
leaf_weight=0.70967077743261908 5.4578674773219999 3.6433898315299267 2.2824567500501862 1.580655490281061 2.5346773185883649 1.6774541141930965 1.5839182402705771 4.0071822847239673 1.2715331105282559 0.6417679525911798 1.2802954041399059 3.3429285252932441 3.0064880849095053 2.1915577724576001 2.3353829798288643 1.0616263879928736 15.177480135695079 0.98208039242308576 2.1492249700240791 2.2136960348580033 1.4066414460539816 1.9067119578830896 0.49057423137128342 1.9306302499026049
leaf_count=25 65 73 59 30 51 48 40 92 18 6 30 51 51 23 15 16 309 37 35 16 37 22 21 72
internal_value=-0.0004606 0.000780644 -0.00427819 -0.0102274 -0.00390035 -0.0134248 -0.00842606 -0.0147927 0.00292553 -0.000692511 -0.012013 0.00296002 0.00562865 0 -0.00696235 -0.0199266 0.00606105 0.0023776 0.00856081 0 0 0.00678451 0 0.00882226
internal_weight=64.8659 55.2518 15.3405 10.9088 9.32818 4.21213 9.61412 5.5911 39.9113 17.3453 4.76552 12.5798 11.938 8.9315 5.58857 3.25318 22.566 5.11604 4.43168 3.48523 4.02302 2.61638 4.13396 17.1081
internal_count=1242 1026 354 260 230 99 216 132 672 226 64 162 156 105 54 39 446 131 94 34 84 47 94 381
is_linear=0
shrinkage=0.04


Tree=185
num_leaves=25
num_cat=0
split_feature=1 19 26 26 21 24 15 25 24 1 14 22 21 14 27 25 26 26 15 26 15 15 1 24
split_gain=0.415937 0.380693 0.808519 0.737994 0.611134 0.366075 0.676913 0.900398 0.340427 0.310315 0.300677 0.289329 0.401182 0.591108 0.3979 0.344014 0.489618 0.418369 0.926278 0.349831 0.82479 0.527526 0.858612 0.444541
threshold=28.500000000000004 1.0000000180025095e-35 4.5000000000000009 2.5000000000000004 1.1250000000000002 3.5000000000000004 1.0000000180025095e-35 3.5000000000000004 1.5000000000000002 4.5000000000000009 2.5000000000000004 3.5000000000000004 2.4166666666666674 2.5000000000000004 3.5000000000000004 1.5000000000000002 10.500000000000002 7.0000000000000009 1.0000000180025095e-35 3.5000000000000004 1.5000000000000002 1.5000000000000002 18.500000000000004 3.5000000000000004
decision_type=2 2 2 2 2 2 2 2 2 2 2 2 2 2 2 2 2 2 2 2 2 2 2 2
left_child=1 4 3 -3 10 -5 -7 -8 -6 -10 -1 12 13 -11 15 16 -15 19 -19 20 -17 -21 -23 -22
right_child=-2 2 -4 5 8 6 7 -9 9 11 -12 -13 -14 14 -16 17 -18 18 -20 21 23 22 -24 -25
leaf_value=0.0027808623777705716 -0.034059398137873828 -0.038873016225936328 -0.037329286040432466 -0.030204966175198349 -0.030101320864350776 0.030051788624750334 -0.045187433280121675 0.0051953659294241986 0.019488374374537164 0.021947303083594098 0.031115149045318754 0.0097652316538849211 -0.016923018416994097 -0.039374097633305558 0.027937567563938052 -0.013244184741771622 0 0 -0.053002428970920785 0.0069542037132442258 0.02953651597126208 -0.04266447988798916 0.003328427153151734 0
leaf_weight=2.213187877554446 0.59234061255119641 0.78323046630248239 1.3182889986783264 0.46514547278638918 0.60030457703396578 1.3964461365249006 0.65450935065746296 3.8769412883557379 1.3038360613863904 1.8073494813870628 1.538053525611758 4.0797758293338111 2.5019005173817268 0.95071229105815214 0.69170207343995471 8.4210375633556414 1.3256931595969945 1.0796226356178511 0.77772117312997568 15.484454440418633 0.94973173551261325 0.95617454848252159 1.2170081879012287 8.5452028496656549
leaf_count=50 17 23 46 20 28 42 5 75 38 53 51 95 46 17 24 131 12 30 8 233 20 14 17 125
internal_value=-0.000606075 -0.000164121 -0.00814342 -0.00166716 0.000933911 0.00163968 0.00548799 -0.000316338 -6.2455e-05 0.000137826 0.0165309 -0.000215333 -0.00130503 -0.000189685 -0.00137806 -0.00209021 -0.0174166 -0.000944396 -0.0194519 0 -0.003916 0.00401742 -0.0132267 0.0035146
internal_weight=63.5304 62.938 8.49456 7.17627 54.4435 6.39304 5.9279 4.53145 50.6922 50.0919 3.75124 48.7881 44.7083 42.2064 40.3991 39.7074 2.27641 37.431 1.85734 35.5736 17.916 17.6576 2.17318 9.49493
internal_count=1220 1203 211 165 992 142 122 80 891 863 101 825 730 684 631 607 29 578 38 540 276 264 31 145
is_linear=0
shrinkage=0.04


Tree=186
num_leaves=25
num_cat=0
split_feature=1 19 26 26 21 17 26 27 26 17 26 15 21 1 23 26 15 17 23 17 1 1 21 26
split_gain=0.393522 0.360638 0.772508 0.697818 0.574768 0.307297 0.257447 0.520876 0.489883 0.887304 0.465255 0.192419 0.432685 0.251281 0.257725 0.189981 1.56286 0.550514 0.370008 0.253511 0.876555 0.650472 0.461713 0.357031
threshold=28.500000000000004 1.0000000180025095e-35 4.5000000000000009 2.5000000000000004 1.1250000000000002 1.0000000180025095e-35 9.0000000000000018 3.5000000000000004 7.0000000000000009 1.5000000000000002 7.0000000000000009 1.0000000180025095e-35 1.5833333333333337 17.500000000000004 0.48570226039551589 4.5000000000000009 1.5000000000000002 1.0000000180025095e-35 0.76180168105713697 1.0000000180025095e-35 9.5000000000000018 14.500000000000002 1.4166666666666667 1.5000000000000002
decision_type=2 2 2 2 2 2 2 2 2 2 2 2 2 2 2 2 2 2 2 2 2 2 2 2
left_child=1 4 3 -3 5 -1 7 8 15 -10 -9 -5 -13 14 -14 19 17 -17 -19 20 22 23 -6 -21
right_child=-2 2 -4 11 6 -7 -8 10 9 -11 -12 12 13 -15 -16 16 -18 18 -20 21 -22 -23 -24 -25
leaf_value=0.022883520479939193 -0.033506915113595298 -0.038303128458947774 -0.0370183963644539 0.013587751008984747 -0.025272224677974488 0 -0.014451732572673766 0 -0.050892320357371811 0 0.032227610731104819 -0.015796538594589075 0.010631679770437597 0.024099483102194976 -0.023220205266669965 -0.00053220236205146331 -0.040858279606901561 0.028235111070851384 0.0037142573901165349 0.015454750433025495 0.0065581457292811273 -0.040412485383953277 0 -0.0052148026688168146
leaf_weight=2.7822179459035392 0.57830912480130692 0.76348982332274129 1.2770218856167046 1.7129478625720365 2.4286651816219118 0.93172915093600739 1.940894191386177 1.8692033393308511 0.85669901856453967 1.1069208029657602 1.5102182449772954 2.1382251987233758 0.93304600974079244 0.97697535785846401 0.56918992660939693 2.8642482855357194 0.98610669537447471 3.2006273032166064 2.6745595185784623 1.3693956783972652 14.828440561774185 0.82898460095748383 1.8635980293620376 12.185715879313646
leaf_count=84 17 23 46 55 20 17 26 45 12 32 32 34 22 21 10 47 24 63 78 41 273 15 37 146
internal_value=-0.000575576 -0.000143549 -0.00797657 -0.0016208 0.000918064 0.0161214 -4.13518e-05 0.000369759 -0.0005933 -0.0201742 0.0156163 0.00153961 -0.00119738 0.00816701 0 0.000111052 0.00519139 0.0113028 0.0184341 -0.00112486 0.0015792 -0.00527553 -0.0137577 -0.00253649
internal_weight=63.1774 62.5991 8.3709 7.09387 54.2282 3.71395 50.5143 48.5734 45.194 1.96362 3.37942 6.33038 4.61744 2.47921 1.50224 43.2303 9.72554 8.73944 5.87519 33.5048 19.1207 14.3841 4.29226 13.5551
internal_count=1220 1203 211 165 992 101 891 865 788 44 77 142 87 53 32 744 212 188 141 532 330 202 57 187
is_linear=0
shrinkage=0.04


Tree=187
num_leaves=25
num_cat=0
split_feature=1 19 26 26 21 24 15 25 24 14 1 22 21 14 27 25 26 26 17 26 27 26 21 24
split_gain=0.371749 0.335526 0.741773 0.661059 0.530961 0.34764 0.621678 0.829245 0.318186 0.307137 0.276998 0.265555 0.378324 0.543181 0.351314 0.301773 0.482432 0.355352 0.81559 0.299486 0.472127 1.57703 0.490511 0.354933
threshold=28.500000000000004 1.0000000180025095e-35 4.5000000000000009 2.5000000000000004 1.1250000000000002 3.5000000000000004 1.0000000180025095e-35 3.5000000000000004 1.5000000000000002 2.5000000000000004 4.5000000000000009 3.5000000000000004 2.4166666666666674 2.5000000000000004 3.5000000000000004 1.5000000000000002 10.500000000000002 7.0000000000000009 1.5000000000000002 3.5000000000000004 2.5000000000000004 2.5000000000000004 1.5833333333333337 3.5000000000000004
decision_type=2 2 2 2 2 2 2 2 2 2 2 2 2 2 2 2 2 2 2 2 2 2 2 2
left_child=1 4 3 -3 9 -5 -7 -8 -6 -1 -10 12 13 -12 15 16 -15 19 -19 20 21 22 -17 -22
right_child=-2 2 -4 5 8 6 7 -9 10 -11 11 -13 -14 14 -16 17 -18 18 -20 -21 23 -23 -24 -25
leaf_value=0.0018972934670489531 -0.032958043226903162 -0.037739974123159263 -0.036706335817379747 -0.0298126539161346 -0.029557334795440014 0.029285990529276544 -0.0438653632086295 0.005037297981808346 0.018639544830552732 0.030443689868513899 0.021235930029893876 0.0094232405470793291 -0.016447811635747808 -0.038846459170136634 0.026955704728728963 -0.0097572603561131652 0 -0.051393198825851902 0 0.0037416129702386447 0.020788980326021177 -0.060184809759806446 0.019020625809033662 -0.0011506831518224288
leaf_weight=2.2061708726687352 0.56469984352588554 0.74427804909646322 1.2371707536512984 0.45676084421575058 0.58158825704594974 1.3510884421411899 0.63870174437761296 3.8580835652537644 1.2744783824309696 1.4831564985215662 1.7820037808269251 4.0465483041480175 2.482407323550432 0.91300559928640646 0.65671783406287332 4.4431159049272546 1.3357356758788228 0.7199771595187473 1.1069208029657602 17.49734630715102 1.2934214659035213 0.95828046090900887 1.1030302718281744 10.150613944744689
leaf_count=50 17 23 46 20 28 42 5 75 38 51 53 95 46 17 24 39 12 6 32 264 33 8 20 176
internal_value=-0.000561208 -0.000139285 -0.00773983 -0.00152093 0.00087819 0.00148591 0.00529857 -0.000129552 -3.74599e-05 0.0155417 0.000146779 -0.000174295 -0.00122817 -0.000137103 -0.00128416 -0.00195584 -0.0164143 -0.000868896 -0.0180727 0 -0.00361242 -0.0123064 -0.00259141 0.000629915
internal_weight=62.8853 62.3206 8.28608 7.04891 54.0345 6.30463 5.84787 4.49679 50.3452 3.68933 49.7636 48.4891 44.4426 41.9602 40.1782 39.5214 2.24874 37.2727 1.8269 35.4458 17.9485 6.50443 5.54615 11.444
internal_count=1220 1203 211 165 992 142 122 80 891 101 863 825 730 684 631 607 29 578 38 540 276 67 59 209
is_linear=0
shrinkage=0.04


Tree=188
num_leaves=25
num_cat=0
split_feature=1 24 1 24 16 1 21 17 24 17 26 26 1 26 22 25 26 25 23 21 21 22 26 25
split_gain=0.351327 0.307335 0.289662 0.809791 0.508355 0.338227 0.345177 0.280119 2.37073 2.72414 1.87497 0.779302 0.703747 0.612638 1.33607 0.575102 2.11158 0.446603 0.706652 0.348566 0.323964 0.20949 0.521597 0.608428
threshold=28.500000000000004 1.5000000000000002 6.5000000000000009 2.5000000000000004 1.5000000000000002 8.5000000000000018 1.5833333333333337 1.0000000180025095e-35 4.5000000000000009 1.5000000000000002 2.5000000000000004 3.5000000000000004 13.500000000000002 5.5000000000000009 2.5000000000000004 2.5000000000000004 10.500000000000002 3.5000000000000004 0.84759080068664439 1.1250000000000002 1.7083333333333337 3.5000000000000004 4.5000000000000009 6.5000000000000009
decision_type=2 2 2 2 2 2 2 2 2 2 2 2 2 2 2 2 2 2 2 2 2 2 2 2
left_child=1 -1 3 -3 5 6 -4 15 10 12 -9 -12 -10 14 -13 16 -7 18 -11 -17 -15 22 -21 -24
right_child=-2 2 4 -5 -6 7 -8 8 9 17 11 13 -14 20 -16 19 -18 -19 -20 21 -22 -23 23 -25
leaf_value=-0.029267153507819034 -0.032412533285631116 0.012525462254345403 -0.021411836723883484 -0.031234235125942884 -0.031918260769302556 -0.044039682892514947 0 -0.041318995755021862 -0.017446321879103516 0.033397937594929684 0.026916633517245745 -0.045251913480788497 -0.067781795013271751 0.02345191130633387 0.0040762268288421985 0.030826876502798646 0.016537075582703568 -0.030469228367907619 -0.0067570148851065293 0.0058707770066339536 0 0.01462875830537356 -0.020700312235466534 0.0046746846530585327
leaf_weight=0.57525557110784475 0.55150472559034724 6.7871606692206106 2.3695573287550356 0.66935391165316094 0.83602474245708336 1.7407532033976194 1.0735703674145041 1.1817133966833377 1.2558095222339027 1.2467168848961598 3.5190391207579514 1.0707625597715358 1.8826313766185192 2.6911882206331939 3.919717937707901 0.91950750164687889 1.7191970993299037 0.44772604876197863 1.0465486947214229 17.456467577256269 1.4210862931795416 2.9335183906368902 2.9727491560624903 2.2790882377885282
leaf_count=36 17 103 23 11 62 35 18 17 26 34 79 7 24 64 40 46 38 13 23 298 45 73 48 40
internal_value=-0.000540726 -0.000128287 1.4329e-05 0.00752437 -0.00087481 -0.000235962 -0.0124545 0.000449494 -0.00306286 -0.024593 0.00552809 0.010548 -0.0501897 0.00334113 -0.00490462 0.00301878 -0.0116278 0.00179656 0.0115845 0.00522788 0.0152932 0.00399792 0.00227231 -0.0081653
internal_weight=62.5666 62.0151 61.4399 7.45651 53.9834 53.1473 3.44313 49.7042 19.6829 5.87943 13.8035 12.6218 3.13844 9.10276 4.99048 30.0213 3.45995 2.74099 2.29327 26.5613 4.11227 25.6418 22.7083 5.25184
internal_count=1220 1203 1167 114 1053 991 41 950 372 120 252 235 50 156 47 578 73 70 57 505 109 459 386 88
is_linear=0
shrinkage=0.04


Tree=189
num_leaves=25
num_cat=0
split_feature=1 19 26 26 21 24 15 25 17 24 1 22 21 26 0 25 26 27 26 17 26 18 23 1
split_gain=0.331701 0.320123 0.693543 0.597438 0.490031 0.31438 0.565029 0.748346 0.302501 0.284789 0.24548 0.247219 0.33076 0.466701 0.45562 0.449039 0.48106 0.296961 0.327402 0.734814 0.286093 0.362603 0.201512 0.233236
threshold=28.500000000000004 1.0000000180025095e-35 4.5000000000000009 2.5000000000000004 1.1250000000000002 3.5000000000000004 1.0000000180025095e-35 3.5000000000000004 1.0000000180025095e-35 1.5000000000000002 4.5000000000000009 3.5000000000000004 2.4166666666666674 2.5000000000000004 2.5000000000000004 1.5000000000000002 10.500000000000002 3.5000000000000004 7.0000000000000009 1.5000000000000002 3.5000000000000004 1.0000000180025095e-35 0.60355339059327384 13.500000000000002
decision_type=2 2 2 2 2 2 2 2 2 2 2 2 2 2 2 2 2 2 2 2 2 2 2 2
left_child=1 4 3 -3 8 -5 -7 -8 -1 -6 -11 12 14 -14 -12 16 -16 18 -17 -20 21 -13 23 -9
right_child=-2 2 -4 5 9 6 7 22 -10 10 11 20 13 -15 15 17 -18 -19 19 -21 -22 -23 -24 -25
leaf_value=0.02208487917455693 -0.031870152121108719 -0.036716075907451788 -0.036327774716329891 -0.028864037604958467 -0.028665078678504707 0.028428493762549679 -0.042441871395559057 0.0073912504510478608 0 0.017719086668534938 0.02832299658729533 0.0056949456469095692 0.0085040111466794955 -0.025759925114415216 -0.038500798947589128 0.00027744083015399768 0 0.026845563106442233 -0.049252710879621492 0 0.01662414001358432 -0.037618300923476358 0.01957916614345084 -0.016906285185977109
leaf_weight=2.6815436090109865 0.53871562820859153 0.71479007345624079 1.1867972785257732 0.44627798604778934 0.55312762618996103 1.2921518522780386 0.61835458874702443 1.809531873092056 0.91312090447172511 1.2518220362253476 0.86602824507281084 0.74060073355212741 0.50815028930082862 1.9563369541428981 1.0274997828528276 35.880099724745378 1.361752251861617 0.65323585830628772 0.70126263005658862 1.1010650359094143 2.8512311286758631 0.39766480959951878 1.058975836727768 0.95976014551706601
leaf_count=84 17 23 46 20 28 42 5 30 17 38 29 19 19 27 25 555 13 24 6 32 67 9 24 21
internal_value=-0.000529825 -0.00012542 -0.00765052 -0.00155848 0.000863507 0.00121115 0.00494398 -8.13061e-05 0.0151394 -5.44095e-06 0.000153848 -0.000137307 -0.00116341 -0.015449 -0.000124561 -0.000925948 -0.0177573 0 -0.000340187 -0.0170744 0.0091885 -0.00240875 0.0046712 0
internal_weight=62.0699 61.5312 8.08664 6.89984 53.4445 6.18505 5.73877 4.44662 3.59466 49.8499 49.2967 48.0449 44.0554 2.46449 41.5909 40.7249 2.38925 38.3357 37.6824 1.80233 3.9895 1.13827 3.82827 2.76929
internal_count=1220 1203 211 165 992 142 122 80 101 891 863 825 730 46 684 655 38 617 593 38 95 28 75 51
is_linear=0
shrinkage=0.04


Tree=190
num_leaves=25
num_cat=0
split_feature=1 1 27 15 26 23 18 24 21 26 25 23 23 1 25 26 26 26 21 1 1 26 21 26
split_gain=0.322439 0.574188 0.280541 0.377325 0.661548 0.282406 0.267117 0.329 0.249285 0.250707 0.235382 0.384313 0.188735 0.180037 0.417555 0.543208 0.927139 0.373145 0.398994 0.452511 0.882196 0.430175 0.430979 0.384223
threshold=28.500000000000004 24.500000000000004 1.5000000000000002 1.0000000180025095e-35 7.0000000000000009 0.8228263892582881 1.0000000180025095e-35 3.5000000000000004 1.1250000000000002 1.5000000000000002 1.5000000000000002 0.45220861134162554 0.90441722268325109 12.500000000000002 3.5000000000000004 2.5000000000000004 5.5000000000000009 2.5000000000000004 1.7083333333333337 15.500000000000002 13.500000000000002 3.5000000000000004 2.8750000000000004 3.5000000000000004
decision_type=2 2 2 2 2 2 2 2 2 2 2 2 2 2 2 2 2 2 2 2 2 2 2 2
left_child=1 2 10 4 -4 8 7 -7 -5 -10 11 -1 -6 14 15 -11 -17 -15 23 20 -20 -21 -23 -19
right_child=-2 -3 3 5 12 6 -8 -9 9 13 -12 -13 -14 17 -16 16 -18 18 19 21 -22 22 -24 -25
leaf_value=-0.012734115133675023 -0.031034368626241982 0.015144665744720703 -0.039137646896277654 0.01392804543182624 0.010860394676470929 -0.010574292657222794 -0.0062217237623294376 0.019078640709144924 -0.02480600187348481 0.010131038718508957 0.010323544526795582 0.0089297945533099252 -0.015157891172395211 -0.035960831838449531 0.010931066858472433 -0.02150807349992075 0.0054479849665160871 -0.021998269165628307 0 -0.030357047402898667 0.035196318929440806 -0.0073348139453810711 0.018498091297540261 -0.0012560710670650645
leaf_weight=2.4385569246951473 0.51029196032322843 4.1271117517026132 1.1681210770038881 1.3667664499953378 1.0185585491126401 0.3586701347958291 0.82604382000863541 3.326605913694948 0.8717763238819306 2.9943193502258492 6.4351492994464934 2.7522830168018118 0.79142042936291535 0.63945789192803459 4.8587433545617378 4.4351499007316306 3.0971990381367505 2.9298461540602174 3.3323538089171034 0.93403082480654109 1.593880822882056 4.1201494797714986 1.3674229644238947 4.6291610186453909
leaf_count=45 17 69 52 66 30 13 26 94 27 35 97 79 24 6 128 37 59 29 37 24 29 61 42 92
internal_value=0.000311346 0.000708537 -0.000207851 -0.00178365 -0.015665 -0.00059991 0.00854185 0.0140219 -0.00192466 -0.00275327 0.00515724 0 0 -0.00197389 0.000840327 -0.00305723 -0.00936202 -0.00459832 -0.00311446 0.00100296 0.01069 -0.00518254 0 -0.010354
internal_weight=60.9231 60.4128 56.2857 44.6597 2.9781 41.6816 4.51132 3.68528 37.1703 35.8035 11.626 5.19084 1.80998 34.9317 15.3854 10.5267 7.53235 19.5463 18.9068 11.3478 4.92623 6.4216 5.48757 7.55901
internal_count=1218 1201 1132 911 106 805 133 107 672 606 221 124 54 579 259 131 96 320 314 193 66 127 103 121
is_linear=0
shrinkage=0.04


Tree=191
num_leaves=25
num_cat=0
split_feature=16 27 15 26 22 24 21 1 21 26 26 18 15 21 1 1 1 14 21 24 26 18 24 21
split_gain=0.314743 0.209245 0.465881 0.58093 0.309898 0.500858 0.386331 0.287081 0.316434 0.308765 0.284205 2.18804 0.87704 1.59598 0.510319 0.37713 0.36526 0.313419 0.257698 0.413389 0.878184 0.293755 0.245654 0.423851
threshold=1.0000000180025095e-35 1.5000000000000002 1.0000000180025095e-35 7.0000000000000009 2.5000000000000004 3.5000000000000004 1.1250000000000002 12.500000000000002 1.4166666666666667 5.5000000000000009 4.5000000000000009 1.0000000180025095e-35 1.5000000000000002 3.1250000000000004 17.500000000000004 12.500000000000002 15.500000000000002 3.5000000000000004 1.7083333333333337 4.5000000000000009 3.5000000000000004 1.0000000180025095e-35 2.5000000000000004 1.7083333333333337
decision_type=2 2 2 2 2 2 2 2 2 2 2 2 2 2 2 2 2 2 2 2 2 2 2 2
left_child=-1 -2 3 -3 6 -6 -4 8 9 -8 11 14 15 -14 16 -12 -7 -16 19 -9 21 -21 -10 -24
right_child=1 2 4 -5 5 10 7 18 22 -11 12 -13 13 -15 17 -17 -18 -19 -20 20 -22 -23 23 -25
leaf_value=-0.027589023669730768 0.0056221178887880035 -0.038731242044265021 0.017312645805936829 0 -0.022611181003417306 0.0055409433205613513 -0.0070146630532828269 -0.031025679048526884 -0.0060383852858650194 0.010265481836328716 0 -0.043664103491349374 -0.038028034716845419 0.026308193456937325 0.041004660643421696 0.034018092174770607 -0.025030890620064486 0.0095782749701727333 0 -0.041116286988052322 0.0049372139252684853 -0.0063769508486434092 0.026097616490323952 0
leaf_weight=0.62848340073833142 11.420700664049944 1.1098105453420424 1.4671102650463606 1.8853186126798389 0.87881460413337009 4.268123489106074 7.9391796030104178 1.6452832687646131 0.54180505871772711 1.8074670024216173 1.0991149768233293 1.4035731721669442 1.1934648515889423 1.2136861346662042 1.1335774278268216 2.7473279798869044 0.72361174877732981 2.96065933117643 4.5220412784256032 1.1454061703989282 3.8681522030383348 1.6733711175620556 2.1606758954003458 1.2506831437349317
leaf_count=137 189 42 69 54 16 74 75 13 10 23 32 20 23 38 48 68 12 32 53 19 75 20 50 26
internal_value=0.000282641 0.000707505 -0.000282011 -0.0156689 0.000552414 0.00484076 -0.00185894 -0.00321944 0.000264119 -0.00298935 0.00675946 0.00182 0.0137655 -0.00226626 0.00972672 0.0258782 0 0.0202333 -0.00755451 -0.0117273 -0.00578262 -0.0233313 0.0103093 0.0152509
internal_weight=60.6874 60.059 48.6383 2.99513 45.6431 17.622 28.0212 26.5541 13.6998 9.74665 16.7431 10.4895 6.25359 2.40715 9.08597 3.84644 4.99174 4.09424 12.8543 8.33221 6.68693 2.81878 3.95316 3.41136
internal_count=1218 1081 892 96 796 363 433 364 184 98 347 186 161 61 166 100 86 80 180 127 114 39 86 76
is_linear=0
shrinkage=0.04


Tree=192
num_leaves=25
num_cat=0
split_feature=24 27 23 27 24 17 0 21 25 18 23 23 26 26 25 21 24 17 27 24 21 24 26 17
split_gain=0.270186 0.30654 0.284863 0.353126 0.334893 0.256716 1.08279 0.716482 2.07947 0.206331 0.219584 0.179451 0.532301 0.610827 0.929694 0.465865 0.382567 0.278297 0.233601 0.344623 0.392634 0.386244 0.215296 0.356435
threshold=1.5000000000000002 1.5000000000000002 0.76180168105713697 2.5000000000000004 3.5000000000000004 1.0000000180025095e-35 2.5000000000000004 1.2916666666666667 1.5000000000000002 1.0000000180025095e-35 0.97140452079103179 0.45220861134162554 4.5000000000000009 2.5000000000000004 3.5000000000000004 1.5833333333333337 6.5000000000000009 1.5000000000000002 3.5000000000000004 2.5000000000000004 1.5833333333333337 4.5000000000000009 2.5000000000000004 1.0000000180025095e-35
decision_type=2 2 2 2 2 2 2 2 2 2 2 2 2 2 2 2 2 2 2 2 2 2 2 2
left_child=-1 5 11 -4 -5 6 -2 8 -7 10 -6 22 13 15 -15 -13 -16 18 19 -14 21 -21 23 -3
right_child=1 2 3 4 9 7 -8 -9 -10 -11 -12 12 17 14 16 -17 -18 -19 -20 20 -22 -23 -24 -25
leaf_value=-0.027922600972907451 0.014792769213192185 0 -0.0054726123392760681 -0.02169441131633628 0.019640216707712477 -0.059868716724794102 -0.039662109913686676 0.017076673261676865 0.019288932325754397 0 0 -0.0021571385665549807 0.011482551355051869 -0.025071116964221114 0 0.026309077550026067 -0.03219288592808052 0.033128993060015322 0.020718669423935434 -0.020852514572332396 -0.025653500482069904 0.012263184227529896 0.0036595392230990282 -0.035535020163899526
leaf_weight=0.52794684784021129 1.4842415440361922 0.92649768420960643 3.031698243925347 0.35835648328065772 4.6054021725431067 0.82563369721174273 0.90412959875538934 6.5866784597747028 1.3138218168169258 2.2939340054290369 1.250338405545335 2.9549385488499018 1.8475406649522472 5.6877891272306433 7.4138301657512766 1.1442150409566236 0.6434384558815508 0.51115001272410143 0.86308196838945139 0.86445296043530184 1.4311268111341631 1.6098796315491197 10.66124997125007 0.62193619273602962
leaf_count=38 27 44 98 10 136 6 20 134 24 56 28 36 33 42 129 42 11 7 34 10 36 29 180 8
internal_value=0.000261353 0.00064373 -0.000574081 0.00468827 0.00924922 0.00670183 -0.00247183 0.0101295 -0.00751939 0.0115915 0.0156005 -0.00242249 -0.00443861 -0.00828681 -0.0124845 0.00383714 -0.00260651 0.00407354 0.000619583 -0.00100516 -0.00896109 0 0.00104567 -0.0117847
internal_weight=60.3633 59.8354 48.7209 11.5397 8.50803 11.1145 2.38837 8.72613 2.13946 8.14967 5.85574 37.1811 24.9714 17.8442 13.7451 4.09915 8.05727 7.12723 6.61608 5.753 3.90546 2.47433 12.2097 1.54843
internal_count=1218 1180 969 328 230 211 47 164 30 220 164 641 409 260 182 78 140 149 142 108 75 39 232 52
is_linear=0
shrinkage=0.04


Tree=193
num_leaves=25
num_cat=0
split_feature=1 1 16 25 15 15 26 26 21 21 6 25 22 23 26 26 23 1 26 23 26 1 21 23
split_gain=0.311723 0.470509 0.243821 0.209377 0.886242 0.53356 0.845 0.454463 0.333419 0.418727 0.312306 0.277056 0.609283 0.537094 0.348655 0.817232 0.301533 0.249779 0.216413 0.212902 0.852943 0.330851 0.291582 0.23746
threshold=28.500000000000004 24.500000000000004 1.0000000180025095e-35 2.5000000000000004 1.5000000000000002 1.0000000180025095e-35 7.0000000000000009 7.0000000000000009 1.1250000000000002 1.5833333333333337 1.0000000180025095e-35 1.5000000000000002 2.5000000000000004 0.48570226039551589 1.5000000000000002 5.5000000000000009 0.8228263892582881 15.500000000000002 5.5000000000000009 0.76180168105713697 3.5000000000000004 20.500000000000004 2.8750000000000004 0.48570226039551589
decision_type=2 2 2 2 2 2 2 2 2 2 2 2 2 2 2 2 2 2 2 2 2 2 2 2
left_child=1 2 -1 4 11 6 -5 8 -7 10 -10 13 -13 14 -4 -16 -15 -11 -14 20 -19 -21 23 -22
right_child=-2 -3 3 5 -6 7 -8 -9 9 17 -12 12 18 16 15 -17 -18 19 -20 21 22 -23 -24 -25
leaf_value=-0.026250775960030021 -0.030777169364307824 0.013818664157005204 0.010980437605668891 -0.041170079964165343 -0.037018465796558549 0.02702674792612 0 -0.026361445969635616 -0.007870251832231806 0.007671747448886713 0.01361622722715293 0.016044101920282182 -0.023078717527896232 0.036600157564295618 -0.025486711420908525 0.0046276397838468722 0 -0.039860501513210571 0 0.020554521150527444 5.4071068539083261e-05 -0.010041909427350917 0.017343425004966526 -0.017674408360676401
leaf_weight=0.56861100211972271 0.50434586312621732 4.0626475329045197 1.3261044635437471 1.3594506343360981 0.77025675098411639 0.74200952984392543 1.2533511146903038 1.0343378540128458 11.983407682739195 11.003691666992383 0.94354196451604444 7.5570531571283937 0.78452587593346867 0.90178837440907933 2.7565796946873888 2.2752561755478382 0.3728008228354156 0.96538187935948183 1.398417495191097 1.5520905051380398 2.77053755056113 0.49174832738935936 1.3118867576122282 1.4464573049917815
leaf_count=122 17 69 50 36 15 37 32 20 129 210 17 105 11 15 33 50 17 18 39 58 50 10 41 17
internal_value=0.000246899 0.000643446 -0.000175825 0 0.00360887 -0.00163653 -0.0190906 -7.12228e-05 0.000506692 0 -0.00568309 0.00587069 0.0103434 0 -0.00458732 -0.01028 0.0238589 0.00359427 -0.00572709 -0.000723707 -0.0051035 0.00927881 0 -0.00412983
internal_weight=60.1363 59.6319 55.5693 55.0007 18.1428 36.8579 2.6128 34.2451 33.2108 32.4687 12.9269 17.3725 9.74 7.63253 6.35794 5.03184 1.27459 19.5418 2.18294 8.5381 6.49426 2.04384 5.52888 4.21699
internal_count=1218 1201 1132 1010 335 675 68 607 587 550 146 320 155 165 133 83 32 404 50 194 126 68 108 67
is_linear=0
shrinkage=0.04


Tree=194
num_leaves=25
num_cat=0
split_feature=1 1 16 27 15 26 23 21 26 18 15 15 25 23 1 25 26 26 26 21 24 26 26 26
split_gain=0.294138 0.434403 0.230994 0.236391 0.321059 0.572537 0.268025 0.216921 0.233683 0.215259 0.19866 0.711956 0.164112 0.162887 0.15977 0.363722 0.462244 0.747486 0.352435 0.291412 0.535972 0.949156 0.45283 0.624012
threshold=28.500000000000004 24.500000000000004 1.0000000180025095e-35 1.5000000000000002 1.0000000180025095e-35 7.0000000000000009 0.8228263892582881 1.1250000000000002 1.5000000000000002 1.0000000180025095e-35 1.5000000000000002 2.5000000000000004 2.5000000000000004 0.90441722268325109 12.500000000000002 3.5000000000000004 2.5000000000000004 5.5000000000000009 2.5000000000000004 1.7083333333333337 4.5000000000000009 10.500000000000002 3.5000000000000004 5.5000000000000009
decision_type=2 2 2 2 2 2 2 2 2 2 2 2 2 2 2 2 2 2 2 2 2 2 2 2
left_child=1 2 -1 -4 5 -5 7 12 -9 -8 -3 -12 -6 -7 15 16 -10 -18 -16 20 -20 22 -22 -24
right_child=-2 10 3 4 6 13 9 8 14 -11 11 -13 -14 -15 18 -17 17 -19 19 -21 21 -23 23 -25
leaf_value=-0.025874226223650307 -0.030232760988305719 0.028523121462466439 0.0053026217007678409 -0.037831040061995752 0 0.010037930561452415 0.014118177591007551 -0.02360362985492432 0.0099470449543529148 -0.0031088832525957904 -0.019711767850865699 0.020805249033008729 0.026585845609215345 -0.014106249055645788 -0.03493467595501442 0.010762663376061155 -0.018988876262823712 0.0052533637346861319 -0.029376470103852866 0.00095233070380006406 -0.022724753725534227 0.035441322235669433 0.017523006814427065 -0.021581845143534499
leaf_weight=0.55410616664448653 0.49311974237207223 1.217981609283014 11.128248267807065 1.0442546048434445 0.56233523041009792 1.0103153008967636 3.4807259468361726 0.84933959657791902 2.9433326199650747 0.74597879033535708 0.98225438199006032 1.8514137752354145 0.72450008429586887 0.79814438708126534 0.61358141899109142 4.7440008278936139 4.4860939383506775 2.9978952631354332 1.6422130540013338 11.138568059308453 2.2872314788401127 0.85724151134490956 1.5931186247617009 1.0933199319988487
leaf_count=122 17 31 187 42 23 29 92 27 33 13 26 12 37 22 5 121 35 55 13 182 21 9 34 30
internal_value=0.000238737 0.000626734 -0.000157403 0 -0.00122386 -0.01424 -0.000116605 -0.00141175 -0.00219865 0.00918501 0.0133027 0.00393735 0.0139244 0 -0.00143753 0.00124569 -0.00231693 -0.0082091 -0.00397106 -0.00252043 -0.00876702 -0.0015906 -0.00958174 0
internal_weight=59.8393 59.3462 55.2945 54.7404 43.6122 2.85271 40.7595 36.5328 35.2459 4.2267 4.05165 2.83367 1.28684 1.80846 34.3966 15.1713 10.4273 7.48399 19.2253 18.6117 7.47312 5.83091 4.97367 2.68644
internal_count=1218 1201 1132 1010 823 93 730 625 565 105 69 38 60 51 538 244 123 90 294 289 107 94 85 64
is_linear=0
shrinkage=0.04


Tree=195
num_leaves=25
num_cat=0
split_feature=14 21 22 1 1 17 21 25 1 10 25 17 22 19 21 23 1 1 25 21 25 17 1 25
split_gain=0.424595 0.557453 0.415339 1.10262 1.95542 0.405667 0.36669 0.364474 0.457158 0.332908 0.29347 1.03171 0.265392 0.235018 0.309934 0.430708 0.20384 0.187645 0.175179 0.167799 0.160581 0.157892 0.150694 0.256387
threshold=3.5000000000000004 1.4166666666666667 2.5000000000000004 13.500000000000002 12.500000000000002 1.0000000180025095e-35 1.1250000000000002 2.5000000000000004 4.5000000000000009 3.5000000000000004 1.5000000000000002 1.0000000180025095e-35 3.5000000000000004 1.0000000180025095e-35 1.7083333333333337 0.84759080068664439 4.5000000000000009 8.5000000000000018 3.5000000000000004 3.7083333333333335 3.5000000000000004 1.0000000180025095e-35 16.500000000000004 2.5000000000000004
decision_type=2 2 2 2 2 2 2 2 2 2 2 2 2 2 2 2 2 2 2 2 2 2 2 2
left_child=1 6 3 4 -2 -5 10 8 -8 13 11 -1 20 14 15 16 -3 -9 -15 21 -4 -14 23 -16
right_child=2 9 12 5 -6 -7 7 17 -10 -11 -12 -13 19 18 22 -17 -18 -19 -20 -21 -22 -23 -24 -25
leaf_value=0.01339009407043752 0 0 -0.0029840842216753089 0.021530748658957374 -0.079094425094483722 0 0.013441876660019052 0.011671210040870485 -0.013916919195147877 0.040792284574859734 0.016911986587447254 -0.048276208623447205 0.013701278128844399 -0.01778362879547692 0 0 0.025222311336983931 -0.0018338630331428472 0.0012362482834723369 -0.015632695317647865 -0.016035000109407185 -0.0013418899114531753 -0.0037713803484068689 0.01574734720102303
leaf_weight=1.5510149585315987 1.5691718384623548 0.39625770156272278 4.2500215201871452 3.2765786293894053 0.64963772334158409 2.6607707357034087 0.82573033962398934 2.11108798906207 7.737651199917309 0.57582021504640479 2.6471805296023376 0.58897223509848107 1.8153066241648046 0.937107181292958 2.5520796383498237 2.297688537160866 4.0078124870196916 5.4739853432402015 1.541348779806867 0.73117398470640171 6.4584551989100873 0.91179966880008567 2.8298524464480579 2.5924752245773561
leaf_count=41 27 12 49 46 7 30 28 17 96 7 91 7 47 45 65 85 111 78 37 5 82 19 81 123
internal_value=5.67343e-05 0.00272015 -0.00419826 0.0022447 -0.0205325 0.012104 -0.00137949 -0.00458152 -0.0103446 0.0080121 0.00775071 0 -0.00847233 0.00644544 0.00853961 0.015131 0.0224693 0.000870184 -0.00272737 0 -0.0116024 0.00573813 0.00199692 0.00672491
internal_weight=60.989 38.6661 22.3229 8.15616 2.21881 5.93735 20.9356 16.1485 8.56338 17.7304 4.78717 2.13999 14.1668 17.1546 14.6762 6.70176 4.40407 7.58507 2.47846 3.45828 10.7085 2.72711 7.97441 5.14455
internal_count=1236 924 312 110 34 76 358 219 124 566 139 48 202 559 477 208 123 95 82 71 131 66 269 188
is_linear=0
shrinkage=0.04


Tree=196
num_leaves=25
num_cat=0
split_feature=14 26 25 22 21 21 21 25 26 10 23 18 26 18 17 1 1 23 23 25 17 26 26 18
split_gain=0.395753 0.732627 0.571239 1.52207 0.515492 0.366068 0.337753 0.330835 0.436208 0.31247 0.304578 0.298294 0.906823 0.295473 1.85068 0.345813 1.36869 0.36546 0.30232 0.272912 0.958217 0.527956 0.254154 0.192693
threshold=3.5000000000000004 2.5000000000000004 4.5000000000000009 2.5000000000000004 1.4166666666666667 1.8750000000000002 1.1250000000000002 2.5000000000000004 1.5000000000000002 3.5000000000000004 0.84759080068664439 1.0000000180025095e-35 7.0000000000000009 1.0000000180025095e-35 1.5000000000000002 14.500000000000002 13.500000000000002 0.48570226039551589 0.8228263892582881 1.5000000000000002 1.0000000180025095e-35 5.5000000000000009 2.5000000000000004 1.0000000180025095e-35
decision_type=2 2 2 2 2 2 2 2 2 2 2 2 2 2 2 2 2 2 2 2 2 2 2 2
left_child=4 10 13 -4 6 -5 19 8 -8 23 -2 -7 -13 14 -3 16 17 -15 -16 20 -1 -21 -9 -6
right_child=1 2 3 5 9 11 7 22 -10 -11 -12 12 -14 15 18 -17 -18 -19 -20 21 -22 -23 -24 -25
leaf_value=0.01288656034251604 -0.040615268686807877 -0.054793084374927539 0.031924361420424062 -0.030969648097864101 0.0084852811825458646 0.016863867159892767 0.013631747891339878 0.012835582547903233 -0.013303526925306524 0.039850819552077567 -0.0067609072061683134 -0.044049889632876808 0.003378319378683374 0 -0.0077179286728511001 -0.012472318616826343 0.038322100516843281 -0.035105446888324968 0.013421930680531354 0.025061223456477544 -0.046746255178228224 -0.018202216330124903 -0.0027816892869090989 0
leaf_weight=1.547233999124731 1.1701182387769251 1.3160323102492855 2.6884895125403991 0.71750108618289221 13.414770502189645 1.1924078143201766 0.8112336695194261 2.2470052912831298 7.7996883451705799 0.56604734621941943 1.8704825402237473 0.80626415042206678 2.1562491247896105 1.0542126905638722 3.5793239083141088 2.0476455702446401 1.4763224273920059 0.68266259459778678 1.5015636445023117 2.2837522273766813 0.58401989378035057 0.34328017104417075 5.3284558011218905 3.6549974195077075
leaf_count=41 15 15 43 10 448 27 28 31 96 7 14 11 28 18 29 44 19 14 25 85 7 6 64 111
internal_value=5.0957e-05 -0.00405852 -0.000737246 0.00733838 0.00262931 -0.00458571 -0.00129209 -0.00436696 -0.00983691 0.00774006 -0.0224202 0 -0.00682912 -0.00666111 -0.0124404 0 0.00854779 -0.012154 0 0.00748651 0 0.0163626 0.000794607 0.00620658
internal_weight=60.8398 22.2593 19.2187 7.56091 38.5805 4.87242 20.9447 16.1864 8.61092 17.6358 3.0406 4.15492 2.96251 11.6578 6.39692 5.26084 3.2132 1.73688 5.08089 4.75829 2.13125 2.62703 7.57546 17.0698
internal_count=1236 312 283 119 924 76 358 219 124 566 29 66 39 164 69 95 51 32 54 139 48 91 95 559
is_linear=0
shrinkage=0.04


Tree=197
num_leaves=25
num_cat=0
split_feature=14 26 25 22 21 21 27 25 21 18 26 26 1 25 21 24 26 25 1 15 18 26 18 17
split_gain=0.369695 0.688985 0.533094 1.43148 0.476095 0.345138 0.337823 0.640248 0.392906 0.352122 0.448481 0.767608 0.351035 0.329906 0.308415 0.374217 0.718381 0.328789 0.42942 0.285883 0.274386 0.86022 0.27248 1.75803
threshold=3.5000000000000004 2.5000000000000004 4.5000000000000009 2.5000000000000004 1.4166666666666667 1.8750000000000002 2.5000000000000004 4.5000000000000009 1.8750000000000002 1.0000000180025095e-35 3.5000000000000004 5.5000000000000009 18.500000000000004 6.5000000000000009 1.1250000000000002 2.5000000000000004 1.5000000000000002 1.5000000000000002 8.5000000000000018 2.5000000000000004 1.0000000180025095e-35 7.0000000000000009 1.0000000180025095e-35 1.5000000000000002
decision_type=2 2 2 2 2 2 2 2 2 2 2 2 2 2 2 2 2 2 2 2 2 2 2 2
left_child=4 19 22 -4 14 -5 7 9 -8 10 -6 -12 -10 -14 -1 16 -16 -17 -19 -2 -7 -22 23 -3
right_child=1 2 3 5 6 20 8 -9 12 -11 11 -13 13 -15 15 17 -18 18 -20 -21 21 -23 -24 -25
leaf_value=0.0071955326709372183 -0.040335083065726599 -0.053873641296809487 0.031274007632682121 -0.030216518580704645 0.018038357464108517 0.016304060081462984 0.027730341606905698 -0.035772802385350647 0.014670757788087031 -0.025570275652072084 -0.037576350524262753 0.0063085824668660806 -0.032845507312020232 1.4778310259975446e-05 0.019465942256159188 -0.013486925322315119 -0.018980857250641289 0.021130371298059249 0 -0.006846644943268863 -0.04332481051662794 0.0032453063171569607 0 0
leaf_weight=4.7099085851223235 1.110291302669796 1.2855720999650673 2.635703233536332 0.70620103925466526 3.7308334257686493 1.1841864471789447 2.5489634972182094 0.63806573115289289 3.1676505344221368 0.45664508291520256 0.75075068976730097 4.2244604941224679 0.52831366355530951 1.5388479827088302 0.7291562026366617 2.2069308003410688 4.8653199912514538 1.8179478319361786 6.6052587444428355 1.8997229272499681 0.7873522439040247 2.1548686786554754 5.2206743316492066 5.0750897189136595
leaf_count=139 17 15 43 10 81 27 101 10 150 26 14 128 14 42 29 21 54 15 100 12 11 28 95 54
internal_value=3.59394e-05 -0.00395545 -0.000706858 0.00713393 0.00252947 -0.00437664 0.00745323 0.00155458 0.0138526 0.00502707 0.00755084 0 0.00556693 -0.00451343 -0.00122422 -0.00416151 -0.0125399 0 0.00384653 -0.0218572 0 -0.00649804 -0.00645382 -0.0120158
internal_weight=60.5787 22.0597 19.0496 7.46831 38.5191 4.83261 17.5845 9.80076 7.78378 9.16269 8.70604 4.97521 5.23481 2.06716 20.9345 16.2246 5.59448 10.6301 8.42321 3.01001 4.12641 2.94222 11.5813 6.36066
internal_count=1236 312 283 119 924 76 566 259 307 249 223 142 206 56 358 219 83 136 115 29 66 39 164 69
is_linear=0
shrinkage=0.04


Tree=198
num_leaves=25
num_cat=0
split_feature=14 21 27 25 21 18 1 1 25 21 24 1 25 1 25 17 24 15 1 24 24 24 21 18
split_gain=0.345766 0.442336 0.318599 0.602339 0.366362 0.331489 0.42394 0.324151 0.313399 0.284327 0.336187 0.514091 0.301843 0.403437 0.251214 0.891985 0.462474 0.275613 0.221174 0.572157 0.596322 0.504121 1.06609 0.238095
threshold=3.5000000000000004 1.4166666666666667 2.5000000000000004 4.5000000000000009 1.8750000000000002 1.0000000180025095e-35 8.5000000000000018 18.500000000000004 6.5000000000000009 1.1250000000000002 2.5000000000000004 4.5000000000000009 1.5000000000000002 8.5000000000000018 1.5000000000000002 1.0000000180025095e-35 2.5000000000000004 1.5000000000000002 13.500000000000002 3.5000000000000004 6.5000000000000009 3.5000000000000004 1.8750000000000002 1.0000000180025095e-35
decision_type=2 2 2 2 2 2 2 2 2 2 2 2 2 2 2 2 2 2 2 2 2 2 2 2
left_child=1 9 3 5 -4 6 -3 -6 -9 14 11 -11 -12 -14 15 16 -1 -16 21 -20 23 -2 -23 -21
right_child=18 2 4 -5 7 -7 -8 8 -10 10 12 -13 13 -15 17 -17 -18 -19 19 20 -22 22 -24 -25
leaf_value=0.0364414710447266 0.0067478663996737298 0.021454820854723704 0.027016883478416926 -0.035208536022915696 0.014180567421743775 -0.025106615606670574 0.00033169057542210557 -0.03226829111805319 1.4188290117718456e-05 0.012615959956891378 -0.01292968620277694 -0.017539575997632621 0.020575894169418438 0 0.022284757057891871 -0.045504426318311877 0 0 -0.037362250871769656 0 -0.01224869383381603 -0.051249494761209338 -0.0035745049986775448 0.011319418477794179
leaf_weight=0.7279629656113713 1.36997434019577 2.4730888508493063 2.5123801582376464 0.62267344444990236 3.1465023224009201 0.44667873939033675 6.1699917446821928 0.51649467938113991 1.5388391403830608 0.79522428754717367 2.2099010264500967 4.8481475892476737 1.7927778144367019 6.6052587444428355 2.1508301590220076 0.57972765155136574 0.81378936918918043 0.4283452983945607 0.6635707868263151 5.619818107923491 4.1126498160883775 1.1703803592827169 3.3660202124156058 5.6093108790228143
leaf_count=9 33 63 101 10 150 26 160 14 42 28 21 55 15 100 77 7 32 14 6 82 67 11 28 85
internal_value=2.16315e-05 0.00244028 0.00721995 0.00143818 0.0134623 0.00482869 0.00730136 0.00537784 -0.00420592 -0.00115336 -0.00398128 -0.0118727 0 0.00367636 0.00692159 0 0.0121277 0.0155935 -0.00384955 -0.000848555 0.000209303 -0.0106273 -0.017638 0.00548446
internal_weight=60.2903 38.3786 17.4266 9.71243 7.71422 9.08976 8.64308 5.20184 2.05533 20.952 16.2513 5.64337 10.6079 8.39804 4.70066 2.12148 1.54175 2.57918 21.9117 16.0053 15.3418 5.90637 4.5364 11.2291
internal_count=1236 924 566 259 307 249 223 206 56 358 219 83 136 115 139 48 41 91 312 240 234 72 39 167
is_linear=0
shrinkage=0.04


Tree=199
num_leaves=25
num_cat=0
split_feature=14 26 25 22 21 21 23 27 25 18 4 18 26 26 18 26 21 18 17 1 1 23 23 21
split_gain=0.321128 0.631149 0.464741 1.36186 0.414308 0.320754 0.317166 0.2992 0.567493 0.358739 0.412868 0.312384 0.397821 0.728037 0.26284 0.810948 0.257216 0.248817 1.69562 0.307807 1.27129 0.323105 0.281387 0.240127
threshold=3.5000000000000004 2.5000000000000004 4.5000000000000009 2.5000000000000004 1.4166666666666667 1.8750000000000002 0.84759080068664439 2.5000000000000004 4.5000000000000009 1.0000000180025095e-35 1.5000000000000002 1.0000000180025095e-35 3.5000000000000004 5.5000000000000009 1.0000000180025095e-35 7.0000000000000009 1.1250000000000002 1.0000000180025095e-35 1.5000000000000002 14.500000000000002 13.500000000000002 0.48570226039551589 0.8228263892582881 1.8750000000000002
decision_type=2 2 2 2 2 2 2 2 2 2 2 2 2 2 2 2 2 2 2 2 2 2 2 2
left_child=4 6 17 -4 16 -5 -2 8 11 10 -9 12 23 -14 -7 -16 -1 18 -3 20 21 -19 -20 -6
right_child=1 2 3 5 7 14 -8 9 -10 -11 -12 -13 13 -15 15 -17 -18 19 22 -21 -22 -23 -24 -25
leaf_value=0.0065787648558256915 -0.039782889754602056 -0.052986313455983682 0.030690784457045778 -0.029537286098027506 0.022654472600449626 0.015832680247809691 -0.0054684205755893356 0.024407144148098067 -0.034648716493042596 0.00010665042534499053 -0.011757854258720023 -0.024643113725044019 -0.037081444762180997 0.006065358771317665 -0.042779820665053536 0.0026708527102375281 -0.0038084860948222189 0 -0.0070625782547693366 -0.01155099237050149 0.037912392255806178 -0.032655451357196344 0.013508461477786941 0
leaf_weight=4.6558213212993023 1.1108834170736401 1.2548489880282447 2.5734626003541043 0.69479886186309148 2.8276288247434409 1.1748989709885789 1.8719231160357592 4.2088938698288976 0.6077290568500765 3.1814494366990402 0.25787915167165909 0.43707327253650952 0.73453380377031852 4.2092024058219977 0.76946913544088635 2.1489526340737939 16.279923508060165 1.0433963269460944 3.5659640785306692 2.0457791876979172 1.416528508067131 0.68879939033649873 1.4924979767529292 0.84731350908987213
leaf_count=139 15 15 43 10 55 27 14 208 10 86 13 26 14 128 11 28 219 18 29 44 19 14 25 26
internal_value=5.75227e-06 -0.00372505 -0.00058136 0.00677608 0.00234646 -0.00440651 -0.0209302 0.00699634 0.00135399 0.0130794 0.0205282 0.00465354 0.00706746 0 0 -0.00657143 -0.00111638 -0.00598312 -0.0113274 0 0.0083499 -0.0112068 0 0.0170396
internal_weight=60.0997 21.8522 18.8694 7.36158 38.2474 4.78812 2.98281 17.3117 9.66348 7.64822 4.46677 9.05575 8.61868 4.94374 4.09332 2.91842 20.9357 11.5078 6.31331 5.1945 3.14872 1.7322 5.05846 3.67494
internal_count=1236 312 283 119 924 76 29 566 259 307 221 249 223 142 66 39 358 164 69 95 51 32 54 81
is_linear=0
shrinkage=0.04


Tree=200
num_leaves=25
num_cat=0
split_feature=17 1 26 24 10 1 1 21 24 24 24 23 26 26 1 23 1 1 25 1 25 15 25 21
split_gain=0.513333 1.51658 0.945669 1.08727 1.08147 0.718826 0.697385 0.693405 1.8494 0.620989 3.51697 0.367406 0.416266 0.367173 0.479486 0.384503 0.307753 0.29719 0.935505 0.265573 0.455648 0.378275 0.365616 0.716088
threshold=1.0000000180025095e-35 16.500000000000004 4.5000000000000009 4.5000000000000009 2.5000000000000004 13.500000000000002 13.500000000000002 1.5833333333333337 2.5000000000000004 4.5000000000000009 3.5000000000000004 0.76180168105713697 3.5000000000000004 2.5000000000000004 5.5000000000000009 0.45220861134162554 13.500000000000002 8.5000000000000018 3.5000000000000004 14.500000000000002 4.5000000000000009 1.5000000000000002 5.5000000000000009 2.8750000000000004
decision_type=2 2 2 2 2 2 2 2 2 2 2 2 2 2 2 2 2 2 2 2 2 2 2 2
left_child=7 2 3 4 -2 11 -4 9 -9 10 -1 12 13 14 -6 -15 -11 -10 -19 20 -20 -22 23 -21
right_child=1 -3 6 -5 5 -7 -8 8 17 16 -12 -13 -14 15 -16 -17 -18 18 19 22 21 -23 -24 -25
leaf_value=0.010050780533237151 -0.051986789094699011 -0.053094616520522546 0.018568995286849389 -0.045906723904756634 0.011321631671617075 0.019181164894084109 -0.0054285914710895293 -0.051266442310886493 0.022746093881175176 0 -0.055509150011614453 0.012306134277161086 -0.021578750115315518 -0.00081733444262489005 -0.016142074631414049 0.027698117678920144 0.019143761483243035 -0.033133439736395084 0.029338516526563666 -0.041174996927630034 -0.030747621367561796 0.014015120783420328 0.0016900283116270539 0
leaf_weight=8.8659761303570122 0.77926216868218645 1.0795349485706527 4.277610254357568 1.2609821755904693 0.99427026696502618 1.9406491529662169 2.8286165622994304 1.243416406330655 0.82121003651991387 1.6182926372857744 1.5355792008340365 1.122486378997565 3.3119776312960312 1.0770815368741753 4.1774542441125959 1.0524867498315869 6.3945208769291639 1.4017001066240471 1.3324428682681166 1.0151788925286376 0.51098219491541363 0.62186471093446016 8.867847496760076 1.2653926387429235
leaf_count=114 13 37 127 17 34 26 67 39 24 39 15 35 27 22 43 33 124 46 38 15 7 33 195 35
internal_value=-0.00159886 -0.00619085 -0.00362175 -0.00933623 -0.00559274 -0.00236432 0.00789104 0.00126806 -0.00425354 0.00682399 0 -0.0066088 -0.00936307 -0.00272615 -0.00931527 0.0095191 0.0151992 -5.71479e-05 -0.00183707 0.000797637 0.0130191 0 -0.00118735 -0.0158838
internal_weight=59.3968 23.9024 22.8229 15.7167 14.4557 13.6764 7.10623 35.4944 17.08 18.4144 10.4016 11.7358 10.6133 7.30129 5.17172 2.12957 8.01281 15.8366 15.0154 13.6137 2.46529 1.13285 11.1484 2.28057
internal_count=1205 481 444 250 233 220 194 724 432 292 129 194 159 132 77 55 163 393 369 323 78 40 245 50
is_linear=0
shrinkage=0.04


Tree=201
num_leaves=25
num_cat=0
split_feature=16 14 0 23 15 26 24 26 25 15 25 24 25 25 15 26 25 18 21 14 21 26 24 21
split_gain=0.491133 0.403906 0.377302 0.494253 0.736393 0.692855 0.305855 0.296275 0.413492 0.290697 0.940681 0.270053 1.16662 0.573853 0.269657 0.524794 0.478193 0.174346 0.165853 0.351099 0.145692 0.129327 0.601661 0.201076
threshold=1.5000000000000002 2.5000000000000004 3.5000000000000004 0.84759080068664439 2.5000000000000004 2.5000000000000004 6.5000000000000009 7.0000000000000009 1.5000000000000002 1.0000000180025095e-35 2.5000000000000004 2.5000000000000004 2.5000000000000004 2.5000000000000004 1.5000000000000002 4.5000000000000009 3.5000000000000004 1.0000000180025095e-35 1.4166666666666667 2.5000000000000004 1.2916666666666667 5.5000000000000009 2.5000000000000004 1.5833333333333337
decision_type=2 2 2 2 2 2 2 2 2 2 2 2 2 2 2 2 2 2 2 2 2 2 2 2
left_child=2 -2 7 5 6 -4 -5 8 21 10 20 12 -11 -13 15 -7 -16 18 -15 -20 -10 22 23 -1
right_child=1 -3 3 4 -6 14 -8 -9 9 11 -12 13 -14 17 16 -17 -18 -19 19 -21 -22 -23 -24 -25
leaf_value=0.0055391965739601812 0.005851813617993468 -0.019843075627698502 -0.039403579558164752 0 0.02616654273923787 -0.019789512169955278 -0.025746591936331553 -0.0061421317358763359 0 0.0097509074910174832 -0.039379337567874879 -0.0063150553518007526 -0.054588143691564291 0.010166908596795589 -0.033351570168628122 0.0064233942943441417 0.001239126997446303 0.0020261827639372382 0 0.028122222603662001 0.020621955548221976 0.0026941849599883532 -0.038659537754332229 -0.015137355410807456
leaf_weight=2.2005823520012231 0.73225348291452874 3.9159741003531963 1.1490936670452381 2.3565469839377324 1.8494613526854662 4.2027605507755625 0.82363860844634462 5.0771041390835299 0.79366768524051001 1.9093419739510893 0.90274386719102029 2.3561452291905907 0.56809452379820857 8.1682205076795054 0.67696062941104251 1.162881420808844 8.8069883543648739 3.489042780653107 0.41756041161715884 3.6082069319672883 0.91115564852952957 0.89483103482052673 0.88402886036783446 1.1093752721790222
leaf_count=35 28 72 20 42 15 44 16 116 13 44 25 53 14 101 11 33 139 105 9 158 33 32 17 30
internal_value=-0.00154445 -0.0140742 -0.000324956 -0.00464458 0.00536347 -0.00829094 -0.00421914 0.0021633 0.00394148 0.00638162 -0.00434374 0.00813469 -0.00177337 0.00993891 -0.00534464 -0.0126175 -0.000386413 0.0128909 0.0153436 0.0238598 0.00951587 -0.00557474 -0.0092465 0
internal_weight=58.9667 4.64823 54.3184 21.0283 5.02965 15.9987 3.18019 33.2901 28.213 23.1242 2.60757 20.5166 2.47744 18.0392 14.8496 5.36564 9.48395 15.683 12.194 4.02577 1.70482 5.08882 4.19399 3.30996
internal_count=1205 100 1105 320 73 247 58 785 669 555 71 484 58 426 227 77 150 373 268 167 46 114 82 65
is_linear=0
shrinkage=0.04


Tree=202
num_leaves=25
num_cat=0
split_feature=16 17 21 24 21 26 23 18 24 26 25 21 23 24 26 21 25 23 24 14 25 21 23 21
split_gain=0.443803 0.376908 1.31118 1.28197 0.707713 0.790801 0.612878 0.584192 0.938662 0.934671 0.819701 0.499714 0.483058 0.632063 0.447472 0.433326 0.806663 0.450159 0.401598 0.374002 0.365972 0.428511 0.363723 0.359167
threshold=1.5000000000000002 1.0000000180025095e-35 1.2916666666666667 4.5000000000000009 1.5833333333333337 4.5000000000000009 0.45220861134162554 1.0000000180025095e-35 4.5000000000000009 4.5000000000000009 3.5000000000000004 1.7083333333333337 1.0000000180025095e-35 2.5000000000000004 2.5000000000000004 1.8750000000000002 5.5000000000000009 0.48570226039551589 1.5000000000000002 2.5000000000000004 2.5000000000000004 1.8750000000000002 0.48570226039551589 1.4166666666666667
decision_type=2 2 2 2 2 2 2 2 2 2 2 2 2 2 2 2 2 2 2 2 2 2 2 2
left_child=1 7 -3 6 -5 -6 -4 8 9 12 -9 -10 14 22 -1 -13 -17 -18 -8 -2 21 -20 -14 -12
right_child=19 2 3 4 5 -7 18 10 11 -11 23 15 13 -15 -16 16 17 -19 20 -21 -22 -23 -24 -25
leaf_value=0 0.0056254339663770669 -0.034258108060201777 -0.0072678773784967312 -0.057230843027805366 -0.040522258830879981 0 -0.02235760010502276 -0.03719851857187019 0.022395715899319438 -0.032211723386845775 0.016906610983160226 -0.031644281013090955 -0.05426040549507654 0.0032285560631009386 0.038809038906886237 -0.019859531765791021 0 0.03556152467717285 0.027165202525017095 -0.018898405418140671 0.00044732719865537348 0 0 -0.0037835030145159537
leaf_weight=0.43311705649830656 0.73127235448919137 2.1724345810944241 3.7555680349469212 0.76047862414270539 0.98810364678502116 2.7934087892062962 0.37659311876632173 1.1160990506759834 6.2668111962266249 1.3659627638990048 1.5019962522201229 0.48316453211009536 0.51318880688631707 7.898579774890095 1.042944503482431 0.79566261963918838 0.40368095040321339 1.5077179968357084 3.8650580898392928 3.9466104402672499 3.4152290453203022 1.6533513108734039 0.5714146159007214 10.349299914552828
leaf_count=13 28 31 46 11 18 79 15 27 130 34 56 7 8 86 24 22 10 45 121 72 65 49 16 192
internal_value=-0.0014842 -0.0003084 -0.00483026 -0.000745135 -0.0194358 -0.00971954 0.00513992 0.00206954 0.00630389 -0.000568177 -0.00426301 0.0157428 0.00279955 0 0.0240656 0.000166165 0.00879902 0.0249142 0.0110043 -0.0133545 0.0133061 0.0198144 -0.0292661 -0.000486271
internal_weight=58.7077 54.0299 19.7802 17.6078 4.54199 3.78151 13.0658 34.2496 21.2822 11.8252 12.9674 9.45704 10.4592 8.98318 1.47606 3.19023 2.70706 1.9114 9.31023 4.67788 8.93364 5.51841 1.0846 11.8513
internal_count=1205 1105 435 404 108 97 296 670 395 181 275 214 147 110 37 84 77 55 250 100 235 170 24 248
is_linear=0
shrinkage=0.04


Tree=203
num_leaves=25
num_cat=0
split_feature=16 17 1 23 25 1 18 25 23 15 1 22 21 25 15 23 25 14 1 25 25 1 21 1
split_gain=0.398673 0.348405 1.44919 1.49441 0.682638 0.542339 0.539158 0.783159 0.684998 1.18839 0.502041 0.543613 0.478195 0.40549 0.367628 0.478425 0.941056 0.34658 0.294309 0.259605 0.993835 0.21083 0.179702 0.161335
threshold=1.5000000000000002 1.0000000180025095e-35 16.500000000000004 0.45220861134162554 4.5000000000000009 14.500000000000002 1.0000000180025095e-35 3.5000000000000004 0.84759080068664439 2.5000000000000004 12.500000000000002 2.5000000000000004 2.4166666666666674 3.5000000000000004 1.5000000000000002 0.45220861134162554 4.5000000000000009 2.5000000000000004 17.500000000000004 1.0000000180025095e-35 2.5000000000000004 26.500000000000004 1.8750000000000002 8.5000000000000018
decision_type=2 2 2 2 2 2 2 2 2 2 2 2 2 2 2 2 2 2 2 2 2 2 2 2
left_child=1 6 3 4 23 -5 8 -8 9 12 11 -9 13 19 21 -16 -17 -2 -14 -1 -21 -12 -7 -3
right_child=17 2 -4 5 -6 22 7 10 -10 -11 14 -13 18 -15 15 16 -18 -19 -20 20 -22 -23 -24 -25
leaf_value=0.01279905864787477 0.0054074331364087295 -0.046681163616485534 -0.051938109870134544 0.010656651232067518 0 -0.014807128921596151 -0.03682699336332089 0.033881226422211259 0.024688031301296372 -0.040591649882675905 -0.0013409691261399195 -0.014004309415410705 -0.024166574970830017 0.020071841011176379 0 0 -0.043997881340908061 -0.018004085753037739 0.0020756644927600225 -0.039652936521188877 0.0045646374815743965 0.014881927296107081 0.00037095114442621513 -0.01791008378347907
leaf_weight=3.4531141034094714 0.73034291283693065 1.0547326821251832 0.99897873855661501 9.5907951004337502 1.5652793254703281 2.1279656835831697 1.0829368500853878 1.2515164718497533 2.8505133511498562 0.92008985299616952 3.2763091665110533 0.26696114637888957 1.2855264204554249 3.7277076751925042 2.4412776860408485 1.4295648671686652 1.558708998840302 3.9763235384598374 0.45196375157684077 0.91208425350487043 7.4878275638911873 1.6243805985432116 0.87256246776087198 3.4229514469625428
leaf_count=65 28 11 33 260 26 32 27 53 73 16 81 6 25 115 35 29 19 72 13 11 77 25 30 43
internal_value=-0.00145406 -0.000320926 -0.00468891 -0.00172657 -0.0184006 0.00564042 0.00196469 -0.00410529 0.00606615 0.00271705 -0.00043945 0.0201941 0.00547991 0.00802472 -0.00424687 -0.0117232 -0.0224916 -0.0126716 -0.012736 0.00356103 0 0.00240384 -0.0077271 -0.0264738
internal_weight=58.3604 53.6537 19.6333 18.6343 6.04296 12.5913 34.0205 12.9317 21.0888 18.2383 11.8487 1.51848 17.3182 15.5807 10.3302 5.42955 2.98827 4.70667 1.73749 11.853 8.39991 4.90069 3.00053 4.47768
internal_count=1205 1105 435 402 80 322 670 275 395 322 248 59 306 268 189 83 48 100 38 153 88 106 62 54
is_linear=0
shrinkage=0.04


Tree=204
num_leaves=25
num_cat=0
split_feature=17 24 26 26 25 22 15 18 24 24 25 25 22 23 15 26 24 23 23 25 26 5 23 0
split_gain=0.355224 0.913674 0.852613 0.605655 0.950109 0.596795 0.432511 0.410938 0.824592 0.916369 1.4192 0.795414 0.54089 0.358852 0.321053 0.312353 0.305463 0.459031 0.257712 0.215489 2.60177 0.543779 0.211292 0.195982
threshold=1.0000000180025095e-35 4.5000000000000009 4.5000000000000009 5.5000000000000009 1.0000000180025095e-35 2.5000000000000004 1.5000000000000002 1.0000000180025095e-35 4.5000000000000009 3.5000000000000004 5.5000000000000009 3.5000000000000004 2.5000000000000004 0.84759080068664439 1.0000000180025095e-35 1.5000000000000002 3.5000000000000004 0.45220861134162554 0.76180168105713697 4.5000000000000009 3.5000000000000004 1.0000000180025095e-35 0.45220861134162554 2.5000000000000004
decision_type=2 2 2 2 2 2 2 2 2 2 2 2 2 2 2 2 2 2 2 2 2 2 2 2
left_child=7 3 -3 4 -2 -4 15 8 9 12 -11 -9 23 -7 -10 22 -17 -18 -5 21 -21 -13 -6 -1
right_child=1 2 5 18 6 13 -8 11 14 10 -12 19 -14 -15 -16 16 17 -19 -20 20 -22 -23 -24 -25
leaf_value=0.023770864466257053 -0.049400165814764661 -0.045126323911524456 -0.038773236266785749 0.021013213499294459 0 0.019075027057581354 0.013714242335093402 -0.036726918702978568 -0.009675659720262169 -0.0447772402141218 0.012918502128325515 0.027586284690124821 -0.026248691282816698 -0.010588899140496858 0.015639532044605192 -0.015319978861018244 -0.012929402571187656 0.0094472413254139097 0 -0.058449631892263224 0.0040934072003615722 -0.0012170024899050827 0.02596689029415819 0.0032723642472542451
leaf_weight=1.1410191552713511 0.74973946483806386 1.6497741456842039 0.70297951716929707 2.3249864619574501 0.28503489866852649 1.1889469236484731 2.0879299984080708 1.1203227675869118 0.47763485414907236 1.7646855032071465 0.82630213676020492 1.3194304949138294 0.80271737050497982 1.2681723606656303 8.9883064439054561 5.0143172779353318 2.8421384785324335 2.9087821587454528 1.7755526572000233 1.2495791689725591 6.2119822594104335 3.0693998567294329 0.75076000206172466 7.5388314743759111
leaf_count=14 8 33 7 59 5 44 31 35 19 22 45 59 27 35 218 60 30 71 65 24 116 52 33 93
internal_value=-0.00140063 -0.00524683 -0.020885 -0.000805997 -0.00500671 -0.00569797 -0.00203432 0.000992121 0.00456514 -0.00179074 -0.0232896 -0.00432455 0.0032399 0.000508989 0.013517 -0.00549858 -0.0079967 -0.000220345 0.0122394 -0.000586188 -0.00530844 0.00561943 0.0127414 0.00688869
internal_weight=58.0593 23.5491 4.80987 18.7392 14.6387 3.1601 13.889 34.5102 21.5395 12.0736 2.59099 12.9707 9.48257 2.45712 9.46594 11.801 10.7652 5.75092 4.10054 11.8504 7.46156 4.38883 1.03579 8.67985
internal_count=1205 481 119 362 238 86 230 724 438 201 67 286 134 79 237 199 161 101 124 251 140 111 38 107
is_linear=0
shrinkage=0.04


Tree=205
num_leaves=25
num_cat=0
split_feature=17 21 21 24 26 23 26 26 1 26 21 1 21 1 1 26 1 15 15 1 1 1 1 23
split_gain=0.901888 0.375913 0.291128 0.193522 0.173438 0.411719 0.169067 0.221375 0.434317 0.105679 0.188815 0.114496 0.19187 0.108156 0.106459 0.0907342 0.0769601 0.416981 0.255832 0.185372 0.534816 0.183575 0.122232 0.268145
threshold=1.5000000000000002 1.8750000000000002 2.2916666666666674 3.5000000000000004 4.5000000000000009 0.84759080068664439 10.500000000000002 7.0000000000000009 26.500000000000004 3.5000000000000004 3.2916666666666674 17.500000000000004 2.4166666666666674 22.500000000000004 11.500000000000002 2.5000000000000004 20.500000000000004 2.5000000000000004 2.5000000000000004 13.500000000000002 12.500000000000002 11.500000000000002 14.500000000000002 1.0000000180025095e-35
decision_type=2 2 2 2 2 2 2 2 2 2 2 2 2 2 2 2 2 2 2 2 2 2 2 2
left_child=2 4 6 15 -2 -6 7 16 -9 10 -5 12 -11 -13 -14 -4 17 19 -18 20 21 -1 -21 -24
right_child=1 -3 3 9 5 -7 -8 8 -10 11 -12 13 14 -15 -16 -17 18 -19 -20 22 -22 -23 23 -25
leaf_value=-0.0064415527813734006 -0.016519976649776346 0.019579094813595457 0 0.0017171669164877527 0.028670256694816657 -0.0044589597072911269 0.0024464434778921434 -0.036139906564749101 0 0.023226897525778365 -0.028833509581089666 0.017765369058931068 0 0 -0.018530169606224878 -0.026781484775312094 -0.027825068035186105 -0.03716034217534258 0 0.0056703044165836679 -0.048321972828425097 0.00053487030196116387 0.0085686466459722783 -0.0082094866516753493
leaf_weight=20.065942400950014 0.74467580567579661 3.6724564437172376 0.28039284324040537 0.8155588147928936 0.86570306256180618 1.0777463912963865 2.4440447308006688 1.1617952408851113 0.43743817461654533 0.40781914256513108 0.36156031861901283 2.2385345159564172 0.54313866351731099 1.5611003922531379 0.74938000563997775 0.42930883599910885 1.2434574660146602 0.67962371802423049 2.0309319472871721 4.3387723311316204 0.50322142150252958 5.7681418436113736 1.7830328512936828 5.255363576230593
leaf_count=322 17 67 13 49 20 21 52 30 14 14 4 67 9 26 16 18 30 9 21 59 30 159 27 144
internal_value=-0.0026258 0.0112593 -0.00443974 0.00218215 0 0.00618195 -0.00568481 -0.00632901 -0.0226784 0.00522177 -0.000870432 0.00798019 0 0.0118489 -0.00820325 -0.0151432 -0.00550953 -0.00466233 -0.0130003 -0.00386458 -0.00571384 -0.00457421 0 -0.00282247
internal_weight=59.4591 6.36058 53.0986 7.38679 2.68813 1.94345 45.7118 43.2677 1.59923 6.67709 1.17712 5.49997 1.70034 3.79963 1.29252 0.709702 41.6685 38.3941 3.27439 37.7145 26.3373 25.8341 11.3772 7.0384
internal_count=1238 125 1113 216 58 41 897 845 44 185 53 132 39 93 25 31 801 750 51 741 511 481 230 171
is_linear=0
shrinkage=0.04


Tree=206
num_leaves=25
num_cat=0
split_feature=24 26 25 15 18 1 25 15 1 25 26 26 1 26 24 22 25 25 1 26 1 25 26 25
split_gain=0.339299 0.734396 0.767685 0.578996 0.503265 1.21865 0.781711 0.732712 0.702874 1.25163 1.30673 0.497326 0.838852 0.461308 0.709613 0.437389 0.60976 0.465616 0.426774 1.46264 0.642573 0.58783 0.417819 0.388828
threshold=3.5000000000000004 2.5000000000000004 5.5000000000000009 2.5000000000000004 1.0000000180025095e-35 13.500000000000002 2.5000000000000004 1.5000000000000002 13.500000000000002 4.5000000000000009 4.5000000000000009 5.5000000000000009 9.5000000000000018 2.5000000000000004 2.5000000000000004 2.5000000000000004 3.5000000000000004 4.5000000000000009 16.500000000000004 3.5000000000000004 18.500000000000004 4.5000000000000009 3.5000000000000004 6.5000000000000009
decision_type=2 2 2 2 2 2 2 2 2 2 2 2 2 2 2 2 2 2 2 2 2 2 2 2
left_child=13 2 -2 4 6 7 11 -6 15 10 -10 12 -3 -1 -15 16 -8 -18 21 -20 -21 -7 -16 -11
right_child=1 3 -4 -5 5 18 8 -9 9 23 -12 -13 -14 14 22 -17 17 -19 19 20 -22 -23 -24 -25
leaf_value=0 -0.040663620952358259 0 -0.0033922416744574602 -0.036000728688510682 0 0.030503105759269893 -0.022809641166511321 -0.082754252683083673 -0.051756064547834199 0.025341458100152824 0 0.002874546392547337 -0.044342006384970642 -0.027051676881361002 0.017420550205365367 0.034110992329524796 0.034279422338141463 0 -0.051136906414212133 -0.040630342162727311 0.0052356725226745237 -0.0097541984186125547 -0.0088082061103346362 0
leaf_weight=9.5769943149643968 1.3538043642183755 1.4499282059259742 4.3601444906089455 0.6059737503528585 0.41041435382794489 1.5583547800779336 0.6041651908308262 0.4773692125454545 0.95901491749100198 3.5314024653052911 3.2654289624770172 4.9734660338144749 1.104465255513787 3.7228514703747333 1.0531959638465194 3.1638561678119004 1.2928406973369417 0.64348005782812823 0.93851202959194591 0.51155245327390719 6.9990585484774783 0.53824029397219408 5.389953377074562 0.89212458103429515
leaf_count=159 33 30 114 8 32 30 7 5 8 91 73 129 17 93 33 52 31 19 17 5 137 18 55 42
internal_value=-0.00252505 -0.000180262 -0.013623 0.00184839 0.00277701 -0.00358535 0.00646729 -0.0485989 0.0120704 0.00374412 -0.0106388 -0.00315274 -0.0180199 -0.00682696 -0.0127718 0.023291 0.00666704 0.0199958 0 -0.00380304 0.00104655 0.0163525 -0.00327923 0.0192882
internal_weight=59.3766 39.6336 5.71395 33.9196 33.3137 11.4335 21.8802 0.887784 14.3523 8.64797 4.22444 7.52786 2.55439 19.743 10.166 5.70434 2.54049 1.93632 10.5457 8.44912 7.51061 2.0966 6.44315 4.42353
internal_count=1238 898 147 751 743 244 499 37 323 214 81 176 47 340 181 109 57 50 207 159 142 48 88 133
is_linear=0
shrinkage=0.04


Tree=207
num_leaves=25
num_cat=0
split_feature=17 21 27 26 23 23 21 26 26 10 24 15 21 24 21 23 23 21 21 24 21 23 23 23
split_gain=0.776502 0.329306 0.284547 0.162159 0.390945 0.158211 0.243744 0.141542 0.966789 0.118982 0.354528 0.305196 0.250228 0.132632 0.13932 0.131348 0.173039 0.0613215 0.047281 0.0360842 0.0284934 0.0251438 0.0401427 0.0318458
threshold=1.5000000000000002 1.8750000000000002 3.5000000000000004 4.5000000000000009 0.84759080068664439 0.84759080068664439 3.7083333333333335 10.500000000000002 7.0000000000000009 3.5000000000000004 4.5000000000000009 1.5000000000000002 1.4166666666666667 5.5000000000000009 1.8750000000000002 0.48570226039551589 0.84759080068664439 2.1250000000000004 1.1250000000000002 6.5000000000000009 1.5833333333333337 0.90441722268325109 1.2359820001581181 1.0000000180025095e-35
decision_type=2 2 2 2 2 2 2 2 2 2 2 2 2 2 2 2 2 2 2 2 2 2 2 2
left_child=2 3 7 -2 -5 6 -4 8 9 10 12 -11 -1 -12 18 -13 -17 -3 -15 -16 -14 23 -23 -22
right_child=1 17 5 4 -6 -7 -8 -9 -10 11 13 15 20 14 19 16 -18 -19 -20 -21 21 22 -24 -25
leaf_value=-0.0083908685382699227 -0.016211419007942797 0.030951844354051312 0.025100419328531881 0.028105004176774306 -0.0042566326665228731 0 0 0.0022447297596323644 -0.044273707242666986 -0.034635479817917737 0.011638919175553819 0 0.0098652119794507848 0 0.010236922526297817 -0.012379056687538892 0 0.0091737011029390334 -0.0080467926963369192 0 0 0.009025312814077124 0 -0.0036858475666564491
leaf_weight=15.753759616753088 0.73449031217023675 1.1536755048437046 1.192246527585666 0.85121151286875818 1.0800372567027805 2.0756697633769363 0.66163905011489976 2.4384130376856765 1.0611252642120224 0.78773266135249187 2.4908485575579098 3.8071639053523532 0.44411422027042036 0.34468770987587083 1.8403946915641429 5.84207168035209 2.441141240298748 2.4762660637497902 2.5240261848084629 0.5824853068916126 0.75676723150536229 0.88157630051136926 0.52612581860739738 6.3280017845681868
leaf_count=200 17 34 51 20 21 38 7 53 26 28 80 51 19 23 35 82 20 33 99 42 34 36 24 165
internal_value=-0.00246584 0.0104586 -0.00415905 0 0.00586459 0.00524312 0.0139576 -0.00507913 -0.00563628 -0.00455584 -0.00286622 -0.0081951 -0.00535797 0.00401108 0 -0.00581073 -0.00864031 0.0182992 -0.00553175 0.00746806 0 -0.00052795 0.00232072 -0.00222315
internal_weight=59.0757 6.29568 52.78 2.66574 1.93125 3.92956 1.85389 48.8504 46.412 45.3509 32.4728 12.8781 24.6903 7.78244 5.29159 12.0904 8.28321 3.62994 2.86871 2.42288 8.93659 8.49247 1.4077 7.08477
internal_count=1238 125 1113 58 41 96 58 1017 964 938 757 181 478 279 199 153 102 67 122 77 278 259 60 199
is_linear=0
shrinkage=0.04


Tree=208
num_leaves=25
num_cat=0
split_feature=21 25 25 15 14 15 1 26 25 26 24 26 1 1 25 1 1 23 23 25 26 1 1 26
split_gain=0.451898 0.657051 0.6406 1.12266 0.284416 0.178703 0.207157 0.31507 0.364056 0.165821 0.204652 0.258967 0.970915 0.502846 0.264369 0.406669 0.183869 0.158056 0.107395 0.0868792 0.479744 0.0858055 0.103701 0.0823754
threshold=1.8750000000000002 2.5000000000000004 3.5000000000000004 1.5000000000000002 2.5000000000000004 2.5000000000000004 26.500000000000004 10.500000000000002 1.0000000180025095e-35 5.5000000000000009 4.5000000000000009 3.5000000000000004 12.500000000000002 14.500000000000002 9.0000000000000018 14.500000000000002 6.5000000000000009 0.90441722268325109 0.90441722268325109 3.5000000000000004 2.5000000000000004 11.500000000000002 8.5000000000000018 5.5000000000000009
decision_type=2 2 2 2 2 2 2 2 2 2 2 2 2 2 2 2 2 2 2 2 2 2 2 2
left_child=5 4 3 17 -2 6 7 8 -1 10 16 12 -12 -13 15 -14 -10 -3 -6 21 -21 22 -18 -4
right_child=1 2 23 -5 18 -7 -8 -9 9 -11 11 13 14 -15 -16 -17 19 -19 -20 20 -22 -23 -24 -25
leaf_value=-0.02177560816888521 0 0.0314984093921446 -0.0018759468971215726 -0.028714287391535216 -0.023224470243473516 -0.016492246467681562 -0.027300343156288865 0.010890548990142634 0.0014454324533594528 -0.010187297545669112 0.026086132271747706 -0.012723543635566022 -0.0016109796351199729 0.025833000125141403 0.0069971320110952208 -0.034569940734696963 -0.011452625790875064 0 0 -0.032233423770124545 0.0047317036539925011 -0.022924699273227427 -0.0010736935006063265 0.0046285072275408746
leaf_weight=1.9518692094716232 1.1266768931527651 3.3166622321004975 5.5341603145934624 0.50652316818013776 2.1424244036898021 2.4137164088897398 0.68783452385105093 2.0745660938555366 5.3645280390046599 4.8289885437116018 1.4962650672532607 0.45032937824726138 2.1779847053112471 1.8616910338168962 0.45801617996767152 1.3228064053691921 3.7883078672457451 0.39895074354717497 0.36101901635993261 0.66345408605411549 3.4957065413473174 0.98071653116494495 6.1637083834502846 5.4395986575691495
leaf_count=52 34 74 178 8 49 28 18 45 80 123 48 7 31 50 25 28 43 15 22 16 70 12 69 113
internal_value=-0.00235944 0.00247972 0.00648145 0.0198232 -0.012068 -0.00482586 -0.00386843 -0.00321799 -0.00428269 -0.00300763 -0.00149576 0.00352279 0 0.0148629 -0.0116281 -0.01635 -0.00379232 0.028593 -0.0198231 -0.00618421 0 -0.00809373 -0.00582837 0.000619244
internal_weight=59.0065 18.826 15.1959 4.22214 3.63012 40.1805 37.7668 37.0789 35.0044 33.0525 28.2235 7.76709 5.45507 2.31202 3.95881 3.50079 20.4564 3.71561 2.50344 15.0919 4.15916 10.9327 9.95202 10.9738
internal_count=1238 493 388 97 105 745 717 699 654 602 479 189 132 57 84 59 290 89 71 210 86 124 112 291
is_linear=0
shrinkage=0.04


Tree=209
num_leaves=25
num_cat=0
split_feature=17 25 21 25 18 24 1 25 21 25 18 18 25 21 23 21 25 23 23 23 21 23 1 1
split_gain=0.663259 0.949424 0.637169 0.308601 0.655146 0.295303 0.241081 0.803173 0.32305 0.234597 0.795043 0.317711 0.428302 0.216838 0.192671 0.365508 0.236678 0.202464 0.19032 0.239527 0.156373 0.145019 0.111381 0.183637
threshold=1.5000000000000002 2.5000000000000004 1.8750000000000002 3.5000000000000004 1.0000000180025095e-35 5.5000000000000009 12.500000000000002 4.5000000000000009 2.2916666666666674 4.5000000000000009 1.0000000180025095e-35 1.0000000180025095e-35 6.5000000000000009 1.7083333333333337 0.8228263892582881 1.4166666666666667 9.0000000000000018 0.84759080068664439 0.90441722268325109 1.1038793623175318 1.8750000000000002 1.0000000180025095e-35 4.5000000000000009 5.5000000000000009
decision_type=2 2 2 2 2 2 2 2 2 2 2 2 2 2 2 2 2 2 2 2 2 2 2 2
left_child=3 -2 -3 4 5 18 7 13 9 10 -8 14 -13 -5 15 16 -11 -16 22 -20 -9 -14 -1 -24
right_child=1 2 -4 6 -6 -7 8 20 -10 11 -12 12 21 -15 17 -17 -18 -19 19 -21 -22 -23 23 -25
leaf_value=0.0029259248101208488 -0.035991390314329984 0 0.027881133005594569 0.028822203614591639 -0.036767518957242611 -0.032792518595827713 -0.049136838181674365 -0.020989389698677977 0.0062795788304270527 -0.030697772817813114 0 -0.019082213094489337 0.011972817665945601 0 -0.022738094623550455 0.016329428005011911 0 0 0.026175444905760167 0 0 -0.0061548803333270445 -0.020424564453642588 -0.0044017058377937108
leaf_weight=1.2849887895863634 0.55831246264278789 2.5754333417862654 3.0884201208828017 2.1065643263864362 1.2081806545029383 0.6879503884119903 0.85247513651848139 0.87835380644537542 4.3476198631979051 0.47200948838144352 2.3056685093324631 3.336257160641253 1.2954245295259172 0.5820484235882758 0.6910351351834837 3.1535118874162436 0.38741346634924412 2.2261148585239425 0.70938348839990684 0.52031706221168861 1.4264907892793415 1.2230779608944429 1.6132675674743975 21.333647565334104
leaf_count=39 17 52 56 72 49 36 10 22 115 5 32 60 14 16 13 80 20 39 28 18 60 41 21 323
internal_value=-0.00229215 0.00970034 0.0156169 -0.00386161 -0.00682927 -0.00514011 -0.000334161 0.00714206 -0.00256831 -0.0054829 -0.0157777 -0.00231412 -0.00951041 0.0228438 0.00261116 0.0089603 -0.00877092 -0.00338055 -0.00407877 0.00914288 -0.00770313 0 -0.00507987 -0.00587681
internal_weight=58.864 6.22217 5.66385 52.6418 27.3577 26.1496 25.2841 4.99346 20.2906 15.943 3.15814 12.7848 5.85476 2.68861 6.93008 4.01293 0.859423 2.91715 25.4616 1.2297 2.30484 2.5185 24.2319 22.9469
internal_count=1238 125 108 1113 514 465 599 170 429 314 42 272 115 88 157 105 25 52 429 46 82 55 383 344
is_linear=0
shrinkage=0.04


Tree=210
num_leaves=25
num_cat=0
split_feature=25 17 15 1 25 1 0 26 26 19 26 23 25 23 17 25 23 26 17 25 1 25 27 25
split_gain=0.961319 0.853041 0.506362 0.470242 0.449191 0.401206 0.237978 0.519495 0.321308 0.193995 0.189764 0.188069 0.183255 0.935245 0.283868 1.03085 0.155073 0.128911 0.119813 2.08946 0.120738 0.362595 0.179643 0.173824
threshold=6.5000000000000009 1.0000000180025095e-35 2.5000000000000004 19.500000000000004 1.5000000000000002 11.500000000000002 2.5000000000000004 1.5000000000000002 10.500000000000002 1.0000000180025095e-35 2.5000000000000004 0.84759080068664439 2.5000000000000004 0.90441722268325109 1.5000000000000002 3.5000000000000004 0.8228263892582881 5.5000000000000009 1.0000000180025095e-35 4.5000000000000009 12.500000000000002 4.5000000000000009 3.5000000000000004 5.5000000000000009
decision_type=2 2 2 2 2 2 2 2 2 2 2 2 2 2 2 2 2 2 2 2 2 2 2 2
left_child=2 3 4 -2 6 9 17 -8 -9 -6 -11 -5 13 -7 15 -14 -16 -1 20 -20 21 -17 23 -22
right_child=1 -3 -4 11 5 12 7 8 -10 10 -12 -13 14 -15 16 18 -18 -19 19 -21 22 -23 -24 -25
leaf_value=-0.0051956496063950601 0 -0.029050041048395842 -0.035716491223001946 0.015324616484003585 0.0079928879715870302 -0.029127612052957292 0.00051796968459688793 -0.041317175300071583 -0.0079358430146233387 -0.027539085236510937 0 0.040712372770691355 -0.030967364275837662 0.026714056206405386 0.012926951012459836 0.017222314073097936 0 0.016991882427471329 -0.051343375681369825 0.013599240860831308 -0.012712777323570373 -0.0048413651514642563 0.0063337141595678007 0
leaf_weight=1.3413557296153147 1.20226375828497 0.49360990209970612 0.66984186979243432 3.0944210762390867 13.860715968883598 1.7657038457691698 1.3253057668916879 1.343827633012552 1.9188056355924343 0.41921647300478015 1.7528074712026862 1.6829210078576577 1.9062527490314156 0.52574180252850045 3.1675324849784365 2.6203437168151167 2.2651711808866821 0.58896561490837473 1.1746942047029727 2.1714503859402612 2.5982787869870645 1.3950847228989003 3.6301382819656283 3.9843098087003455
leaf_count=28 66 16 15 74 192 36 44 44 38 13 50 24 47 21 46 84 55 37 10 46 36 44 87 84
internal_value=0.000702582 0.0152961 -0.00101216 0.0202947 -0.000384164 0.000923072 -0.0102827 -0.0152714 -0.0241371 0.00606333 -0.00256688 0.0259426 -0.00181221 -0.0128242 -0.00047824 -0.00302865 0.00719445 0 0 -0.00680864 0.00160348 0.00756439 0 -0.00464134
internal_weight=56.8988 6.47322 50.4255 5.97961 49.7557 43.2374 6.51826 4.58794 3.26263 16.0327 2.17202 4.77734 27.2047 2.29145 24.9133 19.4806 5.4327 1.93032 17.5743 3.34614 14.2282 4.01543 10.2127 6.58259
internal_count=1237 180 1057 164 1042 851 191 126 82 255 63 98 596 57 539 438 101 65 391 56 335 128 207 120
is_linear=0
shrinkage=0.04


Tree=211
num_leaves=25
num_cat=0
split_feature=3 15 15 19 15 24 26 26 27 24 17 26 1 21 21 26 21 1 24 1 21 23 13 1
split_gain=0.527051 0.618508 0.475832 0.449017 0.451645 0.975635 0.447656 0.955424 0.47027 0.464892 0.519922 0.296959 0.362837 0.271173 0.670442 0.86376 0.682388 0.617394 1.6651 0.22538 0.202245 0.155763 0.264524 0.147391
threshold=1.0000000180025095e-35 2.5000000000000004 2.5000000000000004 1.0000000180025095e-35 1.5000000000000002 6.5000000000000009 4.5000000000000009 9.0000000000000018 2.5000000000000004 4.5000000000000009 1.0000000180025095e-35 4.5000000000000009 8.5000000000000018 1.8750000000000002 2.8750000000000004 3.5000000000000004 3.7083333333333335 13.500000000000002 3.5000000000000004 10.500000000000002 1.7083333333333337 1.0000000180025095e-35 1.0000000180025095e-35 17.500000000000004
decision_type=2 2 2 2 2 2 2 2 2 2 2 2 2 2 2 2 2 2 2 2 2 2 2 2
left_child=1 -1 3 4 5 6 9 8 19 21 23 12 -5 17 15 -15 -16 18 -6 -8 -3 22 -2 -11
right_child=2 20 -4 11 13 -7 7 -9 -10 10 -12 -13 -14 14 16 -17 -18 -19 -20 -21 -22 -23 -24 -25
leaf_value=-0.0012052866356455729 0 0.043792203969877042 -0.034907356729680115 -0.03581379409352841 0.01097615372700445 -0.035657409930205677 0.016028601135168449 -0.010137268849644757 0.026054164757716856 0.016629846071877945 -0.039763795650322897 -0.032803195536774521 -0.00026930783348122652 0 0.029502309419475816 -0.043065539179535366 -0.022345635424448691 0.0062617218656477007 -0.065649107326659698 0 0.0038245638852646658 0.0015950250729569455 0.025653323734581367 -0.019299639281275177
leaf_weight=1.0645573899382716 1.0310057123424485 1.1300201712874693 0.62424860260216419 0.55473432061262329 0.76874250592663684 0.90071468497626384 2.3026464596623537 2.2328196862363248 5.1943783020833507 0.54564811394084134 0.87202815746422857 0.85203130840091024 6.0678367387736216 1.1783175040036442 0.95732390414923407 1.6779875636566428 0.58474471420049667 5.6043528743321076 0.77489364333450794 3.1434918523300439 0.85997507767751824 16.130330350017175 1.3179488214664223 0.22800430608913302
leaf_count=61 12 12 16 23 28 32 62 45 120 37 17 41 144 50 47 28 4 89 12 85 11 215 42 4
internal_value=0.000669033 0.0168575 -0.000105064 0.000154295 0.00179591 0.00425014 0.00558189 0.0115097 0.016804 0.00139254 -0.0182305 -0.0087564 -0.00445465 -0.00471661 -0.0125318 -0.0246109 0.00465399 0 -0.0223066 0.00651242 0.0305403 0.00357299 0.0137499 0
internal_weight=56.5988 3.05455 53.5442 52.92 45.4454 33.899 32.9983 12.8733 10.6405 20.125 1.64568 7.4746 6.62257 11.5464 4.39837 2.85631 1.54207 7.14799 1.54364 5.44614 1.99 18.4793 2.34895 0.773652
internal_count=1237 84 1153 1137 929 671 639 312 267 327 58 208 167 258 129 78 51 129 40 147 23 269 54 41
is_linear=0
shrinkage=0.04


Tree=212
num_leaves=25
num_cat=0
split_feature=25 17 15 25 24 19 17 17 17 25 23 21 21 19 24 21 23 23 23 6 0 21 25 21
split_gain=0.829858 0.78684 0.454364 0.40075 0.248835 0.636896 0.940069 0.326043 1.54529 0.577184 0.368731 0.272719 0.319229 0.644116 0.237284 0.237064 0.217752 0.333996 0.216523 0.275154 0.214374 0.210568 0.191694 0.191317
threshold=6.5000000000000009 1.0000000180025095e-35 2.5000000000000004 1.5000000000000002 4.5000000000000009 1.0000000180025095e-35 1.0000000180025095e-35 1.5000000000000002 1.0000000180025095e-35 3.5000000000000004 0.8228263892582881 1.8750000000000002 2.8750000000000004 1.0000000180025095e-35 3.5000000000000004 3.7083333333333335 0.90441722268325109 0.48570226039551589 0.84759080068664439 1.0000000180025095e-35 2.5000000000000004 2.1250000000000004 3.5000000000000004 2.5833333333333335
decision_type=2 2 2 2 2 2 2 2 2 2 2 2 2 2 2 2 2 2 2 2 2 2 2 2
left_child=2 18 3 20 5 16 -7 8 9 -6 -9 -11 13 -13 -8 -14 17 23 -2 -20 -1 -19 -10 -5
right_child=1 -3 -4 4 7 6 14 10 22 11 -12 12 15 -15 -16 -17 -18 21 19 -21 -22 -23 -24 -25
leaf_value=0 0.010264377770672939 -0.028548843204484017 -0.034634434900656756 0.00803812443110433 -0.036398225215556759 -0.040308857503781326 -0.022677590622675523 0.031452119137198135 -0.0067980526268676201 0.009195310359373314 0 -0.031647919809924867 0.023703686865536557 0.0026895179385109029 0.012910277514871966 -0.0025742668957455511 0.020701417996144996 -0.0094953384565915743 0 0.042492349391391598 -0.014520989704965147 0.0059086325469380743 -0.048741186196298421 -0.0071566357666381763
leaf_weight=1.9125581155531097 3.8353296840214162 0.48312603193335224 0.63880725839408015 17.215222312486745 0.63738785678287868 1.2608978789066889 0.30447642784565654 0.79782654531300012 0.78137243865057771 5.4427340591791999 1.5996342060388995 1.4643841832876212 0.88583194930106379 1.2736342838034032 1.3648651135154068 0.33492431789636612 1.6782261597691093 3.9412631319137281 0.61072644975502055 1.4134807341033593 4.5416950890794396 1.574340346327517 1.3492602811893446 0.87777553964406152
leaf_count=65 115 16 15 240 13 35 16 24 30 121 40 23 39 29 38 2 58 86 31 18 126 24 13 20
internal_value=0.000627886 0.0143407 -0.000955516 -0.000356098 0.000875368 0.00321107 -0.0136881 -0.00309983 -0.00616396 0 0.00911682 0.00289993 -0.00373448 -0.0127535 0.00162699 0.0099408 0.00548572 0.00406525 0.0192423 0.0323008 -0.00975876 -0.00364809 -0.037114 0.0068588
internal_weight=56.2198 6.34266 49.8771 49.2383 42.7841 28.2171 2.93024 14.567 12.1695 10.0389 2.39746 9.40151 3.95877 2.73802 1.66934 1.22076 25.2868 23.6086 5.85954 2.02421 6.45425 5.5156 2.13063 18.093
internal_count=1237 180 1057 1042 851 517 89 334 270 227 64 214 93 52 54 41 428 370 164 49 191 110 43 260
is_linear=0
shrinkage=0.04


Tree=213
num_leaves=25
num_cat=0
split_feature=25 17 15 1 25 21 1 24 21 1 21 25 1 1 26 17 21 26 0 24 21 21 21 26
split_gain=0.776516 0.742139 0.429407 0.403567 0.367143 0.348682 0.330398 0.336255 0.250692 0.380115 0.341537 0.437923 0.575127 0.676783 0.327664 0.668537 0.252758 0.215159 0.458691 0.649001 0.194665 0.185247 0.322396 0.207821
threshold=6.5000000000000009 1.0000000180025095e-35 2.5000000000000004 19.500000000000004 1.5000000000000002 1.7083333333333337 11.500000000000002 2.5000000000000004 2.1250000000000004 13.500000000000002 3.7083333333333335 2.5000000000000004 13.500000000000002 17.500000000000004 5.5000000000000009 1.5000000000000002 1.4166666666666667 1.5000000000000002 2.5000000000000004 4.5000000000000009 1.5833333333333337 1.5833333333333337 1.8750000000000002 3.5000000000000004
decision_type=2 2 2 2 2 2 2 2 2 2 2 2 2 2 2 2 2 2 2 2 2 2 2 2
left_child=2 3 4 -2 17 -5 21 -8 9 16 11 -10 -13 -14 -11 -16 -9 -1 -19 -20 -18 -6 23 -23
right_child=1 -3 -4 5 6 -7 7 8 10 14 -12 12 13 -15 15 -17 20 18 19 -21 -22 22 -24 -25
leaf_value=0 0 -0.028041013549320818 -0.034093380483941997 0.036336919628718704 0.0026975999317518603 0.0079906642121358069 -0.03229041067149048 0 -0.017385490914701398 0.0058048931636263271 -0.021339318913582598 0.02859051128383451 -0.027922827402990801 0.010967062233333958 -0.030397603080996132 0.0053486527854764701 -0.037902326800634517 0 -0.043222066470821059 -0.0015241535581857208 -0.0094949863837667913 0.034670335647784989 0 0
leaf_weight=1.3684808422112826 1.1921504049096245 0.47241915750782926 0.6233029110589986 2.3419389986665919 12.902268193196504 2.2843309550080448 0.57494171313010412 2.38025541300886 0.72630501911044021 7.5869111398933438 0.57786503434181202 2.2779487422667444 0.86102829402079795 3.4975508943898603 1.4133826459292322 1.3651764243841171 0.78024109080433834 1.8709087191382421 1.432899891631678 1.7799395801266653 4.6927341918926686 1.276979700662195 0.95215717738028605 0.67841838521417219
leaf_count=49 66 16 15 66 154 32 16 60 7 136 4 50 18 90 31 37 14 60 30 52 133 34 47 20
internal_value=0.000591987 0.0139176 -0.000936218 0.0186993 -0.000351135 0.0240695 0.000826053 -0.00165863 -0.000679579 -0.00352727 0.00484653 0.00798824 0.0119706 0.00144898 0.000808417 -0.00995537 -0.0102686 -0.00935306 -0.0133696 -0.0226111 -0.0150065 0.00553366 0.0153672 0.024798
internal_weight=55.9105 6.29084 49.6197 5.81842 48.9964 4.62627 42.5442 26.7343 26.1594 18.2187 7.9407 7.36283 6.63653 4.35858 10.3655 2.77856 7.85323 6.45223 5.08375 3.21284 5.47298 15.8098 2.90756 1.9554
internal_count=1237 180 1057 164 1042 98 851 596 580 411 169 165 158 108 204 68 207 191 142 82 147 255 101 54
is_linear=0
shrinkage=0.04


Tree=214
num_leaves=25
num_cat=0
split_feature=25 17 15 1 25 21 1 24 21 1 21 25 1 1 1 1 23 25 21 26 0 24 25 21
split_gain=0.722759 0.699632 0.405983 0.383828 0.338366 0.333239 0.309657 0.317537 0.227599 0.352717 0.317207 0.408857 0.534932 0.628943 0.299758 0.237838 0.787728 0.333107 0.223514 0.204728 0.437753 0.624075 0.186483 0.288175
threshold=6.5000000000000009 1.0000000180025095e-35 2.5000000000000004 19.500000000000004 1.5000000000000002 1.7083333333333337 11.500000000000002 2.5000000000000004 2.1250000000000004 13.500000000000002 3.7083333333333335 2.5000000000000004 13.500000000000002 17.500000000000004 16.500000000000004 12.500000000000002 0.60355339059327384 3.5000000000000004 1.7083333333333337 1.5000000000000002 2.5000000000000004 4.5000000000000009 2.5000000000000004 1.8750000000000002
decision_type=2 2 2 2 2 2 2 2 2 2 2 2 2 2 2 2 2 2 2 2 2 2 2 2
left_child=2 3 4 -2 19 -5 -6 -8 9 15 11 -10 -13 -14 18 17 -17 22 -11 -1 -21 -22 23 -9
right_child=1 -3 -4 5 6 -7 7 8 10 14 -12 12 13 -15 -16 16 -18 -19 -20 20 21 -23 -24 -25
leaf_value=0 0 -0.027534725878586928 -0.033556574038428245 0.035658107913326076 0.0053535593720225637 0.0076846544115225061 -0.031765372775160124 0.005793916198504355 -0.016773718495434985 0 -0.020607182834267587 0.02765913575700412 -0.027076409563156791 0.010558719195107254 -0.0080390461700144428 -0.057189612202445367 0 0.00033395016233384408 0.01511961982625281 0 -0.04275781439901799 -0.0014626277167187922 -0.037191357410819928 -0.02599059486010798
leaf_weight=1.3684808422112826 1.1921504049096245 0.46207273425534356 0.60824955714633588 2.2920813511591405 15.755917809845412 2.2803655038587749 0.56134407460922631 0.82120004552417147 0.72275679558515449 4.2207858753390592 0.57452884316444386 2.2608234900981188 0.85260076262056816 3.4877060683211312 3.3740952735533938 0.69583301362581529 0.96422354830428958 4.038251479389146 2.7359003776218742 1.8709087191382421 1.391361866029911 1.7806071373051962 0.68649186939001072 0.66136287339031696
leaf_count=49 66 16 15 66 255 32 16 27 7 73 4 50 18 90 63 13 28 115 68 60 30 52 6 18
internal_value=0.000556364 0.0134872 -0.000910576 0.0181631 -0.000340032 0.0234568 0.000782672 -0.00161881 -0.000663797 -0.00338677 0.00459713 0.00766662 0.0115545 0.00132257 0.000778159 -0.00987267 -0.0247327 -0.00460977 0.00620461 -0.00901498 -0.0129723 -0.0220986 -0.017502 -0.00298891
internal_weight=55.6601 6.22667 49.4334 5.7646 48.8252 4.57245 42.4138 26.6579 26.0966 18.1981 7.89842 7.32389 6.60113 4.34031 10.3308 7.86736 1.66006 6.20731 6.95669 6.41136 5.04288 3.17197 2.16905 1.48256
internal_count=1237 180 1057 164 1042 98 851 596 580 411 169 165 158 108 204 207 41 166 141 191 142 82 51 45
is_linear=0
shrinkage=0.04


Tree=215
num_leaves=25
num_cat=0
split_feature=26 1 17 23 23 25 1 23 17 25 26 22 22 25 26 26 1 26 1 23 25 1 15 1
split_gain=0.697965 0.678701 0.392414 0.627734 0.248173 0.19154 1.1153 0.629193 0.343456 1.58479 1.41381 0.528333 0.295385 0.810593 1.59123 0.820346 0.646806 0.622897 0.225288 0.357539 0.284697 0.185998 0.181213 0.134078
threshold=9.0000000000000018 22.500000000000004 1.5000000000000002 0.8228263892582881 0.45220861134162554 3.5000000000000004 11.500000000000002 0.90441722268325109 1.0000000180025095e-35 4.5000000000000009 2.5000000000000004 2.5000000000000004 2.5000000000000004 4.5000000000000009 3.5000000000000004 2.5000000000000004 19.500000000000004 4.5000000000000009 17.500000000000004 0.8228263892582881 5.5000000000000009 13.500000000000002 2.5000000000000004 13.500000000000002
decision_type=2 2 2 2 2 2 2 2 2 2 2 2 2 2 2 2 2 2 2 2 2 2 2 2
left_child=2 -2 5 4 -4 6 -1 -8 12 -10 -11 -12 13 17 15 -15 -16 23 -14 -20 -21 -5 -22 -7
right_child=1 -3 3 21 -6 8 7 -9 9 10 11 -13 18 14 16 -17 -18 -19 19 20 22 -23 -24 -25
leaf_value=0.00050123218966046117 -0.002726707133951851 -0.050449530354689742 0.0075868552373608688 0.015544177340319487 0.037566997775938957 0.0081247359610208611 -0.031024115148672593 0.0025552498461249924 -0.048862485598115991 -0.035690123904857637 0.036391164646756666 0 0 0 0.023752843006742543 -0.053806233236070783 -0.0074519480708754252 -0.028281339483728546 0.030670928754662912 -0.015633214006883417 0.017649145464679942 -0.010619519182828028 0 0.029940137778428525
leaf_weight=19.09015076386277 2.0852328874752852 0.8471387555473483 2.0116174422437321 0.41049521678360212 1.3667652686126528 2.7788615389727109 3.1074599854182448 0.67166475602425624 1.1335307778790582 0.81672945804894004 1.6218331608688461 0.49807729653548438 1.4271013895631748 0.77691875398159038 1.7321788062108683 1.4993303334340453 2.2500529451644979 0.39925918052904297 1.6737064199987797 0.56841921526938666 2.6836405475623906 1.8801380521035751 2.5057679805904627 1.6239988445304332
leaf_count=348 46 13 19 13 31 85 81 29 13 14 41 13 65 40 49 11 43 8 71 14 80 47 18 26
internal_value=-0.000133309 -0.0192416 0.000781116 0.0107641 0.0220837 -0.000255909 -0.00302245 -0.0229392 0.00204798 -0.00785952 0.00524326 0.0247872 0.00447404 0 -0.00937072 -0.0364738 0.00411249 0.0124755 0.00991768 0.0128745 0.00631198 -0.00243834 0.0102573 0.0179884
internal_weight=55.4601 2.93237 52.5277 5.66902 3.37838 46.8587 22.8693 3.77912 23.9894 4.07017 2.93664 2.11991 19.9192 11.0606 6.25848 2.27625 3.98223 4.80212 8.85864 7.43153 5.75783 2.29063 5.18941 4.40286
internal_count=1218 59 1159 110 50 1049 458 110 591 81 68 54 510 262 143 51 92 119 248 183 112 60 98 111
is_linear=0
shrinkage=0.04


Tree=216
num_leaves=25
num_cat=0
split_feature=26 21 25 18 1 1 1 25 23 14 25 1 25 26 26 21 1 23 1 1 21 21 25 25
split_gain=0.654752 0.690376 1.27445 0.758763 0.640472 0.426409 0.319518 0.295246 0.291829 0.278416 0.165614 0.160561 0.232366 0.191212 0.432128 0.295238 0.125093 0.0894866 0.0680868 0.993496 0.246967 0.0521973 0.0501795 0.0606969
threshold=9.0000000000000018 1.8750000000000002 2.5000000000000004 1.0000000180025095e-35 22.500000000000004 18.500000000000004 26.500000000000004 3.5000000000000004 0.60355339059327384 2.5000000000000004 4.5000000000000009 14.500000000000002 5.5000000000000009 3.5000000000000004 1.5000000000000002 1.5833333333333337 15.500000000000002 1.1038793623175318 13.500000000000002 12.500000000000002 1.7083333333333337 1.5833333333333337 4.5000000000000009 3.5000000000000004
decision_type=2 2 2 2 2 2 2 2 2 2 2 2 2 2 2 2 2 2 2 2 2 2 2 2
left_child=1 11 9 5 -2 7 8 -4 10 -3 -5 18 16 14 -14 -15 -13 -9 19 22 -20 -16 23 -1
right_child=4 2 3 6 -6 -7 -8 17 -10 -11 -12 12 13 15 21 -17 -18 -19 20 -21 -22 -23 -24 -25
leaf_value=-0.00010254919112069571 -0.0026158129000527649 0 0.036832207285959338 0.015625488532921943 -0.04942971999010734 0 0.017387039778393728 0.015242189867662409 -0.024438736426529179 -0.021850193109658127 -0.0040240355678626376 0 0 0.022002103379220865 -0.042979840250496969 -0.0012526792333946801 -0.023538162908697306 0 0 -0.053333033116798198 0.018629437699452824 -0.0015367228928658994 -0.010967724418724813 0.0056455060355006395
leaf_weight=18.568417247035555 2.0866585236508395 1.0713943507289507 3.1978233926347439 0.96088703523855712 0.83037305634934444 0.89610914891818527 1.5389693299075586 2.678326371707954 0.86689171422040079 2.117336998693645 1.8759032512898557 1.0877683483995482 2.8263164896052331 1.1293878853321078 0.54777430719696008 1.6894789052894337 1.7572788540273903 0.26290650572627772 2.8721482947003087 0.57251675333827634 1.3426520153880117 0.58415993582457304 0.64440230443142255 3.1278872772236346
leaf_count=309 46 29 73 36 13 32 29 116 31 60 22 16 53 43 6 46 33 11 40 15 20 23 20 96
internal_value=-0.000124557 0.000759069 0.00795899 0.014136 -0.0186845 0.022817 0.000960966 0.0266034 -0.00370445 -0.0133161 0 -0.00205338 -0.00653622 -0.0011779 -0.00775981 0.0052264 -0.0164883 0.0127624 -0.000168437 -0.00130263 0.00409936 -0.0286597 0 0.000357403
internal_weight=55.1338 52.2167 15.4665 12.2778 2.91703 7.03517 5.24265 6.13906 3.70368 3.18873 2.83679 36.7502 9.62216 6.77712 3.95825 2.81887 2.84505 2.94123 27.128 22.9132 4.2148 1.13193 22.3407 21.6963
internal_count=1218 1159 439 350 59 232 118 200 89 89 58 720 220 171 82 89 49 127 500 440 60 29 425 405
is_linear=0
shrinkage=0.04


Tree=217
num_leaves=25
num_cat=0
split_feature=17 25 23 1 17 19 15 1 23 1 1 27 0 1 1 1 23 25 5 25 25 23 27 23
split_gain=0.384571 0.796315 0.99782 0.175554 0.990683 0.477917 0.371676 0.460826 0.1965 0.165901 0.157436 0.156704 0.383873 0.402231 1.26882 0.327877 0.195227 0.285996 0.13157 0.0746134 0.100383 0.064316 0.264817 0.0420209
threshold=1.5000000000000002 2.5000000000000004 0.8228263892582881 18.500000000000004 1.0000000180025095e-35 1.0000000180025095e-35 2.5000000000000004 17.500000000000004 0.90441722268325109 13.500000000000002 26.500000000000004 2.5000000000000004 3.5000000000000004 13.500000000000002 12.500000000000002 10.500000000000002 0.90441722268325109 3.5000000000000004 1.0000000180025095e-35 2.5000000000000004 5.5000000000000009 0.84759080068664439 3.5000000000000004 0.76180168105713697
decision_type=2 2 2 2 2 2 2 2 2 2 2 2 2 2 2 2 2 2 2 2 2 2 2 2
left_child=3 -2 -3 6 5 8 7 11 18 -4 -10 15 19 14 -14 -1 17 -17 -5 -13 -21 22 -20 -22
right_child=1 2 9 4 -6 -7 -8 -9 10 -11 -12 12 13 -15 -16 16 -18 -19 21 20 23 -23 -24 -25
leaf_value=0 -0.033874689093970886 0.031059925473268701 0.016713375702818802 -0.009587260645962957 -0.052880325979880294 -0.033831138462890556 -0.032189069686427707 0.02267529828173153 0 -0.0093768402298231145 0.032084447689214875 0 0 0.0050482267323593835 -0.080208736677006995 -0.027572498932695345 0 -0.00053147436254973816 -4.4191877553411846e-05 0.032410165546836199 0.0099827310012841879 -0.0043775140517257685 0.01917352743572736 0
leaf_weight=19.084921321424194 0.50305365165695448 2.9073284313781187 0.37799495534272898 2.8381348798866322 0.67920433473773378 0.72688548348378468 0.56024946781690133 1.461031264392658 0.79113240865990409 1.870603338233195 0.50120019912719727 0.35832554427906727 1.5034215406049041 4.4040534544037655 0.39820566913112987 1.8326971472124562 0.72310486761853088 1.9578239209949968 4.6566626138519496 0.95391464605927478 1.1113941925577817 3.0602031415328383 1.272934451466426 0.44721036544069659
leaf_count=335 15 45 11 70 17 20 17 63 39 46 5 15 38 69 8 38 26 46 78 73 55 26 44 19
internal_value=-0.00015274 0.00954904 0.0153374 -0.00142806 -0.00512452 -0.00220436 0 0.000643729 0 -0.00143324 0.0142939 -9.42961e-05 0.00406628 -0.000248306 -0.0167217 -0.00205118 -0.0117569 -0.0157162 -0.00206335 0.0163297 0.0187671 0 0.0027322 0.00528432
internal_weight=54.9817 5.65898 5.15593 49.3227 14.5264 13.8472 34.7964 34.2361 13.1203 2.2486 1.29233 32.7751 9.17653 6.30568 1.90163 23.5985 4.51363 3.79052 11.8279 2.87084 2.51252 8.9898 5.9296 1.5586
internal_count=1218 117 102 1101 299 282 802 785 262 57 44 722 277 115 46 445 110 84 218 162 147 148 122 74
is_linear=0
shrinkage=0.04


Tree=218
num_leaves=25
num_cat=0
split_feature=26 21 25 17 21 17 27 18 17 22 25 23 26 25 27 25 19 26 25 23 21 14 26 25
split_gain=0.589962 0.618462 1.1259 0.950793 0.374105 0.363426 0.269783 0.207255 0.178017 0.238341 0.303908 0.207362 0.149303 0.14476 0.0977127 0.1629 0.130609 0.293817 0.259265 0.0719787 0.0568739 0.129082 0.0621141 0.129685
threshold=9.0000000000000018 1.8750000000000002 2.5000000000000004 1.5000000000000002 1.5833333333333337 1.0000000180025095e-35 1.5000000000000002 1.5000000000000002 1.0000000180025095e-35 2.5000000000000004 3.5000000000000004 1.2731286173006529 5.5000000000000009 5.5000000000000009 1.5000000000000002 1.5000000000000002 1.0000000180025095e-35 3.5000000000000004 4.5000000000000009 0.60355339059327384 1.4166666666666667 2.5000000000000004 1.5000000000000002 1.5000000000000002
decision_type=2 2 2 2 2 2 2 2 2 2 2 2 2 2 2 2 2 2 2 2 2 2 2 2
left_child=1 14 5 7 -2 -3 12 8 9 -4 -11 -12 -7 19 20 -16 -17 18 -18 -10 22 -22 -1 -24
right_child=4 2 3 -5 -6 6 -8 -9 13 10 11 -13 -14 -15 15 16 17 -19 -20 -21 21 -23 23 -25
leaf_value=0.011280105818910155 -0.0058799898785726118 -0.036758832311504258 0 0.034682343359963112 -0.047454159257521659 0 -0.015180536119980579 -0.018843472031804458 0 -0.0061718239201835959 0.020372870837387477 0 0.028260415401253722 -0.024042212336514747 -0.029226968249866259 -0.0012185524779978968 0.0054552130964395772 -0.031635580645964501 -0.029289962995250943 0.017247352282594556 0.019056703066972706 0 -0.011052701757029349 0.00027575606010610937
leaf_weight=0.63992931542452236 2.2548381655942644 0.78545368579216246 1.9497556667774878 2.7851746780215754 0.64022077753907058 0.57602878159377746 1.39071529940702 0.32192396442405957 0.41098395641893126 0.45152849378064264 4.9258949646900874 0.4272653586231171 0.4412142401561141 0.4048568292055279 0.44160341599490749 24.450357028224975 1.4539722719928243 0.81390805658884335 0.43309612246230234 0.38715430058073252 0.84499012923333772 0.83850559126585722 1.8424751276616005 4.9088111217133701
leaf_count=30 41 32 32 52 18 18 29 11 16 14 172 11 10 11 21 470 42 22 6 31 26 20 21 62
internal_value=-0.000150933 0.000681077 0.0075609 0.0134778 -0.0178371 -0.0122876 -0.000983026 0.00625117 0.00804616 0.0105454 0.0146374 0.0178871 0.0105626 -0.00141363 -0.00196354 -0.00323282 -0.00251539 -0.011293 0 4.14197e-05 0.00101429 0.00772002 0 -0.0016309
internal_weight=54.8207 51.9256 15.258 12.0645 2.89506 3.19341 2.40796 9.27936 8.95744 7.75444 5.80469 5.35316 1.01724 1.203 36.6676 27.5929 27.1513 2.70098 1.88707 0.798138 9.07471 1.6835 7.39122 6.75129
internal_count=1218 1159 439 350 59 89 57 298 287 229 197 183 28 58 720 561 540 70 48 47 159 46 113 83
is_linear=0
shrinkage=0.04


Tree=219
num_leaves=25
num_cat=0
split_feature=26 24 21 25 17 17 27 18 17 22 24 25 23 26 25 27 24 25 24 25 26 26 23 26
split_gain=0.550909 1.06201 0.564111 1.04419 0.898526 0.348994 0.247633 0.193253 0.165288 0.221253 0.298315 0.309356 0.483647 0.141355 0.136327 0.0926258 0.195367 0.695305 0.228969 0.160479 1.11511 0.181417 0.150979 0.129806
threshold=9.0000000000000018 4.5000000000000009 1.8750000000000002 2.5000000000000004 1.5000000000000002 1.0000000180025095e-35 1.5000000000000002 1.5000000000000002 1.0000000180025095e-35 2.5000000000000004 3.5000000000000004 5.5000000000000009 0.60355339059327384 5.5000000000000009 5.5000000000000009 1.5000000000000002 2.5000000000000004 2.5000000000000004 3.5000000000000004 3.5000000000000004 4.5000000000000009 7.0000000000000009 0.45220861134162554 2.5000000000000004
decision_type=2 2 2 2 2 2 2 2 2 2 2 2 2 2 2 2 2 2 2 2 2 2 2 2
left_child=2 -2 15 5 7 -4 13 8 9 -5 -11 12 -12 -7 -10 -1 17 -17 -18 20 -20 -22 23 -21
right_child=1 -3 3 4 -6 6 -8 -9 14 10 11 -13 -14 -15 -16 16 18 -19 19 22 21 -23 -24 -25
leaf_value=0.00099730306324879807 -0.049903324535392576 0 -0.036270915563127629 0 0.033732398267725235 0 -0.014503107077615278 -0.018383486301337099 0 -0.0069292494618732195 0.023399863430228023 0.023765807344894009 -0.020079577387383422 0.027572656521891177 -0.023557816831744034 0 0.0037801620167087231 -0.051301225996514557 -0.042157180199641153 -0.0052911473478851291 0.010890276802316242 -0.0088754413013356296 -0.0043519545776374837 0.0099660082425794966
leaf_weight=9.0596595196402614 1.0289021860226051 1.8566524635534731 0.76460274192504529 1.9497556667774878 2.7497933303820892 0.57602878159377746 1.3973101545125244 0.31688342697452831 0.79274922260083236 0.4442921821901108 0.8426960945362223 3.7026754927355796 0.77485659834928811 0.43427345692180097 0.39681872224900872 2.0470335074933277 7.2199520446592969 0.61814337735995639 1.3177132772980282 0.5720668733119959 1.6510961302556098 1.1990103460848331 10.215509879286399 2.7226448087021708
leaf_count=159 22 37 32 32 52 18 29 11 47 17 34 123 23 10 11 42 113 17 25 26 46 25 212 55
internal_value=-0.00017703 -0.0172948 0.00062262 0.0072305 0.0129683 -0.0118997 -0.000837114 0.00590851 0.00767154 0.0100964 0.0140651 0.017322 0 0.0101454 -0.00132851 -0.00189115 -0.00313079 -0.0138921 -0.00165755 -0.00433093 -0.0115677 0 -0.0015063 0.00488875
internal_weight=54.6511 2.88555 51.7656 15.1427 11.9705 3.17222 2.40761 9.22073 8.90384 7.71428 5.76452 5.32023 1.61755 1.0103 1.18957 36.6228 27.5632 2.66518 24.898 17.678 4.16782 2.85011 13.5102 3.29471
internal_count=1218 59 1159 439 350 89 57 298 287 229 197 180 57 28 58 720 561 59 502 389 96 71 293 81
is_linear=0
shrinkage=0.04


Tree=220
num_leaves=25
num_cat=0
split_feature=26 21 18 18 27 26 1 23 23 14 26 26 1 17 25 23 26 23 15 23 1 1 25 23
split_gain=0.476766 0.734145 0.768179 0.502866 0.601363 0.393211 0.534805 0.55336 0.364271 0.343192 0.428354 0.339009 1.1197 0.532838 0.563209 0.559952 0.281457 0.270149 0.269514 0.25559 0.195735 0.241046 0.180685 0.404893
threshold=10.500000000000002 1.5833333333333337 1.0000000180025095e-35 1.0000000180025095e-35 1.5000000000000002 9.0000000000000018 26.500000000000004 0.60355339059327384 1.0000000180025095e-35 3.5000000000000004 2.5000000000000004 2.5000000000000004 8.5000000000000018 1.0000000180025095e-35 3.5000000000000004 0.8228263892582881 4.5000000000000009 0.60355339059327384 1.0000000180025095e-35 0.45220861134162554 15.500000000000002 12.500000000000002 4.5000000000000009 0.8228263892582881
decision_type=2 2 2 2 2 2 2 2 2 2 2 2 2 2 2 2 2 2 2 2 2 2 2 2
left_child=1 3 9 4 -1 6 7 -4 -6 11 -11 19 -13 14 -14 16 -15 -16 -2 -3 21 -5 -12 -24
right_child=18 2 5 20 8 -7 -8 -9 -10 10 22 12 13 15 17 -17 -18 -19 -20 -21 -22 -23 23 -25
leaf_value=-0.0015737707510281164 0 0 -0.0028828674328616856 0.012721537135074051 0 -0.046870041663976146 0.012605409461159858 -0.030676676581546256 -0.018897214070076596 -0.023657582406891475 -0.00034872134709765956 -0.050283226694673513 -0.033949531102650379 0 0 0 0.035444500718321108 0.025132699718737161 0.022777014339501914 0.026869004450305791 0.018502191581940299 -0.013471663941498284 0.029496222107373002 0
leaf_weight=8.1455235190223956 0.47134686214849297 0.48041344480589332 5.4450469817966223 0.89380202256143082 1.1821181486593548 0.46848699450492937 1.6885088370763695 1.8148193348897619 11.629341976309659 1.1483434117399145 3.9250408585648984 0.51973005756735613 0.73708560410887036 0.6656456473283473 1.5683837444521489 1.8081996581749988 2.2496042689308524 0.77953000273555506 1.7509641919750718 2.6255388543941081 1.0720556266605852 1.32805470819585 1.1269383830949662 0.81954753643367428
leaf_count=126 16 25 133 36 63 2 34 54 128 13 58 7 23 33 36 61 76 57 41 105 42 20 23 21
internal_value=-0.0027906 -0.00368784 0.000471875 -0.00879836 -0.0111983 -0.00850003 -0.00559718 -0.0109327 -0.0166932 0.00548365 -0.000440211 0.0098202 0.004363 0.00902478 -0.00166596 0.0177008 0.0285479 0.00506161 0.0146532 0.0218772 0.00404225 0 0.0027381 0.0130726
internal_weight=54.3441 52.1218 27.8709 24.2509 20.957 9.41686 8.94838 7.25987 12.8115 18.454 7.01987 11.4341 8.32818 7.80845 3.085 4.72345 2.91525 2.34791 2.22231 3.10595 3.29391 2.22186 5.87153 1.94649
internal_count=1233 1176 761 415 317 223 221 187 191 538 115 423 293 286 116 170 109 93 57 130 98 56 102 44
is_linear=0
shrinkage=0.04


Tree=221
num_leaves=25
num_cat=0
split_feature=26 21 18 18 1 26 1 23 14 26 26 1 17 23 25 26 23 23 24 1 23 25 23 21
split_gain=0.438515 0.665015 0.711232 0.464932 0.384805 0.365654 0.498857 0.521464 0.324053 0.39731 0.312829 1.052 0.502659 0.535129 0.531466 0.269986 0.256814 0.242999 0.1873 0.224067 0.166912 0.166088 0.388179 0.182582
threshold=10.500000000000002 1.5833333333333337 1.0000000180025095e-35 1.0000000180025095e-35 6.5000000000000009 9.0000000000000018 26.500000000000004 0.60355339059327384 3.5000000000000004 2.5000000000000004 2.5000000000000004 8.5000000000000018 1.0000000180025095e-35 0.8228263892582881 3.5000000000000004 4.5000000000000009 0.60355339059327384 0.45220861134162554 5.5000000000000009 12.500000000000002 0.90441722268325109 4.5000000000000009 0.8228263892582881 2.1250000000000004
decision_type=2 2 2 2 2 2 2 2 2 2 2 2 2 2 2 2 2 2 2 2 2 2 2 2
left_child=1 3 8 4 -1 6 7 -4 10 -10 17 -12 14 15 -13 -14 -16 -3 19 -5 -19 -11 -23 -24
right_child=-2 2 5 18 -6 -7 -8 -9 9 21 11 12 13 -15 16 -17 -18 20 -20 -21 -22 22 23 -25
leaf_value=-0.00097001692748738451 0.014072564295311443 0 -0.0027653017866563967 0.012294266397208882 -0.014318448748979907 -0.045562599662917709 0.0121267270655365 -0.029972521041970682 -0.022988247999473715 -0.0003347642129210845 -0.049254955209261361 -0.033507137068124623 0 0 0 0.034935348849669846 0.024650391510131594 0.030528003945108257 0.018183028483626941 -0.012930368913068169 0 0.028940554397998905 -0.026460287779512887 0.0061823969075302512
leaf_weight=6.2711010600905928 2.2013209758442818 0.48041344480589332 5.4493896591011435 0.88799100974574674 14.755245267122516 0.4627694785594948 1.685026222548913 1.7837947038933633 1.1347872440237541 3.9251356706954539 0.50956487748771717 0.71734601329080794 0.6656456473283473 1.8081996581749988 1.5683837444521489 2.1922638491960242 0.76332287822151546 2.1852321405895059 1.0569657722953705 1.341483471682295 0.4080995539552531 1.1031205290928481 0.39401294733397652 0.42553458909969777
leaf_count=79 57 25 133 36 238 2 34 54 13 58 7 23 33 61 36 76 57 81 41 21 24 23 6 15
internal_value=-0.00270346 -0.00356791 0.000402127 -0.00841389 -0.0107178 -0.00822784 -0.00539348 -0.010581 0.00526823 -0.00046841 0.0095216 0.00418669 0.00875328 0.0172436 -0.00161606 0.0280189 0.00476421 0.0211941 0.0038918 0 0.0261213 0.00253361 0.0125503 0
internal_weight=54.1762 51.9748 27.662 24.3128 21.0263 9.38098 8.91821 7.23318 18.2811 6.98259 11.2985 8.22473 7.71516 4.66611 3.04905 2.85791 2.33171 3.07375 3.28644 2.22947 2.59333 5.8478 1.92267 0.819548
internal_count=1233 1176 761 415 317 223 221 187 538 115 423 293 286 170 116 109 93 130 98 57 105 102 44 21
is_linear=0
shrinkage=0.04


Tree=222
num_leaves=25
num_cat=0
split_feature=26 21 26 27 17 10 23 27 26 1 23 26 1 23 26 21 23 27 26 1 1 21 1 23
split_gain=0.407818 0.605282 0.593462 0.227223 0.218943 0.596686 0.480459 0.401987 0.301698 0.291451 0.216379 0.172009 0.161957 0.23372 0.450137 0.277869 0.207311 0.37772 0.404526 0.146032 0.569249 0.130967 0.114447 0.106787
threshold=10.500000000000002 1.5833333333333337 9.0000000000000018 1.5000000000000002 1.0000000180025095e-35 3.5000000000000004 0.8228263892582881 1.5000000000000002 4.5000000000000009 26.500000000000004 0.45220861134162554 3.5000000000000004 16.500000000000004 0.48570226039551589 3.5000000000000004 1.7083333333333337 0.60355339059327384 2.5000000000000004 2.5000000000000004 13.500000000000002 20.500000000000004 2.5833333333333335 4.5000000000000009 0.48570226039551589
decision_type=2 2 2 2 2 2 2 2 2 2 2 2 2 2 2 2 2 2 2 2 2 2 2 2
left_child=1 3 4 22 7 6 8 -3 11 12 -5 23 16 14 -14 -16 17 18 -9 -12 -21 -19 -1 -6
right_child=-2 2 -4 10 5 -7 -8 9 -10 -11 19 -13 13 -15 15 -17 -18 21 -20 20 -22 -23 -24 -25
leaf_value=0.012801702847549013 0.013579973296402972 -0.031823245833004596 -0.044305749852393134 0 0.020168160818052477 -0.0027815135127936875 0 0.021810870788846051 0.034038471844361998 0.012535235337284201 -0.016225625029011703 -0.0089754575367767386 -0.038844807351456324 0 -0.027487292172905697 0.00016352699748657936 -0.010779672373310402 0.024897702647542957 -0.018622713504939561 0.0029129471811736624 -0.025250601787292673 0 -0.0036266274867248682 0
leaf_weight=0.61088504549116063 2.1901555371587156 0.66132830339484527 0.45837908465182309 2.2507753610843819 1.1515152137726525 5.4213371251244098 2.1400869581848383 0.48777816304936861 2.1482932570506819 2.4885326884686938 9.1685999335022625 0.3679406284354626 0.91762468777596984 3.378669646801427 0.62091119773685965 2.4335123914061114 1.0792442820384165 1.6602998318849134 1.2270397989195769 3.2357633763458571 1.5350926243700085 0.45025706291198719 7.565752241294831 0.35481856996193517
leaf_count=24 57 28 4 92 41 85 77 17 79 40 112 16 17 129 20 31 45 82 20 66 16 22 105 8
internal_value=-0.00261249 -0.00345133 0.0003472 -0.00805842 0.00140199 0.00570328 0.0144656 -0.00131307 0.0226204 0 -0.0109165 0.00526477 -0.00247866 -0.00654679 -0.0131706 -0.00283825 0.00198727 0.00768048 -0.0024562 -0.0127769 -0.00447224 0.019707 -0.00142085 0.014054
internal_weight=54.0046 51.8144 27.4476 24.3669 26.9892 11.584 6.16265 15.4052 4.02257 14.7439 16.1902 1.87427 12.2553 7.35072 3.97205 3.05442 4.90462 3.82537 1.71482 13.9395 4.77086 2.11056 8.17664 1.50633
internal_count=1233 1176 761 415 757 306 221 451 144 423 286 65 383 197 68 51 186 141 37 194 82 104 129 49
is_linear=0
shrinkage=0.04


Tree=223
num_leaves=25
num_cat=0
split_feature=26 21 18 18 27 22 26 1 23 15 1 1 26 1 1 21 1 10 26 10 26 26 24 1
split_gain=0.378692 0.551589 0.649968 0.414297 0.47201 0.311578 0.30925 0.446985 0.489459 0.251755 0.168106 0.209581 0.125753 0.108778 0.297228 0.202788 0.107732 0.106118 0.155806 0.142709 0.174222 0.354373 0.845238 0.388736
threshold=10.500000000000002 1.5833333333333337 1.0000000180025095e-35 1.0000000180025095e-35 1.5000000000000002 1.5000000000000002 9.0000000000000018 26.500000000000004 0.60355339059327384 1.0000000180025095e-35 15.500000000000002 12.500000000000002 5.5000000000000009 16.500000000000004 13.500000000000002 1.8750000000000002 4.5000000000000009 2.5000000000000004 5.5000000000000009 3.5000000000000004 2.5000000000000004 4.5000000000000009 3.5000000000000004 14.500000000000002
decision_type=2 2 2 2 2 2 2 2 2 2 2 2 2 2 2 2 2 2 2 2 2 2 2 2
left_child=1 3 17 4 16 -6 7 8 13 -2 11 -5 -10 14 -4 -15 -1 18 -3 20 -19 22 -22 -23
right_child=9 2 6 10 5 -7 -8 -9 12 -11 -12 -13 -14 15 -16 -17 -18 19 -20 -21 21 23 -24 -25
leaf_value=0.012712775772224684 0 -0.022564738511445654 -0.0043317097576772842 0.012280693685942423 0 -0.016739174986036377 -0.04313666378422594 0.011190062259438624 -0.040155601715897431 0.021346098407292718 0.017418452528238215 -0.012236750712321404 -0.0013364953058367633 -0.019470637922635134 0.026382860766371721 0 -0.0033995911268165846 0.019549906889132114 0.00028127237151805092 0.00059041745558064101 -0.052463684397099683 0.025920548621301897 0.0026279299545536984 0
leaf_weight=0.6023606136441283 0.47453074250370209 0.50611727364594361 1.165733943460509 0.8870908876415341 1.1850871235365019 11.80649507016642 0.45072311162948686 1.6783508471562525 1.0519313013646749 1.7050597465713506 1.0479627829045055 1.3459721854887901 0.698307929560542 1.3832099504070359 0.66823956539155904 2.2138915080577135 7.5612879417603835 2.5599711961112934 0.71759588341228664 7.3042117495788252 0.50279028038494322 1.9068076068069788 2.4464370384812355 2.0588087719515897
leaf_count=23 16 27 43 36 63 128 2 34 33 41 42 20 21 25 22 43 103 111 29 120 8 77 93 73
internal_value=-0.00251484 -0.00332715 0.000301927 -0.00771086 -0.00988418 -0.014706 -0.00795589 -0.00526315 -0.0102224 0.0131013 0.00386393 0 -0.0292384 -0.00262128 0.00249756 -0.00745512 -0.00123077 0.00501696 -0.00263016 0.00605146 0.00941707 0.00450883 -0.00405163 0.0128926
internal_weight=53.929 51.7494 27.3131 24.4363 21.1552 12.9916 9.31039 8.85967 7.18131 2.17959 3.28103 2.23306 1.75024 5.43107 1.83397 3.5971 8.16365 18.0027 1.22371 16.779 9.47481 6.91484 2.94923 3.96562
internal_count=1233 1176 761 415 317 191 223 221 187 57 98 56 54 133 65 68 126 538 56 482 362 251 101 150
is_linear=0
shrinkage=0.04


Tree=224
num_leaves=25
num_cat=0
split_feature=26 21 18 18 27 23 26 26 23 14 26 26 17 26 17 23 15 23 26 23 21 23 21 26
split_gain=0.345545 0.502994 0.612582 0.382554 0.429347 0.289611 0.286794 0.351143 0.566256 0.28413 0.377267 0.272372 0.619989 0.478487 0.493954 0.460904 0.24016 0.22579 0.186591 0.159503 0.114317 0.0999418 0.0870297 0.0973534
threshold=10.500000000000002 1.5833333333333337 1.0000000180025095e-35 1.0000000180025095e-35 1.5000000000000002 1.0000000180025095e-35 9.0000000000000018 7.0000000000000009 0.60355339059327384 3.5000000000000004 2.5000000000000004 2.5000000000000004 1.0000000180025095e-35 4.5000000000000009 1.5000000000000002 0.60355339059327384 1.0000000180025095e-35 0.45220861134162554 5.5000000000000009 0.90441722268325109 2.1250000000000004 0.8228263892582881 1.7083333333333337 5.5000000000000009
decision_type=2 2 2 2 2 2 2 2 2 2 2 2 2 2 2 2 2 2 2 2 2 2 2 2
left_child=1 3 9 4 -1 -6 7 8 22 11 -11 17 15 -14 -15 -13 -2 -3 -10 -19 -9 -16 23 -4
right_child=16 2 6 -5 5 -7 -8 20 18 10 -12 12 13 14 21 -17 -18 19 -20 -21 -22 -23 -24 -25
leaf_value=-0.0011412892815925672 0 0 0 0.00371907285757673 0 -0.015989854975001917 -0.042005359489868013 0 -0.04003760003669312 -0.022517751645378989 0.002472715558792523 -0.018821875635945826 -0.0037934909281150072 0.033294828090275966 0.019124156452448512 0.010796880981172059 0.020725591485273104 0.029392458722927388 0 0 0.016072397995783024 -0.0037513950425188416 0 -0.024973654368128879
leaf_weight=8.1695188482990542 0.47453074250370209 0.47662841388956012 0.39334970526397217 3.2742917921859762 1.1850871235365037 11.864176163042428 0.44447499513626176 0.49998866068199244 1.1554439273895694 1.1227201415458683 5.8164018593961373 2.368063751608132 1.091698899050243 2.1985491894884035 0.39846935705281827 0.93998051446396846 1.6862521671573629 2.1019757449394096 0.64145042258314777 0.40768534335074935 1.2275524006108753 1.0071340293507089 4.4110208761994727 0.48997179174330086
leaf_count=126 16 25 22 98 63 128 2 15 38 13 102 55 41 88 20 65 41 81 17 24 21 24 90 18
internal_value=-0.00240505 -0.00318485 0.000281905 -0.00736031 -0.009447 -0.0140337 -0.00774711 -0.00511331 -0.0096343 0.00487633 -0.000417751 0.00894689 0.00380798 0.013821 0.0213761 -0.00798736 0.0125453 0.0200414 -0.0294045 0.0249377 0.00881367 0 -0.00141325 -0.0130235
internal_weight=53.8464 51.6856 27.1926 24.4931 21.2188 13.0493 9.26325 8.81878 7.09124 17.9293 6.93912 10.9902 8.0039 4.69585 3.60415 3.30804 2.16078 2.98629 1.79689 2.50966 1.72754 1.4056 5.29434 0.883321
internal_count=1233 1176 761 415 317 191 223 221 185 538 115 423 293 173 132 120 57 130 55 105 36 44 130 40
is_linear=0
shrinkage=0.04


Tree=225
num_leaves=25
num_cat=0
split_feature=15 25 19 21 25 23 21 1 1 1 1 23 23 1 21 21 21 23 21 15 21 21 23 21
split_gain=0.221036 0.43392 0.335677 0.307328 0.231237 0.233721 0.161828 0.105147 0.186199 0.149058 0.143704 0.249962 0.567151 0.691253 0.22609 0.29571 0.169678 0.148627 0.11106 0.0946634 0.091186 0.0859008 0.0764957 0.0498637
threshold=1.0000000180025095e-35 2.5000000000000004 1.0000000180025095e-35 1.1250000000000002 1.5000000000000002 0.48570226039551589 1.2916666666666667 9.5000000000000018 4.5000000000000009 16.500000000000004 13.500000000000002 0.8228263892582881 0.48570226039551589 12.500000000000002 1.2916666666666667 2.1250000000000004 1.7083333333333337 0.60355339059327384 2.7083333333333335 1.5000000000000002 1.7083333333333337 2.4166666666666674 0.90441722268325109 1.5833333333333337
decision_type=2 2 2 2 2 2 2 2 2 2 2 2 2 2 2 2 2 2 2 2 2 2 2 2
left_child=1 4 -3 19 5 -1 -6 8 -5 10 11 12 20 -14 -12 17 -13 -16 22 -2 -9 -17 -11 -7
right_child=3 2 -4 7 6 23 -8 9 -10 18 14 16 13 -15 15 21 -18 -19 -20 -21 -22 -23 -24 -25
leaf_value=-0.0095971965112249171 0.018162945796832853 0 -0.035482663589413696 0 0.024908797243939948 0.022788253399177311 0.0046436857166026451 0 -0.016925791132737702 -0.0099878571764882556 -0.015422165232486976 0 -0.0036147137319256163 -0.053284912885796322 0.015850029642603645 0 0.022772630337056708 0 0 0 -0.0063631640953085667 -0.026700221829431003 0 0
leaf_weight=2.4992299317382263 1.0708725877339009 1.5467209685593837 0.77864172647241492 1.1901954055065278 1.2533139064908025 0.43970135925337661 4.893146654125303 8.4584545707330161 3.5211513447575271 12.277339872089213 0.70127766276709635 0.63773377530742326 1.7913446098100387 0.87318663951009501 3.3189462161972187 0.27587051386944939 0.80531783576589078 1.0943761696107683 2.0468057365505947 0.29094774485565711 4.486945468466728 0.35568656102987006 1.2236979878507543 0.51581850106595084
leaf_count=63 68 50 36 39 21 15 73 122 44 232 8 23 60 23 67 12 21 26 60 14 92 11 54 23
internal_value=-0.00347001 0.000818756 -0.0138062 -0.00480162 0.00519408 -0.00117848 0.0100775 -0.00552429 -0.0122832 -0.00448527 -0.00193404 -0.00398768 -0.00579913 -0.0228944 0.00276835 0.00688274 0.0100636 0.0116208 -0.00771182 0.0121734 -0.00166246 -0.0135601 -0.00903604 0.0124689
internal_weight=56.3467 11.9266 2.32536 44.4202 9.60121 3.45475 6.14646 43.0583 4.71135 38.347 22.7991 17.053 15.6099 2.66453 5.74616 5.04488 1.44305 4.41332 15.5478 1.36182 12.9454 0.631557 13.501 0.95552
internal_count=1257 281 86 976 195 101 94 894 83 811 465 341 297 83 124 116 44 93 346 82 214 23 286 38
is_linear=0
shrinkage=0.04


Tree=226
num_leaves=25
num_cat=0
split_feature=27 24 26 16 21 15 17 26 5 26 17 21 22 26 23 21 23 23 24 21 26 23 26 24
split_gain=0.241385 0.323655 0.772572 0.326279 0.284341 0.240822 0.821999 0.317505 0.152627 0.130098 0.252969 0.397582 0.119262 0.113013 0.107507 0.12634 0.0492104 0.178795 0.152129 0.134844 0.198794 0.193038 0.0852682 0.0962924
threshold=1.5000000000000002 2.5000000000000004 5.5000000000000009 1.5000000000000002 1.1250000000000002 1.0000000180025095e-35 1.0000000180025095e-35 1.5000000000000002 1.0000000180025095e-35 2.5000000000000004 1.0000000180025095e-35 1.2916666666666667 2.5000000000000004 5.5000000000000009 0.45220861134162554 2.7083333333333335 0.76180168105713697 0.60355339059327384 6.5000000000000009 1.7083333333333337 5.5000000000000009 1.1038793623175318 5.5000000000000009 6.5000000000000009
decision_type=2 2 2 2 2 2 2 2 2 2 2 2 2 2 2 2 2 2 2 2 2 2 2 2
left_child=5 2 -2 4 13 9 -7 -8 16 -1 -11 -12 -13 -3 -10 -16 17 18 -6 22 21 -21 23 -18
right_child=1 3 -4 -5 8 6 7 -9 14 10 11 12 -14 -15 15 -17 19 -19 -20 20 -22 -23 -24 -25
leaf_value=0 -0.048242194386574733 0.024651206812560611 -0.00067897152511005104 -0.030778149054635856 0 -0.040148551578201061 0.027584600903470983 -0.012288935090726883 0 0.026438602301653215 -0.013271488202477578 0.023495586701670828 0 0 -0.010147745305230951 0 -0.027301131778989973 -0.022419093793992897 -0.018328100122459352 0.022658440276322151 0 0 0 0
leaf_weight=5.1931161019019765 0.95545029646018464 0.73151921946555265 2.1678927968023345 0.75246099766809393 16.976826887810613 0.89774362603202351 0.7123540174216032 0.26050881540868431 4.1401904590311451 1.1638740054331718 1.2338545869570228 1.10684726992622 0.54993865208234627 0.68762163631618023 10.750947533233553 0.88842638814821917 0.46150976046919723 0.73457016400061448 0.788418437121435 1.5545051851659089 1.6462599292863158 0.49130025727208693 1.1196085354313252 0.31965459883213043
leaf_count=62 22 49 66 58 287 16 31 7 63 23 20 43 20 32 150 34 10 15 24 85 65 17 34 24
internal_value=-0.00334404 -0.00469037 -0.0177902 -0.00352694 -0.00283659 0.00140582 -0.0104749 0.00868429 -0.00362337 0.00467414 0.0100583 0.000695495 0.0159257 0.0136317 -0.00681534 -0.00881756 -0.00120073 -0.00237753 -0.00109852 0.00126144 0.00680874 0.0154641 -0.00530483 -0.0155924
internal_weight=56.2854 45.1672 3.12334 42.0438 41.2914 11.1182 1.87061 0.972863 39.8722 9.24763 4.05451 2.89064 1.65679 1.41914 15.7796 11.6394 24.0927 18.4998 17.7652 5.59284 3.69207 2.04581 1.90077 0.781164
internal_count=1257 1035 88 947 889 222 54 38 808 168 106 83 63 81 247 184 561 326 311 235 167 102 68 34
is_linear=0
shrinkage=0.04


Tree=227
num_leaves=25
num_cat=0
split_feature=22 24 18 1 15 21 25 1 1 25 21 21 1 24 15 1 1 25 1 1 1 24 1 1
split_gain=0.205385 0.263813 0.258231 0.522185 0.251864 0.232563 0.230507 0.286695 0.359597 0.170283 0.233992 0.117473 0.136241 0.111648 0.167266 0.0999867 0.284628 0.28494 0.0956898 0.31019 0.222394 0.376261 0.212501 1.10451
threshold=2.5000000000000004 3.5000000000000004 1.0000000180025095e-35 20.500000000000004 1.0000000180025095e-35 1.1250000000000002 2.5000000000000004 8.5000000000000018 9.5000000000000018 2.5000000000000004 1.5833333333333337 1.7083333333333337 11.500000000000002 2.5000000000000004 1.5000000000000002 17.500000000000004 15.500000000000002 3.5000000000000004 4.5000000000000009 9.5000000000000018 18.500000000000004 4.5000000000000009 13.500000000000002 12.500000000000002
decision_type=2 2 2 2 2 2 2 2 2 2 2 2 2 2 2 2 2 2 2 2 2 2 2 2
left_child=4 -2 9 -4 6 13 7 -1 -9 11 -11 -3 -13 -6 -15 16 -12 -18 -7 -20 22 -22 23 -21
right_child=1 2 3 -5 5 18 -8 8 -10 10 15 12 -14 14 -16 -17 17 -19 19 20 21 -23 -24 -25
leaf_value=0.0011646045124706183 -0.021900191067247533 0 -0.035273164975043535 -0.0022711531615349769 0 0.0050783893204828547 -0.014568358827567818 0.033976089203802011 0 -0.013822873927857218 0.0062412036963075471 0 -0.020414509426928702 0.026933716817667985 0 0.010291271911042626 0 -0.029148215822503661 -0.016832373671360357 0 -0.041148237426349911 -0.0043682941892476349 0.0075240227385759383 -0.051981855128920104
leaf_weight=6.4140466050012002 1.9231709841405997 0.51620499929413499 1.276743703521787 3.5689912713714875 0.18542492284905421 0.8219794604228835 0.70620280521689061 1.2171990852802994 0.82985804881900538 1.3505959145259101 4.6443405635654909 0.49236995005048845 1.6468215735512783 0.85653249220922567 0.28737703897058964 2.6483122920617461 1.055752584710717 0.8596792323514818 3.3576734424568739 9.7773649786831811 0.59397437539882858 6.1751748318783939 4.2516059660702004 0.69076786236837584
leaf_count=71 72 22 50 82 8 33 21 34 40 10 116 10 45 61 13 108 32 16 37 164 9 102 87 14
internal_value=-0.00324613 -0.00660072 -0.00452852 -0.0126174 -0.00117135 -0.00328756 0.00418825 0.00669927 0.020133 -0.000956841 0.000629037 -0.0102755 -0.0147962 0.0114765 0.0175848 0.00361757 0 -0.0119711 -0.00436384 -0.00499818 -0.00277679 -0.00877747 0 -0.00308014
internal_weight=56.1482 19.983 18.0598 4.84573 36.1652 26.9979 9.16731 8.4611 2.04706 13.2141 10.5587 2.6554 2.13919 1.32933 1.14391 9.20808 6.55977 1.91543 25.6685 24.8466 21.4889 6.76915 14.7197 10.4681
internal_count=1257 563 491 132 694 528 166 145 74 359 282 77 55 82 74 272 164 48 446 413 376 111 265 178
is_linear=0
shrinkage=0.04


Tree=228
num_leaves=25
num_cat=0
split_feature=27 24 26 16 21 1 15 15 17 26 1 26 17 26 23 23 26 26 26 21 23 23 22 18
split_gain=0.209364 0.301163 0.722944 0.313647 0.245306 0.240459 0.288396 0.216856 0.766289 0.301138 0.145381 0.528416 0.197784 1.3393 0.107933 0.402575 0.134416 0.106978 0.0915716 0.123471 0.122728 0.116974 0.0951022 0.402687
threshold=1.5000000000000002 2.5000000000000004 5.5000000000000009 1.5000000000000002 1.1250000000000002 19.500000000000004 2.5000000000000004 1.0000000180025095e-35 1.0000000180025095e-35 1.5000000000000002 8.5000000000000018 2.5000000000000004 1.0000000180025095e-35 2.5000000000000004 0.84759080068664439 0.48570226039551589 5.5000000000000009 5.5000000000000009 2.5000000000000004 1.4166666666666667 0.45220861134162554 0.90441722268325109 2.5000000000000004 1.0000000180025095e-35
decision_type=2 2 2 2 2 2 2 2 2 2 2 2 2 2 2 2 2 2 2 2 2 2 2 2
left_child=7 2 -2 4 17 6 18 10 -9 -10 12 -12 -1 -14 15 16 -7 -3 19 -6 -21 -22 -20 -24
right_child=1 3 -4 -5 5 14 -8 8 9 -11 11 -13 13 -15 -16 -17 -18 -19 22 20 21 -23 23 -25
leaf_value=0.014647644671181037 -0.047219365855169768 0.023848168225801287 -0.00057733799429530563 -0.03037292102054916 -0.012141095866758225 -0.02969082680595253 -0.030737711719246941 -0.039385340627284555 0.027131943512842482 -0.011746625333597783 -0.024589634661708503 0.022873418849630293 0.0052437118078769249 -0.047790389485288361 -0.015334109083447544 0.013123476448523692 -0.0052449635942169726 0 0.0027501210561200525 -0.011911206959536435 0.016556678768078561 0 0 -0.029682419814806203
leaf_weight=1.3761875233612935 0.92372018151218016 0.70194167527370044 2.1697360821999609 0.72856483096256752 2.3341088986489984 0.68060198798775484 0.52506732800975342 0.86930018593557068 0.69372247345745564 0.25631280359812081 0.31034605205059085 2.0419420851394534 4.5507014766335487 0.89285668428055931 3.6053567997296341 1.37204558996018 4.9534209712292068 0.68147504050284624 14.050345859955996 0.68610554095357645 1.0439800713211296 0.25694526499137271 9.5244484718423319 0.78654352721059773
leaf_count=30 22 49 66 58 24 12 9 16 31 7 2 77 46 13 61 49 75 32 225 14 44 10 250 35
internal_value=-0.00313786 -0.00439248 -0.017091 -0.00326486 -0.00259135 -0.00332836 -0.00113207 0.00127363 -0.0101281 0.00822204 0.00440746 0.0132105 0.000198029 -0.00198536 -0.00861968 -0.00402253 -0.00961802 0.0128393 -0.000311184 -0.00582279 0 0.00872447 0.000338059 -0.00217288
internal_weight=56.0158 45.0244 3.09346 41.931 41.2024 39.819 29.2075 10.9914 1.81934 0.950035 9.17203 2.35229 6.81975 5.44356 10.6114 7.00607 5.63402 1.38342 28.6825 4.32114 1.98703 1.30093 24.3613 10.311
internal_count=1257 1035 88 947 889 808 611 222 54 38 168 79 89 59 197 136 87 81 602 92 68 54 510 285
is_linear=0
shrinkage=0.04


Tree=229
num_leaves=25
num_cat=0
split_feature=27 16 24 25 21 1 15 15 17 26 1 25 17 26 25 26 21 26 23 23 26 18 23 24
split_gain=0.195117 0.28442 0.305605 0.715107 0.230391 0.220989 0.272037 0.203582 0.722686 0.287508 0.131193 0.690425 0.181924 1.26212 0.113244 0.618218 0.228223 0.101349 0.0962287 0.375123 0.12417 0.092324 0.698171 0.471945
threshold=1.5000000000000002 1.5000000000000002 2.5000000000000004 2.5000000000000004 1.1250000000000002 19.500000000000004 2.5000000000000004 1.0000000180025095e-35 1.0000000180025095e-35 1.5000000000000002 8.5000000000000018 2.5000000000000004 1.0000000180025095e-35 2.5000000000000004 2.5000000000000004 5.5000000000000009 1.8750000000000002 5.5000000000000009 0.84759080068664439 0.48570226039551589 5.5000000000000009 1.0000000180025095e-35 0.60355339059327384 4.5000000000000009
decision_type=2 2 2 2 2 2 2 2 2 2 2 2 2 2 2 2 2 2 2 2 2 2 2 2
left_child=7 2 3 -2 17 6 14 10 -9 -10 12 -12 -1 -14 15 -6 -17 -4 19 20 -7 -16 23 -23
right_child=1 -3 4 -5 5 18 -8 8 9 -11 11 -13 13 -15 21 16 -18 -19 -20 -21 -22 22 -24 -25
leaf_value=0.014084449109590516 0 -0.030445557993670117 0.023365316116609646 -0.046423636055551477 -0.038352249818493986 -0.02883884753790409 -0.030209016957069564 -0.038831414261828123 0.026692781874290673 -0.011394143321814511 0.024755694611852144 -0.027523406647240879 0.0050513094360045583 -0.046909511958083669 0.0018247619650278253 0.023605322691467739 -0.0048287614953727905 0 -0.014730207741683741 0.01263764994747802 -0.0050266874515980239 -0.013730651890739021 -0.037926991990808172 0.010090640831896985
leaf_weight=1.3740141349844615 2.1308016701950687 0.73888811247888853 0.68807398551143595 0.91017653659218911 0.79639837983996331 0.67284063575789144 0.51312988623976608 0.84688813029788323 0.67726641893386841 0.25372569705359638 1.9412328482139858 0.38280047476291645 4.5353919570334256 0.87362913490505878 19.65424025151879 0.61110655311495055 1.0906395500060169 0.68147504050284624 3.6030882164486684 1.3678859673673285 4.9616043937276118 2.0497419827152035 0.83432123321108509 3.6210637187468819
leaf_count=30 49 62 49 35 11 12 9 16 31 7 75 4 46 13 379 25 32 32 61 49 75 42 30 83
internal_value=-0.00305594 -0.00426608 -0.00364725 -0.016395 -0.00251067 -0.00322812 -0.00110626 0.0012037 -0.00995496 0.00771987 0.00426053 0.0127023 0.000188763 -0.00186205 -0.000305999 -0.00856025 0.000681024 0.0124853 -0.00831007 -0.00386407 -0.00929007 0.000176441 -0.00357391 6.95774e-05
internal_weight=55.8104 44.9255 44.1866 3.04098 41.1456 39.7761 29.1706 10.8849 1.77788 0.930992 9.10707 2.32403 6.78304 5.40902 28.6575 2.49814 1.70175 1.36955 10.6054 7.00233 5.63445 26.1594 6.50513 5.67081
internal_count=1257 1035 973 84 889 808 611 222 54 38 168 79 89 59 602 68 57 81 197 136 87 534 155 125
is_linear=0
shrinkage=0.04


Tree=230
num_leaves=25
num_cat=0
split_feature=16 23 26 24 21 26 26 25 26 19 26 24 26 25 15 24 25 1 25 21 26 1 1 26
split_gain=0.261053 0.208916 0.500201 0.327653 0.153808 0.802975 0.834199 0.461104 0.335483 0.189166 0.227102 0.546067 0.364967 0.448014 0.146523 0.242092 0.76159 0.141779 0.138222 0.284316 0.571245 0.351675 0.165124 0.819565
threshold=1.0000000180025095e-35 0.90441722268325109 5.5000000000000009 5.5000000000000009 2.1250000000000004 9.0000000000000018 3.5000000000000004 2.5000000000000004 2.5000000000000004 1.0000000180025095e-35 3.5000000000000004 5.5000000000000009 2.5000000000000004 4.5000000000000009 1.0000000180025095e-35 2.5000000000000004 2.5000000000000004 8.5000000000000018 4.5000000000000009 1.7083333333333337 3.5000000000000004 18.500000000000004 15.500000000000002 10.500000000000002
decision_type=2 2 2 2 2 2 2 2 2 2 2 2 2 2 2 2 2 2 2 2 2 2 2 2
left_child=-1 4 -3 -4 9 6 8 -8 -6 14 12 -12 -11 -14 -2 16 -16 -17 22 20 21 -20 -19 -24
right_child=1 2 3 -5 5 -7 7 -9 -10 10 11 -13 13 -15 15 17 -18 18 19 -21 -22 -23 23 -25
leaf_value=-0.025678889947157186 0.0061293678692520715 -0.0024212009015561198 0.029139992319568583 0 0 -0.039726847310062853 -0.0049503531404509809 0.022493998117207262 -0.041091396481205029 -0.033153663180310107 -0.039012542406169047 0.0017578877899849005 0.01265012231681315 -0.029507059628349871 0 0.0094678162790333906 -0.04627103405794581 0 0.022257436791158814 -0.0019924419191117639 0.030915526018180317 -0.0075044194351660846 -0.047013159988182285 0
leaf_weight=0.54573448112932865 6.5062766226474187 1.7452877416508261 2.0629164194688205 0.42384705902077247 0.65095084300264605 0.50043528882088129 0.66638588090427209 4.9044443313032389 0.51398133859038353 0.49976833024993483 1.0029245954938231 0.41062917280942191 2.3984495773911481 0.42223744839429844 3.2894509034231332 2.7191846594214466 0.74369307607412327 11.155048487358728 0.8849436547607169 4.7461684206500649 1.5351053751073775 2.2069165117572993 0.75987660791724843 1.9291269294917583
leaf_count=138 119 71 56 13 35 9 11 92 6 7 23 14 61 3 72 31 7 203 23 91 53 27 10 33
internal_value=0.00107868 0.00150775 0.010166 0.022217 0.00058627 0.00601171 0.0105976 0.017775 -0.0168585 -0.000172277 -0.00783527 -0.0215095 0 0.00350329 0.000602941 -0.000329889 -0.00962598 0.00080722 0 0.00353533 0.0109345 0 -0.00274092 -0.0117017
internal_weight=53.2238 52.678 4.23205 2.48676 48.446 7.2362 6.73576 5.57083 1.16493 41.2098 4.73401 1.41355 3.32046 2.82069 36.4758 29.9695 4.03314 25.9364 23.2172 9.37313 4.62697 3.09186 13.8441 2.689
internal_count=1208 1070 140 69 930 153 144 103 41 777 108 37 71 64 669 550 79 471 440 194 103 50 246 43
is_linear=0
shrinkage=0.04


Tree=231
num_leaves=25
num_cat=0
split_feature=16 23 26 24 21 26 26 25 26 19 26 24 26 25 15 24 25 1 25 21 26 1 1 26
split_gain=0.245819 0.190631 0.471534 0.315854 0.137464 0.749817 0.773639 0.435489 0.318247 0.176614 0.206497 0.529717 0.342294 0.420427 0.135934 0.225759 0.720308 0.131858 0.126889 0.266468 0.544908 0.327625 0.150876 0.778338
threshold=1.0000000180025095e-35 0.90441722268325109 5.5000000000000009 5.5000000000000009 2.1250000000000004 9.0000000000000018 3.5000000000000004 2.5000000000000004 2.5000000000000004 1.0000000180025095e-35 3.5000000000000004 5.5000000000000009 2.5000000000000004 4.5000000000000009 1.0000000180025095e-35 2.5000000000000004 2.5000000000000004 8.5000000000000018 4.5000000000000009 1.7083333333333337 3.5000000000000004 18.500000000000004 15.500000000000002 10.500000000000002
decision_type=2 2 2 2 2 2 2 2 2 2 2 2 2 2 2 2 2 2 2 2 2 2 2 2
left_child=-1 4 -3 -4 9 6 8 -8 -6 14 12 -12 -11 -14 -2 16 -16 -17 22 20 21 -20 -19 -24
right_child=1 2 3 -5 5 -7 7 -9 -10 10 11 -13 13 -15 15 17 -18 18 19 -21 -22 -23 23 -25
leaf_value=-0.025295440500472305 0.005900328290802663 -0.0023248621142881228 0.028541072353447387 0 0 -0.03886427397730715 -0.0047611074162468275 0.021749659825618963 -0.040185536611495334 -0.032523643910413985 -0.038553880965202077 0.0016892066842665626 0.012257174950333863 -0.028892534492490907 0 0.0091428132001760386 -0.045442282755169809 0 0.021671285196672371 -0.0019124396558998491 0.030435300583088312 -0.0071897607224012117 -0.046144860938430787 0
leaf_weight=0.53212435607565467 6.488844917737878 1.7449135156348337 2.0227811154909436 0.42384705902077247 0.65095084300264605 0.4912676354870199 0.66518352972343553 4.8701093140989542 0.50473348889499903 0.48928539245389346 0.9748321078950537 0.41024037357419729 2.376775156706572 0.41413509845733631 3.2894509034231332 2.703534901142123 0.72729969862848509 11.155048487358728 0.87277468852698659 4.7469078954309225 1.4977175029926 2.2112712597008795 0.74354074057191533 1.9291269294917583
leaf_count=138 119 71 56 13 35 9 11 92 6 7 23 14 61 3 72 31 7 203 23 91 53 27 10 33
internal_value=0.00100322 0.00142292 0.00973647 0.0216083 0.000534223 0.00568926 0.0101561 0.0171186 -0.016269 -0.000173166 -0.00763874 -0.0208585 0 0.00328464 0.000564591 -0.000326498 -0.00932636 0.000762068 0 0.00337893 0.0106071 0 -0.00264193 -0.0112443
internal_weight=52.9367 52.4046 4.19154 2.44663 48.213 7.18224 6.69098 5.53529 1.15568 41.0308 4.66527 1.38507 3.2802 2.79091 36.3655 29.8767 4.01675 25.8599 23.1564 9.32867 4.58176 3.08405 13.8277 2.67267
internal_count=1208 1070 140 69 930 153 144 103 41 777 108 37 71 64 669 550 79 471 440 194 103 50 246 43
is_linear=0
shrinkage=0.04


Tree=232
num_leaves=25
num_cat=0
split_feature=24 19 15 26 26 25 25 15 26 24 14 26 25 1 24 25 5 26 23 25 26 21 26 26
split_gain=0.178526 0.200402 0.52303 0.316511 0.403649 0.376858 0.367449 0.307788 0.41984 0.788523 0.159744 0.222037 0.144716 0.143608 0.139207 0.791144 0.122445 0.251856 0.204804 0.17153 0.31719 0.152355 0.138584 0.331801
threshold=1.5000000000000002 1.0000000180025095e-35 1.5000000000000002 3.5000000000000004 2.5000000000000004 4.5000000000000009 5.5000000000000009 1.0000000180025095e-35 5.5000000000000009 2.5000000000000004 2.5000000000000004 2.5000000000000004 1.5000000000000002 16.500000000000004 2.5000000000000004 2.5000000000000004 1.0000000180025095e-35 7.0000000000000009 0.76180168105713697 2.5000000000000004 5.5000000000000009 1.8750000000000002 5.5000000000000009 9.0000000000000018
decision_type=2 2 2 2 2 2 2 2 2 2 2 2 2 2 2 2 2 2 2 2 2 2 2 2
left_child=-1 7 3 4 -3 -6 -5 8 9 12 11 -9 -2 -10 15 -12 17 19 -19 20 -16 -22 -18 -24
right_child=1 2 -4 6 5 -7 -8 10 13 -11 14 -13 -14 -15 16 -17 22 18 -20 -21 21 -23 23 -25
leaf_value=-0.02386698475963463 0 -0.033481391477366021 0.018477639204266413 -0.03890184163855797 0.010199777408365203 -0.028885230523925935 0 0 0.029605756453016056 -0.034090958865592262 0.00072496063835684999 -0.033663678891446114 0.013214948346025665 0 -0.032280733022346575 -0.044754959119714714 -0.0036475787342720462 -0.035888509658076828 0 0.0069967435045847183 0.022660197562830092 -0.0007970670254034512 0.014968933915623634 -0.0037036941958143443
leaf_weight=0.42951096093747665 1.2260396723868314 0.58270150644238983 0.99176744266878802 1.1500062900886403 2.4339171472238381 0.42758320015855122 0.41655531665310253 0.54392984136938938 1.81431479472667 0.73560833535157133 3.0275580318411808 0.50155837892089039 3.8565846458077431 0.27880046633072186 0.50278520362917967 0.6882234439253806 8.9220364094944653 0.40676236152648826 0.26758921495638788 16.797012522467412 0.47860545292496692 1.0463596601039169 2.6795426367316386 2.4547930706175976
leaf_count=43 16 18 31 40 74 8 27 30 61 33 72 12 36 15 6 6 130 3 21 381 17 26 62 40
internal_value=0.000929976 0.00128706 -0.0051977 -0.0114803 -0.00204259 0.00156372 -0.0271229 0.00230213 0.00956605 0.00246074 0.000593548 -0.0142778 0.00932485 0.0254946 0.00122534 -0.00554568 0.00221355 0.00429775 -0.0170579 0.00548774 -0.00306695 0.0013189 -0.000108544 0.00448317
internal_weight=52.6601 52.2306 6.00253 5.01076 3.4442 2.8615 1.56656 46.2281 7.91135 5.81823 38.3168 1.04549 5.08262 2.09312 37.2713 3.71578 33.5555 19.4991 0.674352 18.8248 2.02775 1.52497 14.0564 5.13434
internal_count=1208 1165 198 167 100 82 67 967 161 85 806 42 52 76 764 78 686 454 24 430 49 43 232 102
is_linear=0
shrinkage=0.04


Tree=233
num_leaves=25
num_cat=0
split_feature=16 17 26 25 26 26 23 1 17 24 22 26 21 1 15 24 25 14 23 26 26 19 25 25
split_gain=0.229771 0.250455 0.347277 0.221879 0.593914 0.921655 0.586702 0.232356 1.62059 0.52317 0.425043 0.37187 0.246549 0.885119 0.215226 0.315309 0.854033 0.5231 0.379404 0.306581 0.166825 0.459853 0.185367 0.239125
threshold=1.0000000180025095e-35 1.5000000000000002 7.0000000000000009 4.5000000000000009 9.0000000000000018 3.5000000000000004 1.0000000180025095e-35 12.500000000000002 1.0000000180025095e-35 4.5000000000000009 2.5000000000000004 10.500000000000002 3.1250000000000004 14.500000000000002 1.5000000000000002 4.5000000000000009 6.5000000000000009 3.5000000000000004 0.76180168105713697 2.5000000000000004 3.5000000000000004 1.0000000180025095e-35 1.5000000000000002 2.5000000000000004
decision_type=2 2 2 2 2 2 2 2 2 2 2 2 2 2 2 2 2 2 2 2 2 2 2 2
left_child=-1 3 -3 7 5 14 -7 20 9 -9 -10 12 13 -11 -5 19 -17 18 -18 -16 22 -22 -2 -24
right_child=1 2 -4 4 -6 6 -8 8 10 11 -12 -13 -14 -15 15 16 17 -19 -20 -21 21 -23 23 -25
leaf_value=-0.024910411061939225 -0.0043885380202273996 0.0019192408530272159 0.02935205909426716 -0.015970605281334097 -0.03781883800017171 -0.002122892210092171 0.023627298943066099 -0.036068150135263689 -0.058519532361425222 0.0061298176197483812 0 0.020323377516273822 0.012992249804705551 -0.037807757461608728 0 -0.048244337749650514 0 -0.0097545615009055359 0.040622203654587644 0.026726239350762342 -0.00032149896811077414 -0.035854236432629895 0.012243226044201545 0
leaf_weight=0.51901354041183267 3.0019205573480603 4.1552128763869396 1.1896715057082472 1.5032004518434368 0.46098829619586545 1.1967707583680747 5.2739320946857333 0.52850980090442945 1.0849867973010985 1.6374511674512184 0.49102404131554056 1.804521440528333 1.1960658803582189 1.082426570355892 0.97132658446207654 0.64176396792754564 0.37977449828758836 1.8636765535920858 0.76797170005738735 1.2140083815902472 9.0000206893309915 0.66961810109205622 5.0876681460067612 6.6616205398458987
leaf_count=138 71 47 35 52 7 14 141 9 11 29 25 43 38 27 44 4 17 14 44 19 159 16 69 135
internal_value=0.000868807 0.00128103 0.00952203 0.000162202 0.00446305 0.0064534 0.0176284 -0.00149345 -0.00752743 0.000362354 -0.043887 0.00512663 0 -0.00841466 -0.00230615 0 -0.00591621 0.000447778 0.0239842 0.0131279 0.000112385 -0.00360946 0.00309444 0.00568721
internal_weight=52.3831 51.8641 5.34488 46.5192 14.2734 13.8124 6.4707 32.2458 7.82499 6.24897 1.57601 5.72047 3.91594 2.71988 7.34172 5.83852 3.65319 3.01142 1.14775 2.18533 24.4208 9.66964 14.7512 11.7493
internal_count=1208 1070 82 988 356 349 155 632 182 146 36 137 94 56 194 142 79 75 61 63 450 175 275 204
is_linear=0
shrinkage=0.04


Tree=234
num_leaves=25
num_cat=0
split_feature=16 23 26 24 21 26 26 25 26 27 24 25 21 1 27 26 24 25 23 1 26 23 1 1
split_gain=0.216389 0.152528 0.421883 0.290588 0.109027 0.653718 0.670141 0.387015 0.28953 0.072869 0.311055 0.491876 0.171293 0.177611 0.244325 0.169764 0.433941 0.276071 0.496712 0.559032 0.528714 0.575399 0.14681 0.112918
threshold=1.0000000180025095e-35 0.90441722268325109 5.5000000000000009 5.5000000000000009 2.1250000000000004 9.0000000000000018 3.5000000000000004 2.5000000000000004 2.5000000000000004 1.5000000000000002 2.5000000000000004 2.5000000000000004 1.1250000000000002 8.5000000000000018 2.5000000000000004 2.5000000000000004 6.5000000000000009 4.5000000000000009 0.8228263892582881 18.500000000000004 3.5000000000000004 1.0000000180025095e-35 15.500000000000002 13.500000000000002
decision_type=2 2 2 2 2 2 2 2 2 2 2 2 2 2 2 2 2 2 2 2 2 2 2 2
left_child=-1 4 -3 -4 9 6 8 -8 -6 -2 11 -11 -12 -14 -15 16 -16 22 19 -19 -21 -22 23 -17
right_child=1 2 3 -5 5 -7 7 -9 -10 10 12 -13 13 14 15 17 -18 18 -20 20 21 -23 -24 -25
leaf_value=-0.02451992926045219 0.0028017968504666312 -0.0024683378062053496 0.027351152821092146 0 0 -0.037149683037519844 -0.0043894095007716875 0.020355996256178645 -0.038612440093051571 -6.4715539489542672e-05 0.015315051440600462 -0.043840292211222973 0.0086108475980606041 -0.007985583093567613 -0.031196871252207083 -0.0027267265476305941 0 0.030266715856978852 -0.022566193145234763 -0.027741128717183944 -0.0073222212846263133 0.025366912382231967 -0.010334240268597514 0.007799981855961792
leaf_weight=0.5064441338472524 8.5155510492622835 1.7174951746128488 1.9272704184986653 0.41706965467892576 0.64657569676637539 0.47481504053575907 0.65520972828380752 4.7895051259547472 0.48840473871678114 2.0187662513926656 1.1134285833686615 0.6952853426337241 2.6762247267179218 7.668584719765934 0.90075880312361123 3.1756377001292986 2.4771963970270008 2.0946565773338071 0.53943931683897961 0.66437439387664232 1.0662401020526888 1.8740727528929708 2.3576024109497666 2.6223163306713104
leaf_count=138 154 71 56 13 35 9 11 92 6 36 78 7 32 103 20 100 34 71 7 18 7 45 27 38
internal_value=0.000807954 0.00121177 0.00876811 0.0204126 0.000397435 0.00505204 0.00931333 0.0159089 -0.015278 -0.000216403 -0.00127141 -0.0142268 0 -0.000677687 -0.00196924 0.00017662 -0.00734732 0.00249806 0.00906058 0.0134577 0.00147078 0.0107921 -0.00154117 0.000654528
internal_weight=52.0829 51.5765 4.06184 2.34434 47.5146 7.05451 6.5797 5.44471 1.13498 40.4601 31.9446 2.71405 29.2305 28.1171 25.4409 17.7723 3.37796 14.3943 6.23878 5.69934 3.60469 2.94031 8.15556 5.79795
internal_count=1208 1070 140 69 930 153 144 103 41 777 623 43 580 502 470 367 54 313 148 141 70 52 165 138
is_linear=0
shrinkage=0.04


Tree=235
num_leaves=25
num_cat=0
split_feature=1 24 22 25 25 1 23 1 23 26 15 1 17 26 25 15 26 26 27 26 26 1 27 24
split_gain=0.313471 0.7559 0.342681 0.343413 0.3938 0.321768 0.287201 0.557916 0.354227 0.347305 0.368066 0.345065 0.608994 0.795324 0.709842 0.283389 0.999246 0.306273 0.267478 0.19405 0.447568 0.31296 0.162441 0.157361
threshold=12.500000000000002 3.5000000000000004 2.5000000000000004 3.5000000000000004 4.5000000000000009 10.500000000000002 0.76180168105713697 13.500000000000002 0.48570226039551589 9.0000000000000018 1.0000000180025095e-35 16.500000000000004 1.0000000180025095e-35 3.5000000000000004 9.0000000000000018 1.5000000000000002 3.5000000000000004 4.5000000000000009 3.5000000000000004 4.5000000000000009 10.500000000000002 18.500000000000004 2.5000000000000004 3.5000000000000004
decision_type=2 2 2 2 2 2 2 2 2 2 2 2 2 2 2 2 2 2 2 2 2 2 2 2
left_child=2 -2 3 5 -5 -1 7 8 -3 10 -8 -9 13 14 -13 16 -12 -17 19 21 -21 -15 -6 -4
right_child=1 6 23 4 22 -7 9 11 -10 -11 15 12 -14 18 -16 17 -18 -19 -20 20 -22 -23 -24 -25
leaf_value=0.0030406124054735873 -0.038640196385779958 -0.0061299478324779505 -0.022122418172941725 0.02225813585091015 -0.026000482927359202 -0.02202169385766593 -0.0086405163601897244 0.0063088322996896562 -0.042182958911117972 -0.025001422284285608 -0.02693459872160588 -0.048049804631680758 -0.054791568925922456 -0.00078838995745151175 0 0.0091585735109365272 0.031853354315067833 -0.019471395932740589 0.022823716289345364 -0.019504461146727887 0.0061300355317589284 0.026440001883746483 0.00066398819647599163 0
leaf_weight=18.515059750759985 0.99583080512820998 1.9693302040686895 1.0534029572154389 3.1032853361102748 0.39227498974651087 0.80793078965507348 1.5193058756994995 4.9015032149909521 1.0418871492147443 0.54242085223086167 0.42221606557723168 1.064661807846276 0.42487286363029841 0.71827267576009013 0.54532272135838855 2.6036481721093883 2.4888346090447158 0.71917757915798564 0.8760894052684306 2.1067295013926928 1.6050407132133839 0.95142162404954433 0.33006849960656837 2.6418310920707881
leaf_count=292 38 18 51 100 7 16 63 97 12 9 9 16 9 15 30 70 91 19 38 45 37 22 21 116
internal_value=-0.000653926 -0.00394585 0.00217476 0.00421616 0.0154467 0.0015787 -0.00220918 -0.00550353 -0.0212611 0.00326184 0.006271 -0.00130088 -0.00676359 -0.00315309 -0.0286588 0.0111885 0.0205787 0.000554441 0.00213075 0 -0.00626431 0.00993554 -0.00274132 -0.00844856
internal_weight=52.3404 25.4966 26.8439 23.1486 3.82563 19.323 24.5007 16.2051 3.01122 8.2956 7.75318 13.1939 8.29241 7.86754 1.60998 6.23388 2.91105 3.32283 6.25755 5.38146 3.71177 1.66969 0.722343 3.69523
internal_count=1241 638 603 436 128 308 600 339 30 261 252 309 212 203 46 189 100 89 157 119 82 37 28 167
is_linear=0
shrinkage=0.04


Tree=236
num_leaves=25
num_cat=0
split_feature=21 5 25 3 1 1 27 26 26 23 22 27 26 25 25 26 24 25 26 26 24 26 1 1
split_gain=0.382202 0.193409 0.412888 0.369406 0.212619 0.186729 0.30878 0.388735 0.413892 0.339332 0.243693 0.440617 0.600838 0.437421 0.403803 0.534098 0.391164 0.222316 0.163948 0.157324 0.316594 0.147136 0.12501 0.124352
threshold=1.5833333333333337 1.0000000180025095e-35 3.5000000000000004 1.0000000180025095e-35 11.500000000000002 16.500000000000004 3.5000000000000004 9.0000000000000018 7.0000000000000009 0.84759080068664439 2.5000000000000004 2.5000000000000004 2.5000000000000004 3.5000000000000004 2.5000000000000004 2.5000000000000004 3.5000000000000004 1.5000000000000002 3.5000000000000004 2.5000000000000004 2.5000000000000004 5.5000000000000009 11.500000000000002 13.500000000000002
decision_type=2 2 2 2 2 2 2 2 2 2 2 2 2 2 2 2 2 2 2 2 2 2 2 2
left_child=1 2 19 -3 -4 10 9 8 21 -7 11 14 -13 -14 17 -16 -12 -2 -5 20 -1 -8 -21 -24
right_child=5 3 4 18 -6 6 7 -9 -10 -11 16 12 13 -15 15 -17 -18 -19 -20 22 -22 -23 23 -25
leaf_value=0.0037769787235880253 0 0.011898667423808842 0 -0.015826630680480683 0.023289058713478753 -0.019960522675226907 -0.028013435939795595 -0.035501277873347357 0.021837862646137976 0 -0.026194406799855886 -0.018379106479976676 0 0.035849601906625138 0.0079549275434973692 -0.026108588441330002 -0.0012522353868320312 0.026201830337599628 0 0.0074791041251240347 -0.012414397358313782 0 -0.017682555131015663 0.0011119230820755719
leaf_weight=4.3252555257640877 0.67076243658084844 1.6708955232752485 0.26325692568207104 2.6424621890764675 2.541710342746228 4.4756259588757512 0.34902488812804255 0.43137709447182704 1.4721174845471978 1.2648731144145129 1.3189766394789337 0.35062036383897099 0.27696255414048243 1.8248988494742659 0.74763931287452612 1.8530052891001103 8.2580904181231727 0.82252203114330769 2.5251555534778163 8.4434233489446324 3.0464541832334362 1.4131960446247831 0.66463648213539162 0.45502488710917532
leaf_count=58 34 24 15 31 97 115 7 7 42 60 61 10 11 72 22 17 248 25 58 118 37 47 9 16
internal_value=-0.000657144 0.00251442 0.0046803 -0.00256768 0.0192404 -0.00427233 -0.00890683 0 0.00492008 -0.0146988 -0.00107246 0.00421592 0.01809 0.0279797 -0.00214129 -0.0132398 -0.00552266 0.01183 -0.00879333 0.00179626 -0.00182909 -0.0046729 0.0054274 -0.00289955
internal_weight=52.108 26.5783 19.7398 6.83851 2.80497 25.5297 9.40621 3.66572 3.23434 5.7405 16.1235 6.54641 2.45248 2.10186 4.09393 2.60064 9.57707 1.49328 5.16762 16.9348 7.37171 1.76222 9.56308 1.11966
internal_count=1241 463 350 113 112 778 278 103 96 175 500 191 93 83 98 39 309 59 89 238 95 54 143 25
is_linear=0
shrinkage=0.04


Tree=237
num_leaves=25
num_cat=0
split_feature=21 17 25 25 25 0 25 18 26 26 26 17 23 26 26 21 21 23 25 25 26 25 25 21
split_gain=0.357362 0.329134 1.35742 0.375975 0.536614 0.2909 0.22755 0.3338 0.154469 0.147407 0.141755 0.311183 0.172192 0.285194 0.259137 0.305859 0.214269 0.20593 0.116019 0.112836 1.62338 0.105905 0.0906564 0.12048
threshold=1.5833333333333337 1.0000000180025095e-35 1.0000000180025095e-35 2.5000000000000004 4.5000000000000009 2.5000000000000004 3.5000000000000004 1.0000000180025095e-35 3.5000000000000004 9.0000000000000018 1.5000000000000002 1.0000000180025095e-35 0.8228263892582881 3.5000000000000004 3.5000000000000004 2.1250000000000004 2.2916666666666674 1.2359820001581181 6.5000000000000009 4.5000000000000009 3.5000000000000004 4.5000000000000009 5.5000000000000009 1.7083333333333337
decision_type=2 2 2 2 2 2 2 2 2 2 2 2 2 2 2 2 2 2 2 2 2 2 2 2
left_child=1 5 -3 -4 -5 -1 8 21 -7 10 11 -2 14 18 15 22 -16 -15 -14 -9 -21 -8 23 -12
right_child=9 2 3 4 -6 6 7 19 -10 -11 12 -13 13 17 16 -17 -18 -19 -20 20 -22 -23 -24 -25
leaf_value=0.024036460073901995 -0.030410341938913354 -0.05102181550018086 0.0059628622582689889 -0.031243033873540636 0.0053235885381339148 -0.0082872271918390701 0.03240738723654403 0.0068948962225825628 0.0031153954629437397 -0.025698783367231349 0 0 -0.023635692584933733 0.011626931844837216 -0.010893693040392486 -0.016368732400005054 0.00015422915438989443 -0.0064801362094376634 0 -0.062974561052803468 0.022498830582431437 0.0068062187818307626 0 0.017295577095787225
leaf_weight=1.4861767237307528 0.96026071615052078 0.86171656288206833 7.1101064556278271 1.2230955650447866 0.72682293225079764 2.7412334887194429 1.1365825049579135 1.99621366430074 6.0672890618443489 0.61213597108144213 2.5440947314491558 0.51329199247993529 0.68889588047750183 4.4966645825188607 9.0996561835636367 1.0481364949955603 2.0873119377938556 0.68106336652999733 0.33438027737429366 0.57696470338851191 0.7801890519913286 1.8130054029170424 0.47679182363208372 1.8577370697166768
leaf_count=38 48 17 109 17 18 29 33 47 84 19 60 18 37 139 220 39 74 26 25 7 35 29 23 50
internal_value=-0.000641879 0.00241898 -0.00281338 0.000888814 -0.0135103 0.00602877 0.00372836 0.00954414 0 -0.00415253 -0.00329772 -0.0162716 -0.00213461 0.00283684 -0.00440343 0.00125665 -0.00811721 0.0077001 -0.013953 0 -0.00794365 0.0193835 0.00668313 0.00908044
internal_weight=51.9198 26.5194 9.92174 9.06002 1.94992 16.5977 15.1115 6.30296 8.80852 25.4004 24.7883 1.47355 23.3147 6.201 17.1137 5.92676 11.187 5.17773 1.02328 3.35337 1.35715 2.94959 4.87862 4.40183
internal_count=1241 463 161 144 35 302 264 151 113 778 759 66 693 227 466 172 294 165 62 89 42 62 133 110
is_linear=0
shrinkage=0.04


Tree=238
num_leaves=25
num_cat=0
split_feature=21 17 24 10 24 24 26 26 1 22 24 26 24 18 26 22 26 1 24 26 24 26 24 1
split_gain=0.335514 0.307892 1.20692 0.572683 0.487331 1.8796 0.614812 0.600139 0.165796 0.215062 0.367528 0.178825 0.19622 0.151957 0.149271 0.217841 0.150471 0.129099 0.272362 0.112851 0.146912 0.163783 0.499773 0.0716316
threshold=1.5833333333333337 1.0000000180025095e-35 4.5000000000000009 2.5000000000000004 4.5000000000000009 3.5000000000000004 2.5000000000000004 3.5000000000000004 16.500000000000004 2.5000000000000004 3.5000000000000004 3.5000000000000004 3.5000000000000004 1.0000000180025095e-35 9.0000000000000018 2.5000000000000004 7.0000000000000009 8.5000000000000018 3.5000000000000004 3.5000000000000004 2.5000000000000004 2.5000000000000004 3.5000000000000004 26.500000000000004
decision_type=2 2 2 2 2 2 2 2 2 2 2 2 2 2 2 2 2 2 2 2 2 2 2 2
left_child=1 4 3 -3 5 6 -1 -8 9 19 -11 -10 -13 23 15 -14 -17 -5 -19 20 -2 22 -22 -6
right_child=8 2 -4 17 13 -7 7 -9 11 10 -12 12 14 -15 -16 16 -18 18 -20 -21 21 -23 -24 -25
leaf_value=-0.0077219630540929975 0 -0.032909973446632733 -0.039707512191539805 0 0.023865597713932533 -0.051965710204432601 0.036027665936694861 0.0040733571342411309 -0.02183627475331517 -0.02539852069271083 -0.0010109925031714984 -0.030831900527295057 -0.010278100463582993 0.0014519446753889519 -0.022294400074029882 0 0.015033817173851445 0 0.022965146997786776 -0.00096503588611282509 0.024864861421582316 0.01769492835484111 -0.029064751532658584 0.0042314915707586222
leaf_weight=2.7671633576974273 0.93757292290683913 0.64272688771598208 1.2527194982394565 4.6233282466419041 2.938487939478363 0.99581560608930964 1.5602599335834382 4.3357009156607091 1.6613570527406389 1.2906180154532201 8.247344632400198 0.47032267542090256 2.220398802543059 2.3299023362342268 0.51889175706310187 2.9275085121043958 1.5695278106722979 1.6679607963887975 1.6865934807574376 1.9075604267418382 0.57592214504256867 2.4951625367393717 0.52508027362637222 1.6022037854418156
leaf_count=34 23 22 16 59 96 14 35 48 75 61 248 15 35 63 10 94 49 27 37 64 20 68 16 12
internal_value=-0.000599704 0.00236943 -0.00268286 0.00176944 0.00587122 0 0.0060608 0.0138864 -0.00400811 -0.000942873 -0.00514972 -0.00838259 -0.00444426 0.014015 -0.00162367 0 0.00503453 0.00556611 0.01163 0.00404443 0.0079167 0.0120157 0 0.0186995
internal_weight=51.7501 26.4029 9.87333 8.62061 16.5295 9.65894 8.66312 5.89596 25.3473 15.9793 9.53796 9.36801 7.70665 6.87059 7.23633 6.71744 4.49704 7.97788 3.35455 6.4413 4.53374 3.59616 1.101 4.54069
internal_count=1241 463 161 145 302 131 117 83 778 500 309 278 203 171 188 178 143 123 64 191 127 104 36 108
is_linear=0
shrinkage=0.04


Tree=239
num_leaves=25
num_cat=0
split_feature=21 17 25 24 24 24 26 26 1 27 26 26 23 22 27 26 25 25 26 24 25 18 1 26
split_gain=0.319365 0.287836 1.19854 0.548524 0.45856 1.77418 0.575815 0.57166 0.152707 0.248602 0.331457 0.356862 0.302618 0.197272 0.389685 0.55279 0.425541 0.384901 0.493254 0.343823 0.209201 0.140097 0.139411 0.138759
threshold=1.5833333333333337 1.0000000180025095e-35 1.0000000180025095e-35 4.5000000000000009 4.5000000000000009 3.5000000000000004 2.5000000000000004 3.5000000000000004 16.500000000000004 3.5000000000000004 9.0000000000000018 7.0000000000000009 0.84759080068664439 2.5000000000000004 2.5000000000000004 2.5000000000000004 3.5000000000000004 2.5000000000000004 2.5000000000000004 3.5000000000000004 1.5000000000000002 1.0000000180025095e-35 8.5000000000000018 3.5000000000000004
decision_type=2 2 2 2 2 2 2 2 2 2 2 2 2 2 2 2 2 2 2 2 2 2 2 2
left_child=1 4 -3 22 5 6 -1 -8 13 12 11 -11 -10 14 17 -16 -17 20 -19 -15 -2 -6 -4 -24
right_child=8 2 3 -5 21 -7 7 -9 9 10 -12 -13 -14 19 15 16 -18 18 -20 -21 -22 -23 23 -25
leaf_value=-0.0073906686429118388 0 -0.048107223572997494 0 -0.025927870749969269 0.018193871809591033 -0.051182488235678066 0.035426764193751216 0.0039146062553675285 -0.018321159411456716 -0.0042206414607478529 -0.03361797019951869 0.020383988000391224 0 -0.024751500386141087 -0.017384998191684695 0 0.035371058596220584 0.0073442595473891268 -0.025309622798590978 -0.00097022732806463995 0.025765605932761386 0.0013948929323292266 0.020635017042723084 0
leaf_weight=2.775383944506757 0.66671799065079607 0.85355702973902481 4.6715971497469564 0.99324444541707624 4.4988481317996039 0.97111437120474953 1.5239961324259637 4.331163321621716 4.472110537986735 1.7487628172384579 0.41357031156076107 1.4506492610089481 1.2615311394911257 1.2717697590996984 0.34263013722375069 0.27825865789782289 1.7280544771347193 0.72892523277550969 1.844673288054764 8.250060747668611 0.80620432831346989 2.3282240780536085 1.5544080896070227 1.7600578058045357
leaf_count=34 34 17 64 15 108 14 35 48 115 54 7 42 60 61 10 11 72 22 17 248 25 63 40 25
internal_value=-0.000592476 0.00230843 -0.00256335 0.000875037 0.00571122 0 0.00584356 0.013483 -0.0039246 -0.00813917 0 0.00443491 -0.0133178 -0.000947207 0.00381609 0.0172655 0.0271704 -0.00201409 -0.0129525 -0.00498671 0.0116669 0.0136368 0.00521032 0.0115199
internal_weight=51.5255 26.2616 9.83286 8.97931 16.4287 9.60166 8.63054 5.85516 25.2639 9.34662 3.61298 3.19941 5.73364 15.9173 6.39546 2.34894 2.00631 4.04652 2.5736 9.52183 1.47292 6.82707 7.98606 3.31447
internal_count=1241 463 161 144 302 131 117 83 778 278 103 96 175 500 191 93 83 98 39 309 59 171 129 65
is_linear=0
shrinkage=0.04


Tree=240
num_leaves=25
num_cat=0
split_feature=17 1 26 24 24 26 26 26 19 25 1 25 14 21 26 24 26 24 26 1 21 25 21 1
split_gain=0.475391 0.477477 0.596145 1.28641 0.86451 1.14897 0.743789 0.495131 0.410616 0.588055 0.385004 0.366618 0.822369 0.461218 0.454272 0.432323 0.543637 0.608984 0.342374 0.302545 0.295198 0.251314 0.359292 0.288318
threshold=1.0000000180025095e-35 4.5000000000000009 4.5000000000000009 4.5000000000000009 3.5000000000000004 2.5000000000000004 3.5000000000000004 2.5000000000000004 1.0000000180025095e-35 5.5000000000000009 18.500000000000004 6.5000000000000009 3.5000000000000004 1.7083333333333337 1.5000000000000002 3.5000000000000004 3.5000000000000004 5.5000000000000009 3.5000000000000004 15.500000000000002 1.7083333333333337 3.5000000000000004 1.4166666666666667 10.500000000000002
decision_type=2 2 2 2 2 2 2 2 2 2 2 2 2 2 2 2 2 2 2 2 2 2 2 2
left_child=8 -2 3 4 7 -6 -7 -3 11 18 -11 14 13 -13 -1 -16 17 20 -10 -18 -17 22 -4 -24
right_child=1 2 21 -5 5 6 -8 -9 9 10 -12 12 -14 -15 15 16 19 -19 -20 -21 -22 -23 23 -25
leaf_value=-0.032411748742580133 0.018243335000416513 -0.010645367914791906 -0.010847789536386661 -0.045997159540556831 -0.038624736887256129 0.024351480391968331 -0.0021808753767146439 -0.046016376046770828 -0.0046849056539074018 0.023933762670673913 -0.019111377450393947 0.0029006016059292062 -0.005172439241781829 0.038445344429836638 0.0080438112808012795 -0.017670518225699341 -0.026766406753732173 -0.046379572861136129 -0.039407763557948207 0.0048302505276122181 0.0052648143864405866 -0.025608309109231966 0.031024985535968313 0.0024032648540966164
leaf_weight=0.66310921031982673 0.9345081116771351 3.6008377523394319 1.4210733107756812 1.7867040168493975 1.0147561728954313 2.5237335085403174 3.7778189713135362 1.1859087299962991 1.7940934749785804 1.0002917206147683 0.31893686018884171 1.6488732806174078 2.0948583730496466 1.8589182393625376 9.0212583514512534 1.5515635777264822 0.47785463475156564 0.88689822610467661 1.199545586685417 7.1140626721316949 1.3795826276764271 0.47505565010942508 0.97820226952899236 3.3185792619478889
leaf_count=26 41 43 28 35 17 75 41 18 53 41 12 86 18 55 139 28 16 11 37 174 59 18 44 129
internal_value=-0.0024282 -0.00710238 -0.00868015 -0.0133238 -0.00783938 0 0.00717564 -0.0210798 0.000481788 -0.0106266 0.00746301 0.002576 0.0116755 0.0240178 0 0.00121627 -0.00348076 -0.0160521 -0.0212706 0.00178772 -0.00414639 0.000442968 0.00400651 0.0107811
internal_weight=52.027 21.0172 20.0827 13.8898 12.1031 7.31631 6.30155 4.78675 31.0098 4.31287 1.31923 26.697 5.60265 3.50779 21.0943 20.4312 11.41 3.81804 2.99364 7.59192 2.93115 6.19291 5.71785 4.29678
internal_count=1244 489 448 229 194 133 116 61 755 143 53 612 159 141 453 427 288 98 90 190 87 219 201 173
is_linear=0
shrinkage=0.04


Tree=241
num_leaves=25
num_cat=0
split_feature=16 21 17 23 21 24 24 24 24 21 26 26 14 1 21 1 21 26 26 23 1 21 21 26
split_gain=0.601891 0.403063 0.343985 0.701201 0.62538 0.473293 0.458069 0.337624 0.646363 1.34679 0.36929 0.315437 0.30928 0.29963 0.630406 0.357271 0.275807 0.274217 0.214321 1.00564 0.39462 0.425882 0.204692 0.475309
threshold=1.5000000000000002 1.1250000000000002 1.0000000180025095e-35 1.0000000180025095e-35 1.2916666666666667 5.5000000000000009 2.5000000000000004 3.5000000000000004 4.5000000000000009 1.7083333333333337 3.5000000000000004 7.0000000000000009 2.5000000000000004 13.500000000000002 1.5833333333333337 14.500000000000002 1.5833333333333337 2.5000000000000004 3.5000000000000004 0.76180168105713697 22.500000000000004 1.5833333333333337 2.7083333333333335 5.5000000000000009
decision_type=2 2 2 2 2 2 2 2 2 2 2 2 2 2 2 2 2 2 2 2 2 2 2 2
left_child=2 -2 3 11 -4 -6 16 10 9 -9 -8 17 -3 14 -10 -15 -5 -1 19 -17 21 -20 23 -23
right_child=1 12 4 6 5 -7 7 8 13 -11 -12 -13 -14 15 -16 18 -18 -19 20 -21 -22 22 -24 -25
leaf_value=0 0.0048252098439659748 0 -0.027789509299407697 0 -9.6770071908694301e-05 -0.033762369754510385 0.016530869439263247 -0.051435897663959021 -0.033335078663847682 0 0 0 -0.025758674415717799 0.025513242024375549 0.011410726600985844 -0.035080588627450941 -0.041707480812381209 0.028297376997979531 0.024497143611973075 0.0059539150479602102 -0.027458480107835626 0.0069124552754921314 0.017820735482289237 -0.023124263658719581
leaf_weight=0.74470098479651214 0.60505627037491549 0.40030273888260159 1.8642853551427858 0.44405492604710406 14.512863631709475 0.73107966902898702 3.7539764130488065 1.2387571719009458 1.1240142481401552 2.7433874278794974 3.5906347165000625 0.65164304396603245 3.5345893219346181 1.1475239526480425 0.56476019648835052 1.3233850479591618 0.67969128812546842 2.6543639925366733 2.0579878364223987 2.7678691372857429 0.41277101496234525 1.9111851439811292 0.95594114530831564 1.2961883997777475
leaf_count=36 19 23 33 10 374 28 71 12 22 81 25 29 73 22 14 25 25 74 51 66 7 45 40 39
internal_value=-0.00237164 -0.01639 -0.000852855 0.00151898 -0.00548829 -0.00223613 -0.000597044 0.000214031 -0.00246216 -0.016789 0.00769577 0.0170823 -0.0216853 0.00115478 -0.013634 0.00393212 -0.0256795 0.0222762 0.000877217 -0.005364 0.00593209 0.00943339 6.56097e-05 -0.00273196
internal_weight=51.711 4.53995 47.1711 30.0628 17.1082 15.2439 26.0121 24.8884 17.5438 3.98214 7.34461 4.05071 3.93489 13.5616 1.68877 11.8729 1.12375 3.39906 10.7253 4.09125 6.63407 6.2213 4.16331 3.20737
internal_count=1244 115 1129 694 435 402 555 520 424 93 96 139 96 331 36 295 35 110 273 91 182 175 124 84
is_linear=0
shrinkage=0.04


Tree=242
num_leaves=25
num_cat=0
split_feature=16 21 19 17 23 21 24 24 5 24 1 27 26 26 21 15 26 26 14 24 26 26 26 23
split_gain=0.537899 0.37227 0.339767 0.41829 0.69758 0.585743 0.425189 0.354328 0.33933 0.488811 1.42379 0.327657 0.367199 0.311855 0.265521 0.242143 0.309045 0.279595 0.234454 0.232897 0.377154 0.37757 0.232316 0.722181
threshold=1.5000000000000002 1.1250000000000002 1.0000000180025095e-35 1.0000000180025095e-35 1.0000000180025095e-35 1.2916666666666667 2.5000000000000004 5.5000000000000009 1.0000000180025095e-35 4.5000000000000009 26.500000000000004 1.5000000000000002 2.5000000000000004 5.5000000000000009 1.5833333333333337 1.5000000000000002 3.5000000000000004 2.5000000000000004 3.5000000000000004 6.5000000000000009 2.5000000000000004 7.0000000000000009 3.5000000000000004 0.60355339059327384
decision_type=2 2 2 2 2 2 2 2 2 2 2 2 2 2 2 2 2 2 2 2 2 2 2 2
left_child=2 -2 3 4 19 -5 14 11 13 10 -10 -7 -13 -8 -6 16 17 -4 -11 20 -1 -22 -20 -24
right_child=1 -3 15 5 6 7 8 -9 9 18 -12 12 -14 -15 -16 -17 -18 -19 22 -21 21 -23 23 -25
leaf_value=0 0.0046392592996827541 -0.020585137417642636 -0.031560079872275486 -0.039428837525112517 0 0.016187844846203222 0.011030646540060451 -0.031967459762344684 -0.051170823480112024 0.014745029916392868 0.0038819676215287049 -0.032494946823241881 -0.00075498923322527803 -0.0049746351016531475 -0.041049620631627287 0.0025346151995484186 -0.029658792305238137 0 -0.0079111844458449633 0 0.037150489180162054 0 0.023624279898440893 -0.022105784083843484
leaf_weight=0.48736399225890981 0.60415451694279809 3.9674548970069736 0.51838378154206965 0.77297128550708194 0.43072316958569234 1.5473203149740555 8.514052661135791 0.62874756334349591 1.173183634877206 1.8126202723942677 1.4611519984900949 0.6645846595056345 11.44142174348235 1.7532790789846338 0.60360718370066024 1.0345928168972021 1.5675571215106172 3.0945075190102216 3.8961880872957408 0.44458202831447113 2.1889125292073008 0.52164546272251744 1.7187578454613688 0.6715760186780243
leaf_count=14 19 96 17 12 7 67 197 23 9 28 22 14 250 70 17 33 66 87 37 22 52 28 47 10
internal_value=-0.00229229 -0.0155017 -0.000835598 0.000305075 0.00359026 -0.0047667 0.000532973 -0.00233058 0.00211874 -0.00230105 -0.0175986 -0.000379835 -0.00315825 0.00751837 -0.0239297 -0.00959865 -0.0135661 -0.00436947 0.00168689 0.0198889 0.0238135 0.0298609 -0.000805654 0.00742938
internal_weight=51.5193 4.57161 46.9477 40.7327 25.6776 15.055 22.0351 14.2821 21.0008 10.7335 2.63434 13.6533 12.106 10.2673 1.03433 6.21504 5.18045 3.61289 8.09914 3.6425 3.19792 2.71056 6.28652 2.39033
internal_count=1244 115 1129 926 560 366 444 354 420 153 31 331 264 267 24 203 170 104 122 116 94 80 94 57
is_linear=0
shrinkage=0.04


Tree=243
num_leaves=25
num_cat=0
split_feature=16 21 19 25 26 26 1 25 23 14 1 24 26 23 26 21 26 1 23 24 24 25 24 26
split_gain=0.482892 0.345786 0.31315 0.34668 0.801276 0.298591 0.286543 0.332193 0.993919 0.278917 0.272233 0.232559 0.865447 0.640772 0.618978 0.47923 0.250089 0.530114 0.303415 0.520436 0.124503 0.644679 0.310726 0.425685
threshold=1.5000000000000002 1.1250000000000002 1.0000000180025095e-35 5.5000000000000009 3.5000000000000004 2.5000000000000004 28.500000000000004 6.5000000000000009 1.0000000180025095e-35 2.5000000000000004 18.500000000000004 5.5000000000000009 3.5000000000000004 0.60355339059327384 4.5000000000000009 3.1250000000000004 7.0000000000000009 15.500000000000002 0.84759080068664439 4.5000000000000009 2.5000000000000004 2.5000000000000004 3.5000000000000004 4.5000000000000009
decision_type=2 2 2 2 2 2 2 2 2 2 2 2 2 2 2 2 2 2 2 2 2 2 2 2
left_child=2 -2 6 4 5 -4 7 11 -9 -3 -5 16 -13 14 -14 -16 17 20 19 -18 21 -1 -22 -24
right_child=1 9 3 10 -6 -7 -8 8 -10 -11 -12 12 13 -15 15 -17 18 -19 -20 -21 22 -23 23 -25
leaf_value=0 0.0044601593610487439 0 -0.031004745130937074 0.018567027075941992 -0.040588766695313312 0.0006025755514915582 -0.029624190716149201 0.04071657097713452 0 -0.023496196025725266 -0.017926179715521073 -0.044728658533176591 0.030610342015450123 -0.028686798864099996 -0.035126462200585053 0.0083790936610887677 0 -0.035917949006952193 0 0.034911903719681857 0.0083165582463020065 -0.041824214411443128 -0.0062069134460570122 0.010966566684729142
leaf_weight=4.2788440145668671 0.60329621273558487 0.40255002013873342 0.50679831532761399 1.0562971030885817 1.4142499426088759 2.8922141417569946 0.49451552168466051 1.2923304560245004 4.3391138610313646 3.5937577445292845 0.30730008688988153 0.87586348922923107 1.2892006281763322 0.95234519452787925 0.59330039471387841 0.83500461746007204 0.76875081623438668 0.6642049103975286 2.0021461219293997 1.4115655589848757 7.5993508985266116 0.66861166572198261 9.5957015531603229 2.8612550495890892
leaf_count=104 19 23 17 42 46 84 14 30 126 73 14 10 42 23 7 36 32 7 36 52 110 14 181 102
internal_value=-0.0022357 -0.0147189 -0.000834864 -0.00927161 -0.0148284 -0.0017565 0.000253743 0.000822728 0.00990241 -0.0196161 0.00447609 -0.000431241 -0.00899243 0 0.00942736 -0.00409154 0.00060448 -0.000583459 0.00980766 0.0201787 3.52216e-05 -0.00528317 0.00174603 -0.0016201
internal_weight=51.2986 4.5996 46.699 6.17686 4.81326 3.39901 40.5221 40.0276 5.63144 3.99631 1.3636 34.3961 4.54571 3.66985 2.71751 1.42831 29.8504 25.668 4.18246 2.18032 25.0038 4.94746 20.0563 12.457
internal_count=1244 115 1129 203 147 101 926 912 156 96 56 756 118 108 85 43 638 518 120 84 511 118 393 283
is_linear=0
shrinkage=0.04


Tree=244
num_leaves=25
num_cat=0
split_feature=16 21 19 17 23 21 24 24 1 27 26 21 15 26 26 15 24 1 26 24 26 24 26 26
split_gain=0.430457 0.319704 0.291717 0.377832 0.618674 0.549412 0.37617 0.333819 0.324062 0.298944 0.346124 0.254649 0.218606 0.278324 0.250905 0.216565 0.317545 1.42252 0.272211 0.44833 0.288074 0.213046 0.356888 0.346798
threshold=1.5000000000000002 1.1250000000000002 1.0000000180025095e-35 1.0000000180025095e-35 1.0000000180025095e-35 1.2916666666666667 2.5000000000000004 5.5000000000000009 28.500000000000004 1.5000000000000002 2.5000000000000004 1.5833333333333337 1.5000000000000002 3.5000000000000004 2.5000000000000004 1.5000000000000002 4.5000000000000009 12.500000000000002 7.0000000000000009 3.5000000000000004 9.0000000000000018 6.5000000000000009 2.5000000000000004 7.0000000000000009
decision_type=2 2 2 2 2 2 2 2 2 2 2 2 2 2 2 2 2 2 2 2 2 2 2 2
left_child=2 -2 3 4 21 -5 11 9 15 -7 -11 -6 13 14 -4 18 17 -17 19 -8 -20 22 -1 -24
right_child=1 -3 12 5 6 7 8 -9 -10 10 -12 -13 -14 -15 -16 16 -18 -19 20 -21 -22 -23 23 -25
leaf_value=0 0.0042876799147816324 -0.018622910855118704 -0.030453271262731653 -0.038513805113150494 0 0.015555541568557188 0.008771213443323031 -0.031392336952488865 -0.028998599885386906 -0.031947584698074967 -0.00066675800959754752 -0.039781772532778918 0.002319119211663021 -0.02857843747748531 0 0.0095511334437307846 0.0027822534639409696 -0.049262037106966874 0.036547591820542617 -0.01200745076929529 0.001209222556087195 0 0.036044709966664937 0
leaf_weight=0.48911483772099362 0.60247911501210083 4.027289243764244 0.4955660374835128 0.75824704300612111 0.42588916723616665 1.5337771050981217 6.0742890050169134 0.61156790540553707 0.4791375482454886 0.64397734170779486 11.419742126134222 0.58815181179670617 1.018126604700228 1.5024823796411508 3.0908625503943767 1.2869111495092496 7.3279903319198638 1.0763061414472757 1.0390843618661156 2.0831823649350554 1.4076717011630535 0.43103743065148581 2.1108060436672536 0.50640131899854157
leaf_count=14 19 96 17 12 7 67 64 23 9 14 250 17 33 66 87 54 162 9 29 78 15 22 52 28
internal_value=-0.00216186 -0.0139136 -0.000816876 0.000226199 0.0033896 -0.00459204 0.000489734 -0.00221883 0.00200764 -0.000318367 -0.00299972 -0.0227182 -0.00900889 -0.0128473 -0.00402634 0.00313382 -0.000447957 -0.0138496 0.00716162 0.00248425 0.0194863 0.0189899 0.0228121 0.0289106
internal_weight=51.0301 4.62977 46.4003 40.2933 25.326 14.9673 21.7886 14.2091 20.7746 13.5975 12.0637 1.01404 6.10704 5.08891 3.58643 20.2954 9.69121 2.36322 10.6042 8.15747 2.44676 3.53736 3.10632 2.61721
internal_count=1244 115 1129 926 560 366 444 354 420 331 264 24 203 170 104 411 225 63 186 142 44 116 94 80
is_linear=0
shrinkage=0.04


Tree=245
num_leaves=25
num_cat=0
split_feature=19 26 26 26 15 24 24 17 24 23 26 26 27 16 26 22 24 24 23 24 0 23 26 23
split_gain=0.154882 0.271399 0.283641 0.157219 0.609232 1.16427 0.553399 0.344397 1.59179 1.11732 0.405429 0.342127 0.545557 0.247902 0.272164 0.699388 0.819907 0.308825 0.330277 0.397496 0.258726 0.185769 0.154603 0.144716
threshold=1.0000000180025095e-35 4.5000000000000009 2.5000000000000004 4.5000000000000009 1.5000000000000002 6.5000000000000009 6.5000000000000009 1.0000000180025095e-35 4.5000000000000009 0.60355339059327384 1.5000000000000002 7.0000000000000009 3.5000000000000004 1.5000000000000002 3.5000000000000004 2.5000000000000004 5.5000000000000009 3.5000000000000004 0.76180168105713697 5.5000000000000009 3.5000000000000004 0.76180168105713697 3.5000000000000004 1.0000000180025095e-35
decision_type=2 2 2 2 2 2 2 2 2 2 2 2 2 2 2 2 2 2 2 2 2 2 2 2
left_child=3 2 -2 7 6 -6 11 13 9 10 -9 23 -13 14 17 16 -16 -1 19 -19 -21 -7 -12 -5
right_child=1 -3 -4 4 5 21 -8 8 -10 -11 22 12 -14 -15 15 -17 -18 18 -20 20 -22 -23 -24 -25
leaf_value=0.014392813783376484 -0.030714505259060623 -0.031810474964877385 0 0.032405986038592009 -0.040468638644509961 0.026826155498113229 -0.030150627227399425 0.016788342103329485 -0.045091958106926934 0.027064072307273635 -0.0052335321919597519 -0.0058800080653290936 0.029141840022708986 -0.025391268273503572 -0.0069791155495409077 -0.038133220327190361 0.033615789688526354 0 0.01265545745711902 0 -0.041941803200908616 0 -0.020363676164486023 0.01001068735200982
leaf_weight=4.399601041805008 0.52546219027135421 0.75093055370962236 4.6265984455822036 1.0886899885954298 1.3727620742865831 0.62326616863720108 0.52695637656143013 0.75664735771715541 1.5937997450819228 1.7429704482201476 6.1106520286994037 3.7902294847881421 0.87353323702700425 0.51203976199030776 3.5829884987324467 0.83696926326956589 1.0066015287302432 2.7536460841074586 2.309679928701371 0.64314618706703164 0.68698124191723764 0.34541055234149098 2.5279252213658765 5.7062273344490677
leaf_count=87 24 44 150 19 33 34 17 40 31 42 83 90 31 39 31 13 32 75 70 23 12 10 20 168
internal_value=-0.00166556 -0.00789047 -0.00285127 -0.000643755 0.0025293 -0.0151392 0.00664838 -0.00245821 -0.00749694 -0.0013991 -0.00753098 0.00903883 0 0.000897882 0.00222104 -0.00425402 0.000181196 0.0062178 0 -0.00623041 -0.0244402 0.0124977 -0.0105872 0.0147762
internal_weight=49.6937 5.90299 5.15206 43.7907 14.3271 2.34144 11.9856 29.4636 12.732 11.1382 9.39522 11.4587 4.66376 16.7317 16.2196 5.42656 4.58959 10.7931 6.39345 4.08377 1.33013 0.968677 8.63858 6.79492
internal_count=1218 218 174 1000 402 77 325 598 216 185 143 308 121 382 343 76 63 267 180 110 35 44 103 187
is_linear=0
shrinkage=0.04


Tree=246
num_leaves=25
num_cat=0
split_feature=25 23 1 21 27 23 15 23 1 17 25 17 17 23 14 15 25 25 1 23 17 26 21 1
split_gain=0.334299 0.454415 0.162829 0.428306 0.22468 0.190793 0.160902 0.181018 0.449733 0.356879 0.936667 0.304718 0.159139 0.251265 0.238576 0.127946 0.253283 0.312815 0.12584 0.118783 0.0945797 0.0870527 0.0866877 0.145148
threshold=6.5000000000000009 1.0000000180025095e-35 11.500000000000002 1.4166666666666667 2.5000000000000004 1.0448623679425844 2.5000000000000004 0.60355339059327384 14.500000000000002 1.0000000180025095e-35 4.5000000000000009 1.0000000180025095e-35 1.0000000180025095e-35 0.76180168105713697 3.5000000000000004 1.5000000000000002 5.5000000000000009 3.5000000000000004 7.5000000000000009 0.45220861134162554 1.5000000000000002 1.5000000000000002 1.8750000000000002 13.500000000000002
decision_type=2 2 2 2 2 2 2 2 2 2 2 2 2 2 2 2 2 2 2 2 2 2 2 2
left_child=2 -2 3 18 20 19 7 9 11 22 -11 -9 13 -3 -15 16 17 -10 21 -5 -4 -1 23 -6
right_child=1 12 4 5 6 -7 -8 8 15 10 -12 -13 -14 14 -16 -17 -18 -19 -20 -21 -22 -23 -24 -25
leaf_value=0 0.030376684378235423 -0.0080074542964642965 -0.015797416483329538 0 -0.0072091771663090167 -0.0074969890881364408 -0.027289051318233729 0 0.0025667642748552323 -0.023730616998415856 0.012320643469469181 0.032522725736823882 -0.022565836219185512 0.026792450926878042 0 -0.01046325267443439 0.018653525579826937 -0.031112635088988986 0 0.016889643202620305 0 -0.010042751996518398 -0.0054485850444559577 0.0062873152665990041
leaf_weight=0.74508475791663187 1.1175078756059509 1.0584488329768653 3.9777218958770417 0.38960207975469474 1.1919481229269928 0.24107771873241279 0.45894668306573194 0.34599425690248509 0.80596275607240386 3.7911637137876815 1.3325554208131505 1.2070236378349362 0.39414389675948758 1.0723870623041876 1.2401379216462374 1.8319383780471978 1.0945630562491715 0.54907932493370026 8.4028811746975389 3.5573197561316192 1.0957473230082539 4.8873928653192706 2.9573999899439514 5.5955186116043478
leaf_count=29 25 46 113 29 42 25 11 19 29 31 41 42 18 56 12 45 47 10 121 129 38 48 99 113
internal_value=-0.00162427 0.00789201 -0.00284933 0 -0.00486705 0.0112812 -0.00256854 -0.00163413 0.00364089 -0.00424213 -0.0127932 0.022542 0 0.00399936 0.0129543 -0.00134651 0.00220561 -0.00517666 -0.0032941 0.0144551 -0.0128776 -0.00792379 0 0.00273855
internal_weight=49.3415 4.88263 44.4589 18.2234 26.2356 4.188 21.1621 20.7031 5.83456 14.8686 5.12372 1.55302 3.76512 3.37097 2.31252 4.28154 2.44961 1.35504 14.0354 3.94692 5.07347 5.63248 9.74487 6.78747
internal_count=1218 157 1061 381 680 183 529 518 192 326 72 61 132 114 68 131 86 39 198 158 151 77 254 155
is_linear=0
shrinkage=0.04


Tree=247
num_leaves=25
num_cat=0
split_feature=1 1 15 19 24 26 26 26 24 17 23 1 1 23 26 15 24 24 26 1 1 26 15 24
split_gain=0.171078 0.177862 0.151382 0.121503 0.246064 0.271661 0.247656 0.158979 0.339661 1.21273 0.620269 0.586943 0.841322 0.586522 0.396832 0.294412 0.919625 0.464312 0.40886 0.235455 0.339649 0.365035 0.23477 0.156273
threshold=28.500000000000004 24.500000000000004 2.5000000000000004 1.0000000180025095e-35 5.5000000000000009 3.5000000000000004 2.5000000000000004 4.5000000000000009 4.5000000000000009 1.0000000180025095e-35 0.48570226039551589 13.500000000000002 16.500000000000004 0.48570226039551589 3.5000000000000004 1.5000000000000002 6.5000000000000009 6.5000000000000009 7.0000000000000009 18.500000000000004 20.500000000000004 3.5000000000000004 1.0000000180025095e-35 4.5000000000000009
decision_type=2 2 2 2 2 2 2 2 2 2 2 2 2 2 2 2 2 2 2 2 2 2 2 2
left_child=1 2 3 7 5 6 -5 8 10 11 14 13 -13 -10 22 17 -17 18 23 -14 21 -21 -1 -9
right_child=-2 -3 -4 4 -6 -7 -8 15 9 -11 -12 12 19 -15 -16 16 -18 -19 -20 20 -22 -23 -24 -25
leaf_value=-0.0047165615749528312 -0.027418248585806163 0.0077365493126444439 -0.026503229588262282 -0.030228312850628738 0.0031121748878798435 -0.03429556773029737 0 0.0061681738226561679 0 -0.044336622062513459 0.015399191457262958 0.029165905854571583 -0.027847497999770692 -0.092907956845723574 -0.011611300360982282 -0.038076684516859298 0.012733096979809871 -0.028851118057132429 -0.00047531841036797004 -0.0037043056853368131 -0.032394781201706982 0.027057103761746006 0.0067285645102142366 0.02315578614580515
leaf_weight=5.0926503836526624 0.43645840446697448 3.0048546782345502 0.44026919608586368 0.51140574819873963 1.4999621392926199 0.87820248046773475 2.9262525225640275 3.9811983755789644 0.2729703770019104 1.3444613552419467 3.4980356163578099 1.4642602839739991 0.67107108724303577 0.21251542866230011 5.8769544023671179 1.042416930897162 0.94757516845129419 0.48560566664673466 3.6295808433787897 1.0134573667310181 0.4428700478747486 0.88627359177917231 5.9162543305428699 2.7487989400979131
leaf_count=51 15 63 15 22 52 47 87 108 29 25 95 39 15 1 55 25 42 13 98 53 5 20 164 79
internal_value=-0.00157995 -0.00118483 -0.0019451 -0.00153021 -0.00706321 -0.0124533 -0.00454615 -0.000513714 -0.00244087 -0.010553 0 0 0.00310366 -0.0429595 -0.00310621 0.00287068 -0.00986246 0.00594474 0.00834803 -0.0069047 0 0.00643556 0.000707436 0.0142953
internal_weight=49.2244 48.7879 45.783 45.3428 5.81582 4.31586 3.43766 39.527 26.6918 6.30788 20.3839 4.96342 4.47793 0.485486 16.8859 12.8352 1.98999 10.8452 10.3596 3.01367 2.3426 1.89973 11.0089 6.73
internal_count=1218 1203 1140 1125 208 156 109 917 552 187 365 162 132 30 270 365 67 298 285 93 78 73 215 187
is_linear=0
shrinkage=0.04


Tree=248
num_leaves=25
num_cat=0
split_feature=25 17 14 1 27 26 17 1 17 1 14 1 22 24 22 24 24 25 1 17 1 26 17 1
split_gain=0.287345 0.338725 0.178757 0.152875 0.196216 0.194828 0.489189 0.14398 0.473774 0.110394 0.0945908 0.171292 0.401328 0.961434 0.381217 0.145619 0.178343 0.117054 0.0879517 0.0829153 0.0765834 0.228822 0.134487 0.37773
threshold=6.5000000000000009 1.0000000180025095e-35 3.5000000000000004 11.500000000000002 2.5000000000000004 5.5000000000000009 1.0000000180025095e-35 18.500000000000004 1.0000000180025095e-35 19.500000000000004 3.5000000000000004 13.500000000000002 2.5000000000000004 3.5000000000000004 2.5000000000000004 4.5000000000000009 6.5000000000000009 3.5000000000000004 20.500000000000004 1.5000000000000002 4.5000000000000009 1.5000000000000002 1.0000000180025095e-35 5.5000000000000009
decision_type=2 2 2 2 2 2 2 2 2 2 2 2 2 2 2 2 2 2 2 2 2 2 2 2
left_child=3 2 9 5 19 20 -7 10 18 -2 15 12 13 -12 -13 -6 -17 -16 -9 -5 21 -1 -22 -24
right_child=1 -3 -4 4 7 6 -8 8 -10 -11 11 14 -14 -15 17 16 -18 -19 -20 -21 22 -23 23 -25
leaf_value=0.021047910353201974 0 -0.02224943476821736 0 -0.014953377680196663 0 -0.02340020836889534 0.019566458254920538 -0.01000780885699998 -0.048800838595943183 0.021401391083013383 0 0.012714503836761258 0 -0.055965788068249422 0 0.023242715364188531 0 -0.012682943077327306 0 0 0 -0.011200193874828407 -0.038655715299623299 -0.0026059264208227852
leaf_weight=0.86939696955960488 0.80655599522287902 0.38885479338932771 1.2865624222904442 3.9621114210458499 1.7495560372190095 0.37626579031348173 2.2194877677829936 2.0546636113431296 0.4409857045393436 2.332460469158832 0.93220496736466862 2.9705049237236381 2.9658575924113393 0.79134619608521461 0.87560076586669344 1.168404529802501 0.28945839125663031 2.0600002995925024 4.5905419398623053 1.0962370410561559 7.6146766759338771 0.24948274390771985 0.59416931658051897 6.2689153430401348
leaf_count=44 58 18 14 113 92 17 64 32 16 67 23 47 31 11 26 83 12 43 113 38 129 5 9 113
internal_value=-0.00155297 0.00729498 0.0116986 -0.00269927 -0.00467132 0 0.0102563 -0.00246449 -0.00710028 0.0168542 0 -0.00190582 -0.00797451 -0.0233577 0.00155814 0.00593189 0.0154023 -0.0070057 -0.00312909 -0.0122032 -0.00157466 0.00670736 -0.00276729 -0.00689258
internal_weight=48.9543 4.81443 4.42558 44.1399 25.9475 18.1924 2.59575 20.8891 7.08619 3.13902 13.8029 10.5955 4.68941 1.72355 5.90611 3.20742 1.45786 2.9356 6.64521 5.05835 15.5966 1.11888 14.4778 6.86308
internal_count=1218 157 139 1061 680 381 81 529 161 125 368 181 65 34 116 187 95 69 145 151 300 49 251 122
is_linear=0
shrinkage=0.04


Tree=249
num_leaves=25
num_cat=0
split_feature=1 1 14 15 15 16 16 24 21 21 17 26 1 24 19 17 24 15 26 1 23 24 1 26
split_gain=0.161775 0.162023 0.214178 0.178442 0.141367 0.119605 0.109166 0.243452 0.139578 0.311583 0.252723 0.205937 0.216569 0.166035 0.163653 0.278146 0.744878 0.670277 0.559758 0.92723 0.261332 0.231381 0.993313 0.663529
threshold=28.500000000000004 24.500000000000004 3.5000000000000004 1.5000000000000002 2.5000000000000004 1.0000000180025095e-35 1.5000000000000002 2.5000000000000004 2.1250000000000004 1.8750000000000002 1.5000000000000002 7.0000000000000009 18.500000000000004 3.5000000000000004 1.0000000180025095e-35 1.0000000180025095e-35 4.5000000000000009 1.0000000180025095e-35 4.5000000000000009 15.500000000000002 0.45220861134162554 4.5000000000000009 13.500000000000002 3.5000000000000004
decision_type=2 2 2 2 2 2 2 2 2 2 2 2 2 2 2 2 2 2 2 2 2 2 2 2
left_child=1 4 -3 -4 5 -1 8 -8 9 14 11 12 -11 -10 15 21 17 -17 -18 -20 -19 23 -23 -7
right_child=-2 2 3 -5 -6 6 7 -9 13 10 -12 -13 -14 -15 -16 16 18 20 19 -21 -22 22 -24 -25
leaf_value=-0.02279007105638288 -0.026898508728713941 0.029769168911864805 0.017186374284956403 -0.0054238003887811916 -0.025911437835816731 0.010618983516874006 -0.0010604213794699723 -0.029615560826564472 -0.028576645071139582 0 0.032315768423382657 -0.01584130758065878 0.022341335780257494 -0.0022804747315219695 -0.0083099311911564392 -0.030240296607925089 -0.043958884907612593 -0.002888682216566742 0.032127945747121238 -0.025674918046004136 0.014720326561665671 -0.04571820572631001 0.015762244394483951 -0.011579842636306785
leaf_weight=0.45584803118253958 0.42781801716773671 0.57085704791825209 0.80589448753744375 1.6136468662880361 0.42954847181681444 4.4238837114535325 4.1724469028413287 0.69325646897777904 0.53470770642161269 2.7752756838453925 0.80206460971385229 0.48420532979071129 1.2516906545497475 6.664557583630085 3.9676091261208049 0.75959829799830725 1.1661933688446882 1.0643704310059545 0.61494227405637492 1.3162989085540173 3.7864325493574142 0.40247185248881479 5.4190019378438592 4.1970655284821987
leaf_count=112 15 22 26 15 15 79 42 61 18 106 26 17 29 159 91 18 11 17 13 18 106 15 149 38
internal_value=-0.00151305 -0.00112315 0.00738773 0 -0.00186025 -0.00145246 -0.00105407 -0.00677307 -0.00015004 0.000756446 0.00973474 0.00394657 0.00831248 -0.00534478 -0.000707674 0.000249671 -0.00500827 0.00244054 -0.0210831 -0.00312702 0.00920732 0.00397379 0.0101375 0
internal_weight=48.7997 48.3719 2.9904 2.41954 45.3815 44.9519 44.4961 4.8657 39.6304 32.4311 5.31324 4.51117 4.02697 7.19927 27.1179 23.1503 8.70784 5.6104 3.09743 1.93124 4.8508 14.4424 5.82147 8.62095
internal_count=1218 1203 63 41 1140 1125 1013 103 910 733 178 152 135 177 555 464 183 141 42 31 123 281 164 117
is_linear=0
shrinkage=0.04


Tree=250
num_leaves=25
num_cat=0
split_feature=0 22 19 26 25 26 25 17 21 26 18 23 25 24 15 17 25 26 27 21 1 25 21 23
split_gain=0.354053 0.366225 0.147082 0.223376 0.268524 0.252699 0.244167 0.172868 0.175203 0.163431 0.380231 0.276825 0.279645 0.223778 0.204506 0.212822 0.193255 0.150666 0.204071 0.234029 0.154797 0.14905 0.145919 0.175993
threshold=3.5000000000000004 3.5000000000000004 1.0000000180025095e-35 3.5000000000000004 4.5000000000000009 2.5000000000000004 3.5000000000000004 1.0000000180025095e-35 1.5833333333333337 4.5000000000000009 1.0000000180025095e-35 0.45220861134162554 1.5000000000000002 2.5000000000000004 1.5000000000000002 1.5000000000000002 6.5000000000000009 2.5000000000000004 2.5000000000000004 1.4166666666666667 16.500000000000004 6.5000000000000009 1.4166666666666667 0.76180168105713697
decision_type=2 2 2 2 2 2 2 2 2 2 2 2 2 2 2 2 2 2 2 2 2 2 2 2
left_child=2 -2 9 4 5 -4 -5 8 -7 11 14 12 13 -1 15 -11 -12 22 19 -19 -20 -22 -13 -24
right_child=1 -3 3 6 -6 7 -8 -9 -10 10 16 17 -14 -15 -16 -17 -18 18 20 -21 21 -23 23 -25
leaf_value=0.0097002982517278534 -0.0084308793478907202 0.0075053533770602253 -0.021709560836654009 -0.034594497255533187 -0.028846702148916294 -0.0056310577416463338 0 0.02434273126235878 0.021192433371634022 0.017763220825444549 -0.028177049682468779 -0.0015729801067687263 0.023437106916013174 -0.024307401647542283 -0.0025121916571715923 0 0 -0.0034537371786284381 0.018495128085855676 -0.027803835447595026 -0.027035497395256489 0 0.019586349995945634 0
leaf_weight=0.92620748333866776 14.822440942225514 2.207067326991818 0.35624769947025914 0.71928417260642152 0.46108553197700519 1.2095713037997486 0.21022012270987034 0.9432810179714578 0.53876847121864546 5.2046855450607818 0.45975360786542308 5.8169319812441227 1.5062446647789327 0.45847934641642496 0.50029279070440669 1.295700419694185 1.9298728888388723 3.5642145154997698 0.72032011998817302 1.2330352872377259 0.33566384017467499 0.49136069184169173 1.3147285499144348 0.98341067059664045
leaf_count=12 276 77 19 34 6 32 14 37 11 170 17 70 69 22 28 42 51 18 56 19 2 40 63 37
internal_value=-0.00117456 -0.00589573 0.00114747 -0.00504025 0 0.00388294 -0.0224903 0.0102424 0 0.00247368 0.00672846 0 0.0114641 0 0.0118176 0.0141511 -0.0048328 -0.00208691 -0.00688031 -0.0113801 0.00190015 -0.00288049 0.000674888 0.00984565
internal_weight=48.2089 17.0295 31.1794 4.43846 3.50895 3.04787 0.929504 2.69162 1.74834 26.7409 9.39031 17.3506 2.89093 1.38469 7.00068 6.50039 2.38963 14.4597 6.34459 4.79725 1.54734 0.827025 8.11507 2.29814
internal_count=1222 353 869 153 105 99 48 80 43 716 308 408 103 34 240 212 68 305 135 37 98 42 170 100
is_linear=0
shrinkage=0.04


Tree=251
num_leaves=25
num_cat=0
split_feature=0 1 24 21 23 21 26 1 26 1 19 24 17 25 26 25 23 10 24 26 27 21 1 25
split_gain=0.321288 0.165714 0.24646 0.368038 0.166667 0.160428 0.354395 0.204219 0.164591 0.462115 0.137219 0.212635 0.223014 0.411842 0.149431 0.29855 0.258433 0.404338 0.172438 0.139139 0.192048 0.21619 0.143898 0.140524
threshold=3.5000000000000004 13.500000000000002 3.5000000000000004 2.1250000000000004 0.60355339059327384 1.7083333333333337 9.0000000000000018 26.500000000000004 2.5000000000000004 14.500000000000002 1.0000000180025095e-35 3.5000000000000004 1.0000000180025095e-35 3.5000000000000004 4.5000000000000009 5.5000000000000009 0.45220861134162554 2.5000000000000004 2.5000000000000004 2.5000000000000004 2.5000000000000004 1.4166666666666667 16.500000000000004 6.5000000000000009
decision_type=2 2 2 2 2 2 2 2 2 2 2 2 2 2 2 2 2 2 2 2 2 2 2 2
left_child=10 2 -2 4 -4 -3 7 8 -7 -10 14 -12 13 -13 16 -16 17 18 -1 -18 21 -21 -22 -24
right_child=1 5 3 -5 -6 6 -8 -9 9 -11 11 12 -14 -15 15 -17 19 -19 -20 20 22 -23 23 -25
leaf_value=0.007441162774521809 0 -0.0087710940309071363 -0.056322059758654383 -0.0028139449122854469 -0.0076011371180886135 -0.025507496633923231 -0.034603328667967857 0.013363025598421429 0.027513235127919589 -0.0032469675143340284 -0.028726469308472741 -0.034714110495391547 0.013624882723050513 0 0.011168785870859637 -0.0029000844778081254 0.00059456429064406091 0.026698081345964141 -0.0193042449263333 -0.0033132888800217605 0.017999751919389101 -0.026965463525599288 -0.026370846843099711 0
leaf_weight=0.83428172447021165 0.87842916982481511 4.4225029791705301 0.60354478994850091 2.0196298584342003 0.73617097828537226 0.40282690105959584 0.42771974919014599 2.1371654224349186 0.91582170783658501 4.4941957628470846 0.54183949457364988 0.67665337989456054 1.0792866610572676 2.0847875440958887 6.7596758473082428 2.5617936162743717 8.1048034186824207 1.4051077533513308 0.61640483990777284 3.5666350703686467 0.7107361266389487 1.2207697459962217 0.33046552538871765 0.49136069184169173
leaf_count=9 32 73 13 14 13 10 10 48 26 114 40 18 38 57 233 75 170 62 32 18 56 19 2 40
internal_value=-0.00114456 -0.00563815 -0.0130636 -0.0182392 -0.0355214 -0.00255481 0 0.00262749 0 0.000481461 0.00106821 -0.0049392 0 -0.00752737 0.00235863 0.00644404 0 0.0111431 0 -0.00202056 -0.00664005 -0.0110156 0.0018081 -0.00246043
internal_weight=48.0226 17.038 4.23777 3.35935 1.33972 12.8002 8.37773 7.95001 5.81284 5.41002 30.9846 4.38257 3.84073 2.76144 26.602 9.32147 17.2806 2.85579 1.45069 14.4248 6.31997 4.7874 1.53256 0.821826
internal_count=1222 353 72 40 26 281 208 198 150 140 869 153 113 75 716 308 408 103 41 305 135 37 98 42
is_linear=0
shrinkage=0.04


Tree=252
num_leaves=25
num_cat=0
split_feature=14 26 1 1 26 21 26 23 1 1 23 1 21 23 17 26 23 1 26 17 24 26 1 21
split_gain=0.316307 0.331638 0.271432 0.232983 0.474074 0.293065 0.288451 0.180472 0.181957 0.15737 0.15771 0.124129 0.249281 0.0827137 0.203742 0.143603 0.0820802 0.126607 0.253097 0.119467 0.757142 0.213903 0.196772 0.162614
threshold=3.5000000000000004 2.5000000000000004 13.500000000000002 14.500000000000002 3.5000000000000004 1.7083333333333337 9.0000000000000018 0.48570226039551589 19.500000000000004 18.500000000000004 0.84759080068664439 12.500000000000002 2.1250000000000004 0.90441722268325109 1.0000000180025095e-35 3.5000000000000004 1.0000000180025095e-35 16.500000000000004 10.500000000000002 1.0000000180025095e-35 2.5000000000000004 4.5000000000000009 9.5000000000000018 1.5833333333333337
decision_type=2 2 2 2 2 2 2 2 2 2 2 2 2 2 2 2 2 2 2 2 2 2 2 2
left_child=7 -2 11 5 -5 -4 9 16 13 -6 -11 -3 -13 14 -9 -16 -1 19 -19 20 -18 22 -21 -22
right_child=1 2 3 4 6 -7 -8 8 -10 10 -12 12 -14 -15 15 -17 17 18 -20 21 23 -23 -24 -25
leaf_value=0.0034374238353921216 -0.021981535703266143 0 0 -0.039456601638037173 -0.0044913445213625508 0.029925448125756687 -0.033415635524197164 0 0.027311746097725798 0.014141704672580918 0 -0.03272338337241764 -0.0027013012437168294 0 0 0.02302081123589959 -0.041037261488690843 -0.019984339815103915 0 0.0025227577718226553 -0.002949688719829553 0.015594300969076236 -0.020225853666797175 0.0097755127131127061
leaf_weight=6.0137036427040647 1.9520592810586084 1.0000361604616035 1.8949761260300859 0.53341869835276146 2.3191926599247381 0.85955254826694716 0.39452815800905217 1.4587015752913424 0.75159553589764971 2.3918116234708582 1.5614484035177154 1.0655584232881667 2.0196919552981853 2.5063419266080018 0.24151936505222682 1.3884910949273033 0.78092844769708492 1.6756527014367741 1.1763182315044103 4.4312418379122382 6.8632557246601191 1.7669461788609622 0.70067061373265449 2.097802195494296
leaf_count=216 23 26 25 7 53 22 3 54 31 77 34 17 14 130 11 75 18 68 15 78 77 42 18 88
internal_value=-0.00112379 -0.00579257 -0.00297197 0 -0.00316042 0.0104509 0 0.000969076 0.00707021 0.00182927 0.00756092 -0.0116902 -0.0156631 0.00292129 0.00763582 0.0176203 -0.000235392 -0.00177889 -0.00962587 0 -0.00326263 0.00356024 0 0
internal_weight=47.8454 15.9923 14.0402 9.95493 7.2004 2.75453 6.66698 31.8532 6.34665 6.27245 3.95326 4.08529 3.08525 5.59505 3.08871 1.63001 25.5065 19.4928 2.85197 16.6408 9.74199 6.89886 5.13191 8.96106
internal_count=1222 301 278 221 174 47 167 921 301 164 111 57 31 270 140 86 620 404 83 321 183 138 96 165
is_linear=0
shrinkage=0.04


Tree=253
num_leaves=25
num_cat=0
split_feature=14 22 26 1 1 21 23 1 1 23 15 24 23 24 1 1 26 21 26 24 26 1 21 26
split_gain=0.297867 0.351198 0.534443 0.285968 0.293598 0.310185 0.16443 0.170307 0.160903 0.0758939 0.282204 0.151464 0.0754166 0.118054 0.290339 0.114069 0.235239 0.113325 0.187932 0.31511 0.254882 0.0745431 0.0643906 0.0577994
threshold=3.5000000000000004 3.5000000000000004 2.5000000000000004 13.500000000000002 14.500000000000002 1.7083333333333337 0.48570226039551589 19.500000000000004 12.500000000000002 0.90441722268325109 1.5000000000000002 5.5000000000000009 1.0000000180025095e-35 2.5000000000000004 8.5000000000000018 16.500000000000004 10.500000000000002 1.5833333333333337 2.5000000000000004 4.5000000000000009 5.5000000000000009 10.500000000000002 3.7083333333333335 2.5000000000000004
decision_type=2 2 2 2 2 2 2 2 2 2 2 2 2 2 2 2 2 2 2 2 2 2 2 2
left_child=6 2 -2 8 5 -5 12 9 -4 10 23 -12 13 -1 -15 17 -17 -14 21 20 -20 -19 -3 -8
right_child=1 22 3 4 -6 -7 7 -9 -10 -11 11 -13 15 14 -16 16 -18 18 19 -21 -22 -23 -24 -25
leaf_value=0.012617674469083739 -0.029915933643497122 0.012019556078262399 0 0 -0.0055685514348654134 0.03124166997920181 0 0.026448410376718249 -0.018007554840230634 0 -0.023557138041557901 0 -0.0023027173138934725 -0.025593129691659708 0.0040541011660017393 -0.019134382363176598 0 0.024986584536055418 -0.023812800432667158 0.014078434366763544 0 0 0 0.018665844583385733
leaf_weight=1.5980894472741116 1.7379175052046765 1.5776242917636403 1.0000361604616039 1.8949761260300859 5.4194059573346749 0.81759179197251786 0.35868332721292961 0.74521639436716203 2.9547673023771495 2.5063419266080018 0.51042617537314061 0.29181981738656759 12.470932128489954 0.61393988440977398 3.797037627955433 1.6799931416753673 1.1763182315044103 0.85716384497936704 1.1542753694811838 1.298958932951791 0.38998799101682369 0.41551932343281806 0.55357252061367024 1.9094304233440196
leaf_count=38 21 64 26 25 112 19 10 31 29 130 13 22 166 25 153 68 15 33 31 40 21 30 5 95
internal_value=-0.00109603 -0.00563358 -0.00826084 -0.00448525 0 0.0105464 0.000930801 0.00676764 -0.0133108 0.00270316 0.00726781 -0.00714129 -0.000204662 0.00330253 0 -0.00170004 -0.0091417 0 0.00529029 0 -0.0126398 0.018077 0.00765524 0.0158916
internal_weight=47.73 15.9559 13.8247 12.0868 8.13197 2.71257 31.7741 6.32192 3.9548 5.5767 3.07036 0.802246 25.4522 6.00907 4.41098 19.4431 2.85631 16.5868 4.11591 2.84322 1.54426 1.27268 2.1312 2.26811
internal_count=1222 301 232 211 156 44 921 301 55 270 140 35 620 216 178 404 83 321 155 92 52 63 69 105
is_linear=0
shrinkage=0.04


Tree=254
num_leaves=25
num_cat=0
split_feature=14 22 26 15 26 26 6 21 22 0 19 24 24 18 26 24 24 15 21 21 15 21 21 24
split_gain=0.276548 0.325162 0.491735 0.211922 0.447847 0.318162 0.150317 0.138123 0.287639 0.126834 0.121891 0.205705 0.1338 0.150301 0.259735 0.297102 0.553637 0.180343 0.131166 0.0605641 0.0580404 0.142091 0.0570228 0.211578
threshold=3.5000000000000004 3.5000000000000004 2.5000000000000004 1.5000000000000002 4.5000000000000009 4.5000000000000009 1.0000000180025095e-35 1.7083333333333337 2.5000000000000004 3.5000000000000004 1.0000000180025095e-35 3.5000000000000004 1.5000000000000002 1.0000000180025095e-35 4.5000000000000009 4.5000000000000009 6.5000000000000009 1.5000000000000002 2.4166666666666674 3.7083333333333335 1.0000000180025095e-35 1.5833333333333337 1.2916666666666667 2.5000000000000004
decision_type=2 2 2 2 2 2 2 2 2 2 2 2 2 2 2 2 2 2 2 2 2 2 2 2
left_child=6 2 -2 5 7 -4 9 -5 -9 10 12 -12 -1 14 15 22 -17 18 -16 -3 -13 -22 23 -14
right_child=1 19 3 4 -6 -7 -8 8 -10 -11 11 20 13 -15 17 16 -18 -19 -20 -21 21 -23 -24 -25
leaf_value=-0.019873233987076626 -0.028790209130017091 0.011575538579722296 -0.017470894603560425 0 -0.033220475694661987 0 0.023151435697446609 0.023435864351002506 0 -0.017810513621919034 -0.028383470176824886 0.0052801192075415801 0.020253430380722966 -0.0039388854884621644 0.014955384254376772 -0.037624680085103127 0.00069364231562814597 -0.0021061373675563713 0 0 -0.013634246875379166 0.00070431906579205281 0.0012938818632592382 0
leaf_weight=0.35111968684942851 1.7337243878282595 1.5727161090471775 3.5092024651821685 3.2932800950948149 0.57481529749929894 1.9021159382537005 0.4927133580786166 1.3899397416971624 1.4018336334265769 0.56983793087419954 0.53148898168001224 1.2438740982906895 1.3306595832109511 3.4370180025871369 5.7541684941388658 0.87095072696683817 0.81487473612651229 0.50236923829652358 0.5681907208636402 0.55357252061367024 1.5332796443253758 1.019348631147295 12.070330102811566 0.61608462873846281
leaf_count=22 21 64 53 60 7 43 25 25 23 35 40 53 16 133 197 16 63 23 10 5 36 24 201 27
internal_value=-0.00103351 -0.00541319 -0.00795341 -0.00429799 0 -0.0101916 0.0009148 0.00367516 0.0104211 0.000307492 0.000905471 -0.00478394 0.00214517 0.00275104 0.00412683 0.000732541 -0.0143574 0.0107645 0.0130525 0.00731675 0 -0.00477436 0.00311813 0.0103195
internal_weight=47.6375 15.9312 13.8049 12.0712 6.65987 5.41132 31.7063 6.08505 2.79177 31.2136 30.6438 4.32799 26.3158 25.9646 22.5276 15.7029 1.68583 6.82473 6.32236 2.12629 3.7965 2.55263 14.0171 1.94674
internal_count=1222 301 232 211 115 96 921 108 48 896 861 153 708 686 553 323 79 230 207 69 113 60 244 43
is_linear=0
shrinkage=0.04


Tree=255
num_leaves=25
num_cat=0
split_feature=1 1 24 16 15 25 25 24 17 17 24 18 25 25 25 17 19 21 25 19 21 21 25 21
split_gain=0.443142 0.502059 0.495395 0.281976 0.265437 0.259122 0.245925 0.216243 1.1705 1.82668 1.36773 0.499796 0.531821 0.361878 0.215007 0.204235 0.365472 0.44785 0.20253 0.469091 0.366788 0.193654 0.173213 0.373502
threshold=24.500000000000004 6.5000000000000009 2.5000000000000004 1.5000000000000002 2.5000000000000004 1.5000000000000002 2.5000000000000004 4.5000000000000009 1.0000000180025095e-35 1.5000000000000002 5.5000000000000009 1.0000000180025095e-35 4.5000000000000009 1.5000000000000002 3.5000000000000004 1.0000000180025095e-35 1.0000000180025095e-35 1.5833333333333337 5.5000000000000009 1.0000000180025095e-35 2.8750000000000004 2.1250000000000004 6.5000000000000009 1.8750000000000002
decision_type=2 2 2 2 2 2 2 2 2 2 2 2 2 2 2 2 2 2 2 2 2 2 2 2
left_child=1 5 6 7 -2 -1 -3 11 10 -10 -9 13 14 -4 -13 16 17 -15 20 22 -12 -17 23 -20
right_child=4 2 3 -5 -6 -7 -8 8 9 -11 18 12 -14 15 -16 21 -18 -19 19 -21 -22 -23 -24 -25
leaf_value=0 0 -0.0064566928581842684 -0.024338137065016655 -0.028873975472122365 0.021315398861269898 0.014019383042318249 -0.040643925446867346 0.026274477587467683 -0.044238722418238487 0.0068850971658494242 -0.035012145898685051 -0.02597955995988064 -0.047187565743831254 -0.0063549457551319776 0.0037584045760396829 0.0094710620951114141 -0.033593765825970741 0.020114540565185812 0 0.025468351616197982 0 -0.0022161527496905938 0.0016861313816843003 -0.029824809719372992
leaf_weight=2.9873753077699794 1.9876215516997024 1.8550470413174474 1.0302565160673172 0.6476199243334112 2.249675597762689 4.2960816804552451 0.87657395776477631 4.4086314773303439 1.9850168212142296 2.0696070677950047 0.73810190742369719 0.49160148060764119 0.88792210142128158 5.7268794625997526 0.94022511749062687 5.2642138849478215 0.65119573078118254 1.2055422407574949 1.0448177203070375 1.1257016739109529 0.90166737604886293 2.4010610370896757 2.6951532843522727 1.0109035670757291
leaf_count=83 66 51 30 58 19 49 38 118 48 66 21 21 14 53 36 149 15 65 33 42 37 25 104 11
internal_value=-0.000282708 -0.00159814 -0.00358952 -0.00206226 0.0118741 0.00768155 -0.020356 -0.00132874 0.00173658 -0.0161705 0.00849604 -0.00439251 -0.0220441 -0.00138577 -0.000864521 0 -0.00448614 -0.000597927 -0.00086737 0.00141471 -0.0139246 0.00476651 -0.00260081 -0.0121128
internal_weight=49.4785 45.2412 37.9577 35.2261 4.2373 7.28346 2.73162 34.5785 15.9796 4.05462 11.925 18.5989 2.31975 16.2791 1.43183 15.2489 7.58362 6.93242 7.51635 5.87658 1.63977 7.66527 4.75087 2.05572
internal_count=1252 1167 1035 946 85 132 89 888 480 114 366 408 71 337 57 307 133 118 248 190 58 174 148 44
is_linear=0
shrinkage=0.04


Tree=256
num_leaves=25
num_cat=0
split_feature=1 1 24 15 25 25 24 17 17 24 18 25 17 25 23 23 23 25 25 19 25 25 25 23
split_gain=0.412896 0.466923 0.463559 0.245793 0.243603 0.237831 0.212753 1.0008 1.72825 1.28367 0.437131 0.491576 0.352363 0.805361 0.248193 0.233997 0.235204 0.202672 0.186348 0.469269 0.14808 0.128859 0.0992442 0.0974627
threshold=24.500000000000004 6.5000000000000009 2.5000000000000004 2.5000000000000004 1.5000000000000002 2.5000000000000004 4.5000000000000009 1.0000000180025095e-35 1.5000000000000002 5.5000000000000009 1.0000000180025095e-35 4.5000000000000009 1.0000000180025095e-35 2.5000000000000004 0.84759080068664439 0.45220861134162554 0.76180168105713697 3.5000000000000004 5.5000000000000009 1.0000000180025095e-35 3.5000000000000004 4.5000000000000009 5.5000000000000009 0.45220861134162554
decision_type=2 2 2 2 2 2 2 2 2 2 2 2 2 2 2 2 2 2 2 2 2 2 2 2
left_child=1 4 5 -2 -1 -3 10 9 -9 20 12 17 13 -4 -10 21 -17 -12 -11 23 -8 -14 -15 -20
right_child=3 2 6 -5 -6 -7 7 8 14 18 11 -13 15 22 -16 16 -18 -19 19 -21 -22 -23 -24 -25
leaf_value=0 0 -0.0061721144357723577 -0.040039394895726124 0.020588809432780852 0.013584636227069433 -0.040088417063870882 0.0065543222629411051 -0.043198945925193452 0.021591031585822058 -0.013951765451548916 -0.025681472367413662 -0.046530545033701118 -0.0084298278088768188 -0.0045606598157215813 -0.00086717933405353639 0.017138891163207829 0 0.0026759487649198306 0 0.024900747130419773 0.031334951706749756 0.0061998736417202705 0.0087635562495818817 -0.0087766437002896082
leaf_weight=2.9873753077699794 1.9876215516997024 1.8627932721865357 1.1363152010599202 2.2361840489320457 4.2570325760752894 0.85363807703834016 1.5353777756099605 1.9644744995457575 1.0449716856237503 1.6505287121399304 0.48500658525153928 0.86490941001102317 2.8478079233318554 6.4600425040116534 1.016415274410974 2.7113100348506123 1.7975111920386551 0.95903323299717158 2.0188435760792345 1.105717724189162 2.8783463849686086 0.87801269907504309 0.72935624979436386 2.876854132860899
leaf_count=83 66 51 20 19 49 38 43 56 37 73 24 14 32 82 29 70 70 37 37 42 81 26 53 120
internal_value=-0.000282019 -0.00156409 -0.00349844 0.0114593 0.00739192 -0.0197753 -0.00200491 0.000972538 -0.0156942 0.00719664 -0.00496801 -0.0217129 -0.00215025 -0.00823565 0.0066366 0.00303095 0.00965258 -0.00130838 -0.00175432 0.000267242 0.0245272 -0.00283507 -0.00209618 -0.00366227
internal_weight=49.1455 44.9217 37.6773 4.22381 7.24441 2.71643 34.9608 16.0915 4.02586 12.0657 18.8693 2.30895 16.5604 8.32571 2.06139 8.23464 4.50882 1.44404 7.65194 6.00142 4.41372 3.72582 7.1894 4.8957
internal_count=1252 1167 1035 85 132 89 946 518 122 396 428 75 353 155 66 198 140 61 272 199 124 58 135 157
is_linear=0
shrinkage=0.04


Tree=257
num_leaves=25
num_cat=0
split_feature=1 1 24 16 15 24 17 17 24 1 23 23 23 16 19 17 1 23 23 17 17 23 23 15
split_gain=0.383934 0.43277 0.435042 0.269539 0.227509 0.18989 1.01868 1.61662 1.21074 0.39563 0.327616 0.251821 0.234119 0.189322 0.119829 0.103851 0.0927987 0.0599114 0.187998 0.0314062 0.16696 0.102714 0.082432 0.0305065
threshold=24.500000000000004 6.5000000000000009 2.5000000000000004 1.5000000000000002 2.5000000000000004 4.5000000000000009 1.0000000180025095e-35 1.5000000000000002 5.5000000000000009 18.500000000000004 0.60355339059327384 0.76180168105713697 0.84759080068664439 1.5000000000000002 1.0000000180025095e-35 1.0000000180025095e-35 17.500000000000004 0.90441722268325109 0.60355339059327384 1.0000000180025095e-35 1.5000000000000002 0.45220861134162554 0.48570226039551589 1.5000000000000002
decision_type=2 2 2 2 2 2 2 2 2 2 2 2 2 2 2 2 2 2 2 2 2 2 2 2
left_child=1 13 15 5 23 9 8 -8 -7 10 19 -12 -9 -1 17 -3 -16 18 -10 22 21 -21 -4 -2
right_child=4 2 3 -5 -6 6 7 12 14 -11 11 -13 -14 -15 16 -17 -18 -19 -20 20 -22 -23 -24 -25
leaf_value=0 0.0042964623401313589 -0.038853813666141962 -0.0046858001243966696 -0.028492527754553514 0.019884532218902014 0.025116698001990768 -0.042210272237311101 0.020956307288968187 -0.0008047001230504844 -0.036037913337822809 0.027962744011083951 0 -0.0008320104693558259 0.012497338476462103 0 -0.0088842693977207749 0.016525844391264834 0.00082534004559008068 -0.023311137579011845 -0.000974940154016883 -0.011215947085322203 0.0098806055362302501 -0.02307410865647155 -0.0062580786674160706
leaf_weight=2.9340744247892863 1.4022394866333332 0.66417484468547572 7.8909044591710025 0.6297286402550516 2.2230422726133838 4.2736367055040301 1.9186925099929788 1.0337881875457244 4.6441723436582834 0.64012755453586478 0.7947841621935362 2.2714827459712978 1.0169928148970937 4.2727275909855962 0.50962071632966377 2.037411595141748 0.89485192077700049 0.49036924564279605 0.90591616218443949 2.160631128121167 2.0686892853118479 1.8231011509196831 0.78278097510337818 0.58538206506636914
leaf_count=84 42 27 140 58 19 118 48 37 136 7 13 110 29 48 21 62 28 34 29 52 14 60 12 24
internal_value=-0.000270655 -0.00151801 -0.00339207 -0.00193186 0.0110589 -0.00120719 0.00167803 -0.0151583 0.00806373 -0.00409685 -0.00249805 0.00844229 0.00625042 0.00711093 -0.00065068 -0.0192134 0.00826368 -0.00404777 -0.00591974 -0.0053193 -0.00120538 0.00198479 -0.00726763 0
internal_weight=48.8693 44.6587 37.4519 34.7503 4.21066 34.1205 15.688 3.96947 11.7186 18.4325 17.7924 3.06627 2.05078 7.2068 7.44493 2.70159 1.40447 6.04046 5.55009 14.7261 6.05242 3.98373 8.67369 1.98762
internal_count=1252 1167 1035 946 85 888 480 114 366 408 401 123 66 132 248 89 49 199 165 278 126 112 152 66
is_linear=0
shrinkage=0.04


Tree=258
num_leaves=25
num_cat=0
split_feature=1 1 24 16 26 15 26 17 18 16 26 1 24 19 18 27 24 1 18 17 1 1 26 17
split_gain=0.35735 0.404099 0.404759 0.255218 0.226943 0.211624 0.18024 0.443905 0.222764 0.177342 0.173439 0.564608 0.281583 0.341946 0.181743 0.141137 0.12596 0.4226 0.164299 0.205765 0.738722 0.145386 0.0768132 0.901103
threshold=24.500000000000004 6.5000000000000009 2.5000000000000004 1.5000000000000002 5.5000000000000009 2.5000000000000004 2.5000000000000004 1.0000000180025095e-35 1.0000000180025095e-35 1.5000000000000002 3.5000000000000004 14.500000000000002 4.5000000000000009 1.0000000180025095e-35 1.0000000180025095e-35 2.5000000000000004 4.5000000000000009 18.500000000000004 1.0000000180025095e-35 1.0000000180025095e-35 15.500000000000002 16.500000000000004 1.5000000000000002 1.0000000180025095e-35
decision_type=2 2 2 2 2 2 2 2 2 2 2 2 2 2 2 2 2 2 2 2 2 2 2 2
left_child=1 9 4 6 -3 -2 7 8 -4 22 11 12 -8 -14 -13 -12 17 -17 19 21 -21 -18 -1 -24
right_child=5 2 3 -5 -6 -7 10 -9 -10 -11 15 14 13 -15 -16 16 18 -19 -20 20 -22 -23 23 -25
leaf_value=0.0083614039962467222 0 -0.039060435321860501 0.00085755853466746342 -0.028113583033988202 -0.005548559410952828 0.019201885308015677 0.00093002568296023829 -0.035346381972323919 -0.026855533571544698 0.012094874344172914 -0.0063598134083625605 0 0.0029830784008589885 0.035780879459268687 -0.037529478762642829 0 0 -0.035452299666024208 -0.00055415574235823236 0.015958644934515483 -0.044964161292896113 0.019990669941453459 0.012997065583280582 -0.039644408604274164
leaf_weight=0.97796607890631948 1.9857914503081691 0.81179421025444698 3.4037110006902362 0.61302806227467854 1.8836926228832451 2.2102554473094642 4.4479902486782539 0.83620765944942821 0.492623628117144 4.2390063293278217 7.6897461394837601 0.75090577872469999 1.896666717948392 1.2950035389512777 0.50084394786972553 3.3906063591130087 0.48689989885315155 0.6249817982316016 4.4137245024321601 0.98969559930264928 0.45994242627057247 2.2909959352109581 1.1249865849385967 0.83112176094437007
leaf_count=43 66 24 94 58 65 19 128 18 12 48 177 39 45 36 12 57 22 7 127 38 9 67 22 19
internal_value=-0.000282111 -0.00149446 -0.00331424 -0.00189081 -0.0186092 0.0106548 -0.0011821 -0.00842416 -0.000593067 0.00684777 0 0.00465046 0.00944165 0.0187971 -0.0182 -0.00204643 0 -0.00521856 0.00326608 0.00914693 0 0.0156794 0 -0.00527977
internal_weight=48.6482 44.4521 37.2791 34.5836 2.69549 4.19605 33.9705 4.73254 3.89633 7.17308 29.238 8.89141 7.63966 3.19167 1.25175 20.3466 12.6568 4.01559 8.64126 4.22753 1.44964 2.7779 2.93407 1.95611
internal_count=1252 1167 1035 946 89 85 888 124 106 132 764 260 209 81 51 504 327 64 263 136 47 89 84 41
is_linear=0
shrinkage=0.04


Tree=259
num_leaves=25
num_cat=0
split_feature=1 1 24 16 25 25 15 26 17 26 1 25 24 19 23 17 23 21 24 17 26 21 25 1
split_gain=0.332609 0.381144 0.379193 0.24191 0.223293 0.204665 0.195757 0.167429 0.424995 0.162528 0.534105 0.478584 0.266268 0.330286 0.132559 0.231309 0.56618 0.185819 0.177477 0.352604 0.53118 0.246129 0.425928 0.294755
threshold=24.500000000000004 6.5000000000000009 2.5000000000000004 1.5000000000000002 2.5000000000000004 1.5000000000000002 2.5000000000000004 2.5000000000000004 1.0000000180025095e-35 3.5000000000000004 14.500000000000002 6.5000000000000009 4.5000000000000009 1.0000000180025095e-35 0.48570226039551589 1.5000000000000002 0.84759080068664439 1.7083333333333337 4.5000000000000009 1.0000000180025095e-35 10.500000000000002 2.1250000000000004 5.5000000000000009 19.500000000000004
decision_type=2 2 2 2 2 2 2 2 2 2 2 2 2 2 2 2 2 2 2 2 2 2 2 2
left_child=1 5 4 7 -3 -1 -2 8 -4 10 12 -12 -9 -14 18 17 -17 -16 -11 20 21 22 -20 -24
right_child=6 2 3 -5 -6 -7 -8 9 -10 14 11 -13 13 -15 15 16 -18 -19 19 -21 -22 -23 23 -25
leaf_value=0 0 -0.0051878018986470098 -0.0004904103410490404 -0.027730743264713968 -0.038530804046556948 0.012465836820364545 0.018540221234853323 0.00089305070937648924 -0.034916983560829527 -0.0090128981444786965 -0.040640361085073878 0 0.0028665589546973446 0.035469752579043681 0.010512747806057814 0.02858868324244242 -0.0032098617707605878 -0.0075413401465005752 -0.034995310475937909 -0.023673528326346553 0.030958438572855813 0.023811372392293792 0.026364814998150021 -0.0057696228150146255
leaf_weight=2.9673625052091657 1.9857914503081691 1.8839906454668374 3.8832576761487863 0.5969588081643441 0.79719009640393768 4.1456563087413087 2.1978267109952867 4.4468834258150327 0.81310087535530318 6.9111941738519835 0.70037651096936293 0.54157441400457174 1.8948490427574143 1.2549207237316296 0.91562355007044871 1.5229926655301826 1.281936810002662 4.0249443122884259 0.65255935583263713 0.81784502044320095 0.99714386463165272 0.48702932443120506 0.57697646738961372 2.119327150285244
leaf_count=83 66 51 106 58 38 49 19 128 18 83 8 43 45 36 44 44 34 150 10 15 28 25 31 40
internal_value=-0.000275094 -0.00145442 -0.00322735 -0.00183833 -0.0180854 0.00667325 0.0102818 -0.00114521 -0.00815428 0 0.00451173 -0.0177441 0.00920336 0.0183961 -0.0019864 0.00138116 0.0112037 -0.00257617 -0.0046996 0 0.00467915 -6.66132e-05 -0.00592809 0
internal_weight=48.4173 44.2337 37.1207 34.4395 2.68118 7.11302 4.18362 33.8425 4.69636 29.1462 8.8386 1.24195 7.59665 3.14977 20.3076 7.7455 2.80493 4.94057 12.5621 5.65088 4.83304 3.83589 3.34886 2.6963
internal_count=1252 1167 1035 946 89 132 85 888 124 764 260 51 209 81 504 272 78 194 232 149 134 106 81 71
is_linear=0
shrinkage=0.04


Tree=260
num_leaves=25
num_cat=0
split_feature=23 23 1 24 17 25 21 17 5 25 18 1 1 14 17 1 25 21 23 17 26 26 21 1
split_gain=0.462367 0.425474 0.250041 0.416746 0.407308 1.19569 0.583015 0.344908 0.337174 0.312766 0.304149 0.285169 0.367973 0.266083 0.241405 0.231168 0.251721 0.240718 0.202253 0.165037 0.20777 0.838317 0.162609 0.144242
threshold=0.90441722268325109 0.97140452079103179 18.500000000000004 4.5000000000000009 1.0000000180025095e-35 3.5000000000000004 1.7083333333333337 1.0000000180025095e-35 1.0000000180025095e-35 3.5000000000000004 1.0000000180025095e-35 8.5000000000000018 4.5000000000000009 2.5000000000000004 1.5000000000000002 12.500000000000002 3.5000000000000004 1.7083333333333337 0.48570226039551589 1.0000000180025095e-35 3.5000000000000004 2.5000000000000004 1.5833333333333337 15.500000000000002
decision_type=2 2 2 2 2 2 2 2 2 2 2 2 2 2 2 2 2 2 2 2 2 2 2 2
left_child=2 -2 3 10 6 14 9 8 -4 -5 11 12 -1 -14 23 16 -12 -18 19 -13 21 -21 -22 -6
right_child=1 -3 7 4 5 -7 -8 -9 -10 -11 15 18 13 -15 -16 -17 17 -19 -20 20 22 -23 -24 -25
leaf_value=0.013667032203874897 0.023715824105393225 -6.5343941030436396e-05 -0.019390883542221855 0 0.0093825114104352167 -0.040592468158396573 0 -0.043337173701403428 -0.00070486120652568489 0.029940442174408746 -0.028541046766154442 0 0 -0.014390981792892695 0.027306108724531663 -0.046648047069965753 0.023719691647218821 -0.011668224467347591 -0.0067746719322683956 -0.023017358347758119 -0.0052277016891882997 0.034083209076002062 0.0096274365923783786 -0.029553930992955234
leaf_weight=0.87707685818896308 2.0667502635042179 1.4100112791638819 2.3690706705674494 0.33249902457464431 0.30185428191907726 0.99379637755919237 2.1320345825515687 0.5157421091571458 7.5134880841360427 2.6637782766483724 0.55748023878550101 4.3133097670506668 2.1130473102093656 6.6809773320565 0.94775552116334438 0.49038699627271842 0.55173304863274075 0.5488936681067571 3.1435065182449753 0.37379316287115227 1.7797053601825608 1.6629235642030835 2.3583145340671763 0.23380687832832336
leaf_count=37 110 75 80 16 24 14 66 24 154 92 19 78 40 77 35 12 28 12 93 8 27 64 34 1
internal_value=-0.00180553 0.0117703 -0.00307581 -0.00109128 0.00676223 -0.00425433 0.0136437 -0.00861536 -0.00599383 0.0250985 -0.00375246 -0.0020341 -0.00742358 -0.0104368 0.014697 -0.0186663 -0.00556583 0 0.00120266 0.00435642 0.00866026 0.0196758 0.00130515 0
internal_weight=46.9317 3.47676 43.455 33.0567 7.60552 2.47721 5.12831 10.3983 9.88256 2.99628 25.4511 23.3027 9.6711 8.79402 1.48342 2.14849 1.65811 1.10063 13.6316 10.488 6.17474 2.03672 4.13802 0.535661
internal_count=1220 185 1035 777 248 74 174 258 234 108 529 458 154 117 60 71 59 40 304 211 133 72 61 25
is_linear=0
shrinkage=0.04


Tree=261
num_leaves=25
num_cat=0
split_feature=23 23 17 26 21 19 21 25 24 27 25 14 17 24 23 26 27 26 0 21 26 21 26 23
split_gain=0.427108 0.403573 0.160117 0.224705 0.290849 0.191177 0.33513 0.285654 0.301363 0.185293 0.205856 0.156922 0.309824 0.400734 0.127121 0.123231 0.108521 0.138091 0.185171 0.136693 0.131054 0.300907 0.225901 0.195681
threshold=0.90441722268325109 0.97140452079103179 1.5000000000000002 4.5000000000000009 2.1250000000000004 1.0000000180025095e-35 1.1250000000000002 1.5000000000000002 3.5000000000000004 2.5000000000000004 5.5000000000000009 2.5000000000000004 1.0000000180025095e-35 2.5000000000000004 0.60355339059327384 2.5000000000000004 3.5000000000000004 5.5000000000000009 2.5000000000000004 1.5833333333333337 3.5000000000000004 1.4166666666666667 1.5000000000000002 0.60355339059327384
decision_type=2 2 2 2 2 2 2 2 2 2 2 2 2 2 2 2 2 2 2 2 2 2 2 2
left_child=2 15 5 4 -4 6 11 -7 -9 -10 -11 12 13 -1 -12 -2 17 20 -19 -20 21 22 -8 -22
right_child=1 -3 3 -5 -6 7 16 8 9 10 14 -13 -14 -15 -16 -17 -18 18 19 -21 23 -23 -24 -25
leaf_value=0.033102781123852287 0 -6.2730813400720603e-05 -0.01801794767835261 0.019983419090273014 0.0072623381409416049 -0.027946981136399318 0 -0.022171962138416271 0.01684497392647755 -0.025800610300206642 0 0.021386056098110628 -0.025825920534035492 -0.0025341140446800861 0.024171878514944484 0.027544178183104361 0 0 -0.0052113423739701525 -0.021424142658668478 0.0035596468292887441 -0.00095854236549793254 -0.015969742516717005 -0.01966888629406182
leaf_weight=0.72213056177133628 0.34809017879888404 1.4099993329145943 1.1169357852195383 1.0311463125399312 1.9481742386706171 0.36807665321975847 0.79220549797174911 0.36140987067483354 2.8173790726577863 0.38533092231955368 0.58858141663949914 0.85160128958523262 0.51222639402840275 0.61407798575237393 0.47282050689682364 1.6915090422844512 2.7663478400791055 0.58507365908007969 3.2982089882716537 3.4714143456221791 4.6390447099693111 9.2790227753575873 6.0383439562283456 0.65735447744373221
leaf_count=10 18 75 30 45 17 7 37 22 81 8 19 43 8 32 19 92 76 21 53 90 71 246 67 33
internal_value=-0.00177672 0.0112995 -0.00300275 0.00357137 0 -0.00389333 -0.00504602 0.00240536 0.00655018 0.0108607 0 0.00715993 0 0.0107381 0.00828553 0.0230766 -0.00634511 -0.00708308 -0.0126017 -0.0147069 -0.00481325 -0.0066182 -0.0131354 0
internal_weight=46.7665 3.4496 43.3169 4.09626 3.06511 39.2207 34.2271 4.9936 4.62552 4.26411 1.44673 2.70004 1.84843 1.33621 1.0614 2.0396 31.527 28.7607 7.3547 6.76962 21.406 16.1096 6.83055 5.2964
internal_count=1220 185 1035 92 47 943 787 156 149 127 46 93 50 42 38 110 694 618 164 143 454 350 104 104
is_linear=0
shrinkage=0.04


Tree=262
num_leaves=25
num_cat=0
split_feature=23 23 1 24 17 25 22 17 25 18 5 1 1 14 17 1 25 21 19 25 26 23 17 26
split_gain=0.392653 0.384284 0.225238 0.369663 0.376245 1.11389 0.67495 0.329028 0.316639 0.294826 0.283907 0.238349 0.331415 0.221675 0.215568 0.214028 0.238791 0.228668 0.19515 0.470235 0.186516 0.167511 0.155681 0.190922
threshold=0.90441722268325109 0.97140452079103179 18.500000000000004 4.5000000000000009 1.0000000180025095e-35 3.5000000000000004 2.5000000000000004 1.0000000180025095e-35 3.5000000000000004 1.0000000180025095e-35 1.0000000180025095e-35 8.5000000000000018 4.5000000000000009 2.5000000000000004 1.5000000000000002 12.500000000000002 3.5000000000000004 1.7083333333333337 1.0000000180025095e-35 5.5000000000000009 2.5000000000000004 0.48570226039551589 1.0000000180025095e-35 3.5000000000000004
decision_type=2 2 2 2 2 2 2 2 2 2 2 2 2 2 2 2 2 2 2 2 2 2 2 2
left_child=2 -2 3 9 6 14 8 10 -5 11 -4 12 -1 -14 -6 16 -11 -18 -8 -20 -10 22 -13 -24
right_child=1 -3 7 4 5 -7 18 -9 20 15 -12 21 13 -15 -16 -17 17 -19 19 -21 -22 -23 23 -25
leaf_value=0.013342964461888426 0.022518532690087342 -6.0222550648039922e-05 -0.017834604367064459 0 0 -0.039985092327672604 -0.020988754909403388 -0.042420160537351287 0 -0.0280736350509719 -0.00062485862328877752 -0.00010203211976350875 0 -0.013149332357745187 0.026215518683900645 -0.045616526341018516 0.02338359634679503 -0.011206739930915177 -0.024279101831269766 0.029492286201894341 0.032088629526731631 -0.0059851235515152625 0.019134178585138321 0.0012317216195464986
leaf_weight=0.86828833154868945 2.0081593782524574 1.4099878541310316 2.3921844474389182 0.34472347062546704 0.53115598531439923 0.96106955606956024 0.74286512308754005 0.50416111206868741 0.30374223319813642 0.54297261836472843 7.5055222875671461 4.3082080604217463 2.0945732253894658 6.7710210998775437 0.91981282783672214 0.48146533174440254 0.54362417291849829 0.54637053475016728 0.35531826235819608 0.62845146749168634 2.6613732012920082 3.1738796322606495 1.965889999642968 4.1536949739092961
leaf_count=37 110 75 80 24 25 14 15 24 16 19 154 78 40 77 35 12 28 12 5 22 92 93 72 61
internal_value=-0.00171368 0.0108643 -0.00289135 -0.000986556 0.00648952 -0.00415146 0.013174 -0.00814663 0.0241809 -0.00348894 -0.00559256 -0.00180739 -0.00672626 -0.00959418 0.0140699 -0.0182636 -0.00529977 0 -0.00329204 0.00193913 0.0286977 0.00112459 0.00405573 0.00829009
internal_weight=46.7185 3.41815 43.3004 32.8985 7.44851 2.41204 5.03647 10.4019 3.30984 25.45 9.89771 23.3356 9.73388 8.86559 1.45097 2.11443 1.63297 1.08999 1.72663 0.98377 2.96512 13.6017 10.4278 6.11958
internal_count=1220 185 1035 777 248 74 174 258 132 529 234 458 154 117 60 71 59 40 42 27 108 304 211 133
is_linear=0
shrinkage=0.04


Tree=263
num_leaves=25
num_cat=0
split_feature=23 23 18 21 27 25 26 21 15 26 21 26 26 27 24 26 24 15 25 15 24 21 26 23
split_gain=0.361968 0.363999 0.126111 0.336042 0.364319 0.197292 0.966853 0.172304 0.269096 0.121371 0.113598 0.169281 0.34086 0.486422 0.309164 0.133893 0.107839 0.250586 0.129201 0.082292 0.0772491 0.0677774 0.071089 0.0795898
threshold=0.90441722268325109 0.97140452079103179 1.0000000180025095e-35 1.5833333333333337 3.5000000000000004 4.5000000000000009 3.5000000000000004 1.5833333333333337 2.5000000000000004 2.5000000000000004 1.1250000000000002 1.5000000000000002 2.5000000000000004 2.5000000000000004 3.5000000000000004 4.5000000000000009 2.5000000000000004 1.0000000180025095e-35 1.5000000000000002 1.5000000000000002 2.5000000000000004 2.4166666666666674 7.0000000000000009 0.60355339059327384
decision_type=2 2 2 2 2 2 2 2 2 2 2 2 2 2 2 2 2 2 2 2 2 2 2 2
left_child=2 9 7 5 -5 -4 -7 10 21 -2 16 -12 -13 14 20 -15 -1 18 -18 -19 -14 22 23 -9
right_child=1 -3 3 4 -6 6 -8 8 -10 -11 11 12 13 15 -16 -17 17 19 -20 -21 -22 -23 -24 -25
leaf_value=0.010309488703298687 0 -5.7813757844988665e-05 0.012290988303536771 -0.019603929557926909 0 -0.049097553026801015 0.01946112580568353 0.0091590934638917029 -0.027215530583766117 0.026458078390037998 0.0022862585497534912 -0.015391541183398579 -0.0082668073936687566 -0.027774399585214469 0.017907599475791409 -0.0028902501819052318 -0.026547773905910947 0.020257929284993606 0 0 0.0018762015508538819 -0.00019542385584826196 0 0
leaf_weight=1.5684909160190756 0.34885778790339772 1.4099768478190524 1.7954565242398515 4.1437763290887233 2.5907148324185982 0.56959503749385454 0.6077414876781404 6.0519265990587812 0.43074817342858374 1.6350769877317359 2.444581022718924 5.2851642093155524 1.6663992147659863 1.17024188535288 1.8357652113772926 1.7983717038296161 0.73929236026015155 0.55480034148786206 0.67309094010852277 0.20663996553048491 2.7803035276010633 1.9605520716868348 0.82894521788694042 3.4547962757060304
leaf_count=24 18 75 52 116 61 10 35 167 14 92 49 45 24 22 50 24 21 54 19 10 14 55 36 133
internal_value=-0.00168184 0.0104132 -0.00281836 -0.00705938 -0.012244 0.0019946 -0.00691254 -0.00134845 0.00191616 0.0218873 -0.00373943 -0.00524966 -0.00706734 -0.00144694 0.00387026 -0.0153946 0.000975547 -0.00207907 -0.014918 0.0112292 -0.000125799 0.00358728 0.00507883 0.0063252
internal_weight=46.5513 3.39391 43.1574 9.70728 6.73449 2.97279 1.17734 33.4501 12.727 1.98393 20.7231 16.9808 14.5362 9.25108 6.28247 2.96861 3.74231 2.17382 1.41238 0.76144 4.4467 12.2962 10.3357 9.50672
internal_count=1220 185 1035 274 177 97 45 761 405 110 356 228 179 134 88 46 128 104 40 64 38 391 336 300
is_linear=0
shrinkage=0.04


Tree=264
num_leaves=25
num_cat=0
split_feature=23 23 26 18 21 5 25 26 21 26 26 15 26 23 23 25 23 25 24 26 21 26 21 24
split_gain=0.332236 0.345977 0.115493 0.11382 0.311883 0.202359 0.180464 0.909159 0.157859 0.190588 0.18266 0.167824 0.173513 0.163255 0.189768 0.35081 0.143821 0.12797 0.349391 0.126085 0.115948 0.0943221 0.468096 0.0892445
threshold=0.90441722268325109 0.97140452079103179 2.5000000000000004 1.0000000180025095e-35 1.5833333333333337 1.0000000180025095e-35 4.5000000000000009 3.5000000000000004 1.4166666666666667 2.5000000000000004 1.5000000000000002 1.0000000180025095e-35 7.0000000000000009 0.48570226039551589 0.76180168105713697 4.5000000000000009 0.60355339059327384 2.5000000000000004 3.5000000000000004 4.5000000000000009 1.8750000000000002 5.5000000000000009 1.8750000000000002 4.5000000000000009
decision_type=2 2 2 2 2 2 2 2 2 2 2 2 2 2 2 2 2 2 2 2 2 2 2 2
left_child=3 2 -2 8 6 -6 -5 -8 9 10 -1 16 13 17 15 -15 -10 18 -13 -11 -19 22 -7 -21
right_child=1 -3 -4 4 5 21 7 -9 11 19 -12 12 -14 14 -16 -17 -18 20 -20 23 -22 -23 -24 -25
leaf_value=0.00017489218976563623 0 -5.5501734966748034e-05 0.025860685178168634 0.011856800717168207 -0.020919408136086549 0.0010801541091282922 -0.047952897783495325 0.018958384246388106 0.019759179437344045 0.0024772520698000868 -0.012094353072607375 0.012826961540857273 -0.023124160844960547 -0.023507437895245543 0.00063292918319259235 0.00045696904642126136 0 0 -0.031002678794447902 -0.011794478268255842 0.015003198164140315 0 -0.036470640405733286 0
leaf_weight=1.0763158367481107 0.34885778790339772 1.409966290782904 1.6065213374095035 1.7869339083554208 2.7655395713518374 0.77390400646254442 0.56005838536657371 0.59908182825893164 1.3398535721935321 7.0588713372708281 6.0302455226192251 0.43893746915273002 0.50854451279155988 1.6593527123332026 4.5458175382809713 0.96598625037586305 0.40416975668631483 2.6251045623794198 0.51197781134396791 2.1652591214515273 2.6558533711358905 2.4867754822043935 0.70962593518197536 1.4387295646592972
leaf_count=60 18 75 92 52 95 10 10 35 47 115 61 23 18 23 131 29 28 68 11 40 69 60 12 38
internal_value=-0.00162384 0.00999286 0.0213297 -0.00271634 -0.0067671 -0.011759 0.00193088 -0.00646928 -0.00130365 -0.00400414 -0.00911041 0.00125047 0 0.000651439 -0.00274552 -0.0116426 0.0129616 0.00584411 -0.0023582 0 0.00883594 -0.00336338 -0.0114892 -0.00662994
internal_weight=46.4723 3.36535 1.95538 43.1069 9.68192 6.73584 2.94607 1.15914 33.425 17.7694 7.10656 15.6556 13.9116 13.403 7.17116 2.62534 1.74402 6.23187 0.950915 10.6629 5.28096 3.97031 1.48353 3.60399
internal_count=1220 185 110 1035 274 177 97 45 761 314 121 447 372 354 183 52 75 171 34 193 137 82 22 78
is_linear=0
shrinkage=0.04


Tree=265
num_leaves=25
num_cat=0
split_feature=18 27 1 23 26 26 15 1 26 1 23 1 21 21 1 15 24 26 26 21 21 1 21 21
split_gain=0.351252 0.312873 0.279901 0.274533 0.443691 0.171994 0.154951 0.147694 0.115929 0.0722138 0.209138 0.0700541 0.0514397 0.0890245 0.060761 0.0489255 0.039995 0.30423 0.161434 0.137095 0.122571 0.38974 0.0335376 0.0956486
threshold=1.0000000180025095e-35 2.5000000000000004 10.500000000000002 0.84759080068664439 4.5000000000000009 2.5000000000000004 2.5000000000000004 18.500000000000004 5.5000000000000009 26.500000000000004 0.60355339059327384 12.500000000000002 1.4166666666666667 1.7083333333333337 16.500000000000004 1.5000000000000002 3.5000000000000004 2.5000000000000004 2.5000000000000004 1.2916666666666667 1.5833333333333337 5.5000000000000009 1.4166666666666667 2.2916666666666674
decision_type=2 2 2 2 2 2 2 2 2 2 2 2 2 2 2 2 2 2 2 2 2 2 2 2
left_child=1 2 8 6 -5 -2 7 -3 16 10 11 15 -13 -14 -15 -7 18 -18 20 -20 -1 -22 -10 -24
right_child=5 3 -4 4 -6 9 -8 -9 22 -11 -12 12 13 14 -16 -17 17 -19 19 -21 21 -23 23 -25
leaf_value=0.0012643785667252666 -0.029172664689678642 0.0086852020202501847 -0.0090888166458164988 0.030776134619433421 -0.00039935976422016974 0 -0.008960089159301415 -9.9426887008141504e-05 0 0.0007226017871331073 -0.02187429036057531 0 -0.01243315670976961 0.010051387956123339 -0.0038725927883606001 0.010916926933095445 -0.030875642372628031 0.00033335471207748211 0.0039665068966247977 -0.0083480458978388763 0 0.031761538417750625 0.027258999086249628 0
leaf_weight=6.7462750633712911 0.59515535726677526 7.3228398803039418 4.8032265641377299 1.7829997992375859 0.4443940549972466 0.58570761739974642 0.9332454905088533 2.3742372652632184 1.1977528020506718 1.5150332154007617 1.1937411237449849 0.59416928957216431 2.2276505144545808 0.52011286755441721 2.978630458295811 0.81668218481354415 0.55695173575077106 1.1905191447585819 1.3423655766819127 3.7666067477548495 0.66904852737206955 1.0137128029018638 0.59829835116397578 0.37272305798251182
leaf_count=86 19 230 157 57 24 44 20 87 24 35 54 27 49 20 56 27 18 38 28 29 26 30 34 8
internal_value=0.000164135 0.00228621 -0.00024343 0.00728735 0.0209646 -0.00586811 0.00366897 0.00570938 0.00173239 -0.00377164 -0.00543245 -0.00185515 -0.00435026 -0.0059381 0 0.00368572 0 -0.00503549 0.00120577 -0.00354657 0.00503534 0.0153992 0.0104728 0.0173271
internal_weight=46.1421 35.1152 22.2575 12.8577 2.22739 11.0269 10.6303 9.69708 17.4543 10.4317 8.91669 7.72295 6.32056 5.72639 3.49874 1.40239 15.2855 1.74747 13.538 5.10897 8.42904 1.68276 2.16877 0.971021
internal_count=1227 896 478 418 81 331 337 317 321 312 277 223 152 125 76 71 255 56 199 57 142 56 66 42
is_linear=0
shrinkage=0.04


Tree=266
num_leaves=25
num_cat=0
split_feature=25 15 15 1 17 17 26 25 23 17 26 23 26 25 26 23 25 26 25 17 23 26 23 26
split_gain=0.346925 0.299334 0.146646 0.0792547 0.356468 0.836007 0.348404 0.392315 0.312416 0.159541 0.584334 0.558774 0.566186 0.280531 0.312298 0.275555 0.331117 0.119957 0.242205 0.118218 0.30788 0.16254 0.273166 0.228475
threshold=9.0000000000000018 2.5000000000000004 2.5000000000000004 14.500000000000002 1.0000000180025095e-35 1.5000000000000002 3.5000000000000004 6.5000000000000009 0.8228263892582881 1.0000000180025095e-35 4.5000000000000009 0.45220861134162554 2.5000000000000004 2.5000000000000004 2.5000000000000004 0.45220861134162554 1.5000000000000002 10.500000000000002 3.5000000000000004 1.5000000000000002 0.8228263892582881 2.5000000000000004 0.76180168105713697 1.5000000000000002
decision_type=2 2 2 2 2 2 2 2 2 2 2 2 2 2 2 2 2 2 2 2 2 2 2 2
left_child=2 -2 3 9 6 -6 7 -5 -7 10 11 12 -1 -13 -15 16 -11 18 -8 21 -21 23 -23 -17
right_child=1 -3 -4 4 5 8 17 -9 -10 15 -12 13 -14 14 -16 19 -18 -19 -20 20 -22 22 -24 -25
leaf_value=-0.0075419114608256937 0 0.027275972684051387 -0.024255448877571063 -0.039772839948509608 -0.047129919181675799 0.02362530224108297 -0.026772503929698096 0 -0.010715636913861761 -0.025803547069889413 -0.034110086072111495 -0.025171038536647986 0.028584506340621419 0.0081519121103307141 -0.0067726541916389351 0.023606248451385606 0 0.015270197855170633 0.0030729018309860498 -0.021320379012004235 0.018502095246173834 0.020106318921838895 0 -7.7745104038938076e-07
leaf_weight=0.61278166816919233 0.72598372731590566 1.3804055913060438 0.41258017250220191 0.68365861906204262 0.90404928426141795 0.58765164623037014 0.44086166936904003 0.55290792824234813 1.4967604835692325 0.87196381069952522 0.84217732812976542 0.93750775698572297 1.9733737570932133 3.2498506329720822 6.3499024969642051 0.67991748079657366 3.612701852893224 1.2587633672228538 7.7978850083018187 0.72498578601516672 0.47632393095409498 3.710605247062631 1.5719929778715593 4.1787008598912507
leaf_count=28 46 18 18 8 29 28 18 45 44 22 34 30 69 76 97 35 65 45 216 15 18 99 81 43
internal_value=0.000154131 0.0161304 -0.00042983 -2.00897e-05 -0.00270139 -0.0149786 0 -0.019156 0 0.000946396 -0.00179381 0 0.0169311 -0.00380661 -0.000886814 0.00386976 -0.00336517 0.0033041 0.00050483 0.00743565 0 0.00897161 0.0141854 0.00165624
internal_weight=46.0343 2.10639 43.9279 43.5153 13.7225 2.98846 10.7341 1.23657 2.08441 29.7928 13.9656 13.1234 2.58616 10.5373 9.59975 15.8272 4.48467 9.49751 8.23875 11.3425 1.20131 10.1412 5.2826 4.85862
internal_count=1227 64 1163 1145 433 101 332 53 72 712 334 300 97 203 173 378 87 279 234 291 33 258 180 78
is_linear=0
shrinkage=0.04


Tree=267
num_leaves=25
num_cat=0
split_feature=18 25 15 27 25 19 26 26 25 26 23 1 21 26 26 21 1 21 21 23 26 21 26 27
split_gain=0.319798 0.436243 0.706459 0.385585 0.382127 0.229416 0.258005 0.21835 0.202545 1.14272 0.179578 0.178321 0.155256 0.140385 0.269678 0.330053 0.19056 0.133195 0.252177 0.124961 0.138455 0.109912 0.200187 0.102939
threshold=1.0000000180025095e-35 4.5000000000000009 1.5000000000000002 2.5000000000000004 3.5000000000000004 1.0000000180025095e-35 3.5000000000000004 2.5000000000000004 4.5000000000000009 3.5000000000000004 0.84759080068664439 12.500000000000002 1.5833333333333337 4.5000000000000009 2.5000000000000004 1.5833333333333337 15.500000000000002 2.1250000000000004 1.5833333333333337 0.8228263892582881 4.5000000000000009 1.4166666666666667 2.5000000000000004 2.5000000000000004
decision_type=2 2 2 2 2 2 2 2 2 2 2 2 2 2 2 2 2 2 2 2 2 2 2 2
left_child=1 2 5 -3 -2 13 7 -7 11 -10 19 -6 -11 14 15 -1 -15 18 -16 20 21 -5 -23 -20
right_child=4 3 -4 10 8 6 -8 -9 9 12 -12 -13 -14 16 17 -17 -18 -19 23 -21 -22 22 -24 -25
leaf_value=0.000949154988861033 -0.03277694082686082 -0.021090148934177363 -0.030430660461823057 0 0.017420131612162049 -0.027548791008152228 -0.030881899438697912 0.0026709420407330488 -0.045253434879867119 0.018817536293570854 0.02821874696149871 0 -0.0023491061701720081 0.012894120413435101 -0.001109026563861771 0.023705482629162177 0 0.0024576530957114004 -0.037083089629792218 0 0 0 0.023303733686161007 -0.0014413376766108366
leaf_weight=6.7431214069947725 0.82804919657064502 0.36166090751066704 1.1727419249364164 0.4919346231035896 1.0627235348802044 0.43949840031564225 0.65294545632787038 2.2161032127041835 1.0671255618799476 0.63223877933341999 1.6370760056306606 2.9285130877397023 4.445924358908087 4.3837588604656039 4.8680942959617806 1.4421608024276791 2.713653328246437 1.8433599947020409 0.66002245061099507 0.90696410706732411 0.32503645867109288 0.87713046060525846 2.2456655446148943 0.86726553709013388
leaf_count=89 56 12 48 28 60 15 33 70 25 33 62 65 92 140 44 53 85 18 11 19 14 47 85 23
internal_value=0.000127292 0.00217022 0 0.0112223 -0.00563604 0.00128564 -0.00796506 0 -0.00262968 -0.00762175 0.0142585 0.00305219 0 0.00292697 0.000364904 0.00593595 0.00772863 -0.00419897 -0.00736853 0.00789258 0.0112863 0.0141464 0.0169694 -0.0220821
internal_weight=45.8128 34.8482 28.0027 6.84547 10.9646 26.83 3.30855 2.6556 10.1365 6.14529 6.48381 3.99124 5.07816 23.5214 16.424 8.18528 7.09741 8.23874 6.39538 4.84673 3.93977 3.61473 3.1228 1.52729
internal_count=1227 896 629 267 331 581 118 85 275 150 255 125 125 463 238 142 225 96 78 193 174 160 132 34
is_linear=0
shrinkage=0.04


Tree=268
num_leaves=25
num_cat=0
split_feature=25 18 25 25 26 1 25 27 19 26 26 16 25 26 26 25 1 26 23 23 6 26 23 23
split_gain=0.29977 0.179803 0.38267 0.159403 1.10753 0.167276 0.0915996 0.23931 0.163596 0.285897 0.205477 0.151138 0.106477 0.0919233 0.0778091 0.125328 0.151613 0.120412 0.136315 0.106886 0.0616532 0.0543293 0.0406936 0.119594
threshold=9.0000000000000018 1.0000000180025095e-35 3.5000000000000004 4.5000000000000009 3.5000000000000004 12.500000000000002 4.5000000000000009 2.5000000000000004 1.0000000180025095e-35 3.5000000000000004 2.5000000000000004 1.5000000000000002 3.5000000000000004 4.5000000000000009 2.5000000000000004 1.5000000000000002 4.5000000000000009 4.5000000000000009 0.45220861134162554 0.76180168105713697 1.0000000180025095e-35 2.5000000000000004 0.60355339059327384 0.76180168105713697
decision_type=2 2 2 2 2 2 2 2 2 2 2 2 2 2 2 2 2 2 2 2 2 2 2 2
left_child=1 6 -3 5 -5 -4 8 -8 12 10 -10 13 14 21 15 16 -1 18 -16 -19 -2 -9 -20 -24
right_child=20 2 3 4 -6 -7 7 11 9 -11 -12 -13 -14 -15 17 -17 -18 19 22 -21 -22 -23 23 -25
leaf_value=0 0 -0.032416177405527095 0.016907824254230455 -0.044735003382475304 0 0 -0.019806919453685262 0 -0.027017431391276572 -0.031422571236847441 0.002568348131934883 -0.0059670144262355188 -0.015125186279730966 0 0.0016533640624861151 0.007674255334994824 -0.023765593883392444 0.0076169585852993663 -0.0095225525033866033 0 0.019002318139834828 0.016782756234420496 -0.013951913486746957 0.011241047224454122
leaf_weight=1.1324204836273652 0.50807643411098902 0.80425725365057488 1.0513620406854882 1.01704057585448 4.9671515547670424 2.9285130877397023 0.3409944511950006 0.7405320014804605 0.43040241429116566 0.69966053601820011 2.2125166678451933 0.22915914957411576 0.53910619451198627 0.37274504173547018 2.8855357035063189 6.712622161838226 0.43848165989038523 4.7666805821354492 3.9970441125333309 2.8612805973389186 1.5786909390008077 3.1443035845586564 0.58414075896143891 0.61446063546463847
leaf_count=47 38 56 60 22 120 65 10 44 15 38 70 14 22 22 37 78 19 127 29 119 26 121 9 19
internal_value=8.87223e-05 -0.000444489 -0.0050442 -0.00203196 -0.00663282 0.00287584 0.000825495 0.00591386 0 -0.00835612 0 0.00965168 0.00107517 0.0123713 0.00177262 0.00491226 -0.0017974 0 -0.00328342 0.00371961 0.01503 0.0143386 -0.00756494 0
internal_weight=45.5572 43.4704 10.7683 9.96407 5.98419 3.97988 32.7021 4.82773 27.8744 3.34258 2.64292 4.48674 24.5318 4.25758 23.9927 8.28352 1.5709 15.7091 8.08118 7.62796 2.08677 3.88484 5.19565 1.1986
internal_count=1227 1163 323 267 142 125 840 211 629 123 85 201 506 187 484 144 66 340 94 246 64 165 57 28
is_linear=0
shrinkage=0.04


Tree=269
num_leaves=25
num_cat=0
split_feature=25 21 16 18 25 25 1 1 25 27 24 16 21 21 25 1 21 23 1 25 25 21 21 21
split_gain=0.278331 0.271121 0.17146 0.13664 0.339864 0.127099 0.452752 0.178627 0.0918257 0.239727 0.160028 0.156569 0.173358 0.12164 0.0914929 0.0662902 0.134678 0.0676567 0.0482345 0.0524165 0.0996022 0.0867482 0.0538381 0.0506281
threshold=9.0000000000000018 1.5833333333333337 1.0000000180025095e-35 1.0000000180025095e-35 3.5000000000000004 4.5000000000000009 15.500000000000002 12.500000000000002 4.5000000000000009 2.5000000000000004 5.5000000000000009 1.5000000000000002 1.4166666666666667 2.8750000000000004 3.5000000000000004 26.500000000000004 1.5833333333333337 1.0000000180025095e-35 11.500000000000002 1.5000000000000002 2.5000000000000004 1.5833333333333337 1.2916666666666667 2.1250000000000004
decision_type=2 2 2 2 2 2 2 2 2 2 2 2 2 2 2 2 2 2 2 2 2 2 2 2
left_child=2 -2 -1 8 -5 7 -7 -6 10 -10 14 12 -11 -12 18 16 -8 -18 19 -4 21 22 -21 -20
right_child=1 -3 3 4 5 6 15 -9 9 11 13 -13 -14 -15 -16 -17 17 -19 23 20 -22 -23 -24 -25
leaf_value=-0.024032566627389684 0.029522019025115202 0 0 -0.031339884810612673 0.01780906927721659 -0.040338237031681053 0.0054788559873585208 0 -0.019346545260096423 0 -0.028146949122505562 -0.0057618350226620822 0.015704877000350417 0 -0.0077834541575843514 0.004893000361179671 0 -0.014762486337104641 -0.002803156792777795 0.014570117804044038 0 0.020868761068503484 0.00033748264826036336 0.0037640299307505555
leaf_weight=0.48983786106691596 0.99906236038077567 1.0835434327309483 3.6992399153532594 0.71874753257725288 1.0153959211893364 0.55759867746382941 0.74041091464459929 2.9236233331030235 0.33526212489232321 0.24850064516067494 0.55182333398261008 0.22785382613074023 3.9126401045359671 0.13625996466726065 1.61459577793721 1.376898158341646 1.4318057349883022 1.7233363545965401 6.192722167586906 0.77369947358965685 6.546435444499366 1.0161649743095038 4.7711729481816292 2.2876061280258
leaf_count=128 34 30 95 33 52 8 27 61 10 5 41 14 167 10 45 24 16 41 172 18 83 32 54 27
internal_value=6.38529e-05 0.0144846 -0.000445084 0 -0.00413029 -0.00130946 -0.00561583 0.00303333 0.00110854 0.00628528 0 0.010066 0.0128552 -0.0187753 0.000708026 -0.00042637 -0.00436015 -0.00920459 0.00156658 0.00287759 0.00412502 0.00763434 0.0037662 -8.82694e-05
internal_weight=45.3742 2.08261 43.2916 42.8018 10.4878 9.76907 5.83005 3.93902 32.314 4.72426 27.5897 4.38899 4.16114 0.688083 26.9016 5.27245 3.89555 3.15514 25.287 16.8067 13.1075 6.56104 5.54487 8.48033
internal_count=1227 64 1163 1035 262 229 116 113 773 196 577 186 172 51 526 108 84 57 481 282 187 104 72 199
is_linear=0
shrinkage=0.04


Tree=270
num_leaves=25
num_cat=0
split_feature=1 25 17 1 24 25 24 0 19 24 24 25 23 23 23 25 23 1 24 24 1 1 23 23
split_gain=0.725618 0.504255 0.500657 0.673828 0.607848 0.508718 0.838531 0.423142 0.551906 0.409919 0.226726 0.687202 0.207835 0.402394 0.426213 0.178299 0.174936 0.0775783 1.00013 0.163832 0.483443 0.291122 0.071263 0.0484704
threshold=6.5000000000000009 1.5000000000000002 1.0000000180025095e-35 15.500000000000002 2.5000000000000004 2.5000000000000004 4.5000000000000009 3.5000000000000004 1.0000000180025095e-35 3.5000000000000004 4.5000000000000009 3.5000000000000004 0.8228263892582881 0.60355339059327384 0.45220861134162554 2.5000000000000004 0.90441722268325109 13.500000000000002 3.5000000000000004 4.5000000000000009 26.500000000000004 14.500000000000002 0.76180168105713697 0.90441722268325109
decision_type=2 2 2 2 2 2 2 2 2 2 2 2 2 2 2 2 2 2 2 2 2 2 2 2
left_child=1 -1 4 9 -2 6 -6 8 23 15 12 16 13 14 -11 -4 -12 18 -9 20 -19 -21 -5 -7
right_child=2 -3 3 22 5 7 -8 17 -10 10 11 -13 -14 -15 -16 -17 -18 19 -20 21 -22 -23 -24 -25
leaf_value=0 -0.035831544291824051 0.022152810280547951 -0.004726223431935038 -0.047329134711690361 -0.039017059638399701 0.015746139753996052 0.0046324369366580621 0.010467326360435179 -0.0084776845642659509 0 0.020883280727383938 -0.038991204884493036 0.021630609637494923 -0.016890860901654883 0.023817911012535078 -0.035869202365661879 -0.004187857070885698 -0.034440407636609174 -0.065724406692536957 0.023554618710577957 0.0018594859651642635 0 -0.01261354515440122 0
leaf_weight=2.8441752115031695 0.59991614757746248 4.1505742189474404 1.915129320113919 0.69282881775870819 1.1101061298977613 9.4714754688902723 1.2303374115144832 0.62081162910908527 1.4426701619231614 3.7832698095589858 0.6843566383467985 0.85355549969244737 1.0125934255775062 1.4319408535957334 1.6202381656039504 0.7564745642885099 0.32290375579032116 0.73602525377645944 0.38012295786757022 1.149864390492439 1.3670829078182576 5.5812085271463729 1.2860731583205049 0.62516575003974217
leaf_count=75 29 47 46 15 28 245 57 24 69 63 38 11 40 42 57 23 8 13 8 22 27 124 58 54
internal_value=0.00134807 0.0132611 -0.000599704 -0.00668708 0.00266625 0.00397747 -0.012653 0.00617274 0.0113688 -0.0025047 0.000533133 -0.0109317 0.00427087 0.000528849 0.00662563 -0.0165389 0.00490373 0 -0.0104753 0.00127185 -0.0070405 0.00505755 -0.0288104 0.0149969
internal_weight=45.6689 6.99475 38.6742 14.3594 24.3148 23.7149 2.34044 21.3744 11.5393 12.3805 9.70886 1.86082 7.84804 6.83545 5.40351 2.6716 1.00726 9.83512 1.00093 8.83418 2.10311 6.73107 1.9789 10.0966
internal_count=1223 122 1101 401 700 671 85 586 368 328 259 57 202 162 120 69 46 218 32 186 40 146 73 299
is_linear=0
shrinkage=0.04


Tree=271
num_leaves=25
num_cat=0
split_feature=1 25 17 26 1 24 24 25 24 14 24 26 21 25 26 21 1 26 25 26 21 23 23 1
split_gain=0.677417 0.475055 0.472288 0.693725 0.689893 0.573522 0.5489 0.469757 0.804091 0.474479 0.368547 0.916884 0.529353 0.409956 0.33232 0.190659 0.496478 0.307982 0.19273 0.171857 0.170021 0.168815 0.152774 0.133644
threshold=6.5000000000000009 1.5000000000000002 1.0000000180025095e-35 2.5000000000000004 15.500000000000002 2.5000000000000004 3.5000000000000004 2.5000000000000004 4.5000000000000009 3.5000000000000004 4.5000000000000009 4.5000000000000009 1.8750000000000002 1.5000000000000002 5.5000000000000009 1.7083333333333337 11.500000000000002 7.0000000000000009 9.0000000000000018 10.500000000000002 2.1250000000000004 0.76180168105713697 0.90441722268325109 11.500000000000002
decision_type=2 2 2 2 2 2 2 2 2 2 2 2 2 2 2 2 2 2 2 2 2 2 2 2
left_child=1 -1 5 -4 6 -2 14 8 -7 15 12 -12 13 -8 -5 16 -9 23 -18 -10 -14 -6 -13 -17
right_child=2 -3 3 4 21 7 10 9 19 -11 11 22 20 -15 -16 17 18 -19 -20 -21 -22 -23 -24 -25
leaf_value=0 -0.035234305197004628 0.021570742079183778 -0.037465547236624534 -0.037402838194149045 -0.046402878735622953 -0.038583461155464724 0 0.014383878239950557 -0.011873359182976819 -8.7975234664486882e-05 -0.039246474848253436 0.026607172992512949 -0.0086422234967146808 0.030529638743129552 -0.00093713652901257819 0 -0.0090863461156940814 0 0.016736130181344608 0.016368810840460424 0.0073936420901042103 -0.0069697733253255047 0 0.028540082334962399
leaf_weight=2.8441752115031695 0.58596591453533875 4.0932505993405357 1.1236882501980279 0.84003956685773973 0.67868052882840757 1.0783229760418209 0.30827084975316976 5.5804948773584311 0.23506941972300388 9.1050258064060472 0.92334486136678584 0.61182510340586305 1.6736884331330655 2.3409140039002523 1.7768121377448549 0.24086842266842889 2.9443956990726297 0.38744276607758354 0.39208787633106101 0.99351790372747928 2.6895927952136844 1.1150208963954353 0.20489604870090261 2.6090856186929159
leaf_count=75 29 47 27 18 15 28 16 74 22 195 14 31 59 83 47 12 132 24 32 35 30 54 7 117
internal_value=0.0012804 0.0128442 -0.000598493 -0.00652844 -0.00327969 0.00257801 0 0.00385767 -0.0121954 0.00597593 0.00516175 -0.00909378 0.00983993 0.0240001 -0.0157002 0.0111767 0.00673742 0.020933 -0.00365408 0.00445361 0 -0.0263501 0.0152001 0.0258972
internal_weight=45.3765 6.93743 38.4391 14.2868 13.1631 24.1523 11.3694 23.5663 2.30691 21.2594 8.75253 1.74007 7.01247 2.64918 2.61685 12.1544 8.91698 3.2374 3.33648 1.22859 4.36328 1.7937 0.816721 2.84995
internal_count=1223 122 1101 401 374 700 305 671 85 586 240 52 188 99 65 391 238 153 164 57 89 69 38 129
is_linear=0
shrinkage=0.04


Tree=272
num_leaves=25
num_cat=0
split_feature=1 25 17 26 1 24 24 25 24 26 16 24 26 22 23 26 25 26 14 26 23 26 23 23
split_gain=0.635272 0.447286 0.446632 0.658155 0.645338 0.539511 0.513742 0.438383 0.763902 0.449343 0.367037 0.340394 0.867277 0.388732 0.433562 0.316012 0.295614 0.295983 0.271682 0.360067 0.186478 0.161555 0.159125 0.150952
threshold=6.5000000000000009 1.5000000000000002 1.0000000180025095e-35 2.5000000000000004 15.500000000000002 2.5000000000000004 3.5000000000000004 2.5000000000000004 4.5000000000000009 9.0000000000000018 1.5000000000000002 4.5000000000000009 4.5000000000000009 2.5000000000000004 0.8228263892582881 5.5000000000000009 1.5000000000000002 3.5000000000000004 3.5000000000000004 7.0000000000000009 0.60355339059327384 10.500000000000002 0.76180168105713697 0.60355339059327384
decision_type=2 2 2 2 2 2 2 2 2 2 2 2 2 2 2 2 2 2 2 2 2 2 2 2
left_child=1 -1 5 -4 6 -2 15 8 -7 10 18 13 -13 16 20 -5 -8 -18 -9 23 -15 -10 -6 -20
right_child=2 -3 3 4 22 7 11 9 21 -11 -12 12 -14 14 -16 -17 17 -19 19 -21 -22 -23 -24 -25
leaf_value=0 -0.034642958887459926 0.020997344919128521 -0.03708794877488325 -0.036902771224881357 -0.045500166146541419 -0.03815348450777261 0 0.012054395323822445 -0.011503690472577622 -0.032973074518660751 -0.024016610685840455 -0.038726159752331263 0.014659195007690759 0.0005877624468089551 0.026869017775759309 -0.00089897983133160333 0.035632419655891999 0 0.0030267374203931442 0.024802317383159789 -0.015412349553859866 0.015860527659688432 -0.0066684405617225316 -0.0080577487913081128
leaf_weight=2.8441752115031695 0.57240584358806046 4.0379659758182243 1.0903986756457005 0.81781757422140744 0.6647436608618581 1.0474820424860838 0.40518518025055383 11.798344814480522 0.23296193621354155 0.40053913090377946 0.4736572434194376 0.89881888229865559 0.80294035567203537 2.2073568413034086 0.89964524144306768 1.7781142382009418 1.7252970933914187 0.28430444444529701 4.4317614673636854 0.96140387747436751 1.4481222722679374 0.98452907928731292 1.1187131252954712 3.1233013271703385
leaf_count=75 29 47 27 18 15 28 21 369 22 5 41 14 38 18 36 47 67 5 99 22 41 35 54 50
internal_value=0.00118683 0.0124377 -0.00063223 -0.00643516 -0.00326118 0.00245029 0 0.00369666 -0.0119339 0.00574502 0.00687585 0.00494973 -0.00883635 0.0094635 0.000691753 -0.0153233 0.0226971 0.02923 0.00798993 0.00141984 -0.0035622 0.00405361 -0.0256278 -0.000496753
internal_weight=45.05 6.88214 38.1678 14.1415 13.0511 24.0264 11.2676 23.454 2.26497 21.189 20.7885 8.67167 1.70176 6.96991 4.55512 2.59593 2.41479 2.0096 20.3148 8.51647 3.65548 1.21749 1.78346 7.55506
internal_count=1223 122 1101 401 374 700 305 671 85 586 581 240 52 188 95 65 93 72 540 171 59 57 69 149
is_linear=0
shrinkage=0.04


Tree=273
num_leaves=25
num_cat=0
split_feature=1 25 17 26 1 24 24 25 24 26 16 24 26 21 25 26 14 26 21 1 26 24 26 23
split_gain=0.594711 0.420895 0.418746 0.626181 0.605899 0.507471 0.484234 0.409206 0.725822 0.421532 0.345684 0.314153 0.82405 0.465529 0.388185 0.300331 0.250058 0.335567 0.22435 0.445841 0.325906 0.185177 0.15176 0.149787
threshold=6.5000000000000009 1.5000000000000002 1.0000000180025095e-35 2.5000000000000004 15.500000000000002 2.5000000000000004 3.5000000000000004 2.5000000000000004 4.5000000000000009 9.0000000000000018 1.5000000000000002 4.5000000000000009 4.5000000000000009 1.8750000000000002 1.5000000000000002 5.5000000000000009 3.5000000000000004 7.0000000000000009 1.7083333333333337 11.500000000000002 7.0000000000000009 6.5000000000000009 10.500000000000002 0.76180168105713697
decision_type=2 2 2 2 2 2 2 2 2 2 2 2 2 2 2 2 2 2 2 2 2 2 2 2
left_child=1 -1 5 -4 6 -2 15 8 -7 10 16 13 -13 14 -8 -5 18 -18 19 -9 -20 -21 -10 -6
right_child=2 -3 3 4 23 7 11 9 22 -11 -12 12 -14 -15 -16 -17 17 -19 20 21 -22 -23 -24 -25
leaf_value=0 -0.034057098976815761 0.020432690455164652 -0.036711184052168562 -0.036407301818211779 -0.044619859607770776 -0.037726612976865165 0 0.014240705141522755 -0.01114260333472176 -0.032216115187532951 -0.023602847353265597 -0.038212672428158373 0.014190556915504143 0 0.029532534684589527 -0.00086240008189025254 -0.00043450930433621879 0.024079784700003853 0.02766779988283749 -0.0098578987447045484 0 0.010471239729249493 0.015362320682338313 -0.0063809028393361743
leaf_weight=2.8441752115031695 0.55923099599022208 3.9846691361162812 1.0581792568555091 0.79622819038922843 0.65102371710236084 1.0175678137165989 0.30827084975316976 5.4373029822018051 0.23093278647866078 0.39369235001504321 0.46290181938093056 0.87494598631747045 0.79641409334726632 4.3741453120019287 2.2331355221103877 1.7793642390170132 7.5537441044580191 0.95085951592773188 2.6824533161707236 2.5194030307466169 0.37705694654141542 0.71543736336752761 0.97597659600432962 1.1222854084626304
leaf_count=75 29 47 27 18 15 28 16 68 22 5 41 14 38 89 83 47 149 22 122 104 22 53 35 54
internal_value=0.00110701 0.0120414 -0.000653432 -0.00630879 -0.00320337 0.0023261 0 0.00354179 -0.0116743 0.00552578 0.00663011 0.00480902 -0.00845567 0.00917167 0.022847 -0.014957 0.00771701 0.00136565 0.0116394 0.00692868 0.022377 -0.00288871 0.00366231 -0.0249307
internal_weight=44.6994 6.82884 37.8706 13.994 12.9358 23.8766 11.1625 23.3173 2.22448 21.0929 20.6992 8.58691 1.67136 6.91555 2.54141 2.57559 20.2363 8.5046 11.7317 8.67214 3.05951 3.23484 1.20691 1.77331
internal_count=1223 122 1101 401 374 700 305 671 85 586 581 240 52 188 99 65 540 171 369 225 144 157 57 69
is_linear=0
shrinkage=0.04


Tree=274
num_leaves=25
num_cat=0
split_feature=1 25 17 1 24 25 24 14 19 24 24 25 23 23 23 23 25 25 1 24 1 21 21 23
split_gain=0.557559 0.395831 0.392997 0.5152 0.476955 0.381427 0.689731 0.385205 0.387402 0.322474 0.16113 0.559021 0.185275 0.307572 0.367736 0.15011 0.142022 0.1072 0.0587279 0.939525 0.217344 0.0857877 0.149088 0.0507881
threshold=6.5000000000000009 1.5000000000000002 1.0000000180025095e-35 15.500000000000002 2.5000000000000004 2.5000000000000004 4.5000000000000009 3.5000000000000004 1.0000000180025095e-35 3.5000000000000004 4.5000000000000009 3.5000000000000004 0.8228263892582881 0.60355339059327384 0.45220861134162554 0.90441722268325109 2.5000000000000004 5.5000000000000009 13.500000000000002 3.5000000000000004 14.500000000000002 1.8750000000000002 1.7083333333333337 0.76180168105713697
decision_type=2 2 2 2 2 2 2 2 2 2 2 2 2 2 2 2 2 2 2 2 2 2 2 2
left_child=1 -1 4 9 -2 6 -6 8 -7 16 12 15 13 14 -11 -12 -4 -10 19 -9 -20 22 -22 -5
right_child=2 -3 3 23 5 7 -8 18 17 10 11 -13 -14 -15 -16 -17 -18 -19 20 -21 21 -23 -24 -25
leaf_value=0 -0.033476359370676202 0.019876867924175683 -0.0041133725791386308 -0.04376082323656471 -0.037302363823909203 0.013095542536104888 0.0032798150064830712 0.010249450971991033 -0.012844690822944885 0 0.019805919261875204 -0.03681832446012278 0.020306601303783794 -0.014783163133983424 0.022432070808810389 -0.0032212670685387245 -0.033826277545854218 0.0020332726212334957 0.016211259571883564 -0.064075553060502471 0 0.00033008061600627026 -0.02119304000167857 -0.010826229313475447
leaf_weight=2.8441752115031695 0.54643599550763866 3.9333076591137797 1.9147127190371969 0.63752644881606002 0.98856383858947383 10.399724918766877 1.1968183569260871 0.61386675108224231 1.2962369734596002 3.6813137340359372 0.63966420025099047 0.76764029136393219 0.9576516116503625 1.4729908639565108 1.5075246781343592 0.31444390348042361 0.67801427334779862 0.24053208273835469 1.2521064104512314 0.37329980579670519 1.8686970486305656 4.0766418733983301 0.87758805626071978 1.2863572607166132
leaf_count=75 29 47 46 15 28 317 57 24 52 63 38 11 40 42 57 8 23 22 25 7 29 96 14 58
internal_value=0.00102035 0.0116552 -0.000684366 -0.0061953 0.00219672 0.00338258 -0.011417 0.00530377 0.0100557 -0.00234862 0.000297851 -0.00964543 0.00359464 0 0.00572731 0.00383209 -0.014969 -0.00531029 -7.25017e-05 -0.00975276 0.000120194 -0.00166023 -0.00752772 -0.0258982
internal_weight=44.3658 6.77748 37.5884 13.8578 23.7305 23.1841 2.18538 20.9987 11.9365 11.934 9.34123 1.72175 7.61948 6.66183 5.18884 0.954108 2.59273 1.53677 9.0622 0.987167 8.07503 6.82293 2.74629 1.92388
internal_count=1223 122 1101 401 700 671 85 586 391 328 259 57 202 162 120 46 69 74 195 31 164 139 43 73
is_linear=0
shrinkage=0.04


Tree=275
num_leaves=25
num_cat=0
split_feature=1 24 24 1 1 22 21 21 21 15 25 21 14 22 25 25 21 25 26 25 26 22 22 14
split_gain=0.241403 0.282986 0.238573 0.131164 0.28893 0.187144 0.250512 0.129553 0.606534 0.0878262 0.38551 0.130886 0.121964 0.117402 0.0754932 0.2233 0.0691252 0.0572373 0.226863 0.107992 0.357751 0.26388 0.149506 0.515135
threshold=12.500000000000002 3.5000000000000004 1.5000000000000002 13.500000000000002 15.500000000000002 3.5000000000000004 2.4166666666666674 2.1250000000000004 1.5833333333333337 1.0000000180025095e-35 2.5000000000000004 1.4166666666666667 2.5000000000000004 2.5000000000000004 3.5000000000000004 4.5000000000000009 1.7083333333333337 5.5000000000000009 10.500000000000002 6.5000000000000009 3.5000000000000004 2.5000000000000004 2.5000000000000004 3.5000000000000004
decision_type=2 2 2 2 2 2 2 2 2 2 2 2 2 2 2 2 2 2 2 2 2 2 2 2
left_child=2 -2 -1 7 -5 6 17 8 -3 10 11 -4 -13 14 -11 16 -16 18 -6 20 -19 -22 -21 -24
right_child=1 3 9 4 5 -7 -8 -9 -10 13 -12 12 -14 -15 15 -17 -18 19 -20 22 21 -23 23 -25
leaf_value=-0.024614119637010351 -0.030918842877341174 -0.063662644175438515 0 0.0094810977764604662 -0.017143245525599028 0.0057736755433926883 -0.02192605609025864 0 0 0.0038747395189611413 -0.031542321837653771 0.019678077888665702 0 0 0.02372963817791001 0 0 -0.026730293475478058 0 -0.01216940593343209 0.027948875034978938 0 0.029639192897357121 -0.010324635521125667
leaf_weight=0.44850424646574794 0.63307456138136586 0.36820286803413482 5.5611592321656671 3.4355148797039901 1.7864151994581319 2.1959530030726446 1.4819126294169098 1.9987735743634401 1.1116313230013473 9.6554101501824317 0.58250510517973442 1.141014299704693 0.28869032859802235 2.9518440915271631 1.7972476193681357 0.50026113539934147 0.41706571565009642 0.32560631167143617 1.5482270969077943 2.1932300326880068 1.087069881730713 1.3414186565787531 0.75872510965564299 1.4792950660921633
leaf_count=21 38 5 77 87 59 89 27 15 36 161 20 50 22 132 68 24 13 3 40 76 45 59 48 14
internal_value=-0.000266987 -0.0034545 0.00235953 -0.00225201 -0.00036664 -0.003313 -0.00564213 -0.00950934 -0.0187787 0.00323735 0 0.00230899 0.0131356 0.00498318 0.00677814 0.0141581 0.0201764 -0.00258781 -0.00697064 0 0.00562665 0.0132592 -0.00439503 0
internal_weight=45.0888 21.7451 23.3437 21.112 17.6334 14.1979 12.0019 3.47861 1.47983 22.8952 7.57337 6.99086 1.4297 15.3218 12.37 2.71457 2.21431 10.52 3.33464 7.18535 2.75409 2.42849 4.43125 2.23802
internal_count=1229 641 588 603 547 460 371 56 41 567 169 149 72 398 266 105 81 344 99 245 107 104 138 62
is_linear=0
shrinkage=0.04


Tree=276
num_leaves=25
num_cat=0
split_feature=1 24 24 1 1 23 22 21 23 23 15 22 21 21 23 15 21 23 23 23 1 1 0 18
split_gain=0.223479 0.268269 0.224122 0.124318 0.266898 0.181589 0.174852 0.231885 0.123406 0.10972 0.0818641 0.110868 0.0544355 0.053304 0.0456372 0.0694835 0.130685 0.0454203 0.0685091 0.0372448 0.0367842 0.040811 0.0172287 0.0130727
threshold=12.500000000000002 3.5000000000000004 1.5000000000000002 13.500000000000002 15.500000000000002 0.60355339059327384 3.5000000000000004 2.4166666666666674 0.76180168105713697 0.8228263892582881 1.0000000180025095e-35 2.5000000000000004 2.1250000000000004 1.2916666666666667 1.2359820001581181 1.5000000000000002 3.7083333333333335 0.48570226039551589 0.76180168105713697 0.48570226039551589 6.5000000000000009 8.5000000000000018 3.5000000000000004 1.0000000180025095e-35
decision_type=2 2 2 2 2 2 2 2 2 2 2 2 2 2 2 2 2 2 2 2 2 2 2 2
left_child=2 -2 -1 5 9 -3 7 12 -7 19 17 22 13 -6 15 -8 -17 20 -19 -5 -4 -22 -12 -13
right_child=1 3 10 4 6 8 14 -9 -10 -11 11 23 -14 -15 -16 16 -18 18 -20 -21 21 -23 -24 -25
leaf_value=-0.024161849042651902 -0.030483385122075993 -0.01567960666547439 0 0 0.00048311580701845282 -0.0045039832800607875 0 -0.021221563898916301 0.021651775134841081 0 0.0069511449174844567 0 0.0052737567756578193 -0.004901800429512289 0 0.022355491975913556 0 0.017372970067098308 0 0.017882559720353176 -0.021466783547584661 0 0 -0.0092617865520503561
leaf_weight=0.43882144871168094 0.61676539857581048 2.3909256127662988 4.9689953897614059 1.1394540797919068 0.72858658945187649 0.69391092099249341 0.32321088871685733 1.4701076931960404 0.39115503104403615 0.65862164495047171 11.492092544271141 2.7080084641929711 0.53999690836644809 9.2344587853876856 0.41529237607028324 0.92210226668976225 0.53272386407479644 0.55925248702988017 0.29390610026894137 1.6279004584066568 0.29869551816955198 1.4287339440197682 0.83577175391838032 0.24383562733419228
leaf_count=21 38 25 55 35 53 10 15 27 21 23 240 120 34 257 20 48 6 17 25 29 16 56 26 12
internal_value=-0.000280426 -0.00335558 0.00224171 -0.00218172 -0.000330847 -0.0092477 -0.00318299 -0.00545083 0 0.00912772 0.00309966 0.00478826 -0.00248173 -0.00370504 0.0055495 0.00889144 0.0131544 0 0.00832855 0.0129066 -0.00141951 -0.00647163 0.00654267 0
internal_weight=44.9533 21.6852 23.2681 21.0684 17.5925 3.47599 14.1665 11.9731 1.08507 3.42598 22.8293 15.2797 10.503 9.96305 2.19333 1.77804 1.45483 7.54958 0.853159 2.76735 6.69642 1.72743 12.3279 2.95184
internal_count=1229 641 588 603 547 56 460 371 31 87 567 398 344 310 89 69 54 169 42 64 127 72 266 132
is_linear=0
shrinkage=0.04


Tree=277
num_leaves=25
num_cat=0
split_feature=1 22 21 1 22 1 21 23 1 21 26 21 26 21 26 26 26 21 26 21 21 21 23 1
split_gain=0.204076 0.0873001 0.13141 0.262865 0.324267 0.162141 0.139315 0.132387 0.0655425 0.0655804 0.0618193 0.0942347 0.0753313 0.0584251 0.0759929 0.113553 0.0793308 0.0768341 0.0532456 0.0454606 0.0491694 0.0338596 0.0838365 0.0253147
threshold=12.500000000000002 3.5000000000000004 2.4166666666666674 13.500000000000002 2.5000000000000004 15.500000000000002 1.4166666666666667 0.76180168105713697 9.5000000000000018 1.5833333333333337 5.5000000000000009 1.7083333333333337 3.5000000000000004 2.1250000000000004 10.500000000000002 4.5000000000000009 3.5000000000000004 1.5833333333333337 3.5000000000000004 1.8750000000000002 1.4166666666666667 3.7083333333333335 0.8228263892582881 26.500000000000004
decision_type=2 2 2 2 2 2 2 2 2 2 2 2 2 2 2 2 2 2 2 2 2 2 2 2
left_child=8 2 3 4 -2 6 -5 -8 -1 18 12 -12 -11 14 15 16 17 -7 -10 20 -18 22 -3 -24
right_child=1 21 -4 5 -6 13 7 -9 9 10 11 -13 -14 -15 -16 -17 19 -19 -20 -21 -22 -23 23 -25
leaf_value=0 -0.042352439399461365 0.019079653835901284 -0.01660198142717003 -0.0032991813193167531 -0.0037859770453697273 -0.0098128581550054449 0.015848194756381363 0 0.01560212680886325 0 0.022227197302876988 0 -0.015394334257025181 0.0050762500875281289 0.00050532243141855669 -0.011679877680688512 0 0 0.002956997741021327 0 0.014449405430288706 0 -0.0030037074032158839 0.0079746360418043814
leaf_weight=11.329045391554248 0.57637507701293644 0.53807035833597172 1.575051795807666 0.47848255652934257 2.712005480658263 2.2478543582255903 2.4064200048742355 0.55921250765095454 1.4425836947339101 2.2508962992578749 0.44899013580288727 1.5437752773577811 0.62617188596050244 0.53859602316515598 1.5215735023666646 3.4199318305472843 0.34866838017478563 1.0430096783093175 5.5725169062498026 0.64297336596064258 0.88748373399721459 0.646703740232624 1.0010310323850715 0.49488361552357663
leaf_count=226 15 39 36 12 40 43 57 18 60 107 35 49 32 34 44 112 12 61 79 23 29 8 47 11
internal_value=-0.000277354 -0.00322515 -0.00434069 -0.00276945 -0.0129786 0 0.00712603 0.0115056 0.00212574 0.00420116 0 0.00597098 -0.00311203 -0.00281731 -0.00402894 -0.00576344 -0.000302343 -0.00533075 0.00669774 0.00424648 0.00928728 0.00167954 0.00550934 0
internal_weight=44.8523 21.6383 18.9576 17.3826 3.28838 14.0942 3.44412 2.96563 23.214 11.8849 4.86983 1.99277 2.87707 10.6501 10.1115 8.58992 5.16999 3.29086 7.0151 1.87913 1.23615 2.68069 2.03399 1.49591
internal_count=1229 641 536 500 55 445 87 75 588 362 223 84 139 358 324 280 168 104 139 64 41 105 97 58
is_linear=0
shrinkage=0.04


Tree=278
num_leaves=25
num_cat=0
split_feature=1 24 24 1 1 23 22 21 23 23 18 25 15 15 25 21 15 25 25 23 25 26 21 21
split_gain=0.191096 0.256423 0.208859 0.105124 0.224052 0.159496 0.145936 0.207298 0.116116 0.0987529 0.0733345 0.248073 0.116658 0.0759471 0.321682 0.176542 0.112219 0.215964 0.14918 0.0748804 0.0508905 0.199455 0.0955217 0.0648882
threshold=12.500000000000002 3.5000000000000004 1.5000000000000002 13.500000000000002 15.500000000000002 0.60355339059327384 3.5000000000000004 2.4166666666666674 0.76180168105713697 0.8228263892582881 1.0000000180025095e-35 3.5000000000000004 1.5000000000000002 1.0000000180025095e-35 2.5000000000000004 1.4166666666666667 1.5000000000000002 5.5000000000000009 4.5000000000000009 0.76180168105713697 5.5000000000000009 10.500000000000002 2.1250000000000004 1.8750000000000002
decision_type=2 2 2 2 2 2 2 2 2 2 2 2 2 2 2 2 2 2 2 2 2 2 2 2
left_child=2 -2 -1 5 9 -3 7 20 -7 -5 13 -12 -13 14 15 -4 18 -18 -15 -17 21 23 -22 -6
right_child=1 3 10 4 6 8 -8 -9 -10 -11 11 12 -14 16 -16 19 17 -19 -20 -21 22 -23 -24 -25
leaf_value=-0.023709196642034729 -0.029994891075693572 -0.014531984451155031 0 0.012094479482931042 -0.01940158443896978 -0.0041439390979996563 0.0050023494192697106 -0.019992024618032941 0.021226169028002943 0 -0.027348359408334768 0 0.020582122570839894 0.0080804163092564277 -0.029950218472663544 0.020545614065536771 -0.027292026449915904 0.0035581181981596734 -0.0067252018016765152 0 -0.0013399460887378184 0 0.019096961479514857 0
leaf_weight=0.42948171266471291 0.59885393067088699 2.3877975809155063 5.5552395709091842 2.7359781963750751 1.4687897439580395 0.69849113188683964 2.1712416138034305 1.4500298842031032 0.38573132548481226 0.65827899231226172 0.54542177333496411 0.58133552456274606 0.450152772013098 12.205871169921007 0.51708407711703319 1.0734698316082356 0.46761045115999955 0.50243127997964621 0.60075321979820806 0.25432956172153343 6.797838132828474 1.5497957225888965 0.38560987918754097 0.32976953504839901
leaf_count=21 38 25 75 64 36 10 89 27 21 23 33 38 17 247 14 46 16 40 27 14 216 40 29 23
internal_value=-0.000259968 -0.00311901 0.00206099 -0.00197269 -0.000231283 -0.00846952 -0.00287787 -0.00497354 0 0.00844732 0.002899 -0.00309097 0.00197986 0.00372281 0 0.00271828 0.00548856 -0.00306618 0.00676121 0.0158441 -0.00214617 -0.00622941 0 -0.0158012
internal_weight=44.8014 21.6182 23.1832 21.0194 17.5473 3.47202 14.1531 11.9818 1.08422 3.39426 22.7537 1.57691 1.03149 21.1768 7.40012 6.88304 13.7767 0.970042 12.8066 1.3278 10.5318 3.34836 7.18345 1.79856
internal_count=1229 641 588 603 547 56 460 371 31 87 567 88 55 479 149 135 330 56 274 60 344 99 245 59
is_linear=0
shrinkage=0.04


Tree=279
num_leaves=25
num_cat=0
split_feature=1 24 24 1 1 23 22 21 23 23 18 25 15 15 25 21 15 25 25 23 14 26 23 25
split_gain=0.174424 0.243459 0.19585 0.0972029 0.204339 0.146945 0.13574 0.192563 0.108709 0.0933392 0.0683323 0.234133 0.110172 0.0703318 0.302615 0.163969 0.102202 0.204799 0.140667 0.0709011 0.0515151 0.293103 0.142748 0.343501
threshold=12.500000000000002 3.5000000000000004 1.5000000000000002 13.500000000000002 15.500000000000002 0.60355339059327384 3.5000000000000004 2.4166666666666674 0.76180168105713697 0.8228263892582881 1.0000000180025095e-35 3.5000000000000004 1.5000000000000002 1.0000000180025095e-35 2.5000000000000004 1.4166666666666667 1.5000000000000002 5.5000000000000009 4.5000000000000009 0.76180168105713697 3.5000000000000004 3.5000000000000004 0.48570226039551589 6.5000000000000009
decision_type=2 2 2 2 2 2 2 2 2 2 2 2 2 2 2 2 2 2 2 2 2 2 2 2
left_child=2 -2 -1 5 9 -3 7 20 -7 -5 13 -12 -13 14 15 -4 18 -18 -15 -17 22 -22 -6 -24
right_child=1 3 10 4 6 8 -8 -9 -10 -11 11 12 -14 16 -16 19 17 -19 -20 -21 21 -23 23 -25
leaf_value=-0.023257283378192786 -0.029556028396857767 -0.013957107512628984 0 0.011663215369339666 -0.0037865680515034705 -0.0039648547765660565 0.0048070660689027312 -0.019334729487506638 0.020720149113431733 0 -0.026926957393044515 0 0.020119262807929458 0.0077896999013883248 -0.02944055324132679 0.019929948899228941 -0.026803787002622571 0.003421973563381666 -0.0064706014902758289 0 -0.017637016260611073 0.0014304862750283054 0 0.029874907405857635
leaf_weight=0.42049765978299802 0.58374394614657177 2.3867238904349537 5.5552395709091842 2.7239103059982912 4.5111355099070334 0.70079064741730668 2.1691130372055332 1.4395681050082192 0.3794739549048245 0.65827899231226172 0.53207141259917889 0.58133552456274606 0.44225073512643576 12.155982478754591 0.50523596548009653 1.0625908107031135 0.45729372464120466 0.50154239591211081 0.59944299422204572 0.25432956172153343 1.8983284529531372 2.1104778063017875 1.2140004685497845 0.79922634107060719
leaf_count=21 38 25 75 64 143 10 89 27 21 23 33 38 17 247 14 46 16 40 27 14 21 64 67 49
internal_value=-0.000271637 -0.00300927 0.001942 -0.00188991 -0.000196512 -0.0081418 -0.0027433 -0.00477939 0 0.00808698 0.00276313 -0.0029905 0.00163627 0.0035668 0 0.00259486 0.00526983 -0.00265002 0.00649235 0.0153085 -0.00203061 -0.00560312 0 0.00901776
internal_weight=44.6426 21.5748 23.0678 20.991 17.524 3.46699 14.1418 11.9727 1.08026 3.38219 22.6473 1.55566 1.02359 21.0917 7.3774 6.87216 13.7143 0.958836 12.7554 1.31692 10.5332 4.00881 6.52436 2.01323
internal_count=1229 641 588 603 547 56 460 371 31 87 567 88 55 479 149 135 330 56 274 60 344 85 259 116
is_linear=0
shrinkage=0.04


Tree=280
num_leaves=25
num_cat=0
split_feature=0 21 26 26 25 23 24 16 23 26 24 21 17 24 23 23 26 24 21 22 26 24 24 25
split_gain=0.486994 0.703451 0.619233 0.247677 0.232313 0.182452 0.262653 0.167374 0.16873 0.301497 0.151654 0.143237 0.1188 0.098661 0.110134 0.0753106 0.0467498 0.281569 0.0312952 0.028648 0.0199683 0.0149603 0.00696583 0.00382059
threshold=3.5000000000000004 1.4166666666666667 2.5000000000000004 2.5000000000000004 2.5000000000000004 0.60355339059327384 4.5000000000000009 1.0000000180025095e-35 0.45220861134162554 4.5000000000000009 2.5000000000000004 2.4166666666666674 1.0000000180025095e-35 2.5000000000000004 0.90441722268325109 0.48570226039551589 5.5000000000000009 4.5000000000000009 1.7083333333333337 2.5000000000000004 2.5000000000000004 4.5000000000000009 4.5000000000000009 6.5000000000000009
decision_type=2 2 2 2 2 2 2 2 2 2 2 2 2 2 2 2 2 2 2 2 2 2 2 2
left_child=1 3 -2 4 -1 6 -4 -3 21 13 12 -11 -5 19 -15 18 17 -12 -8 20 -10 -9 -18 -16
right_child=2 7 5 10 -6 -7 15 8 9 11 16 -13 -14 14 23 -17 22 -19 -20 -21 -22 -23 -24 -25
leaf_value=0 -0.026005145892281534 -0.007118187920599736 -0.0045422560042608223 0 0.014380194234920407 -0.0083345051041375223 0 0.0074948023570370857 0.0082814353271512004 0.025925168946021506 0 0 -0.020460746665569057 0.013521011693027649 -0.0036271202470377411 0 0 -0.019575470765439106 0.021180043947489801 -0.0092668111956064579 0 -0.00012321258954387619 0.0023943827826152521 0
leaf_weight=4.3532099659787553 2.1710982653312376 0.24087603794760148 4.3048811552725947 0.52449846512172293 2.2479675698559731 4.7260451045294758 0.49310192093253169 0.42570318607613211 0.46585390996187725 3.666980016278103 4.4949658133555186 0.66940391133539368 1.7832892060396262 2.4246331313624983 0.46465080743655551 2.0506638591759838 0.49601983232423696 1.4645209400914607 1.1358685912564395 0.53376866271719337 0.51243326812982559 1.5751028639497233 1.95065942464862 0.17062225751578808
leaf_count=69 42 66 78 15 47 144 14 28 17 158 67 19 27 131 22 49 12 51 31 14 7 33 56 26
internal_value=0 0.00300946 -0.00591908 -0.0016412 0.00375662 -0.00185876 0.000972297 0.0109491 0.0120813 0.0144584 -0.00571365 0.0227049 -0.0155284 0.00488708 0.00934209 0.00959802 -0.00206747 -0.00430979 0.0167947 0 0 0 0.000124519 0
internal_weight=43.3468 28.4652 14.8817 17.3151 6.60118 12.7106 7.98452 11.15 10.9092 8.90835 10.714 4.33638 2.30779 4.57196 3.05991 3.67963 8.40617 5.95949 1.62897 1.51206 0.978287 2.00081 2.44668 0.635273
internal_count=1223 865 358 344 116 316 172 521 455 394 228 177 42 217 179 94 186 118 45 38 24 61 68 48
is_linear=0
shrinkage=0.04


Tree=281
num_leaves=25
num_cat=0
split_feature=1 19 26 24 23 23 4 23 17 24 23 24 24 26 26 21 1 15 23 1 26 1 26 24
split_gain=0.593514 0.3297 0.399295 0.730837 0.446724 0.316252 0.253251 0.330583 0.285444 0.301378 0.229841 0.225821 0.188733 0.212825 0.158058 0.13786 0.137228 0.110952 0.0966979 0.0854044 0.408305 0.407174 0.369909 0.242647
threshold=26.500000000000004 1.0000000180025095e-35 4.5000000000000009 3.5000000000000004 1.0000000180025095e-35 0.60355339059327384 1.0000000180025095e-35 1.0000000180025095e-35 1.0000000180025095e-35 2.5000000000000004 0.97140452079103179 6.5000000000000009 4.5000000000000009 9.0000000000000018 4.5000000000000009 2.1250000000000004 11.500000000000002 1.5000000000000002 0.60355339059327384 13.500000000000002 2.5000000000000004 7.5000000000000009 2.5000000000000004 4.5000000000000009
decision_type=2 2 2 2 2 2 2 2 2 2 2 2 2 2 2 2 2 2 2 2 2 2 2 2
left_child=1 2 5 -4 -5 6 8 -8 9 -1 -6 15 13 -2 17 16 -7 -3 -19 20 21 -9 -21 -24
right_child=12 14 3 4 10 11 7 19 -10 -11 -12 -13 -14 -15 -16 -17 -18 18 -20 22 -22 -23 23 -25
leaf_value=0.019037140769059057 0.0051737512479286211 -0.0074628653887605298 -0.0095306473741023096 0 0.021014881299774451 0 0.0217582232573439 0 -0.03642388961310658 -0.02536348797815819 0 0.0051376019231920127 -0.024258172426705721 -0.029152006553194349 -0.029316935291561687 0 -0.027352864748605012 0 0.019814402908195902 -0.016580587707822329 -0.0071625845499969851 0.019586837892331583 0 0.01991291803104403
leaf_weight=0.56065210327506665 0.98461534432135456 3.4245379726926322 2.2115471520082783 1.8392888965317959 6.7220787295373157 0.54076221957802806 1.4801678969524825 4.0556052157189715 0.54163057688856497 0.43372396181803197 0.52035820123273868 0.31367492722347368 2.0123371188528836 0.36967392492806539 0.61537941245478567 0.45240399055182923 1.663510716112796 0.31471194558253035 0.46261811349540949 0.67401981202419747 6.8909763576812111 2.479486002237536 1.2726498884148898 2.4148187873652205
leaf_count=8 30 132 64 46 238 15 88 65 11 20 20 48 32 8 42 29 37 13 18 22 93 59 21 64
internal_value=0 0.00130012 0.00281968 0.00901437 0.0144113 0 0.00161968 0.0032049 -0.0130571 0 0.0189504 -0.0123279 -0.0161878 0 -0.00810092 -0.0174014 -0.0215644 -0.00308983 0.00588397 0.00121126 0 0.00677272 0.00610851 0.0124253
internal_weight=43.2512 39.8846 35.0674 11.2933 9.08173 23.7741 20.8037 19.2677 1.53601 0.994376 7.24244 2.97035 3.36663 1.35429 4.81725 2.65668 2.20427 4.20187 0.77733 17.7876 13.4261 6.53509 4.36149 3.68747
internal_count=1223 1153 948 368 304 580 451 412 39 28 258 129 70 38 205 81 52 163 31 324 217 124 107 85
is_linear=0
shrinkage=0.04


Tree=282
num_leaves=25
num_cat=0
split_feature=1 19 26 24 23 23 4 23 17 24 23 24 24 26 26 21 1 15 23 1 26 1 26 24
split_gain=0.546247 0.306025 0.365842 0.679709 0.421805 0.286795 0.236618 0.309969 0.269708 0.282424 0.219076 0.213377 0.173038 0.199398 0.151027 0.129022 0.125175 0.101504 0.0920184 0.0771894 0.375647 0.382741 0.345164 0.228654
threshold=26.500000000000004 1.0000000180025095e-35 4.5000000000000009 3.5000000000000004 1.0000000180025095e-35 0.60355339059327384 1.0000000180025095e-35 1.0000000180025095e-35 1.0000000180025095e-35 2.5000000000000004 0.97140452079103179 6.5000000000000009 4.5000000000000009 9.0000000000000018 4.5000000000000009 2.1250000000000004 11.500000000000002 1.5000000000000002 0.60355339059327384 13.500000000000002 2.5000000000000004 7.5000000000000009 2.5000000000000004 4.5000000000000009
decision_type=2 2 2 2 2 2 2 2 2 2 2 2 2 2 2 2 2 2 2 2 2 2 2 2
left_child=1 2 5 -4 -5 6 8 -8 9 -1 -6 15 13 -2 17 16 -7 -3 -19 20 21 -9 -21 -24
right_child=12 14 3 4 10 11 7 19 -10 -11 -12 -13 -14 -15 -16 -17 -18 18 -20 22 -22 -23 23 -25
leaf_value=0.018441671163600123 0.0049717305528221073 -0.0071557148949753912 -0.0091077419891698076 0 0.020398423039383728 0 0.021172669935429572 0 -0.035743035060212917 -0.024881839034691031 0 0.0049514305650847842 -0.023303923513774197 -0.028477477897096967 -0.028909011863798111 0 -0.026337415245960179 0 0.019340763919300927 -0.016051410430597511 -0.0068716582435702864 0.019037980714634816 0 0.019323219916208657
leaf_weight=0.5557073401287258 0.98365903284866296 3.4285870408057226 2.2214605679037041 1.8392888965317959 6.6497137275291607 0.54076221957802806 1.4606623027939374 4.0556052157189715 0.53010503301629797 0.42462108342442662 0.52035820123273868 0.31247504701605056 2.0109773734584451 0.36342100347974338 0.59942512481939036 0.45240399055182923 1.6586453416966831 0.31471194558253035 0.45514302048832178 0.66850533525575784 6.8953206084843259 2.4495471061673015 1.2726498884148898 2.389496426214464
leaf_count=8 30 132 64 46 238 15 88 65 11 20 20 48 32 8 42 29 37 13 18 22 93 59 21 64
internal_value=0 0.00121655 0.00269201 0.00863933 0.0139032 0 0.00153523 0.0030767 -0.0127544 0 0.0183579 -0.0117618 -0.0155812 0 -0.0078478 -0.016748 -0.0207858 -0.00293535 0.00546869 0.0011348 0 0.00650707 0.00581299 0.0119887
internal_weight=43.0533 39.6952 34.8973 11.2308 9.00936 23.6665 20.7022 19.1918 1.51043 0.980328 7.17007 2.96429 3.35806 1.34708 4.79787 2.65181 2.19941 4.19844 0.769855 17.7311 13.4005 6.50515 4.33065 3.66215
internal_count=1223 1153 948 368 304 580 451 412 39 28 258 129 70 38 205 81 52 163 31 324 217 124 107 85
is_linear=0
shrinkage=0.04


Tree=283
num_leaves=25
num_cat=0
split_feature=1 19 0 21 17 26 26 26 23 1 23 26 26 26 26 21 27 26 23 1 21 26 26 21
split_gain=0.502643 0.283989 0.347066 0.430636 0.3443 0.344597 0.24919 0.240775 0.232553 0.322493 0.182164 0.233369 0.152807 0.289659 0.144169 0.130426 0.123189 0.17557 0.226487 0.11811 0.11382 0.109645 0.108016 0.0950751
threshold=26.500000000000004 1.0000000180025095e-35 3.5000000000000004 1.4166666666666667 1.0000000180025095e-35 2.5000000000000004 2.5000000000000004 10.500000000000002 0.60355339059327384 13.500000000000002 0.45220861134162554 4.5000000000000009 9.0000000000000018 7.0000000000000009 4.5000000000000009 1.4166666666666667 2.5000000000000004 2.5000000000000004 0.76180168105713697 12.500000000000002 2.4166666666666674 3.5000000000000004 2.5000000000000004 1.5833333333333337
decision_type=2 2 2 2 2 2 2 2 2 2 2 2 2 2 2 2 2 2 2 2 2 2 2 2
left_child=1 2 3 4 7 -6 -4 21 9 19 -5 16 13 -2 23 -11 17 18 -12 -8 -13 -1 -18 -3
right_child=12 14 6 10 5 -7 8 -9 -10 15 11 20 -14 -15 -16 -17 22 -19 -20 -21 -22 -23 -24 -25
leaf_value=0.0084148207836140885 -0.018148376178510221 -0.0090327688813888595 -0.029337097258080546 0 0 -0.01813395461794266 0 0.024033855281211252 -0.011870126912058155 0 0.022562253128318874 0.024774025445267207 -0.036741502092868882 0.0048286078696836241 -0.02849825167158123 0.012415914417329445 0 -0.015569957538375622 -0.0016419853502666441 -0.012592958969365556 0 -0.00037327467493554202 0.025777553030466565 0.0003754337812008933
leaf_weight=2.9449588904390129 1.7231846360373309 2.2604045908374237 0.56945889058988441 1.9694827616331148 4.0234012909932053 2.3642131515080109 0.74074873435892952 1.1745775757590307 2.4826580892549828 0.67917152307927597 0.84926419612020276 3.5192621931491885 0.64505910003208544 0.98162978119216848 0.58405539148952801 3.9285101629357086 0.62180174633977026 0.86359453428303812 0.59856596938334405 2.1154877258231863 0.64133384369779367 3.9998682180885226 0.64964066294487566 1.934871925608604
leaf_count=63 31 75 21 63 63 35 30 35 70 16 36 165 11 28 42 92 53 18 14 17 19 65 73 88
internal_value=0 0.00113543 0.00256802 0.00532905 0.00038018 -0.00594942 -0.00303027 0.00634503 -0.000719866 0.00191712 0.0118969 0.0146688 -0.0149957 -0.00685189 -0.00760271 0.0092813 0.00415137 0 0.00703016 -0.00716188 0.0218031 0.00220139 0.0142684 -0.00278678
internal_weight=42.8652 39.5153 34.736 24.22 14.507 6.38761 10.516 8.1194 9.94658 7.46392 9.71295 7.74346 3.34987 2.70481 4.77933 4.60768 3.58287 2.31142 1.44783 2.85624 4.1606 6.94483 1.27144 4.19528
internal_count=1223 1153 948 702 261 98 246 163 225 155 441 378 70 59 205 108 194 68 50 47 184 128 126 163
is_linear=0
shrinkage=0.04


Tree=284
num_leaves=25
num_cat=0
split_feature=1 19 0 24 1 25 26 26 23 1 24 25 24 1 24 1 1 26 23 21 23 25 21 25
split_gain=0.464637 0.262784 0.326021 0.43393 0.31966 0.241444 0.543971 0.235704 0.213513 0.294291 0.488041 0.185697 0.149115 0.146641 0.134653 0.109438 0.225789 0.101139 0.141709 0.114118 0.0835996 0.175362 0.0624238 0.16093
threshold=26.500000000000004 1.0000000180025095e-35 3.5000000000000004 2.5000000000000004 7.5000000000000009 5.5000000000000009 3.5000000000000004 2.5000000000000004 0.60355339059327384 13.500000000000002 4.5000000000000009 3.5000000000000004 4.5000000000000009 18.500000000000004 3.5000000000000004 8.5000000000000018 10.500000000000002 2.5000000000000004 0.45220861134162554 1.4166666666666667 0.45220861134162554 1.5000000000000002 1.4166666666666667 5.5000000000000009
decision_type=2 2 2 2 2 2 2 2 2 2 2 2 2 2 2 2 2 2 2 2 2 2 2 2
left_child=1 2 3 17 -5 6 -3 -4 9 14 -11 -10 -2 -7 -9 -6 -17 18 -1 -19 -18 -22 -12 -24
right_child=12 5 7 4 15 13 -8 8 11 10 22 -13 -14 -15 -16 16 20 19 -20 -21 21 -23 23 -25
leaf_value=0.02062693520496181 0 0 -0.028888583756147994 -0.020959751971440843 0.02112646480953247 0.016564545619869545 -0.037129218008567749 0 0 -0.0055125708174138663 0 -0.024379765874464557 -0.021602380677831851 -0.0079314475261924328 -0.012701120268267987 0 0 -0.012610028108784093 0 0 0 0.017007949929340141 0.030682895913246886 0
leaf_weight=0.53763528168201613 1.3313391908013721 2.584194476541597 0.55545350094325741 0.38008560356684284 2.2378086249809703 0.88015632313908987 1.0815231828310059 0.69797357640345437 1.4426857120706702 1.5727310688525902 0.48912982456386123 1.041843354643788 2.0053786892676726 0.22348959860391915 2.1531189375091344 4.2893904295051462 2.0877398973098007 2.2813568232231778 4.3586450239236001 0.90803294593933959 1.4697700331453232 5.5731794500607066 1.5440701544284823 0.98152346815913905
leaf_count=12 38 102 21 10 45 45 50 26 38 25 14 32 32 8 21 82 79 36 76 35 29 298 50 19
internal_value=0 0.00108288 0.00247166 0.00515816 0.00905764 -0.00731544 -0.0130116 -0.00294974 -0.000691588 0.00180513 0.00889802 -0.0113866 -0.0144556 0.00435538 -0.0068015 0.0102972 0.00789532 -0.00158708 0.000641163 -0.00751615 0.0114536 0.0137501 0.0190694 0.0217627
internal_weight=42.7083 39.3715 34.6022 24.1236 16.038 4.76936 3.66572 10.4785 9.92308 7.43855 4.58745 2.48453 3.33672 1.10365 2.85109 15.6579 13.4201 8.08567 4.89628 3.18939 9.13069 7.04295 3.01472 2.52559
internal_count=1223 1153 948 702 543 205 152 246 225 155 108 70 70 53 47 533 488 159 88 71 406 327 83 69
is_linear=0
shrinkage=0.04


Tree=285
num_leaves=22
num_cat=0
split_feature=25 27 27 26 26 17 26 26 23 14 1 15 26 26 1 23 15 1 1 23 15
split_gain=0.226562 0.247609 0.241241 0.307584 0.174711 0.149469 0.0985592 0.179676 0.0629165 0.12229 0.341605 0.0305973 0.390328 0.111413 0.161609 0.055463 0.0177297 0.0246803 0.126927 0.0160815 4.57458e-05
threshold=6.5000000000000009 1.5000000000000002 3.5000000000000004 9.0000000000000018 7.0000000000000009 1.0000000180025095e-35 10.500000000000002 7.0000000000000009 0.45220861134162554 3.5000000000000004 19.500000000000004 1.0000000180025095e-35 1.5000000000000002 2.5000000000000004 8.5000000000000018 0.76180168105713697 1.0000000180025095e-35 16.500000000000004 13.500000000000002 1.0448623679425844 1.0000000180025095e-35
decision_type=2 2 2 2 2 2 2 2 2 2 2 2 2 2 2 2 2 2 2 2 2
left_child=1 11 6 4 19 8 7 16 -2 10 -10 13 15 -1 -15 -13 -3 18 -18 -4 -8
right_child=5 2 3 -5 -6 -7 20 -9 9 -11 -12 12 -14 14 -16 -17 17 -19 -20 -21 -22
leaf_value=0 0 -0.024321340923464285 0.0020788233511652311 -0.026871604045862221 0.020926650762892744 -0.017163061006401831 0 -0.024841920279496815 0 0 0.02953075284970148 0.014994264704336253 -0.030476420756459264 0 0.019338725535721288 0 -0.0065989541123083499 -0.012317270143548808 0 -0.0093721631747959461 0.00022994250246892588
leaf_weight=4.3692743715364468 1.1229057802702289 0.41473316049088182 1.0456802234984928 0.34728982890374016 1.2498640530975536 0.31726406124653284 0.35118742147460458 1.3458468639000774 0.74749075909494456 2.0173394461162388 1.2187697846675289 0.65561518166214205 0.61709870409686118 1.4405680731870236 1.2942819546442477 0.28615387214813381 16.065480015968213 2.8058814999531014 4.4636706566670901 0.24148510256782185 1.3843065031687729
leaf_count=60 32 37 44 6 45 16 16 54 58 17 45 37 17 24 72 5 394 77 120 9 37
internal_value=-0.00319326 -0.0043759 -0.00615436 0.00302802 0.0102742 0.0037001 -0.00743962 -0.00809069 0.00656295 0.00897128 0.016204 0.000801016 -0.0021646 0.00257787 0.00907983 0.0078922 -0.00680459 -0.00615043 -0.00491787 0 0
internal_weight=43.8022 38.3784 29.7154 2.88432 2.53703 5.42377 26.8311 25.0956 5.10651 3.9836 1.96626 8.66299 1.55887 7.10412 2.73485 0.941769 23.7498 23.335 20.5292 1.28717 1.73549
internal_count=1222 1054 839 104 98 168 735 682 152 120 103 215 59 156 96 42 628 591 514 53 53
is_linear=0
shrinkage=0.04


Tree=286
num_leaves=25
num_cat=0
split_feature=25 1 21 26 26 26 1 1 1 1 1 21 21 15 24 1 1 1 21 24 25 1 1 22
split_gain=0.207788 0.178941 0.150425 0.207073 0.298764 0.101516 0.177224 0.158487 0.159536 0.0671428 0.0618409 0.0966214 0.157674 0.0826646 0.0563687 0.0345819 0.0992029 0.0697185 0.0646168 0.0286809 0.0241181 0.0233671 0.0539563 0.0101057
threshold=6.5000000000000009 6.5000000000000009 2.1250000000000004 9.0000000000000018 7.0000000000000009 10.500000000000002 15.500000000000002 13.500000000000002 12.500000000000002 26.500000000000004 19.500000000000004 1.8750000000000002 1.5833333333333337 1.5000000000000002 3.5000000000000004 17.500000000000004 13.500000000000002 18.500000000000004 3.1250000000000004 4.5000000000000009 5.5000000000000009 8.5000000000000018 9.5000000000000018 2.5000000000000004
decision_type=2 2 2 2 2 2 2 2 2 2 2 2 2 2 2 2 2 2 2 2 2 2 2 2
left_child=1 23 5 4 14 6 7 8 21 -8 13 12 -12 -2 -4 16 -16 -17 -19 -9 -18 -3 -23 -1
right_child=10 2 3 -5 -6 -7 9 19 -10 -11 11 -13 -14 -15 15 17 20 18 -20 -21 -22 22 -24 -25
leaf_value=0.0018035070359956622 -0.014683270711804598 -0.010289575934752342 -0.017272569945453346 -0.028279112809743778 0.023104398410702016 0 -0.017662400290906023 -0.00070960472738402591 -0.022891127160040586 0 6.9460873905494427e-05 0 0.024760043197321249 0.0020552702947278668 0 0.017085252994751242 -0.023813234419287031 -0.016120965557366931 0.0054280658054934785 0.004638307154883929 0 0.00097834682013035116 -0.0044578760344546513 0
leaf_weight=6.0994308796944088 0.60652671183925022 2.9307725541875813 0.31061526131816108 0.39669252480962303 0.91721382795367379 1.7003459084662598 3.873122979886829 1.5945416626636864 1.2880703852861195 0.28345250408165146 2.1222685002721851 1.3760091467411255 0.93245777476113278 0.36099738042685203 2.8708197533851494 0.52885229885578144 0.37000554802943941 0.30840897327288963 0.7886211012955755 2.100389372673817 0.31704203132539988 1.1092987522715692 9.9631671771930979 0.60441782185807813
leaf_count=106 26 54 20 11 31 51 131 29 34 11 41 28 28 45 67 23 13 17 33 53 11 43 295 21
internal_value=-0.00308643 -0.00422105 -0.00552455 0 0.00148179 -0.00696942 -0.00769155 -0.00539129 -0.00725713 -0.0162739 0.00349322 0.00609857 0.0102252 -0.000169348 -0.000671787 0 -0.00187481 0.00513224 0 0.000165296 -0.0157869 -0.00524776 -0.00319073 0.000739909
internal_weight=43.7535 38.3553 31.6514 6.80827 6.41158 24.8432 23.1428 18.9862 15.2913 4.15658 5.39826 4.43074 3.05473 0.967524 5.49436 5.18375 3.55787 1.62588 1.09703 3.69493 0.687048 14.0032 11.0725 6.70385
internal_count=1222 1054 927 226 215 701 650 508 426 142 168 97 69 71 184 164 91 73 50 82 24 392 338 127
is_linear=0
shrinkage=0.04


Tree=287
num_leaves=25
num_cat=0
split_feature=25 27 27 26 23 21 26 26 27 27 15 1 21 21 15 15 26 26 1 21 26 22 21 21
split_gain=0.194747 0.213563 0.207165 0.271011 0.158209 0.143742 0.087641 0.15818 0.128323 0.0634244 0.0821503 0.0576013 0.0923614 0.144776 0.076813 0.0270381 0.368454 0.104955 0.15181 0.0845513 0.0125459 0.0398834 0.00932605 0.0433267
threshold=6.5000000000000009 1.5000000000000002 3.5000000000000004 9.0000000000000018 0.97140452079103179 3.7083333333333335 10.500000000000002 5.5000000000000009 2.5000000000000004 2.5000000000000004 2.5000000000000004 19.500000000000004 1.8750000000000002 1.5833333333333337 1.5000000000000002 1.0000000180025095e-35 1.5000000000000002 2.5000000000000004 8.5000000000000018 1.5833333333333337 3.5000000000000004 2.5000000000000004 1.5833333333333337 1.4166666666666667
decision_type=2 2 2 2 2 2 2 2 2 2 2 2 2 2 2 2 2 2 2 2 2 2 2 2
left_child=1 15 6 4 5 -4 7 9 -9 -3 20 14 13 -13 -2 17 19 -1 -19 -17 21 22 23 -11
right_child=11 2 3 -5 -6 -7 -8 8 -10 10 -12 12 -14 -15 -16 16 -18 18 -20 -21 -22 -23 -24 -25
leaf_value=0 -0.01420821062713193 -0.0086446254858491087 0.021345487688961585 -0.025555250414034676 0 0 0 -0.0092591609420949149 -0.03485318276443871 0.00014590849647583997 -0.022537884134302688 6.6684754795041573e-05 0 0.024065076065886468 0.0019754430744623993 0.02132871458587347 -0.030049345869098357 0 0.018786279422558658 0 0 -0.009383557627065801 0.0014035674372900281 -0.0058583210746725317
leaf_weight=4.3640374653041345 0.60183138062711705 8.014536700211476 1.5767188195604829 0.33570016876910802 0.55821200658101577 0.37194113677833218 1.7339168298640277 4.091943619947414 0.78767922625411291 0.46459967817645376 0.37581082343240346 2.1222121841856283 1.3760091467411255 0.92124203138519067 0.36057073739357293 0.41245899163186528 0.60177884111180902 1.4391267373430312 1.2808878096402621 0.52209112816490233 6.3328684325097129 1.1421985289780421 1.5786258047446606 2.3637781381839886
leaf_count=60 26 139 73 6 20 5 53 137 21 25 13 41 28 28 45 24 17 24 72 18 182 58 67 40
internal_value=-0.00296656 -0.00406762 -0.0057181 0.00271133 0.00968779 0.0158316 -0.00690688 -0.00752122 -0.0150301 -0.00531919 -0.00249229 0.00339263 0.00590509 0.0099595 0 0.000696267 -0.00201027 0.00241253 0.00876907 0.00748449 -0.001185 -0.00257373 0 -0.00204357
internal_weight=43.7308 38.3489 29.7285 2.84257 2.50687 1.94866 26.886 25.152 4.87962 20.2724 12.2579 5.38187 4.41946 3.04345 0.962402 8.62038 1.53633 7.08405 2.72001 0.93455 11.8821 5.5492 4.407 2.82838
internal_count=1222 1054 839 104 98 78 735 682 158 524 385 168 97 69 71 215 59 156 96 42 372 190 132 65
is_linear=0
shrinkage=0.04


Tree=288
num_leaves=18
num_cat=0
split_feature=16 0 17 21 10 3 21 21 21 23 21 21 23 24 21 23 21
split_gain=0.128464 0.120815 0.161096 0.252893 0.104207 0.0904429 0.050587 0.061821 0.0346838 0.0055328 0.00372336 0.0288887 0.0629494 0.0317084 0.0283064 0.0195066 0.0079294
threshold=1.0000000180025095e-35 2.5000000000000004 1.0000000180025095e-35 1.4166666666666667 2.5000000000000004 1.0000000180025095e-35 2.1250000000000004 1.1250000000000002 1.4166666666666667 0.48570226039551589 2.4166666666666674 2.8750000000000004 0.84759080068664439 6.5000000000000009 2.2916666666666674 1.2359820001581181 3.2916666666666674
decision_type=2 2 2 2 2 2 2 2 2 2 2 2 2 2 2 2 2
left_child=-1 2 8 -4 -3 -6 7 -7 -2 -9 14 12 -12 16 -8 -16 -13
right_child=1 4 3 -5 5 6 10 9 -10 -11 11 13 -14 -15 15 -17 -18
leaf_value=-0.024695985017697805 0.020011282435502261 -0.024398306910909336 -0.031939782553236852 0.007534060379455784 0.0031508744026408604 0.00012299827606212764 0 -0.0030918246561632001 0 -0.0066427042671027029 -0.013941601624139037 0 0 0.0074549255487382938 0.01472271101984376 0 -0.0073703503385326909
leaf_weight=0.50995292884181154 0.9499020810471841 0.45513833861332287 0.37452942132949818 0.41338696796447039 2.6765327805187544 1.7861336246132875 2.115651030093431 20.811302223941315 0.3934268195880577 8.6763185029267316 0.77015915000811297 0.25142433540895559 1.7228553064633159 0.9128661589929834 0.36771130096167315 0.2571694003418088 0.23355229757726192
leaf_count=145 22 36 2 22 49 79 29 389 15 267 24 16 34 45 31 12 5
internal_value=-0.00286852 -0.00242534 0.00565082 -0.00107614 -0.00303973 -0.00260305 -0.00322039 -0.00389334 0.0155518 -0.00440792 0 -0.000841254 -0.00443228 0 0.00108122 0.00880938 0
internal_weight=43.678 43.1681 2.13125 0.787916 41.0368 40.5817 37.9051 31.2738 1.34333 29.4876 6.63139 3.89086 2.49301 1.39784 2.74053 0.624881 0.484977
internal_count=1222 1077 61 24 1016 980 931 735 37 656 196 124 58 66 72 43 21
is_linear=0
shrinkage=0.04


Tree=289
num_leaves=25
num_cat=0
split_feature=25 1 17 21 1 1 1 21 23 14 23 24 10 21 25 1 1 1 1 21 21 21 1 21
split_gain=0.178929 0.155789 0.133929 0.119592 0.0687259 0.0830477 0.0795342 0.0588426 0.0949542 0.273098 0.0960155 0.0502866 0.0599783 0.054025 0.0223218 0.0143151 0.0594942 0.136683 0.149923 0.0878164 0.073489 0.0678104 0.0236582 0.10509
threshold=6.5000000000000009 6.5000000000000009 1.0000000180025095e-35 2.1250000000000004 17.500000000000004 18.500000000000004 13.500000000000002 1.4166666666666667 0.45220861134162554 3.5000000000000004 0.90441722268325109 5.5000000000000009 2.5000000000000004 1.7083333333333337 5.5000000000000009 20.500000000000004 15.500000000000002 13.500000000000002 12.500000000000002 1.7083333333333337 1.7083333333333337 1.4166666666666667 8.5000000000000018 1.2916666666666667
decision_type=2 2 2 2 2 2 2 2 2 2 2 2 2 2 2 2 2 2 2 2 2 2 2 2
left_child=1 -1 7 11 6 -6 -5 -2 -9 10 -10 12 -3 -13 -8 16 17 18 22 -18 -20 -19 -14 -24
right_child=2 3 -4 4 5 -7 14 8 9 -11 -12 13 15 -15 -16 -17 19 21 20 -21 -22 -23 23 -25
leaf_value=0.00078305832131042022 0 8.8584522962801255e-05 -0.016467863045793785 0 0.017590286813575894 0 -0.022478820116739087 0 0.031894008062322371 0 0 0 -0.0091656043053549626 -0.01890143472300292 0 0 -0.023769270951264 -0.01033859116510309 -0.041339398431135807 0 -0.003143288295369175 0.0043341806991676274 0.0074327750652055094 -0.0042666529619687981
leaf_weight=6.6696650659432626 0.63387326500378449 0.38807975560485886 0.30926185462158162 3.0409364836523305 0.60336432699114118 2.3376887543709017 0.43363672101986583 0.95343776763183985 1.0095094291027638 2.0199348824098706 0.43554322776617471 1.0181775289820498 2.9464848942589095 1.6508777387789451 0.31358550227014348 1.9427753257332359 0.91378885135054477 0.44867976603563819 0.41148530691862173 0.35715238927514292 0.8892237301915884 3.2534528321994003 0.99261349160224099 9.6960490787314466
leaf_count=127 37 45 16 82 33 77 21 13 49 17 36 56 41 52 13 47 23 8 6 26 25 71 53 248
internal_value=-0.00275284 -0.00381449 0.00334044 -0.00503656 0 0.00427762 -0.00384986 0.00613638 0.0080228 0.0112215 0.0245829 -0.00631679 -0.00506705 -0.0137328 -0.0156666 -0.00552472 -0.00588655 -0.0046862 -0.0064813 -0.0171947 -0.0213773 0.000394998 -0.00447359 -0.00243172
internal_weight=43.6693 38.3077 5.36156 31.6381 6.72921 2.94105 3.78816 5.0523 4.41843 3.46499 1.44505 24.9088 22.2398 2.66906 0.747222 21.8517 19.9089 18.638 14.9359 1.27094 1.30071 3.70213 13.6351 10.6887
internal_count=1222 1054 168 927 226 110 116 152 115 102 85 701 593 108 34 548 501 452 373 49 31 79 342 301
is_linear=0
shrinkage=0.04


Tree=290
num_leaves=25
num_cat=0
split_feature=21 0 18 24 1 24 1 21 1 21 15 24 15 24 25 18 1 17 25 25 1 21 1 21
split_gain=0.260653 0.149093 0.128068 0.101323 0.117417 0.0883665 0.306498 0.227405 0.185278 0.411354 0.181191 0.34663 0.123368 0.264504 0.121767 0.469615 0.270326 0.0828837 0.0786843 0.0656245 0.107544 0.0617601 0.0562471 0.0494062
threshold=1.1250000000000002 2.5000000000000004 1.5000000000000002 2.5000000000000004 8.5000000000000018 4.5000000000000009 12.500000000000002 1.7083333333333337 8.5000000000000018 1.5833333333333337 1.5000000000000002 6.5000000000000009 1.5000000000000002 2.5000000000000004 5.5000000000000009 1.0000000180025095e-35 18.500000000000004 1.0000000180025095e-35 3.5000000000000004 3.5000000000000004 15.500000000000002 1.5833333333333337 16.500000000000004 2.4166666666666674
decision_type=2 2 2 2 2 2 2 2 2 2 2 2 2 2 2 2 2 2 2 2 2 2 2 2
left_child=3 23 5 17 -5 6 8 -8 21 -10 11 19 13 -11 15 -12 -17 -1 -14 20 -7 -3 -21 -2
right_child=1 2 -4 4 -6 10 7 -9 9 12 14 -13 18 -15 -16 16 -18 -19 -20 22 -22 -23 -24 -25
leaf_value=0.028817532138056767 0.018689377413220996 -0.0076003813672810621 -0.025709755013909642 -0.015931431949434031 0.008180243445589758 0.013873352194400543 -0.027546658679857117 -0.005613806183755894 0.010557543438420049 0.011745322612746467 -0.027826431387249568 -0.031861182180537004 -0.004356842575011355 -0.016407660314009739 0.0089613383906574466 0.02338258671590129 -0.00021158694264653666 0 0.013017568510099787 0 0 0 -0.0094441793673206813 0
leaf_weight=0.67961756000295215 0.60124312818515946 5.7394914407050299 0.46721682678616971 0.38806225697044272 1.3355822450248522 0.97905869848909644 1.3807480826508243 5.5806388212949969 5.3051370804314484 0.32977552176453251 0.79521494486834776 0.67974341701483343 0.21402252762345586 2.6370955655002035 4.3200908009312116 1.0390998367220161 0.87470675166696321 0.64781647462223191 0.72019495820859447 2.249446454574354 2.4185093168198364 1.73331549228169 2.0294168737600558 0.33641034318134189
leaf_count=12 37 69 26 14 93 47 26 120 82 25 28 37 7 107 113 22 27 13 46 85 55 66 58 15
internal_value=-0.00136825 -0.00237883 -0.00291846 0.00940113 0 -0.00244061 -0.00397666 -0.0111132 -0.000518399 0.00272171 0 -0.00406096 -0.00588362 -0.0105819 0.00465173 0 0.0084187 0.0180352 0.000473899 -0.000557119 0.00219492 -0.00558065 -0.00461199 0.0118181
internal_weight=43.4817 40.4306 39.4929 3.05108 1.72364 39.0257 23.6404 6.96139 16.679 9.20623 15.3853 8.35617 3.90109 2.96687 7.02911 2.70902 1.91381 1.32743 0.934217 7.67643 3.39757 7.47281 4.27886 0.937653
internal_count=1230 1098 1046 132 107 1020 548 146 402 267 472 282 185 132 190 77 49 25 53 245 102 135 143 52
is_linear=0
shrinkage=0.04


Tree=291
num_leaves=25
num_cat=0
split_feature=21 20 18 26 15 25 26 15 25 1 25 23 21 23 1 23 26 21 26 25 17 26 23 15
split_gain=0.245337 0.139712 0.120447 0.0929137 0.127546 0.210343 0.145805 0.263588 0.292561 0.207102 0.310537 0.377923 0.213068 0.126278 0.270416 0.304385 0.147384 0.304919 0.117095 0.0882819 0.0714774 0.176462 0.0645784 0.0527378
threshold=1.1250000000000002 2.5000000000000004 1.5000000000000002 7.0000000000000009 1.0000000180025095e-35 2.5000000000000004 3.5000000000000004 1.5000000000000002 4.5000000000000009 19.500000000000004 5.5000000000000009 0.45220861134162554 1.8750000000000002 0.84759080068664439 14.500000000000002 0.76180168105713697 2.5000000000000004 2.2916666666666674 1.5000000000000002 4.5000000000000009 1.0000000180025095e-35 2.5000000000000004 0.8228263892582881 1.5000000000000002
decision_type=2 2 2 2 2 2 2 2 2 2 2 2 2 2 2 2 2 2 2 2 2 2 2 2
left_child=20 -2 3 4 5 -3 7 8 18 10 11 -8 -13 14 16 -16 17 -9 -6 -18 21 -1 -12 -5
right_child=1 2 -4 23 6 -7 9 13 -10 -11 22 12 -14 -15 15 -17 19 -19 -20 -21 -22 -23 -24 -25
leaf_value=0 0.011428701001288488 -0.0019710889078823827 -0.025253546139410422 -0.0042142029541782158 0.0058283781540270163 -0.031015104738179592 -0.012285480740603196 -0.02677249814907259 -0.027314875370933991 -0.0066065074216189621 0.023609235093334562 0.010246591162341114 -0.0010708002632807416 0.011447970481492717 -0.030915554588359519 0 0.01487208454290153 0.01356887608175575 -0.0067171610944403125 0 0 0.022138164767072067 0 -0.026732558918261602
leaf_weight=0.40052777150412966 0.93050829728599538 3.8480985414935267 0.45684278399858058 4.0632806691428405 0.897177055594513 0.61344887100858603 2.2512375345686424 0.64472907828167114 1.2868364392779765 2.7661498630186534 1.5603335702762713 5.9075936924491526 2.7831567956018262 1.6281340495625043 0.90779289929196216 0.57850031740963459 1.8110918458551168 0.29734250139154028 5.1485074217198417 1.0910683921538293 1.3036662020167566 1.3266014580149201 0.42879624036140729 0.4397344150347634
leaf_count=27 52 75 26 109 47 35 21 19 46 87 67 88 95 46 20 18 45 29 113 22 34 71 23 15
internal_value=-0.00132471 -0.00230961 -0.00283698 -0.0023687 -0.0013756 -0.00775765 -0.000159335 -0.00331974 -0.00879698 0.00220833 0.00471261 0.00126987 0.00570175 0.00130213 -0.000295987 -0.0160029 0.00369571 -0.00554778 -0.00353215 0.00945281 0.00914488 0.0145935 0.0196289 -0.00818978
internal_weight=43.3712 40.3404 39.4099 38.953 34.45 4.46155 29.9884 14.2912 7.33252 15.6973 12.9311 10.942 8.69075 6.95866 5.33053 1.48629 3.84423 0.942072 6.04568 2.90216 3.0308 1.72713 1.98913 4.50302
internal_count=1230 1098 1046 1020 896 110 786 405 206 381 294 204 183 199 153 38 115 48 160 67 132 98 90 124
is_linear=0
shrinkage=0.04


Tree=292
num_leaves=25
num_cat=0
split_feature=22 0 18 24 1 26 15 25 26 15 25 1 25 23 6 1 25 23 23 1 26 17 23 25
split_gain=0.228052 0.130989 0.112999 0.0975742 0.103812 0.0864803 0.120228 0.199557 0.131557 0.245364 0.277656 0.191415 0.292734 0.348132 0.125356 0.156055 0.280794 0.114379 0.277648 0.20998 0.109005 0.070876 0.0595133 0.0531083
threshold=1.5000000000000002 2.5000000000000004 1.5000000000000002 2.5000000000000004 8.5000000000000018 7.0000000000000009 1.0000000180025095e-35 2.5000000000000004 3.5000000000000004 1.5000000000000002 4.5000000000000009 19.500000000000004 5.5000000000000009 0.45220861134162554 1.0000000180025095e-35 14.500000000000002 6.5000000000000009 0.48570226039551589 0.8228263892582881 14.500000000000002 1.5000000000000002 1.0000000180025095e-35 0.8228263892582881 5.5000000000000009
decision_type=2 2 2 2 2 2 2 2 2 2 2 2 2 2 2 2 2 2 2 2 2 2 2 2
left_child=3 -2 5 21 -5 6 7 -3 9 10 20 12 13 -10 15 23 -17 -15 -19 -20 -8 -1 -14 -11
right_child=1 2 -4 4 -6 -7 8 -9 11 14 -12 -13 22 17 -16 16 -18 18 19 -21 -22 -23 -24 -25
leaf_value=0.027617201662328315 0.01101381864799305 -0.0018900985905154059 -0.024797080405239227 -0.015485336894742274 0.0074793313864373505 -0.0079438650527795928 0.0056071839733890906 -0.030563889920005499 -0.011829971587890007 0 -0.026686773824767918 -0.0063274952879974911 0.022970139055882483 0.0092445599354449223 0.0088085685889941374 -0.036546086262752998 0 -0.0086948422286620419 0.029430509405654566 0 -0.0064300561455403428 0 0 0.014335454990176856
leaf_weight=0.6597351927775883 0.92701032175682385 3.8523793246131381 0.44684651262650632 0.38353143673157308 1.325168290233705 4.4975822312553637 0.89530570700299161 0.59792126054526296 2.2445430232328336 2.8367272083414723 1.264889861224219 2.7724672445910974 1.5400163257581887 5.1565364886191656 2.6175729917013086 0.52894020173698642 0.50411024980712682 2.2195540061220531 0.70703924313420408 0.58304110891185701 5.162953267339617 0.64781647462223191 0.42879624036140729 0.42022913803521067
leaf_count=12 52 75 26 14 93 124 47 35 21 57 46 87 67 70 54 5 42 65 31 17 113 13 23 41
internal_value=-0.00129379 -0.00225016 -0.00276689 0.00880165 0 -0.00230735 -0.00133596 -0.0075402 -0.000144278 -0.00316583 -0.00845726 0.00209179 0.00452528 0.00116426 0.00128579 -0.00143948 -0.0157786 0.0054529 0 0.0146383 -0.00333065 0.0172657 0.0190879 0.000652352
internal_weight=43.2207 40.2045 39.2775 3.01625 1.7087 38.8306 34.333 4.4503 29.8827 14.2307 7.32315 15.652 12.8795 10.9107 6.90758 4.29001 1.03305 8.66617 3.50963 1.29008 6.05826 1.30755 1.96881 3.25696
internal_count=1230 1098 1046 132 107 1020 896 110 786 405 206 381 294 204 199 145 47 183 113 48 160 25 90 98
is_linear=0
shrinkage=0.04


Tree=293
num_leaves=25
num_cat=0
split_feature=22 0 18 24 1 24 26 26 26 23 15 1 18 18 1 1 1 25 15 1 1 23 1 26
split_gain=0.214652 0.122582 0.106159 0.0927708 0.0964437 0.079596 0.440427 0.145915 0.259275 0.2018 0.159335 0.472893 0.486787 0.128109 0.308771 0.125937 0.120833 0.0926583 0.0875976 0.0755529 0.16621 0.116841 0.266853 0.237528
threshold=1.5000000000000002 2.5000000000000004 1.5000000000000002 2.5000000000000004 8.5000000000000018 4.5000000000000009 9.0000000000000018 5.5000000000000009 3.5000000000000004 0.8228263892582881 2.5000000000000004 14.500000000000002 1.0000000180025095e-35 1.0000000180025095e-35 26.500000000000004 12.500000000000002 20.500000000000004 5.5000000000000009 1.0000000180025095e-35 8.5000000000000018 11.500000000000002 0.8228263892582881 13.500000000000002 3.5000000000000004
decision_type=2 2 2 2 2 2 2 2 2 2 2 2 2 2 2 2 2 2 2 2 2 2 2 2
left_child=3 -2 5 -1 -5 6 13 8 10 17 11 12 -7 19 15 -15 18 -10 -9 -3 -21 23 -23 -22
right_child=1 2 -4 4 -6 7 -8 16 9 -11 -12 -13 -14 14 -16 -17 -18 -19 -20 20 21 22 -24 -25
leaf_value=0.016848651089953301 0.010611834930043086 -0.0041764062573064042 -0.024340541115331668 -0.015042161622263418 0.0072014938993492988 -0.0080884029232251714 -0.036398947912307807 0 0 0 0.007885163389792043 -0.02348538279298417 0.024206674499284923 -0.0065761034759931085 0.00269439049957016 -0.040628666282732831 0 0.025928678373121176 -0.013774672362581069 0.0063832763431897277 0.0032842241799091575 0.025634672252060741 -0.0078845393590502872 -0.011438809801954808
leaf_weight=1.2970046159607584 0.92370984749868412 7.3419886521296673 0.43721545235894055 0.37912872596643854 1.3213222865597343 1.8696949337027018 0.67704276245785777 1.1443671625893324 0.76004174124682378 1.086362027126597 1.8037964894901959 1.623534765851218 1.1307072218041867 1.5448757728154303 0.87497730087488879 0.57226428596186441 1.8459655804617794 1.4418716025538743 2.5375503409886733 5.3933432935446017 1.8642845489812314 0.68985196109861113 0.34058684625779279 4.2033031790924724
leaf_count=25 52 129 26 14 93 42 16 44 31 46 20 68 43 60 22 18 56 63 59 104 79 29 24 67
internal_value=-0.00124927 -0.00218201 -0.00268778 0.00856238 0 -0.00223698 -0.00369709 0 0.00296603 0.0123093 -0.000569141 -0.00559729 0.00141575 -0.00237661 -0.010378 -0.0195592 -0.00517412 0.0193108 -0.00962821 -0.000766145 0.000597845 -0.00267107 0.00679202 -0.00559663
internal_weight=43.1048 40.1073 39.1836 2.99746 1.70045 38.7464 23.5025 15.2439 9.71601 3.28828 6.42773 4.62394 3.0004 22.8255 2.99212 2.11714 5.52788 2.20191 3.68192 19.8334 12.4914 7.09803 1.03044 6.06759
internal_count=1230 1098 1046 132 107 1020 548 472 313 140 173 153 85 532 100 78 159 94 103 432 303 199 53 146
is_linear=0
shrinkage=0.04


Tree=294
num_leaves=25
num_cat=0
split_feature=21 0 18 16 26 17 26 26 21 6 21 25 23 25 25 26 26 21 21 21 25 21 26 26
split_gain=0.199168 0.114306 0.100046 0.0765906 0.102377 0.0649696 0.151848 0.0558576 0.150595 0.0757873 0.110959 0.0559795 0.0523227 0.182686 0.0647163 0.483962 0.148316 0.115266 0.0546824 0.0550824 0.0519355 0.243297 0.0510158 0.0625443
threshold=1.1250000000000002 2.5000000000000004 1.5000000000000002 1.5000000000000002 7.0000000000000009 1.0000000180025095e-35 2.5000000000000004 3.5000000000000004 1.5833333333333337 1.0000000180025095e-35 1.7083333333333337 9.0000000000000018 0.8228263892582881 3.5000000000000004 5.5000000000000009 4.5000000000000009 4.5000000000000009 2.4166666666666674 1.7083333333333337 2.2916666666666674 4.5000000000000009 1.7083333333333337 2.5000000000000004 1.5000000000000002
decision_type=2 2 2 2 2 2 2 2 2 2 2 2 2 2 2 2 2 2 2 2 2 2 2 2
left_child=5 -2 3 4 7 6 -1 9 -9 20 -11 -12 14 -14 16 17 -10 -16 -18 -20 22 -22 23 -3
right_child=1 2 -4 -5 -6 -7 -8 8 12 10 11 -13 13 -15 15 -17 18 -19 19 -21 21 -23 -24 -25
leaf_value=0 0.010222547635746324 0 -0.023884124719691313 -0.0080287976388939714 -0.0070468110644011208 0 0.020651113734500223 0.0067623605690573874 -0.011208527019306086 0.011511167278940365 -0.011426534231021071 0 0.015318694209178061 -0.00460214246062432 0.032362894163452331 -0.010900219351764115 0.01542421003225089 0 -0.0096197864285134608 0.0010501596067231098 -0.018774837296994081 0 0.00095667585493304172 -0.0075458864093604083
leaf_weight=0.39270222809864153 0.92059529904508863 1.0509118703193978 0.42793735471786831 3.7833972031367002 4.4356694535090346 1.2960308070323661 1.2912235775729639 5.4838528482941902 3.3278105683857557 1.4009553132345893 0.71186574030434691 0.84863477922044694 1.2314011416165151 0.99497555120615278 0.73411259590648126 1.598175600374816 0.36774228629656169 0.25503501035564113 0.94136801140848525 0.92590607306919992 1.8281165244698052 1.7172004522872155 3.7717434458900243 3.2541861294303089
leaf_count=27 52 45 26 94 118 34 71 74 45 28 17 12 51 48 33 30 21 9 40 39 55 95 110 56
internal_value=-0.00119354 -0.00209823 -0.00259303 -0.00215046 -0.00128348 0.008269 0.0135179 -0.000180986 0.00115259 -0.00217988 0.00196885 -0.0014713 -0.00104112 0.00282272 -0.00307819 0 -0.00570054 0.0243077 0 -4.46694e-05 -0.00392536 -0.008483 -0.000934302 -0.00444927
internal_weight=42.9915 40.0116 39.091 38.6631 34.8797 2.97996 1.68393 30.444 15.8604 14.5836 2.96146 1.5605 10.3765 2.22638 8.15015 2.58732 5.56283 0.989148 2.23502 1.86727 11.6222 3.54532 8.07684 4.3051
internal_count=1230 1098 1046 1020 926 132 98 808 390 418 57 29 316 99 217 72 145 42 100 79 361 150 211 101
is_linear=0
shrinkage=0.04


Tree=295
num_leaves=25
num_cat=0
split_feature=1 16 15 25 24 27 15 24 21 17 1 1 25 1 24 1 14 14 1 1 21 25 25 21
split_gain=0.210972 0.212079 0.171705 0.89726 0.671725 0.476687 0.421604 0.416555 0.354293 0.197654 0.429108 0.314665 0.174559 0.161819 0.202321 0.252822 0.200196 0.298737 0.144971 0.140019 0.091765 0.0764657 0.0708385 0.311064
threshold=28.500000000000004 1.0000000180025095e-35 1.5000000000000002 3.5000000000000004 6.5000000000000009 2.5000000000000004 1.0000000180025095e-35 3.5000000000000004 1.5833333333333337 1.0000000180025095e-35 9.5000000000000018 9.5000000000000018 1.0000000180025095e-35 13.500000000000002 6.5000000000000009 20.500000000000004 3.5000000000000004 2.5000000000000004 10.500000000000002 18.500000000000004 3.1250000000000004 1.5000000000000002 2.5000000000000004 1.7083333333333337
decision_type=2 2 2 2 2 2 2 2 2 2 2 2 2 2 2 2 2 2 2 2 2 2 2 2
left_child=1 -1 4 -4 5 8 -7 -8 9 10 12 21 -3 -5 15 -15 17 -16 -10 -6 -18 -11 -9 -24
right_child=-2 2 3 13 19 6 7 22 18 11 -12 -13 -14 14 16 -17 20 -19 -20 -21 -22 -23 23 -25
leaf_value=-0.02274140559468044 -0.025298223546396017 0.013681182684864509 -0.03613542133071284 0.018085340653611975 0 -0.015587595581227708 -0.011334413920123805 0.0016281624137265117 0 0 0.019554727637975305 -0.014789624443535182 -0.0073485869335312469 0 0 -0.030663134155157326 -0.0019471220889037857 0.034695289114618125 -0.011685607022764097 -0.033542225109480406 0.013039780011455473 0.0075691322678151452 0 0.023630766039702895
leaf_weight=0.45388546319736534 0.39401592215290193 0.90473034890602333 1.0626323774922628 0.95140623429324378 0.25029636872932204 0.50731929630273676 0.52145336102694351 1.4296611043391729 2.7621559499530113 0.96144507266581047 3.7580832048552111 1.5694038679357616 2.0360888002905995 4.8788693635724467 0.20840499922633149 0.54164946870878328 2.2562255491502587 0.84505674813408405 3.1483712871558964 0.80612068995833397 0.81318109855055798 4.9313994748517871 1.5773135679773984 6.2701583468588069
leaf_count=131 14 14 29 58 34 19 20 33 95 33 62 37 22 92 7 11 19 60 97 33 31 67 77 158
internal_value=0.00210135 0.00253398 0.00298691 -0.000603619 0.00456155 0.00586773 0.0130059 0.0153028 0.00180402 0.00553743 0.0105844 0 0 0.00223181 0 -0.00439617 0.0072875 0.0226252 -0.0057874 -0.0254254 0 0.0052137 0.0176624 0.0195641
internal_weight=43.8393 43.4453 42.9914 11.5574 31.434 30.3776 10.3059 9.79859 20.0717 14.1612 6.6989 7.46225 2.94082 10.4948 9.54339 5.42052 4.12287 1.05346 5.91053 1.05642 3.06941 5.89284 9.27713 7.84747
internal_count=1253 1239 1108 307 801 734 307 288 427 235 98 137 36 278 220 103 117 67 192 67 50 100 268 235
is_linear=0
shrinkage=0.04


Tree=296
num_leaves=25
num_cat=0
split_feature=23 25 17 21 24 26 18 26 21 26 25 24 25 26 24 5 26 24 26 21 24 26 23 23
split_gain=0.18828 0.454103 0.352725 0.213429 0.174513 0.32552 0.124376 0.283136 0.281771 0.122021 0.186697 0.129526 0.20481 0.090356 0.414862 0.139099 0.218476 0.0849924 0.0541336 0.103481 0.0455645 0.0450201 0.139229 0.135738
threshold=0.45220861134162554 6.5000000000000009 1.5000000000000002 1.5833333333333337 2.5000000000000004 2.5000000000000004 1.0000000180025095e-35 7.0000000000000009 3.4166666666666674 5.5000000000000009 1.5000000000000002 6.5000000000000009 1.5000000000000002 4.5000000000000009 4.5000000000000009 1.0000000180025095e-35 2.5000000000000004 3.5000000000000004 7.0000000000000009 1.8750000000000002 4.5000000000000009 2.5000000000000004 0.8228263892582881 0.60355339059327384
decision_type=2 2 2 2 2 2 2 2 2 2 2 2 2 2 2 2 2 2 2 2 2 2 2 2
left_child=1 2 4 13 -1 -6 18 8 -8 10 -7 12 -11 15 -15 16 -2 -12 20 -20 21 23 -23 -5
right_child=3 -3 -4 6 5 9 7 -9 -10 11 17 -13 -14 14 -16 -17 -18 -19 19 -21 -22 22 -24 -25
leaf_value=0.011944557298694883 0.00079376147019902016 0.02955396154515158 0.019159893562503031 0.014765225734248238 -0.026614173147817631 -0.019265318358114375 -0.024609497276065734 0.00030420243471644806 0 0 0 0 -0.032211381542862252 -0.016453315609912745 0.012183123287437351 0 0.013782687213835264 0.013551896170125605 -0.015357770955414579 0 0.0039511881483378199 -0.0087746007735265349 0.0057001180275523334 -0.0040746654318044064
leaf_weight=1.2240096784516916 6.1724255969747919 1.3063103226886585 1.688874273735564 0.96454834152245694 0.88390954607166339 0.2840005382895473 2.0313659029925475 1.3220848093769744 0.3717509863199665 0.42607224179664605 0.84968028869479928 0.62904131785035122 0.64624004901270382 1.6906153986928978 1.4045412871055303 3.8765767528675488 4.8804195111151785 2.117821144987829 1.0687693890649814 0.47950598163879465 4.210081635217648 3.4973738051776309 0.84071576548740257 0.76045678640366532
leaf_count=30 83 39 22 57 40 11 101 31 24 36 30 15 10 41 31 55 84 86 27 44 179 93 48 36
internal_value=0.00198783 0.00684169 0.00253645 0.000295603 -0.000306704 -0.0042465 -0.0028667 -0.00936227 -0.0180093 0 0.00428316 -0.00892701 -0.0178803 0.00346701 -0.000873794 0.0049028 0.00725286 0.0092327 -0.000143066 -0.007475 0.000183206 -0.00111374 -0.00412529 0.00182212
internal_weight=43.6272 10.056 8.74965 33.5712 7.06077 5.83677 15.5467 3.7252 2.40312 4.95286 3.2515 1.70135 1.07231 18.0246 3.09516 14.9294 11.0528 2.9675 11.8215 1.54828 10.2732 6.06309 4.33809 1.72501
internal_count=1253 319 280 934 258 228 640 156 125 188 127 61 46 294 72 222 167 116 484 71 413 234 141 93
is_linear=0
shrinkage=0.04


Tree=297
num_leaves=25
num_cat=0
split_feature=1 16 15 25 24 21 25 26 21 24 26 19 26 17 25 1 24 26 26 14 14 26 24 26
split_gain=0.200775 0.198852 0.155855 0.844727 0.624867 0.283435 1.04914 0.470765 0.356406 0.327818 0.405072 0.3207 0.233074 0.214997 0.190043 0.152419 0.184388 0.447829 0.356569 0.184132 0.291572 0.139646 0.232755 0.125472
threshold=28.500000000000004 1.0000000180025095e-35 1.5000000000000002 3.5000000000000004 6.5000000000000009 1.8750000000000002 2.5000000000000004 3.5000000000000004 1.5833333333333337 4.5000000000000009 5.5000000000000009 1.0000000180025095e-35 2.5000000000000004 1.0000000180025095e-35 2.5000000000000004 13.500000000000002 6.5000000000000009 4.5000000000000009 2.5000000000000004 3.5000000000000004 2.5000000000000004 2.5000000000000004 2.5000000000000004 5.5000000000000009
decision_type=2 2 2 2 2 2 2 2 2 2 2 2 2 2 2 2 2 2 2 2 2 2 2 2
left_child=1 -1 4 -4 5 8 -7 -8 9 10 21 -9 -6 -11 -10 -5 17 18 -17 20 -18 22 -3 -21
right_child=-2 2 3 15 12 6 7 11 14 13 -12 -13 -14 -15 -16 16 19 -19 -20 23 -22 -23 -24 -25
leaf_value=-0.022366813867460877 -0.024990521993641063 0.0068528734753012912 -0.035734985630571904 0.01757457902169611 0 -0.0095370436977765243 -0.0018459689829681825 0.027745430216271488 0.0058249891252728113 0.024874677287143508 -0.014467964096283972 0 -0.033996201426178721 0 -0.0093186227528732762 -0.029588240739478921 0 -0.033810565185684621 0.00431704553591969 -0.0027536086852342581 0.03414211127543651 0.011213618707493447 -0.008547912594038037 0.015161810082402796
leaf_weight=0.44456976770743395 0.38946065120398898 4.6804986805655187 1.0262397173792113 0.93620704882778127 0.14850013435352483 2.1291084032272902 0.62636698037385929 5.1712158269947395 1.1582713202806179 2.1726961349486369 1.6385576545726497 0.35908925725379948 0.87822067190427333 0.37711747805587936 4.7367665232159197 0.56419926881789972 0.207246148958802 0.71324472362175573 4.1087564844638109 2.2656277641654019 0.82125598983839154 5.0356192941544577 2.1529656061902642 0.79857110511511553
leaf_count=131 14 68 29 58 29 59 32 125 61 89 36 21 38 8 131 10 7 13 80 15 60 75 29 35
internal_value=0.00193521 0.00236363 0.0028084 -0.000607757 0.00431441 0.00557457 0.0121922 0.021006 0.0027124 0.00603689 0.00284524 0.0250408 -0.0250073 0.0198072 -0.0049861 0.00208535 0 -0.00428339 0 0.00692375 0.0218451 0.00590939 0.00082996 0
internal_weight=43.5404 43.1509 42.7063 11.4413 31.265 30.2383 8.28578 6.15667 21.9525 16.0575 13.5076 5.53031 1.02672 2.54981 5.89504 10.4151 9.4789 5.3862 4.67296 4.0927 1.0285 11.8691 6.83346 3.0642
internal_count=1253 1239 1108 307 801 734 237 178 497 305 208 146 67 97 192 278 220 103 90 117 67 172 97 50
is_linear=0
shrinkage=0.04


end of trees

feature_importances:
Column_26=1046
Column_1=901
Column_21=804
Column_24=804
Column_25=793
Column_23=616
Column_15=447
Column_17=298
Column_16=250
Column_27=196
Column_18=191
Column_22=169
Column_0=148
Column_19=143
Column_14=111
Column_3=55
Column_4=52
Column_10=43
Column_5=24
Column_20=19
Column_2=14
Column_6=12
Column_13=5
Column_12=1

parameters:
[boosting: gbdt]
[objective: binary]
[metric: binary_logloss]
[tree_learner: serial]
[device_type: cpu]
[data_sample_strategy: bagging]
[data: ]
[valid: ]
[num_iterations: 300]
[learning_rate: 0.04]
[num_leaves: 25]
[num_threads: 0]
[seed: 0]
[deterministic: 0]
[force_col_wise: 0]
[force_row_wise: 0]
[histogram_pool_size: -1]
[max_depth: -1]
[min_data_in_leaf: 10]
[min_sum_hessian_in_leaf: 0.001]
[bagging_fraction: 0.8]
[pos_bagging_fraction: 1]
[neg_bagging_fraction: 1]
[bagging_freq: 5]
[bagging_seed: 3]
[bagging_by_query: 0]
[feature_fraction: 0.8]
[feature_fraction_bynode: 1]
[feature_fraction_seed: 2]
[extra_trees: 0]
[extra_seed: 6]
[early_stopping_round: 0]
[early_stopping_min_delta: 0]
[first_metric_only: 0]
[max_delta_step: 0]
[lambda_l1: 0.2]
[lambda_l2: 0]
[linear_lambda: 0]
[min_gain_to_split: 0]
[drop_rate: 0.1]
[max_drop: 50]
[skip_drop: 0.5]
[xgboost_dart_mode: 0]
[uniform_drop: 0]
[drop_seed: 4]
[top_rate: 0.2]
[other_rate: 0.1]
[min_data_per_group: 100]
[max_cat_threshold: 32]
[cat_l2: 10]
[cat_smooth: 10]
[max_cat_to_onehot: 4]
[top_k: 20]
[monotone_constraints: ]
[monotone_constraints_method: basic]
[monotone_penalty: 0]
[feature_contri: ]
[forcedsplits_filename: ]
[refit_decay_rate: 0.9]
[cegb_tradeoff: 1]
[cegb_penalty_split: 0]
[cegb_penalty_feature_lazy: ]
[cegb_penalty_feature_coupled: ]
[path_smooth: 0]
[interaction_constraints: ]
[verbosity: -1]
[saved_feature_importance_type: 0]
[use_quantized_grad: 0]
[num_grad_quant_bins: 4]
[quant_train_renew_leaf: 0]
[stochastic_rounding: 1]
[linear_tree: 0]
[max_bin: 255]
[max_bin_by_feature: ]
[min_data_in_bin: 3]
[bin_construct_sample_cnt: 200000]
[data_random_seed: 1]
[is_enable_sparse: 1]
[enable_bundle: 1]
[use_missing: 1]
[zero_as_missing: 0]
[feature_pre_filter: 1]
[pre_partition: 0]
[two_round: 0]
[header: 0]
[label_column: ]
[weight_column: ]
[group_column: ]
[ignore_column: ]
[categorical_feature: ]
[forcedbins_filename: ]
[precise_float_parser: 0]
[parser_config_file: ]
[objective_seed: 5]
[num_class: 1]
[is_unbalance: 0]
[scale_pos_weight: 1]
[sigmoid: 1]
[boost_from_average: 1]
[reg_sqrt: 0]
[alpha: 0.9]
[fair_c: 1]
[poisson_max_delta_step: 0.7]
[tweedie_variance_power: 1.5]
[lambdarank_truncation_level: 30]
[lambdarank_norm: 1]
[label_gain: ]
[lambdarank_position_bias_regularization: 0]
[eval_at: ]
[multi_error_top_k: 1]
[auc_mu_weights: ]
[num_machines: 1]
[local_listen_port: 12400]
[time_out: 120]
[machine_list_filename: ]
[machines: ]
[gpu_platform_id: -1]
[gpu_device_id: -1]
[gpu_use_dp: 0]
[num_gpu: 1]

end of parameters

pandas_categorical:null
