tree
version=v4
num_class=1
num_tree_per_iteration=1
label_index=0
max_feature_idx=18
objective=binary sigmoid:1
feature_names=Column_0 Column_1 Column_2 Column_3 Column_4 Column_5 Column_6 Column_7 Column_8 Column_9 Column_10 Column_11 Column_12 Column_13 Column_14 Column_15 Column_16 Column_17 Column_18
feature_infos=[1:3] [0:8] [1:9] [0:16] [0:8] [0:16] [1:9] [0:2] [0:2] [0:2] [0:3] [0:3] [1:3] [1:4] [1:4] [0:4] [0:4] [0:3] [1:4]
tree_sizes=1570 890 1813 1507 1729 1620 1399 1606 1086 1819 1603 1393 1627 1823 1402 1419 1699 1832 1309 1701 1805 1819 1935 1825 1506 1505 1893 1306 1513 1922 1616 1509 1306 1715 1922 1098 1941 1840 1203 1844 1518 1217 1628 1723 1408 1629 1609 1410 2047 1729 1622 1945 1305 1624 1107 1610 1518 1616 1211 1619 1721 1420 1732 1830 2047 1526 1719 1499 1820 1517 2040 1320 1723 1720 1104 1512 1691 1922 1302 1412 1845 1719 1417 1517 1318 1729 1830 2197 1725 1929 1937 2050 1200 1939 1196 1524 1839 1735 1952 1521 2045 1709 1933 2046 2171 1705 1528 1621 1732 1627 2009 1202 2062 1222 1809 1501 1616 1608 2207 2194 1793 1736 1843 1480 1211 1928 1216 1531 1750 1832 2153 1732 1916 2095 2149 1953 2172 2066 2473 1643 1418 1504 2316 2061 1611 1739 1678 1748 1524 1737 1721 1716 2260 1517 1855 1494 1790 1602 2302 1807 1846 1615 1197 1412 1403 2050 2115 1733 1617 1406 1216 1701 1905 1407 1816 1434 1170 1661 798 1365 1438 1211 1503 1846 1745 1727 1210 1931 1609 1311 1639 1644 1624 2136 1691 1517 996 1927 1092 1638 1642 1531 1421 1534 1398 1616 1725 1834 2523 2515 1462 1625 1998 1415 1179 1440 1916 2136 1406 1820 2141 1209 1237 1429 1113 1837 1001 1299 1726 2437 1576 1573 1574 2357 1089 975 881 794 1297 1824 1403 1729 1391 1463 1295 1427 1430 1417 1543 1429 2070 1952 1423 1624 1519 1634 1404 994 1196 1317 1834 1719 1694 1195 1614 1858 1216 1627 2043 1119 1730 1508 1102 1735 1736 1287 1289 1297 1302 1280 1632 1425 1212 578 1532 1506 1188 1706 1510

Tree=0
num_leaves=14
num_cat=0
split_feature=6 8 7 10 14 11 18 18 18 18 18 14 14
split_gain=221.967 156.117 30.6807 25.1664 14.3405 30.842 6.81423 4.24626 2.81161 0.812301 0.296562 0.463934 0.230416
threshold=2.5000000000000004 1.0000000180025095e-35 1.0000000180025095e-35 1.0000000180025095e-35 1.5000000000000002 1.0000000180025095e-35 2.5000000000000004 2.5000000000000004 3.5000000000000004 1.5000000000000002 1.5000000000000002 1.5000000000000002 2.5000000000000004
decision_type=2 2 2 2 2 2 2 2 2 2 2 2 2
left_child=1 2 3 4 8 -6 -5 12 9 -1 -3 -12 -7
right_child=-2 10 -4 6 5 7 -8 -9 -10 -11 11 -13 -14
leaf_value=0.48730495933489043 0.39237635296060025 0.50416826703991036 0.39355448130251725 0.4417010451533967 0.39360904560705784 0.47257320292882604 0.393951754167293 0.4505435394050768 0.45861312792511411 0.47718472766010267 0.50758077289503556 0.51460692840208011 0.48139116965224321
leaf_weight=11.597633287310599 28.875740021467209 12.781065255403517 6.8639054149389258 6.1538462340831739 6.6272190213203457 5.9171598404645938 5.4437870532274246 8.284023776650427 5.9171598404645911 23.905325755476952 27.455621659755707 45.207101181149483 7.3372782021760941
leaf_count=49 122 54 29 26 28 25 23 35 25 101 116 191 31
internal_value=0.469255 0.48207 0.454068 0.459309 0.466205 0.449699 0.418573 0.467369 0.477379 0.480614 0.510946 0.512049 0.477728
internal_weight=202.367 173.491 88.0473 81.1834 69.5858 28.1657 11.5976 21.5385 41.4201 35.503 85.4438 72.6627 13.2544
internal_count=855 733 372 343 294 119 49 91 175 150 361 307 56
is_linear=0
shrinkage=1


Tree=1
num_leaves=7
num_cat=0
split_feature=6 8 9 7 10 3
split_gain=205.917 148.3 40.5495 36.0868 32.1141 0.224541
threshold=2.5000000000000004 1.0000000180025095e-35 1.0000000180025095e-35 1.0000000180025095e-35 1.0000000180025095e-35 1.0000000180025095e-35
decision_type=2 2 2 2 2 2
left_child=1 2 3 4 -1 -3
right_child=-2 5 -4 -5 -6 -7
leaf_value=0.0066599832807486513 -0.074060360628104324 0.039049868930681367 -0.074205272866846 -0.07299091275847179 -0.048306902191322755 0.04725505080243441
leaf_weight=60.772528886795044 29.35554027557373 74.528843432664871 9.3448977470397931 6.9763617217540732 11.244452044367788 10.081032037734984
leaf_count=257 122 318 39 29 47 43
internal_value=-0.000721888 0.0117446 -0.0154116 -0.00833339 -0.00193582 0.0401175
internal_weight=202.304 172.948 88.3382 78.9933 72.017 84.6099
internal_count=855 733 372 333 304 361
is_linear=0
shrinkage=0.03


Tree=2
num_leaves=16
num_cat=0
split_feature=6 8 2 13 11 13 18 2 1 13 13 13 18 18 2
split_gain=191.641 140.945 55.99 26.1738 20.1173 17.1904 7.39401 5.89922 5.28567 2.71685 2.42782 3.54969 2.15052 1.28759 0.197947
threshold=2.5000000000000004 1.0000000180025095e-35 2.5000000000000004 1.8333333333333337 1.0000000180025095e-35 1.8333333333333337 1.5000000000000002 3.5000000000000004 1.0000000180025095e-35 2.8333333333333335 1.8333333333333337 2.8333333333333335 2.5000000000000004 1.5000000000000002 1.5000000000000002
decision_type=2 2 2 2 2 2 2 2 2 2 2 2 2 2 2
left_child=1 2 4 12 5 14 -7 8 9 13 -6 -12 -4 -3 -1
right_child=-2 7 3 -5 10 6 -8 -9 -10 -11 11 -13 -14 -15 -16
leaf_value=0.0017609878744033259 -0.070905033668930945 0.020882072563924284 -0.0089818427815770655 -0.073003184972761259 0.042394020678429879 -0.016520690684688023 -0.070141472625612059 0.045470129083957776 0.046422139527035236 0.036206602384008545 0.0012880522259646743 0.030306414211474519 -0.029657495751007703 0.0024314209760972084 0.0085643295770636528
leaf_weight=14.693727850914007 29.740258544683456 6.9728296995162982 8.7576145678758639 15.679668366909025 6.1317470520734814 4.8335020244121534 4.8563573807477951 53.353156685829163 9.9577043652534503 6.0275615453720084 6.3881058990955379 10.159827411174772 10.94521379470825 7.4248149991035461 6.1243045032024375
leaf_count=62 122 30 37 65 26 20 20 230 43 26 27 43 46 32 26
internal_value=-0.000697307 0.0114373 -0.0149138 -0.044109 0.00449808 -0.0113302 -0.0441427 0.03933 0.0283355 0.0191886 0.0258776 0.0193595 -0.0207107 0.0116565 0.0039372
internal_weight=202.046 172.306 88.5701 35.3825 53.1876 30.5079 9.68986 83.7361 30.3829 20.4252 22.6797 16.5479 19.7028 14.3976 20.818
internal_count=855 733 372 148 224 128 40 361 131 88 96 70 83 62 88
is_linear=0
shrinkage=0.03


Tree=3
num_leaves=13
num_cat=0
split_feature=6 8 2 13 10 2 1 2 13 13 13 13
split_gain=178.885 134.036 52.1965 24.0775 7.93139 5.72164 5.10701 4.8435 2.61608 1.46503 0.586045 0.214429
threshold=2.5000000000000004 1.0000000180025095e-35 2.5000000000000004 1.8333333333333337 1.0000000180025095e-35 3.5000000000000004 1.0000000180025095e-35 1.5000000000000002 1.8333333333333337 1.8333333333333337 2.8333333333333335 2.8333333333333335
decision_type=2 2 2 2 2 2 2 2 2 2 2 2
left_child=1 2 4 -4 7 6 8 9 -3 -1 -10 -11
right_child=-2 5 3 -5 -6 -7 -8 -9 10 11 -12 -13
leaf_value=0.019016032745000393 -0.068094595286814538 0.0058762721299186419 -0.020010632054279175 -0.069962965828598039 -0.026212550666146885 0.044679340150109818 0.045640240446083793 -0.012501012877642414 0.019243791582667726 0.0018377544623211686 0.035493043651743696 0.0092676260848229136
leaf_weight=19.548811346292496 30.037977397441864 8.8001145124435443 19.789416775107384 15.871436789631842 6.5352862924337378 52.680473923683167 9.8281180709600466 7.7848581671714774 5.5534829497337324 6.4102640002965954 5.9672048687934875 12.815872520208357
leaf_count=83 122 38 83 65 27 230 43 33 24 27 26 54
internal_value=-0.000669613 0.0111492 -0.0144346 -0.0424601 0.00437653 0.0385841 0.027722 0.00878138 0.0187278 0.0131526 0.0281513 0.00696796
internal_weight=201.623 171.585 88.7559 35.6609 53.0951 82.8294 30.1489 46.5598 20.3208 38.7749 11.5207 19.2261
internal_count=855 733 372 148 224 361 131 197 88 164 50 81
is_linear=0
shrinkage=0.03


Tree=4
num_leaves=15
num_cat=0
split_feature=6 8 7 10 13 11 18 18 18 18 13 18 18 18
split_gain=167.393 127.55 24.0476 19.8498 11.8812 23.7302 5.83107 3.49816 2.42712 0.670637 0.576765 0.882608 0.395507 0.273422
threshold=2.5000000000000004 1.0000000180025095e-35 1.0000000180025095e-35 1.0000000180025095e-35 1.8333333333333337 1.0000000180025095e-35 2.5000000000000004 2.5000000000000004 3.5000000000000004 1.5000000000000002 1.8333333333333337 2.5000000000000004 1.5000000000000002 1.5000000000000002
decision_type=2 2 2 2 2 2 2 2 2 2 2 2 2 2
left_child=1 2 3 4 8 -6 -5 13 9 -1 12 -12 -3 -7
right_child=-2 10 -4 6 5 7 -8 -9 -10 -11 11 -13 -14 -15
leaf_value=0.016314784130821436 -0.065576090265813083 0.041807873457494871 -0.066419814634468763 -0.0236916872470973 -0.065943749433978543 0.0017187216054072678 -0.06708920176506214 -0.017395695300277368 -0.010195015358128896 0.0070226776053551321 0.034196153467190502 0.044547549985097329 0.031412046920007368 0.011138339481062017
leaf_weight=11.48844915628433 30.256130397319794 8.0020377337932569 7.1499613225460044 6.3173618912696821 6.913185819983485 5.8737516850233096 5.6530127078294754 8.3810461312532407 5.9644121974706641 23.863724321126938 18.362258747220039 28.502973929047585 27.020676702260971 7.3135651797056198
leaf_count=49 122 35 29 26 28 25 23 35 25 101 81 126 119 31
internal_value=-0.000644487 0.0108714 -0.0139767 -0.00927884 -0.00308508 -0.0179895 -0.0448207 -0.00224713 0.00713545 0.0101645 0.0378736 0.0406371 0.033985 0.00721305
internal_weight=201.063 170.806 88.9185 81.7685 69.7981 28.4815 11.9704 21.5684 41.3166 35.3522 81.8879 46.8652 35.0227 13.1873
internal_count=855 733 372 343 294 119 49 91 175 150 361 207 154 56
is_linear=0
shrinkage=0.03


Tree=5
num_leaves=14
num_cat=0
split_feature=3 8 0 9 7 18 18 13 18 13 11 13 18
split_gain=117.74 112.758 51.2177 36.5793 28.0032 4.79862 2.9055 1.87981 1.67322 0.658748 0.543468 1.49679 0.203988
threshold=3.5000000000000004 1.0000000180025095e-35 1.5000000000000002 1.0000000180025095e-35 1.0000000180025095e-35 2.5000000000000004 1.5000000000000002 1.8333333333333337 1.5000000000000002 1.5833333333333337 1.0000000180025095e-35 2.8333333333333335 3.5000000000000004
decision_type=2 2 2 2 2 2 2 2 2 2 2 2 2
left_child=1 3 6 4 5 8 -3 -7 9 -1 -10 -12 -8
right_child=-2 2 -4 -5 -6 7 12 -9 10 -11 11 -13 -14
leaf_value=0.012741612723138961 -0.063224142079457202 0.023691399748511144 -0.06265447974275358 -0.065789978662900733 -0.064440613623912874 -0.0062334681658645988 0.038466982167130209 -0.023771350036073492 -0.0060167202172462467 0.001791869380919249 -0.0070728904382462449 0.015294374884602138 0.044880064519860034
leaf_weight=13.789128661155702 23.92254638671875 12.432802796363829 4.7147012501955023 11.35614827275276 7.1892518848180762 13.847036421298982 47.973702013492584 9.9097489565610868 15.674475848674774 8.8242969214916211 5.8845760226249695 4.6921551823616028 20.329464256763458
leaf_count=59 96 55 19 46 29 58 214 41 66 37 25 20 91
internal_value=-0.000895703 0.0075606 0.0323128 -0.0156168 -0.00836675 -0.00269341 0.0379663 -0.0137438 0.00263487 0.00862754 -0.00242668 0.00261923 0.0404824
internal_weight=200.54 176.617 85.4507 91.1668 79.8107 72.6214 80.736 23.7568 48.8646 22.6134 26.2512 10.5767 68.3032
internal_count=856 760 379 381 335 306 360 99 207 96 111 45 305
is_linear=0
shrinkage=0.03


Tree=6
num_leaves=12
num_cat=0
split_feature=6 8 2 4 11 13 2 13 5 13 13
split_gain=155.122 121.787 40.0552 29.6071 19.168 16.0986 6.62813 6.43019 5.10026 1.95672 3.66891
threshold=2.5000000000000004 1.0000000180025095e-35 2.5000000000000004 0.83333333333333337 1.0000000180025095e-35 1.8333333333333337 3.5000000000000004 1.8333333333333337 0.36666666666666675 1.8333333333333337 2.8333333333333335
decision_type=2 2 2 2 2 2 2 2 2 2 2
left_child=1 2 3 4 7 -4 8 -1 -3 -6 -11
right_child=-2 6 5 -5 9 -7 -8 -9 -10 10 -12
leaf_value=0.0015620084054671671 -0.061334056527028086 0.01707285341489365 -0.021734069133938824 -0.067389129297430905 0.045892614317760323 -0.064480193829374102 0.044477374211645292 -0.03066830143839577 0.043866560488724553 0.0037811568865469387 0.035184848644697085
leaf_weight=21.173724323511127 31.976446717977524 20.208583563566211 19.923978969454765 4.8898583501577368 6.0157724171876934 13.622093215584753 49.353588104248047 7.3839104026556006 9.9111434668302518 5.4317039102315894 9.8417087793350202
leaf_count=90 128 90 83 20 26 55 224 30 45 23 42
internal_value=-0.000871267 0.0106655 -0.0135567 0.00222171 0.00923169 -0.0393213 0.0375936 -0.00674477 0.0261048 0.0307343 0.0243091
internal_weight=199.733 167.756 88.2828 54.7367 49.8468 33.5461 79.4733 28.5576 30.1197 21.2892 15.2734
internal_count=856 728 369 231 211 138 359 120 135 91 65
is_linear=0
shrinkage=0.03


Tree=7
num_leaves=14
num_cat=0
split_feature=3 9 7 11 2 2 2 5 13 13 13 13 13
split_gain=104.083 78.6005 51.5239 13.937 86.5666 8.3874 5.15621 2.37872 1.28253 0.644394 2.77197 0.444993 1.64227
threshold=3.5000000000000004 1.0000000180025095e-35 1.0000000180025095e-35 1.0000000180025095e-35 1.5000000000000002 3.5000000000000004 4.5000000000000009 2.7083333333333335 1.8333333333333337 1.8333333333333337 2.8333333333333335 2.8333333333333335 1.8333333333333337
decision_type=2 2 2 2 2 2 2 2 2 2 2 2 2
left_child=1 2 3 5 9 7 8 11 -7 -5 -11 12 -1
right_child=-2 -3 -4 4 -6 6 -8 -9 -10 10 -12 -13 -14
leaf_value=0.011853240892218104 -0.05930509805500131 -0.061527575708210956 -0.060679529838373894 0.045119932705161528 -0.070889919744660343 0.026215785374748845 -0.0013625541086483813 0.02751946219854428 0.035851749403610009 0.011163808590859905 0.040202155076747473 0.016096086105806755 -0.0026860878426813698
leaf_weight=28.899522751569748 23.999297618865967 13.684703648090361 7.9810855090618125 5.9381142556667355 10.430889666080477 31.330203667283058 4.5558699667453757 8.6029408425092679 30.367463484406471 4.9471641927957526 9.2882485389709455 9.9508157372474653 8.7598547488450986
leaf_count=125 96 55 32 26 43 139 19 39 139 21 40 44 38
internal_value=-0.000844282 0.00719721 0.01309 0.016993 -0.00102009 0.0215161 0.0287842 0.0128606 0.0310575 0.0351302 0.0304681 0.0100968 0.00839368
internal_weight=198.736 174.737 161.052 153.071 30.6044 122.467 66.2535 56.2131 61.6977 20.1735 14.2354 47.6102 37.6594
internal_count=856 760 705 673 130 543 297 246 278 87 61 207 163
is_linear=0
shrinkage=0.03


Tree=8
num_leaves=9
num_cat=0
split_feature=6 9 7 11 2 2 15 2
split_gain=138.32 54.7737 42.8869 14.1734 80.2725 7.93381 4.12458 0.530298
threshold=2.5000000000000004 1.0000000180025095e-35 1.0000000180025095e-35 1.0000000180025095e-35 1.5000000000000002 3.5000000000000004 1.9000000000000001 1.5000000000000002
decision_type=2 2 2 2 2 2 2 2
left_child=1 2 3 5 -5 6 7 -1
right_child=-2 -3 -4 4 -6 -7 -8 -9
leaf_value=0.012721815613396293 -0.057877644750210948 -0.060484633858417243 -0.059002448227868612 0.034438818545850729 -0.068287785177922944 0.029559132533340384 0.037752291303578503 0.0049045849091859566
leaf_weight=37.297424972057343 31.960983023047447 9.2041879743337613 6.7387918829917899 19.977147743105888 10.287770196795465 64.628851115703583 5.83041226863861 11.874696046113966
leaf_count=164 128 37 27 87 42 293 27 51
internal_value=-0.000819075 0.0101876 0.0143955 0.0177523 -0.000491507 0.0223894 0.013872 0.0109087
internal_weight=197.8 165.839 156.635 149.896 30.2649 119.631 55.0025 49.1721
internal_count=856 728 691 664 129 535 242 215
is_linear=0
shrinkage=0.03


Tree=9
num_leaves=16
num_cat=0
split_feature=6 8 2 1 13 2 5 18 18 13 13 18 18 18 18
split_gain=130.594 110.484 34.3734 25.4151 12.7382 6.22934 4.81467 1.23025 0.607632 0.514111 2.47052 0.728403 0.153101 0.348509 0.0369355
threshold=2.5000000000000004 1.0000000180025095e-35 2.5000000000000004 1.0000000180025095e-35 1.8333333333333337 3.5000000000000004 0.36666666666666675 2.5000000000000004 2.5000000000000004 2.8333333333333335 1.8333333333333337 2.5000000000000004 1.5000000000000002 2.5000000000000004 1.5000000000000002
decision_type=2 2 2 2 2 2 2 2 2 2 2 2 2 2 2
left_child=1 2 3 9 8 6 7 -3 -4 10 12 14 -1 -14 -11
right_child=-2 5 4 -5 -6 -7 -8 -9 -10 11 -12 -13 13 -15 -16
leaf_value=0.013269611144396112 -0.056299357812165746 0.010185735382557714 -0.014926124363668589 -0.062314622196070424 -0.059125406216879429 0.043006564729835932 0.042562114875577345 0.026526552471275815 -0.026850421341669387 0.0045622459195271258 -0.0080510831157673598 0.023262580852888147 0.0032023228892845966 0.013740903616254713 0.010490403062211145
leaf_weight=13.367247700691225 31.875251978635788 12.948163792490964 10.052260354161264 4.9489797949790946 13.693899810314177 47.470102161169052 9.5792168378829938 7.0148231685161582 9.9104330390691739 4.7305861413478834 8.1052203029394132 4.6964488625526419 8.147676616907118 5.3519571870565406 4.8309021294116974
leaf_count=58 128 58 42 20 55 224 45 32 41 20 34 20 35 23 21
internal_value=-0.000797437 0.00994394 -0.0130232 0.00172606 -0.0367895 0.0361607 0.0249511 0.0161809 -0.0210998 0.008338 0.00618642 0.0133267 0.0106068 0.00767128 0.00794551
internal_weight=196.723 164.848 87.8356 54.179 33.6566 77.0123 29.5422 19.963 19.9627 49.23 34.9721 14.2579 26.8669 13.4996 9.56149
internal_count=856 728 369 231 138 359 135 90 83 211 150 61 116 58 41
is_linear=0
shrinkage=0.03


Tree=10
num_leaves=14
num_cat=0
split_feature=6 10 7 11 2 2 2 2 13 13 3 13 13
split_gain=110.28 47.1746 40.4359 17.5312 68.4367 3.87348 3.05763 2.92912 0.844982 2.24849 0.814472 0.300327 0.0178823
threshold=2.5000000000000004 1.0000000180025095e-35 1.0000000180025095e-35 1.0000000180025095e-35 1.5000000000000002 3.5000000000000004 3.5000000000000004 1.5000000000000002 1.8333333333333337 2.8333333333333335 2.5000000000000004 1.8333333333333337 1.8333333333333337
decision_type=2 2 2 2 2 2 2 2 2 2 2 2 2
left_child=1 2 3 5 8 7 -3 10 -5 -10 11 -1 -7
right_child=-2 6 -4 4 -6 12 -8 -9 9 -11 -12 -13 -14
leaf_value=0.014809725404477246 -0.054778489564162293 -0.031975168411543332 -0.057556620717199788 0.043400223192937369 -0.063629053129199392 0.025527865914505472 -0.064761583279514243 0.0011820645159341236 0.0085023173781833394 0.03528073281800221 0.030209503804122236 0.021709261744769757 0.029519722508429134
leaf_weight=21.738722145557404 28.019927844405174 6.6241888999938947 6.6688364744186392 4.8767207115888622 10.662467479705812 32.412254020571709 5.410820335149765 9.7884561419486982 4.6752845495939246 9.0577384829521161 6.586209997534751 13.929503306746481 31.992324337363243
leaf_count=95 113 27 27 22 43 146 22 43 20 40 31 63 151
internal_value=0.000109167 0.00950859 0.0140488 0.0173836 -0.00327255 0.0226002 -0.047375 0.0163142 0.0313037 0.0265085 0.0197378 0.0176412 0.0276
internal_weight=192.443 164.424 152.389 145.72 29.2722 116.447 12.035 52.0429 18.6097 13.733 42.2544 35.6682 64.4046
internal_count=843 730 681 654 125 529 49 232 82 60 189 158 297
is_linear=0
shrinkage=0.03


Tree=11
num_leaves=12
num_cat=0
split_feature=6 8 2 6 13 11 2 2 1 13 13
split_gain=104.403 98.7637 33.6301 25.12 14.9236 9.96102 6.20998 4.32758 3.1445 1.64698 3.30678
threshold=2.5000000000000004 1.0000000180025095e-35 2.5000000000000004 1.5000000000000002 1.8333333333333337 1.0000000180025095e-35 1.5000000000000002 3.5000000000000004 1.0000000180025095e-35 1.8333333333333337 2.8333333333333335
decision_type=2 2 2 2 2 2 2 2 2 2 2
left_child=1 2 3 5 -4 6 -1 8 -3 -7 -11
right_child=-2 7 4 -5 -6 9 -8 -9 -10 10 -12
leaf_value=-0.010959462858365311 -0.053445011025845847 0.01893840022425055 -0.017265360987111792 -0.059876298822382636 -0.056159213766134322 0.042758001267208932 0.020832231141186156 0.040198015807704178 0.041628058545324739 0.0012267843528825343 0.031824666001054186
leaf_weight=18.486272260546688 27.862282052636147 22.560968130826954 20.960955321788788 4.967885583639144 15.89631938934326 4.8040701299905804 7.7545915991067877 45.76664075255394 7.892819106578826 5.1602392792701712 9.2005112618207914
leaf_count=78 113 103 87 20 64 22 33 222 38 22 41
internal_value=0.000108873 0.00928323 -0.0124853 0.00340008 -0.0342278 0.0105055 -0.0014072 0.0342194 0.0250341 0.026895 0.0211219
internal_weight=191.314 163.451 87.2308 50.3736 36.8573 45.4057 26.2409 76.2204 30.4538 19.1648 14.3608
internal_count=843 730 367 216 151 196 111 363 141 85 63
is_linear=0
shrinkage=0.03


Tree=12
num_leaves=14
num_cat=0
split_feature=6 8 9 10 7 18 13 11 18 13 18 18 18
split_gain=98.9801 94.2248 26.3482 21.5012 22.1487 8.12916 2.2105 1.2518 0.888484 0.550456 0.496298 0.099848 0.0719861
threshold=2.5000000000000004 1.0000000180025095e-35 1.0000000180025095e-35 1.0000000180025095e-35 1.0000000180025095e-35 3.5000000000000004 1.8333333333333337 1.0000000180025095e-35 2.5000000000000004 2.8333333333333335 1.5000000000000002 1.5000000000000002 1.5000000000000002
decision_type=2 2 2 2 2 2 2 2 2 2 2 2 2
left_child=1 2 3 4 5 7 -7 12 9 11 -3 -9 -1
right_child=-2 10 -4 -5 -6 6 -8 8 -10 -11 -12 -13 -14
leaf_value=0.012069862386994317 -0.052212036525642949 0.026434319696089465 -0.057364553530428276 -0.043936556872783812 -0.053140494776318749 -0.0037417079376802572 -0.031274986926198636 0.0076276762583737216 -0.0054422156921041581 0.016370843089176079 0.035004488662920732 0.001124689089184452 0.017664120841333272
leaf_weight=8.7496246397495288 27.669854179024696 12.314672261476515 10.146137177944182 11.380883425474165 6.1513249874114981 5.98355685174465 5.0598191618919373 5.396934583783155 4.4829260855913153 6.2316916435956946 62.8402369171381 5.6289568841457367 17.846794858574867
leaf_count=38 113 57 41 46 25 25 21 24 19 28 306 24 76
internal_value=0.000109628 0.00907964 -0.0121344 -0.00606202 0.000526871 0.00621681 -0.0167935 0.0115597 0.00595618 0.00910422 0.0336771 0.00461735 0.0159882
internal_weight=189.883 162.214 87.0587 76.9125 65.5316 59.3803 11.0434 48.3369 21.7405 17.2576 75.1549 11.0259 26.5964
internal_count=843 730 367 326 280 255 46 209 95 76 363 48 114
is_linear=0
shrinkage=0.03


Tree=13
num_leaves=16
num_cat=0
split_feature=1 8 2 1 13 11 13 15 2 13 13 18 13 13 18
split_gain=71.9394 83.4067 34.3365 21.6374 13.7999 8.65803 5.0754 1.90954 3.8572 1.86439 3.87816 1.55471 0.357298 1.41598 0.0253192
threshold=1.5000000000000002 1.0000000180025095e-35 2.5000000000000004 1.0000000180025095e-35 1.5833333333333337 1.0000000180025095e-35 1.8333333333333337 1.9000000000000001 3.5000000000000004 1.8333333333333337 2.8333333333333335 2.5000000000000004 1.1666666666666667 2.8333333333333335 3.5000000000000004
decision_type=2 2 2 2 2 2 2 2 2 2 2 2 2 2 2
left_child=1 2 3 5 11 6 -1 8 -3 -7 -11 -4 -10 -14 -13
right_child=-2 7 4 -5 -6 9 -8 -9 12 10 -12 14 13 -15 -16
leaf_value=0.0057124853002588957 -0.050930662445723668 0.021341297172318804 -0.0066651700867458273 -0.056894718087795726 -0.053521868341059396 0.042097288667503341 -0.026032183131097321 0.011436722203019179 0.041160649328627064 -0.00034750785368217567 0.031125301235721322 -0.027577509984777107 0.025883890482656619 0.040698945292842049 -0.019429088974406598
leaf_weight=20.501012906432155 21.850062027573586 26.01628765463829 8.3677487373352069 4.7111180722713462 17.697313591837883 4.7224633693695095 5.7000009566545478 5.4901713430881491 17.077678933739662 5.4092480689287177 9.0900398194789869 6.5430613309144956 14.824725821614267 13.860762909054754 6.5770111680030823
leaf_count=88 90 122 35 19 72 22 23 26 85 23 41 27 73 70 27
internal_value=0.000106601 0.00684527 -0.0128698 0.00352571 -0.0338783 0.00996946 -0.00115219 0.0296606 0.0309949 0.025212 0.0192563 -0.0173879 0.0363591 0.0332632 -0.0238975
internal_weight=188.439 166.589 89.319 50.1339 39.1851 45.4228 26.201 77.2696 71.7795 19.2218 14.4993 21.4878 45.7632 28.6855 13.1201
internal_count=843 753 377 216 161 197 111 376 350 86 64 89 228 143 54
is_linear=0
shrinkage=0.03


Tree=14
num_leaves=12
num_cat=0
split_feature=6 8 2 6 14 11 2 2 3 14 14
split_gain=90.0041 86.0881 29.3195 21.7403 13.0166 8.90055 5.79511 4.28634 3.21101 1.56157 2.98776
threshold=2.5000000000000004 1.0000000180025095e-35 2.5000000000000004 1.5000000000000002 1.5000000000000002 1.0000000180025095e-35 1.5000000000000002 3.5000000000000004 1.0000000180025095e-35 1.5000000000000002 2.5000000000000004
decision_type=2 2 2 2 2 2 2 2 2 2 2
left_child=1 2 3 5 -4 6 -1 8 -3 -7 -11
right_child=-2 7 4 -5 -6 9 -8 -9 -10 10 -12
leaf_value=-0.010335081192196378 -0.050187509018453633 0.01726441139087458 -0.016072975340450296 -0.055513302991802078 -0.052537317851919396 0.041523359196939801 0.020451839854406722 0.038799143926860721 0.040520055633156297 0.0012869297970694328 0.030525381768310267
leaf_weight=18.474781617522243 27.232168108224869 21.972154110670093 21.054862201213837 4.9496337473392478 15.653190746903418 4.6466336250305202 7.7042719870805731 43.575615882873535 7.5910892784595481 5.1598346680402747 8.9940533936023694
leaf_count=78 113 103 87 20 64 22 33 222 38 22 41
internal_value=0.000105179 0.00872184 -0.0114814 0.00343365 -0.0318042 0.0100956 -0.00111725 0.0326778 0.0234535 0.0257911 0.0201607
internal_weight=187.008 159.776 86.6373 49.9292 36.7081 44.9796 26.1791 73.1389 29.5632 18.8005 14.1539
internal_count=843 730 367 216 151 196 111 363 141 85 63
is_linear=0
shrinkage=0.03


Tree=15
num_leaves=12
num_cat=0
split_feature=8 1 9 1 10 7 18 18 16 13 18
split_gain=73.9241 72.0755 21.7931 18.6952 14.23 16.5159 1.43097 0.964347 0.277802 0.195322 0.586944
threshold=1.0000000180025095e-35 1.5000000000000002 1.0000000180025095e-35 1.0000000180025095e-35 1.0000000180025095e-35 1.0000000180025095e-35 3.5000000000000004 1.5000000000000002 1.5000000000000002 1.8333333333333337 1.5000000000000002
decision_type=2 2 2 2 2 2 2 2 2 2 2
left_child=2 7 3 4 5 6 9 -2 -9 -1 -11
right_child=1 -3 -4 -5 -6 -7 -8 8 -10 10 -12
leaf_value=0.0065431342556643108 0.020992473803209278 -0.048721815215411302 -0.053184260844426325 -0.049553878795549788 -0.040436639047117397 -0.05077125227942355 -0.0071468458297679173 0.031814299824974454 0.021018967091749802 -0.0066151266204188307 0.0061549648051955619
leaf_weight=32.266298934817314 13.249769538640974 12.152647584676741 14.082972377538679 10.761741846799849 9.9182008504867536 5.556430608034133 10.042095258831976 60.447343558073044 4.844089448451995 4.4974506944417945 10.061597123742102
leaf_count=140 63 51 58 45 40 23 42 307 24 20 44
internal_value=-0.000547661 0.0189051 -0.0187324 -0.0128011 -0.00723146 -0.00185144 0.00295651 0.0294558 0.0310926 0.0051978 0.00198727
internal_weight=187.881 90.6939 97.1868 83.1038 72.3421 62.4239 56.8674 78.5412 65.2914 46.8253 14.559
internal_count=857 445 412 354 309 269 246 394 331 204 64
is_linear=0
shrinkage=0.03


Tree=16
num_leaves=15
num_cat=0
split_feature=6 8 2 11 13 2 13 15 18 13 18 18 18 2
split_gain=83.799 91.9181 24.9372 12.5422 11.0676 8.13986 5.90219 5.69891 4.76576 0.356978 0.209692 0.34434 0.18652 0.0835237
threshold=2.5000000000000004 1.0000000180025095e-35 2.5000000000000004 1.0000000180025095e-35 1.8333333333333337 3.5000000000000004 1.8333333333333337 1.0000000180025095e-35 1.5000000000000002 2.8333333333333335 2.5000000000000004 3.5000000000000004 2.5000000000000004 1.5000000000000002
decision_type=2 2 2 2 2 2 2 2 2 2 2 2 2 2
left_child=1 2 3 6 10 7 13 12 -5 -10 -4 -12 -3 -1
right_child=-2 5 4 8 -6 -7 -8 -9 9 -11 11 -13 -14 -15
leaf_value=-0.0011853396487317607 -0.048423187059298184 0.012622865145469895 -0.013267215810303778 0 -0.050971049636060493 0.040064235283723763 -0.033747230173823646 0.039929496654540757 0.023844470072260666 0.038085722916257447 -0.027757382043855618 -0.01509905278817039 0.0053242014288696071 -0.0057799774209126705
leaf_weight=14.090636789798742 27.87739722430706 13.821784704923635 10.100384116172792 6.4407847374677685 15.694547131657599 45.66580069065094 7.6510900408029547 8.5371545404195768 5.7301576286554319 6.084680438041687 5.1024947464466077 6.8643580228090286 6.589489519596099 6.1834836751222602
leaf_count=60 118 65 42 29 65 241 31 44 26 28 21 28 32 27
internal_value=-0.000537619 0.00788791 -0.013616 0.00111559 -0.0316667 0.0321063 -0.0114439 0.0193548 0.0204486 0.0316886 -0.0176338 -0.0209303 0.0104503 -0.00275541
internal_weight=186.434 158.557 83.9426 46.1808 37.7618 74.6142 27.9252 28.9484 18.2556 11.8148 22.0672 11.9669 20.4113 20.2741
internal_count=857 739 357 201 156 382 118 141 83 54 91 49 97 87
is_linear=0
shrinkage=0.03


Tree=17
num_leaves=16
num_cat=0
split_feature=6 9 10 11 18 18 18 14 14 14 18 18 18 14 18
split_gain=79.7953 44.541 33.0907 19.7865 3.48213 2.39669 1.93686 1.96478 1.44415 0.997522 0.728906 0.53305 0.325676 0.168852 0.218539
threshold=2.5000000000000004 1.0000000180025095e-35 1.0000000180025095e-35 1.0000000180025095e-35 2.5000000000000004 3.5000000000000004 1.5000000000000002 1.5000000000000002 3.5000000000000004 1.5000000000000002 3.5000000000000004 2.5000000000000004 2.5000000000000004 1.5000000000000002 1.5000000000000002
decision_type=2 2 2 2 2 2 2 2 2 2 2 2 2 2 2
left_child=1 2 3 6 -4 12 9 10 -9 -1 11 -8 13 -5 -15
right_child=-2 -3 4 5 -6 -7 7 8 -10 -11 -12 -13 -14 14 -16
leaf_value=0.016779612817497982 -0.047540396458908632 -0.052682525032450904 -0.019548456596567437 -0.0080542411119809906 -0.056002180672719559 -0.023040259738314483 0.019559779424393995 0.030924078174031911 0.014090042679444045 0.00094904423509023115 0.025987979464490243 0.010791182523302131 0.0046541745723558854 -0.0064080314178300273 0.001983190559955438
leaf_weight=16.112907886505131 27.549999848008156 10.155989184975622 4.9619391709566099 5.7886008173227408 5.4541334360837936 6.1416009813547126 20.939309284090996 36.039593875408173 6.3513525426387778 5.1424028873443595 11.846673831343649 12.455911844968794 4.999858707189559 4.5066060721874219 6.2888510376214981
leaf_count=74 118 42 20 26 22 26 97 188 32 25 58 59 22 20 28
internal_value=-0.000525642 0.00772056 0.0119462 0.0158992 -0.0392729 -0.0066252 0.0216628 0.0236852 0.0285116 0.0131125 0.0190439 0.0164208 -0.00173131 -0.00385261 -0.00127108
internal_weight=184.736 157.186 147.03 136.614 10.4161 27.7255 108.888 87.6328 42.3909 21.2553 45.2419 33.3952 21.5839 16.5841 10.7955
internal_count=857 739 697 655 42 122 533 434 220 99 214 156 96 74 48
is_linear=0
shrinkage=0.03


Tree=18
num_leaves=11
num_cat=0
split_feature=8 1 9 1 7 10 13 13 5 5
split_gain=64.7899 62.887 19.0979 16.4884 12.2573 15.2095 0.908223 0.74696 0.491006 2.51075
threshold=1.0000000180025095e-35 1.5000000000000002 1.0000000180025095e-35 1.0000000180025095e-35 1.0000000180025095e-35 1.0000000180025095e-35 1.8333333333333337 2.8333333333333335 2.7083333333333335 1.0000000180025095e-35
decision_type=2 2 2 2 2 2 2 2 2 2
left_child=2 8 3 4 5 6 -1 -8 9 -2
right_child=1 -3 -4 -5 -6 -7 7 -9 -10 -11
leaf_value=0.005495865513205622 0.028740488836455455 -0.046112810920860857 -0.050193752110665117 -0.047101617711760004 -0.04950015197720152 -0.037265706648305821 -0.010815114342575257 0.0016591232112413861 0.038601517349945352 0.0038960065590000811
leaf_weight=38.134804934263229 65.565213933587074 11.72146552801132 13.741825714707373 10.419311180710791 5.4862440526485434 9.9029370844364148 6.3600818216800716 12.111217036843298 5.7515901178121558 4.211766690015792
leaf_count=165 343 51 58 45 23 40 27 54 31 20
internal_value=-0.00051334 0.0181775 -0.0175054 -0.0119644 -0.00677936 -0.00314131 0.00283085 -0.0025096 0.0282424 0.0272915
internal_weight=183.406 87.25 96.1564 82.4146 71.9953 66.509 56.6061 18.4713 75.5286 69.777
internal_count=857 445 412 354 309 286 246 81 394 363
is_linear=0
shrinkage=0.03


Tree=19
num_leaves=15
num_cat=0
split_feature=6 8 2 11 13 2 15 13 18 13 18 18 18 2
split_gain=72.9816 81.7796 23.3169 11.6635 10.0512 8.27062 5.71123 4.79491 4.51453 0.328324 0.202971 0.142977 0.284174 0.101573
threshold=2.5000000000000004 1.0000000180025095e-35 2.5000000000000004 1.0000000180025095e-35 1.8333333333333337 3.5000000000000004 1.0000000180025095e-35 1.8333333333333337 1.5000000000000002 2.8333333333333335 2.5000000000000004 2.5000000000000004 3.5000000000000004 1.5000000000000002
decision_type=2 2 2 2 2 2 2 2 2 2 2 2 2 2
left_child=1 2 3 7 11 6 10 13 -5 -10 -3 -4 -13 -1
right_child=-2 5 4 8 -6 -7 -8 -9 9 -11 -12 12 -14 -15
leaf_value=-0.0010942548745775649 -0.046063175597586423 0.011190325201721972 -0.013088341953890283 0 -0.049002037588974132 0.039147033022173594 0.039004881036190785 -0.030845347132038393 0.023566333711599243 0.037504506964495025 0.0037572278097451504 -0.026260427851936836 -0.014479047550395158 -0.0060936624528446764
leaf_weight=14.03580710291863 26.874509587883949 13.509547203779226 10.084604859352114 6.4553360342979458 15.366184353828428 43.53671208024025 8.1682221144437772 7.5906773954629889 5.692679211497305 6.0008882880210876 6.4302743822336188 5.1034931391477567 6.8508768379688263 6.1566166579723349
leaf_count=60 118 65 42 29 65 241 44 31 26 28 32 21 28 27
internal_value=-0.000504287 0.00740108 -0.0127738 0.00149148 -0.0303282 0.0308954 0.0179145 -0.010645 0.0201914 0.0312308 0.00897368 -0.0170102 -0.0199337 -0.00278892
internal_weight=181.856 154.982 83.3372 45.932 37.4052 71.6448 28.108 27.7831 18.1489 11.6936 19.9398 22.039 11.9544 20.1924
internal_count=857 739 357 201 156 382 141 118 83 54 97 91 49 87
is_linear=0
shrinkage=0.03


Tree=20
num_leaves=16
num_cat=0
split_feature=6 8 2 11 13 13 2 3 13 18 13 13 18 18 18
split_gain=71.348 70.1212 24.0731 13.7748 9.4823 5.78279 5.14252 3.71446 1.87276 2.09872 0.99747 3.55018 0.635262 0.327102 0.17962
threshold=2.5000000000000004 1.0000000180025095e-35 2.5000000000000004 1.0000000180025095e-35 1.8333333333333337 1.8333333333333337 3.5000000000000004 1.0000000180025095e-35 2.8333333333333335 1.5000000000000002 2.8333333333333335 1.8333333333333337 2.5000000000000004 3.5000000000000004 1.5000000000000002
decision_type=2 2 2 2 2 2 2 2 2 2 2 2 2 2 2
left_child=1 2 3 5 12 14 7 8 9 -3 11 -5 -4 -14 -1
right_child=-2 6 4 10 -6 -7 -8 -9 -10 -11 -12 -13 13 -15 -16
leaf_value=0.0018261118270127376 -0.045427759565712308 0.015751234414766023 -0.009691647157513663 0.03457406588877654 -0.047936407096828212 -0.030264674672432299 0.037419362578112951 0.038376306491286212 0.027405456419373895 -0.0091678539529951985 0.029984236243206976 0 -0.026894571590927719 -0.013884582669022512 -0.0036806969499183343
leaf_weight=9.8718193173408562 26.316264286637306 6.8737324476242119 10.109197437763216 4.7371741831302661 14.246725529432295 8.5897298604249936 42.694237381219864 6.7058873027563086 4.7555673718452445 5.1588727384805679 9.3659130185842496 6.0922951996326447 5.6315321177244169 5.1453715562820435 10.536506935954092
leaf_count=43 117 33 42 23 61 35 241 37 24 25 44 26 23 21 45
internal_value=3.15596e-05 0.00802456 -0.010087 0.00340913 -0.0290255 -0.00975776 0.0311249 0.0194492 0.0115289 0.00483262 0.0224179 0.0153851 -0.0158162 -0.0211436 -0.000874772
internal_weight=176.831 150.515 84.3263 49.1934 35.1328 28.9981 66.1883 23.4941 16.7882 12.0326 20.1954 10.8295 20.8861 10.7769 20.4083
internal_count=840 723 363 216 147 123 360 119 82 58 93 49 86 44 88
is_linear=0
shrinkage=0.03


Tree=21
num_leaves=16
num_cat=0
split_feature=6 8 2 13 10 2 3 2 13 18 13 18 18 18 13
split_gain=68.1197 67.1048 22.7771 9.2031 5.11688 5.0924 3.63315 2.50076 1.80062 1.98702 0.693219 0.59609 0.303324 0.224102 0.259256
threshold=2.5000000000000004 1.0000000180025095e-35 2.5000000000000004 1.8333333333333337 1.0000000180025095e-35 3.5000000000000004 1.0000000180025095e-35 1.5000000000000002 2.8333333333333335 1.5000000000000002 3.5833333333333335 2.5000000000000004 3.5000000000000004 1.5000000000000002 1.8333333333333337
decision_type=2 2 2 2 2 2 2 2 2 2 2 2 2 2 2
left_child=1 2 4 11 7 6 8 10 9 -3 13 -4 -13 -1 -15
right_child=-2 5 3 -5 -6 -7 -8 -9 -10 -11 -12 12 -14 14 -16
leaf_value=0.0043901403305725345 -0.044730609655925548 0.01538497907338481 -0.0093893310774800075 -0.04708117915554641 -0.021236200480400085 0.037058282715582466 0.038007675063467097 -0.0087501540916017761 0.026936270528408295 -0.008864483172186759 0.021525763169022688 -0.026062739866686075 -0.013458658237599546 0.0070332972269004247 0.014839543446365547
leaf_weight=10.271759882569315 25.931989744305611 6.8293090760707909 10.124629765748979 14.074761614203451 6.460006207227706 41.830966502428055 6.5708128064870825 7.1119603663682929 4.695900470018386 5.1784808486700058 4.724348932504653 5.6399887949228269 5.1520204991102219 11.791874945163729 8.6333933770656568
leaf_count=46 117 33 42 61 26 241 37 31 24 25 22 23 21 52 39
internal_value=3.17351e-05 0.00786234 -0.00982874 -0.0282876 0.00332437 0.0307096 0.019061 0.00716609 0.0112475 0.00469254 0.0104619 -0.0153349 -0.0204999 0.00859733 0.0105352
internal_weight=175.022 149.09 83.9847 34.9914 48.9933 65.1055 23.2745 42.5333 16.7037 12.0078 35.4214 20.9166 10.792 30.697 20.4253
internal_count=840 723 363 147 216 360 119 190 82 58 159 86 44 137 91
is_linear=0
shrinkage=0.03


Tree=22
num_leaves=17
num_cat=0
split_feature=6 8 7 10 18 18 13 11 18 13 18 18 13 1 18 13
split_gain=65.069 64.2289 9.34949 11.5801 3.54141 3.34255 1.71512 0.648167 1.11856 1.88445 0.469524 0.811067 0.39611 0.359106 0.410942 0.0301177
threshold=2.5000000000000004 1.0000000180025095e-35 1.0000000180025095e-35 1.0000000180025095e-35 3.5000000000000004 2.5000000000000004 1.8333333333333337 1.0000000180025095e-35 1.5000000000000002 2.8333333333333335 2.5000000000000004 1.5000000000000002 2.8333333333333335 1.0000000180025095e-35 1.5000000000000002 3.5833333333333335
decision_type=2 2 2 2 2 2 2 2 2 2 2 2 2 2 2 2
left_child=1 2 3 4 7 -5 -6 10 -9 -10 11 -1 13 14 -3 -14
right_child=-2 12 -4 5 6 -7 -8 8 9 -11 -12 -13 15 -15 -16 -17
leaf_value=-0.0054332518992825712 -0.044073871932924273 0.019044878667662583 -0.047035246778090366 -0.017635955648003191 -0.0027926652739768626 -0.051387750734129635 -0.026116487537634261 0.014344829177376311 -0.01014164567243846 0.011977553822128882 -0.0079618598943010516 0.0052828419257555902 0.037998624303989356 0.037503895400202672 0.028600476206958814 0.028709642045381959
leaf_weight=11.067972421646118 25.536317780613899 8.1871056109666807 5.5221264511346808 5.9505540430545789 5.2825295627117139 5.5577552318572998 7.0210832059383392 7.7928767800331142 7.3367938697338086 6.3902937173843384 7.3281524777412406 14.494036003947258 12.018763825297357 5.5697702765464774 32.007895812392235 6.2459829449653617
leaf_count=48 117 41 24 24 22 23 31 36 32 30 31 62 70 32 182 35
internal_value=3.16251e-05 0.0076983 -0.00956629 -0.00682617 -0.00196357 -0.0344965 -0.0164476 0.00128079 0.00534406 0 -0.001295 0.000522936 0.0303051 0.0282301 0.0267807 0.0351591
internal_weight=173.31 147.774 83.7442 78.222 66.7137 11.5083 12.3036 54.4101 21.52 13.7271 32.8902 25.562 64.0295 45.7648 40.195 18.2647
internal_count=840 723 363 339 292 47 53 239 98 62 141 110 360 255 223 105
is_linear=0
shrinkage=0.03


Tree=23
num_leaves=16
num_cat=0
split_feature=6 8 2 13 2 10 1 2 13 18 13 18 18 18 13
split_gain=62.179 61.4736 21.2631 8.83709 5.16661 4.59737 3.5834 2.33774 1.72683 1.93796 0.670948 0.514044 0.266123 0.232732 0.254062
threshold=2.5000000000000004 1.0000000180025095e-35 2.5000000000000004 1.8333333333333337 3.5000000000000004 1.0000000180025095e-35 1.0000000180025095e-35 1.5000000000000002 2.8333333333333335 1.5000000000000002 3.5833333333333335 2.5000000000000004 3.5000000000000004 1.5000000000000002 1.8333333333333337
decision_type=2 2 2 2 2 2 2 2 2 2 2 2 2 2 2
left_child=1 2 5 11 6 7 8 10 9 -3 13 -4 -13 -1 -15
right_child=-2 4 3 -5 -6 -7 -8 -9 -10 -11 -12 12 -14 14 -16
leaf_value=0.0041471939812797315 -0.043454339731808192 0.01458159753225316 -0.0090485564463666426 -0.045919394471348504 0.036434713909290053 -0.019895182321971291 0.037321508034727564 -0.0082998603409479062 0.02591819871494289 -0.0095193316488198405 0.021183129218986997 -0.024711429520613365 -0.012762146177649722 0.0069088875597228304 0.014653254169232889
leaf_weight=10.233978003263475 25.130936354398727 6.7308027595281654 10.129407167434694 13.784970179200171 40.267560049891472 6.4482913166284552 6.3049066811799994 7.1355647444725028 4.5633909404277793 5.1361414790153503 4.6862088292837134 5.6411969810724241 5.1565060466527939 11.773763909935953 8.5879575014114362
leaf_count=46 117 33 42 61 241 26 37 31 24 25 22 23 21 52 39
internal_value=3.02487e-05 0.00753058 -0.0093078 -0.027235 0.0298948 0.00339526 0.0180715 0.00704489 0.010322 0.00390738 0.0102478 -0.0146249 -0.0194497 0.00841155 0.0103775
internal_weight=171.712 146.581 83.5778 34.7121 63.0028 48.8658 22.7352 42.4175 16.4303 11.8669 35.2819 20.9271 10.7977 30.5957 20.3617
internal_count=840 723 363 147 360 216 119 190 82 58 159 86 44 137 91
is_linear=0
shrinkage=0.03


Tree=24
num_leaves=13
num_cat=0
split_feature=6 10 7 11 2 2 2 3 2 2 14 14
split_gain=59.46 24.7053 23.3542 9.66266 49.1063 7.32803 3.0609 2.69318 2.37896 1.35826 0.1942 1.27667
threshold=2.5000000000000004 1.0000000180025095e-35 1.0000000180025095e-35 1.0000000180025095e-35 1.5000000000000002 3.5000000000000004 3.5000000000000004 1.0000000180025095e-35 4.5000000000000009 1.5000000000000002 2.5000000000000004 1.5000000000000002
decision_type=2 2 2 2 2 2 2 2 2 2 2 2
left_child=1 2 3 5 10 7 -3 9 -7 -1 11 -5
right_child=-2 6 -4 4 -6 8 -8 -9 -10 -11 -12 -13
leaf_value=0.0079721059837842001 -0.042869131458391142 -0.019325554071760724 -0.04822940147125597 0.03383700615217617 -0.055285617593750475 0.026904738596486798 -0.051785056086350201 0.025490553092740662 0.0014902694713528556 -0.0068697682325052243 0.031595490717009699 0.010649588889047457
leaf_weight=29.425162643194199 24.717398926615715 6.4422442466020566 5.6095978468656531 4.6378406286239642 9.9172525852918643 52.630499973893166 5.1703650802373886 7.1240507066249839 3.8182344436645499 6.5383155196905127 8.8791816830635053 5.0713865160942078
leaf_count=138 117 26 25 23 41 297 22 41 16 29 43 22
internal_value=3.00344e-05 0.00737464 0.0110456 0.0137015 -0.00159832 0.0181105 -0.0343526 0.00865803 0.0252444 0.00517904 0.0270269 0.0222635
internal_weight=169.982 145.264 133.652 128.042 28.5057 99.5363 11.6126 43.0875 56.4487 35.9635 18.5884 9.70923
internal_count=840 723 675 650 129 521 48 208 313 167 88 45
is_linear=0
shrinkage=0.03


Tree=25
num_leaves=13
num_cat=0
split_feature=6 9 10 11 2 2 2 2 3 2 14 14
split_gain=59.5102 32.1924 25.5604 17.8746 48.2818 5.85391 6.18574 4.12903 1.60519 2.90163 0.677068 2.19127
threshold=2.5000000000000004 1.0000000180025095e-35 1.0000000180025095e-35 1.0000000180025095e-35 1.5000000000000002 4.5000000000000009 3.5000000000000004 3.5000000000000004 1.0000000180025095e-35 1.5000000000000002 2.5000000000000004 1.5000000000000002
decision_type=2 2 2 2 2 2 2 2 2 2 2 2
left_child=1 2 3 5 10 6 8 -4 9 -1 11 -5
right_child=-2 -3 7 4 -6 -7 -8 -9 -10 -11 -12 -13
leaf_value=0.014522480361017056 -0.042399030362329428 -0.049111994033462544 -0.014260844077190742 0.032909587082934462 -0.053902606459102109 -0.013332344940751506 0.02911704654149011 -0.050885751349987171 0.025787341352729976 -0.0078029224556450507 0.031058107690259171 0.002931559913864346
leaf_weight=30.252726957201958 25.588372722268105 8.549639090895651 6.4290679693222028 4.3598849326372164 11.504307374358179 4.2577730715274802 51.16032050549984 5.3921477794647217 8.2286645919084531 6.0783883929252616 8.7573870271444303 4.8424154967069626
leaf_count=144 123 37 26 22 48 18 294 23 48 27 43 21
internal_value=-0.000193051 0.00701929 0.0104701 0.014348 -0.00609345 0.0204022 0.0219464 -0.0315054 0.0135997 0.0106938 0.0244941 0.0176582
internal_weight=175.401 149.813 141.263 129.442 29.464 99.9779 95.7201 11.8212 44.5598 36.3311 17.9597 9.2023
internal_count=874 751 714 665 134 531 513 49 219 171 86 43
is_linear=0
shrinkage=0.03


Tree=26
num_leaves=17
num_cat=0
split_feature=6 8 2 6 11 13 11 2 1 13 13 13 18 18 18 18
split_gain=56.957 63.4713 18.5273 14.291 9.05579 8.67426 6.23813 3.90419 2.99035 1.81117 0.789735 2.22891 0.368381 0.102748 0.179669 0.0576876
threshold=2.5000000000000004 1.0000000180025095e-35 2.5000000000000004 1.5000000000000002 1.0000000180025095e-35 1.8333333333333337 1.0000000180025095e-35 3.5000000000000004 1.0000000180025095e-35 1.8333333333333337 1.8333333333333337 2.8333333333333335 2.5000000000000004 2.5000000000000004 1.5000000000000002 1.5000000000000002
decision_type=2 2 2 2 2 2 2 2 2 2 2 2 2 2 2 2
left_child=1 2 3 6 5 12 9 8 13 15 -8 -12 -4 14 -3 -1
right_child=-2 7 4 -5 -6 -7 10 -9 -10 -11 11 -13 -14 -15 -16 -17
leaf_value=0 -0.041871493366792287 0.011095359771353798 -0.00010927729337838135 -0.048329269161864447 -0.05083055134006928 -0.042456546622353791 0.032429711480802495 0.035662709924922084 0.036789166418253659 -0.0160917937650976 0 0.0251091616414169 -0.0090915114660475652 0.008794658557296638 0.02097608539139819 0.0035741692047014917
leaf_weight=8.7733756154775673 25.141457840800285 7.0264870524406486 8.8024872690439278 4.5173122882843009 9.9530938118696195 8.0704514086246473 4.2941458821296719 38.329431802034378 6.9936170876026145 6.3844676762819281 5.0884352773427954 9.1238975375890714 8.9560448974370939 6.7213159799575797 4.5880539417266846 10.835100561380385
leaf_count=38 123 35 37 19 42 38 22 242 43 26 22 45 37 35 23 47
internal_value=-0.000190788 0.00687112 -0.0100956 0.00183425 -0.0264812 -0.0168227 0.00709075 0.0294996 0.0199519 -0.00229008 0.0203692 0.0163144 -0.00483276 0.0132025 0.0154003 0.00211035
internal_weight=173.599 148.458 84.7988 49.0167 35.7821 25.829 44.4994 63.6589 25.3295 25.9929 18.5065 14.2123 17.7585 18.3359 11.6145 19.6085
internal_count=874 751 373 219 154 112 200 378 136 111 89 67 74 93 58 85
is_linear=0
shrinkage=0.03


Tree=27
num_leaves=11
num_cat=0
split_feature=6 8 6 18 18 13 13 18 18 13
split_gain=54.5577 60.7753 8.17591 6.84076 2.33787 1.83845 2.81706 0.884487 0.485771 0.448401
threshold=2.5000000000000004 1.0000000180025095e-35 1.5000000000000002 2.5000000000000004 1.5000000000000002 1.8333333333333337 2.8333333333333335 1.5000000000000002 3.5000000000000004 1.8333333333333337
decision_type=2 2 2 2 2 2 2 2 2 2
left_child=1 2 3 4 -1 8 -7 -3 -5 -6
right_child=-2 7 -4 5 9 6 -8 -9 -10 -11
leaf_value=0.0077920245423871515 -0.041371487089947631 0.020002854492334923 -0.046622516249270878 -0.0052615822140110145 -0.0027914183815689448 -0.043007479672437919 -0.01563448185376547 0.030895468828928661 -0.016683211631655009 -0.011134180332602984
leaf_weight=19.352463379502296 24.689990162849426 10.624897480010985 5.0453253537416449 8.9228169023990649 18.792190983891491 5.5191687643528011 10.493561640381811 51.951603934168816 6.7958925217390052 9.4220615625381452
leaf_count=86 123 57 22 38 81 25 49 321 28 44
internal_value=-0.000185154 0.00673926 -0.00985134 -0.00741822 -0.000150677 -0.0181836 -0.0254638 0.0291287 -0.0104636 -0.0057129
internal_weight=171.61 146.92 84.3435 79.2982 47.5667 31.7314 16.0127 62.5765 15.7187 28.2143
internal_count=874 751 373 351 211 140 74 378 66 125
is_linear=0
shrinkage=0.03


Tree=28
num_leaves=13
num_cat=0
split_feature=6 8 2 6 13 2 1 13 13 13 13 13
split_gain=52.2511 58.1513 17.4019 13.0808 7.4543 3.98443 3.01377 0.780901 0.564608 0.917877 0.035127 0.0240962
threshold=2.5000000000000004 1.0000000180025095e-35 2.5000000000000004 1.5000000000000002 1.8333333333333337 3.5000000000000004 1.0000000180025095e-35 2.8333333333333335 2.8333333333333335 1.8333333333333337 3.5833333333333335 1.4166666666666667
decision_type=2 2 2 2 2 2 2 2 2 2 2 2
left_child=1 2 3 8 -4 6 7 11 9 -1 -10 -3
right_child=-2 5 4 -5 -6 -7 -8 -9 10 -11 -12 -13
leaf_value=0.0075620284859196528 -0.040897070754853694 0.0095755562833759727 -0.014487410373305186 -0.046537300152351031 -0.043208334939826287 0.035119446031839564 0.036282247794415461 0.021970160425097029 0.0092280330222124698 -0.0041986248735382085 0.015270169843463193 0.0047964912210272164
leaf_weight=23.815034061670307 24.235150501132011 6.749464496970182 22.008467212319374 4.4214504212141028 13.439338788390158 36.801644861698151 6.7285468578338614 5.4537452906370154 6.8998549878597242 7.5318557769060126 6.0867143720388412 5.8003529608249664
leaf_count=107 123 34 91 19 63 242 43 30 33 32 28 29
internal_value=-0.000185003 0.00658801 -0.00958276 0.00199476 -0.0255517 0.0287444 0.0190342 0.0122575 0.0069963 0.00463648 0.0123842 0.00765927
internal_weight=169.972 145.736 84.2027 48.7549 35.4478 61.5338 24.7321 18.0036 44.3335 31.3469 12.9866 12.5498
internal_count=874 751 373 219 154 378 136 93 200 139 61 63
is_linear=0
shrinkage=0.03


Tree=29
num_leaves=17
num_cat=0
split_feature=6 10 7 11 2 2 2 2 3 2 13 13 13 18 18 18
split_gain=50.0885 19.4822 19.6365 12.4428 42.5915 6.37883 5.34281 4.03415 2.30806 2.28504 0.625177 1.95715 0.255044 4.0575 1.65245 0.244057
threshold=2.5000000000000004 1.0000000180025095e-35 1.0000000180025095e-35 1.0000000180025095e-35 1.5000000000000002 3.5000000000000004 4.5000000000000009 3.5000000000000004 1.0000000180025095e-35 1.5000000000000002 2.8333333333333335 1.8333333333333337 1.8333333333333337 2.5000000000000004 2.5000000000000004 1.5000000000000002
decision_type=2 2 2 2 2 2 2 2 2 2 2 2 2 2 2 2
left_child=1 2 3 5 10 8 -7 -3 9 12 11 -5 13 15 -14 -1
right_child=-2 7 -4 4 -6 6 -8 -9 -10 -11 -12 -13 14 -15 -16 -17
leaf_value=0.01996118357966041 -0.040446463421153642 -0.012698251351341176 -0.046023954263703114 0.031827492848514015 -0.051289555238636084 0.027174331353419318 -0.0078418661789644642 -0.048574623591127492 0.023905357697340372 -0.010183217100673001 0.0300863715345616 0.0031875215123554771 0.0022347531828249534 -0.015350622944112675 0.025040916420812919 0.010346598927288814
leaf_weight=6.4715267270803505 23.778024077415466 6.3666119426488859 5.3222781568765631 4.2087725102901477 10.994790315628054 48.613482624292374 4.0813974738121024 5.5952399969100952 7.7206204980611792 6.4550583362579337 8.5312793105840665 4.853418231010437 6.6438677310943586 5.2888045310974112 5.42349474132061 7.7701097875833511
leaf_count=31 123 26 25 22 47 296 17 25 48 29 43 21 33 24 29 35
internal_value=-0.000178904 0.00645723 0.0097936 0.0121897 -0.00513926 0.0172513 0.0243957 -0.029992 0.00892608 0.00575358 0.023659 0.0170185 0.00912578 0.0066164 0.0128528 0.0150335
internal_weight=168.119 144.341 132.379 127.057 28.5883 98.4684 52.6949 11.9619 45.7735 38.0529 17.5935 9.06219 31.5978 19.5304 12.0674 14.2416
internal_count=874 751 700 675 133 542 313 51 229 181 86 43 152 90 62 66
is_linear=0
shrinkage=0.03


Tree=30
num_leaves=14
num_cat=0
split_feature=17 7 2 1 11 2 2 13 13 13 13 13 2
split_gain=35.7232 21.572 2.93567 2.63075 2.53205 35.8028 6.05333 0.53367 0.191256 0.144877 0.833063 0.0527499 0.154121
threshold=1.0000000180025095e-35 1.0000000180025095e-35 4.5000000000000009 1.5000000000000002 1.0000000180025095e-35 1.5000000000000002 3.5000000000000004 2.8333333333333335 1.8333333333333337 1.8333333333333337 2.8333333333333335 1.8333333333333337 1.5000000000000002
decision_type=2 2 2 2 2 2 2 2 2 2 2 2 2
left_child=1 2 4 -2 6 9 7 11 -8 -6 -11 12 -1
right_child=3 -3 -4 -5 5 -7 8 -9 -10 10 -12 -13 -14
leaf_value=0.0016797839110299683 -0.017305211716295735 -0.046769831036652908 -0.012901060379214761 -0.039495803752631814 0.032528093710120214 -0.049328524799727068 0.016698818687026624 0.010539862546827256 0.021608812394842969 0.012041391531927197 0.029025840214905299 0.00016556018930731091 0.0068735692924597486
leaf_weight=20.624704107642174 7.9157803058624294 6.371282070875167 4.9690494537353507 16.607305333018303 4.7294642478227678 8.3044577240943891 26.724227324128151 10.355252027511595 26.877211257815361 5.2925616800785056 8.0194935500621778 8.4715580791234952 8.1390244066715258
leaf_count=96 42 31 22 89 25 36 150 52 176 23 41 42 38
internal_value=0.000730402 0.00664856 0.00927301 -0.0325541 0.0101699 0.00174404 0.0123301 0.0044466 0.0192523 0.0255603 0.022637 0.00264799 0.00327208
internal_weight=163.401 138.878 132.507 24.5231 127.538 26.346 101.192 47.5905 53.6014 18.0415 13.3121 37.2353 28.7637
internal_count=863 732 701 131 679 125 554 228 326 89 64 176 134
is_linear=0
shrinkage=0.03


Tree=31
num_leaves=13
num_cat=0
split_feature=6 8 2 6 11 13 2 1 13 13 13 13
split_gain=44.5479 51.6352 14.2881 11.4527 9.03808 6.19731 3.77807 2.43494 0.840921 0.718015 0.639668 0.602663
threshold=2.5000000000000004 1.0000000180025095e-35 2.5000000000000004 1.5000000000000002 1.0000000180025095e-35 1.8333333333333337 3.5000000000000004 1.0000000180025095e-35 1.8333333333333337 2.8333333333333335 1.8333333333333337 2.8333333333333335
decision_type=2 2 2 2 2 2 2 2 2 2 2 2
left_child=1 2 3 4 8 -4 7 9 -1 -3 -6 -12
right_child=-2 6 5 -5 10 -7 -8 -9 -10 -11 11 -13
leaf_value=-0.0022733895119629445 -0.039556262842604592 0.007967936231831993 -0.013810542583402538 -0.045099154814196893 0.032086051111297205 -0.041986932660883103 0.033813190102376968 0.035706274977799678 -0.014651458859415389 0.021686843447071922 0.0087067411982413561 0.022849688549869879
leaf_weight=20.019565075635914 21.337412714958191 12.797365769743925 18.34113131463528 4.325109899044036 4.6533164232969311 11.96607495844364 36.988737225532532 5.4639822393655768 6.868458926677703 5.4967276602983466 5.5235238373279563 8.3993824422359449
leaf_count=87 115 65 76 19 25 58 256 36 28 31 24 43
internal_value=0.00071416 0.00686005 -0.00892831 0.000907599 0.00543953 -0.0251355 0.0277073 0.0179734 -0.00558906 0.0123486 0.0215079 0.0175549
internal_weight=162.181 140.843 80.0966 49.7894 45.4642 30.3072 60.7468 23.7581 26.888 18.2941 18.5762 13.9229
internal_count=863 748 360 226 207 134 388 132 115 96 92 67
is_linear=0
shrinkage=0.03


Tree=32
num_leaves=11
num_cat=0
split_feature=6 8 9 10 7 14 11 14 1 14
split_gain=42.7434 49.4586 15.9169 9.28211 11.1014 2.78696 0.969129 1.19199 0.179611 0.0619807
threshold=2.5000000000000004 1.0000000180025095e-35 1.0000000180025095e-35 1.0000000180025095e-35 1.0000000180025095e-35 2.5000000000000004 1.0000000180025095e-35 3.5000000000000004 1.0000000180025095e-35 2.5000000000000004
decision_type=2 2 2 2 2 2 2 2 2 2
left_child=1 2 3 4 6 -5 -1 9 -3 -8
right_child=-2 8 -4 5 -6 -7 7 -9 -10 -11
leaf_value=0.0087497560616752301 -0.039169443302924906 0.026448896156634007 -0.04735012293584584 -0.039216214021680518 -0.042530519456151113 -0.0089879100307910208 -0.0031216407352651029 0.015415594465466573 0.035441750232010003 0
leaf_weight=27.839670583605766 20.909153640270233 54.363878175616264 8.4786643832921964 7.4119650274515134 4.7454298436641684 4.9125792533159256 15.177216812968259 4.0612671375274649 5.3422089815139762 7.0431970953941336
leaf_count=120 115 352 38 31 23 21 71 21 36 35
internal_value=0.000701949 0.00672875 -0.00871119 -0.00400737 0.000914964 -0.0275779 0.00485106 0.000590024 0.0273616 -0.00204219
internal_weight=160.285 139.376 79.67 71.1913 58.8668 12.3245 54.1214 26.2817 59.7061 22.2204
internal_count=863 748 360 322 270 52 247 127 388 106
is_linear=0
shrinkage=0.03


Tree=33
num_leaves=15
num_cat=0
split_feature=8 0 1 1 2 11 2 13 2 1 13 18 18 18
split_gain=35.0489 31.8762 21.7937 13.7804 18.1381 7.98435 8.4483 6.14985 5.17604 2.43349 0.776008 1.06369 0.291194 0.543983
threshold=1.0000000180025095e-35 1.5000000000000002 1.5000000000000002 1.0000000180025095e-35 2.5000000000000004 1.0000000180025095e-35 1.5000000000000002 1.8333333333333337 3.5000000000000004 1.0000000180025095e-35 1.8333333333333337 1.5000000000000002 2.5000000000000004 1.5000000000000002
decision_type=2 2 2 2 2 2 2 2 2 2 2 2 2 2
left_child=3 2 8 4 5 6 -1 -6 9 12 -7 -12 13 -2
right_child=1 -3 -4 -5 7 10 -8 -9 -10 -11 11 -13 -14 -15
leaf_value=-0.016925850131909025 0.0089064027840427516 -0.045076185339629808 -0.037526922866730879 -0.040336296970441728 -0.013251541363873026 0.031697043907157087 0.018855432368041138 -0.041075981234211231 0.035772126450056688 0.035186562848306444 0.0030275498130704205 0.021702293174959524 0.005291357658636908 0.023819597359648781
leaf_weight=18.154437199234962 7.7005558609962517 6.6790064722299567 4.7689329981803885 12.918640688061712 18.303720206022266 4.5850228220224407 8.6531109809875506 12.325004070997236 34.963707789778709 5.2220665514469138 4.4392819106578818 9.5904534906148893 6.2745129317045203 3.9719944000244141
leaf_count=78 40 36 27 69 76 25 37 62 253 36 21 47 35 21
internal_value=0.000685339 0.0166399 0.0233017 -0.0117633 -0.00682362 0.00515398 -0.0052375 -0.024643 0.0283992 0.0170382 0.0202273 0.0160688 0.0114256 0.0143952
internal_weight=158.55 69.5808 62.9018 88.9697 76.051 45.4223 26.8075 30.6287 58.1328 23.1691 18.6148 14.0297 17.9471 11.6726
internal_count=863 448 412 415 346 208 115 138 385 132 93 68 96 61
is_linear=0
shrinkage=0.03


Tree=34
num_leaves=17
num_cat=0
split_feature=8 0 4 9 4 2 11 10 2 11 18 4 13 18 18 18
split_gain=33.4709 30.6023 20.9297 16.2582 12.756 14.113 7.67736 8.68882 5.16615 4.56557 3.13527 2.39337 0.761866 1.01547 0.277416 0.523811
threshold=1.0000000180025095e-35 1.5000000000000002 1.8333333333333337 1.0000000180025095e-35 1.0000000180025095e-35 3.5000000000000004 1.0000000180025095e-35 1.0000000180025095e-35 3.5000000000000004 1.0000000180025095e-35 1.5000000000000002 0.83333333333333337 1.8333333333333337 1.5000000000000002 2.5000000000000004 1.5000000000000002
decision_type=2 2 2 2 2 2 2 2 2 2 2 2 2 2 2 2
left_child=3 2 8 4 5 9 7 -7 11 10 -1 14 -11 -14 15 -2
right_child=1 -3 -4 -5 -6 6 -8 -9 -10 12 -12 -13 13 -15 -16 -17
leaf_value=0.01019227083876924 0.0086797909231173913 -0.044595038134774084 -0.037175995407245081 -0.04378059731106803 -0.040176005387077898 0.003272274486523162 -0.045604572869702528 -0.044643413342982483 0.03555876912098984 0.031275924329168245 -0.011373634488894 0.034940175466120042 0.0029419491334622887 0.021238062343806815 0.0051494703782622572 0.023394022017700085
leaf_weight=12.766518324613573 7.6676683723926597 6.5515438169240943 4.6719432026147834 12.043552458286284 8.7567481547594053 13.257877528667455 7.2549044936895362 4.4364005774259558 34.131468564271927 4.5098440796136883 11.380698055028914 5.103620931506156 4.4343821555376044 9.5095073580741865 6.2570021152496329 3.9254530817270279
leaf_count=55 40 36 27 60 47 58 33 20 253 25 49 36 21 47 35 21
internal_value=0.000674944 0.0164503 0.0230365 -0.0114928 -0.00630689 -0.00181908 -0.0197303 -0.00875617 0.0280732 0.00862197 0 0.0167063 0.019813 0.0156956 0.0111603 0.0140761
internal_weight=156.659 68.3087 61.7572 88.3504 76.3069 67.5501 24.9492 17.6943 57.0852 42.6009 24.1472 22.9537 18.4537 13.9439 17.8501 11.5931
internal_count=863 448 412 415 355 308 111 78 385 197 104 132 93 68 96 61
is_linear=0
shrinkage=0.03


Tree=35
num_leaves=9
num_cat=0
split_feature=6 8 9 2 2 3 10 2
split_gain=41.2954 31.5736 17.6597 11.7792 7.40199 4.53608 4.20334 1.56588
threshold=2.5000000000000004 1.0000000180025095e-35 1.0000000180025095e-35 3.5000000000000004 3.5000000000000004 1.0000000180025095e-35 1.0000000180025095e-35 1.5000000000000002
decision_type=2 2 2 2 2 2 2 2
left_child=1 2 3 6 5 -3 7 -1
right_child=-2 4 -4 -5 -6 -7 -8 -9
leaf_value=0.01601205357129298 -0.03807094052763086 0.0037316184282250153 -0.045714152306384502 -0.016455973169492846 0.034396959541015008 0.034777641423572099 -0.013925018636513988 0.00010941062851043013
leaf_weight=30.161882698535919 21.258991837501526 17.448087394237522 8.5518632382154447 25.303134053945541 30.372991949319839 5.6318214237689963 5.8719178140163413 7.3000514656305304
leaf_count=145 125 94 40 113 230 41 24 32
internal_value=0.000582253 0.00691944 -0.00532212 -0.000186622 0.0246299 0.0115541 0.00926018 0.0130016
internal_weight=151.901 130.642 77.1888 68.637 53.4529 23.0799 43.3339 37.4619
internal_count=844 719 354 314 365 135 201 177
is_linear=0
shrinkage=0.03


Tree=36
num_leaves=17
num_cat=0
split_feature=6 8 9 2 11 2 11 2 3 14 18 18 18 18 18 14
split_gain=39.6609 30.2615 16.9027 11.1121 8.09372 7.32292 5.19333 6.17139 4.42102 2.42082 0.979496 0.763366 0.707218 0.522033 0.519114 0.209237
threshold=2.5000000000000004 1.0000000180025095e-35 1.0000000180025095e-35 3.5000000000000004 1.0000000180025095e-35 3.5000000000000004 1.0000000180025095e-35 1.5000000000000002 1.0000000180025095e-35 2.5000000000000004 3.5000000000000004 1.5000000000000002 2.5000000000000004 1.5000000000000002 2.5000000000000004 2.5000000000000004
decision_type=2 2 2 2 2 2 2 2 2 2 2 2 2 2 2 2
left_child=1 2 3 6 10 8 7 14 9 13 12 -8 -5 -3 -1 -13
right_child=-2 5 -4 4 -6 -7 11 -9 -10 -11 -12 15 -14 -15 -16 -17
leaf_value=-0.013362744281199582 -0.037752821575186349 0.0019982302200918802 -0.045019035778017372 -0.003840251541132841 -0.04469257211096727 0.034180007317051141 0.012890796120917614 0.021242875504787453 0.03455205550213078 0.020441312613084846 0.0055114951590220108 0.02016538400285952 -0.018241196541645695 -0.01008606950943808 -0.00086396439219941601 0.032701730162684919
leaf_weight=12.29328089952469 20.802726954221725 6.3221450150013023 8.4268262982368451 8.4997442513704353 6.481596738100051 29.660219237208366 7.4156830757856396 8.3327996134758013 5.5011618435382834 5.2919899374246588 4.7776287198066703 5.3052928745746595 5.5060098320245734 5.8013044744729996 4.6604143530130377 5.1561273783445358
leaf_count=54 125 33 40 37 30 230 37 36 41 31 21 26 25 30 20 28
internal_value=0.000571346 0.00677847 -0.0051879 -0.000180475 -0.0159886 0.0243042 0.00901874 0.000134553 0.0112989 0.00362716 -0.00574063 0.0213476 -0.00980348 -0.00357412 -0.0101281 0.0268794
internal_weight=150.235 129.432 76.8554 68.4286 25.265 52.5768 43.1636 25.2865 22.9166 17.4154 18.7834 17.8771 14.0058 12.1234 16.9537 10.4614
internal_count=844 719 354 314 113 365 201 110 135 94 83 91 62 63 74 54
is_linear=0
shrinkage=0.03


Tree=37
num_leaves=16
num_cat=0
split_feature=1 8 12 7 10 13 11 18 13 13 13 13 11 18 18
split_gain=29.2321 25.799 15.0192 9.19656 8.74707 2.56457 9.37625 2.49519 7.13043 2.36091 0.912235 0.768182 0.442102 0.708053 0.00661893
threshold=1.5000000000000002 1.0000000180025095e-35 1.5000000000000002 1.0000000180025095e-35 1.0000000180025095e-35 1.5833333333333337 1.0000000180025095e-35 1.5000000000000002 1.8333333333333337 1.8333333333333337 2.8333333333333335 2.4166666666666674 1.0000000180025095e-35 2.5000000000000004 2.5000000000000004
decision_type=2 2 2 2 2 2 2 2 2 2 2 2 2 2 2
left_child=1 3 7 4 5 12 -7 8 -3 -9 -8 -6 13 -1 -12
right_child=-2 2 -4 -5 11 6 10 9 -10 -11 14 -13 -14 -15 -16
leaf_value=0.0046153421787282637 -0.037124092387141587 0.032157655298075905 -0.044708921122694686 -0.04163679746645528 -0.034878767319552466 -0.040784006582540167 -0.0035873470638875674 0.017981552461608773 -0.019595649281174313 0.033672850771226788 0.012099735537530302 -0.016292055293113006 -3.4878086818291558e-06 0.014681891264991967 0.0066609937832796231
leaf_weight=21.87427289783955 16.355218425393105 5.6331109255552274 2.825756609439849 5.8442410081624976 6.2298993766307813 5.3274494558572796 7.1483069807291058 14.931031689047812 3.9588284492492676 26.745273604989052 5.7280677258968336 4.5756794065237045 7.1346713453531256 9.7681503444910032 4.4196950346231461
leaf_count=95 102 34 15 30 27 27 33 109 22 198 31 21 36 41 23
internal_value=0.000561671 0.00527318 0.0211879 -0.00573138 -0.0027302 0.0016186 -0.00632523 0.0249583 0.0105065 0.0281796 0.00428956 -0.0275048 0.00633475 0.0078539 0.0101118
internal_weight=148.5 132.144 54.094 78.0504 72.2062 61.4006 22.6235 51.2682 9.59194 41.6763 17.2961 10.8056 38.7771 31.6424 10.1478
internal_count=844 742 378 364 334 286 114 363 56 307 87 48 172 136 54
is_linear=0
shrinkage=0.03


Tree=38
num_leaves=10
num_cat=0
split_feature=6 10 7 11 13 14 5 13 13
split_gain=36.6219 15.609 15.6327 2.76017 1.11342 1.05145 0.9552 0.338439 0.0544656
threshold=2.5000000000000004 1.0000000180025095e-35 1.0000000180025095e-35 1.0000000180025095e-35 2.8333333333333335 2.5000000000000004 2.7083333333333335 3.5833333333333335 1.4166666666666667
decision_type=2 2 2 2 2 2 2 2 2
left_child=1 2 3 6 8 -3 7 -1 -5
right_child=-2 5 -4 4 -6 -7 -8 -9 -10
leaf_value=0.013107514371149903 -0.037158120361080758 -0.036376430380224895 -0.041742106412030286 -3.3844303516981146e-06 0.010612325932570712 -0.015094231404075576 0.029295049225975672 0.021896079285551068 -0.0041744092849333655
leaf_weight=77.615203000605106 19.907733380794525 6.2259757220745069 4.9631484150886527 7.1346769481897372 9.9570237100124341 4.3963306397199631 4.1104616075754157 5.5348850935697547 7.0694878846406937
leaf_count=456 125 27 25 36 53 20 32 38 32
internal_value=0.000546713 0.00650494 0.00970778 0.0120618 0.00291723 -0.0280709 0.0145533 0.0137542 -0.00230372
internal_weight=146.915 127.007 116.385 111.422 24.1612 10.6223 87.2605 83.1501 14.2042
internal_count=844 719 672 647 121 47 526 494 68
is_linear=0
shrinkage=0.03


Tree=39
num_leaves=16
num_cat=0
split_feature=9 1 8 2 11 2 11 2 4 18 18 18 18 18 18
split_gain=28.6943 27.9579 16.5374 10.9458 8.11627 6.9985 4.78205 5.75446 4.62702 0.906297 0.742003 0.645366 0.490846 0.170456 0.010979
threshold=1.0000000180025095e-35 1.5000000000000002 1.0000000180025095e-35 3.5000000000000004 1.0000000180025095e-35 3.5000000000000004 1.0000000180025095e-35 1.5000000000000002 0.83333333333333337 3.5000000000000004 1.5000000000000002 2.5000000000000004 2.5000000000000004 2.5000000000000004 1.5000000000000002
decision_type=2 2 2 2 2 2 2 2 2 2 2 2 2 2 2
left_child=1 2 3 6 9 8 7 12 13 11 -8 -5 -1 14 -4
right_child=-2 -3 5 4 -6 -7 10 -9 -10 -11 -12 -13 -14 -15 -16
leaf_value=-0.012750878017581509 -0.041841503099734209 -0.036506537346363346 -0.0011454851022059769 -0.0035604511220521827 -0.043621427789255034 0.031964894686056067 0.012456045687239218 0.020821645422963907 0.034026620707612032 0.005529098368213828 0.026320564403565495 -0.017441980171688035 -0.00054322904606827842 0.0056180321312014631 0.00055952657026498158
leaf_weight=12.210105121135713 12.980843603610991 13.195318564772604 7.1380527615547233 8.4152685403823906 6.8613317012786856 28.849006846547127 7.3588773459196117 8.2515408247709292 5.1817113161087027 4.7194728702306739 10.287292852997778 5.4024360924959174 4.6102950870990744 6.4244809597730628 3.8546615540981293
leaf_count=54 70 86 38 37 33 234 37 36 41 21 54 25 20 37 21
internal_value=0.000530225 0.00472416 0.00932621 -0.000331745 -0.0159346 0.0221473 0.00889056 0.000332489 0.00939672 -0.00534653 0.0208105 -0.00928972 -0.00960518 0.00174551 -0.00027751
internal_weight=145.741 132.76 119.565 68.1166 25.3985 51.4479 42.7181 25.0719 22.5989 18.5372 17.6462 13.8177 16.8204 17.4172 10.9927
internal_count=844 774 688 317 116 371 201 110 137 83 91 62 74 96 59
is_linear=0
shrinkage=0.03


Tree=40
num_leaves=13
num_cat=0
split_feature=6 8 9 2 13 2 3 2 13 13 13 2
split_gain=30.4715 33.8864 13.1992 7.76319 7.18667 4.54951 3.27497 0.790301 1.02038 1.0241 0.93729 0.374348
threshold=2.5000000000000004 1.0000000180025095e-35 1.0000000180025095e-35 3.5000000000000004 1.8333333333333337 3.5000000000000004 1.0000000180025095e-35 1.5000000000000002 3.5833333333333335 2.8333333333333335 1.8333333333333337 4.5000000000000009
decision_type=2 2 2 2 2 2 2 2 2 2 2 2
left_child=1 2 3 7 11 6 -3 8 9 10 -1 -5
right_child=-2 5 -4 4 -6 -7 -8 -9 -10 -11 -12 -13
leaf_value=0.0091082830453704001 -0.036676349655340112 0.0064574711713971337 -0.043751811009873513 -0.0083348303049019992 -0.039238776751722874 0.031537761039776811 0.033849445474076402 -0.0034950983258319195 -0.0054183027845861372 0.01969799022188148 -0.0037920210465390452 0.00066998239593011374
leaf_weight=17.203411832451827 18.788717404007912 17.317473232746128 8.207068204879759 15.453972175717359 8.3616229444742185 27.922769077122211 5.1837259680032721 9.3850551098585111 5.4581264406442633 5.8321708887815467 6.7191359400749198 4.8398524522781363
leaf_count=82 123 96 40 65 45 232 42 41 28 32 30 20
internal_value=-0.00102234 0.00405826 -0.00787725 -0.00376292 -0.0159397 0.023377 0.0130225 0.00401207 0.00610209 0.00832692 0.00535938 -0.00604742
internal_weight=150.673 131.884 81.4604 73.2533 28.6554 50.424 22.5012 44.5979 35.2128 29.7547 23.9225 20.2938
internal_count=876 753 383 343 130 370 138 213 172 144 112 85
is_linear=0
shrinkage=0.03


Tree=41
num_leaves=10
num_cat=0
split_feature=6 8 9 10 13 11 3 13 13
split_gain=29.3322 32.4052 12.6819 10.236 1.09729 0.896374 0.520136 0.430543 0.114057
threshold=2.5000000000000004 1.0000000180025095e-35 1.0000000180025095e-35 1.0000000180025095e-35 1.8333333333333337 1.0000000180025095e-35 1.0000000180025095e-35 3.5833333333333335 2.8333333333333335
decision_type=2 2 2 2 2 2 2 2 2
left_child=1 2 3 4 5 -1 -3 8 -6
right_child=-2 6 -4 -5 7 -7 -8 -9 -10
leaf_value=0.0062247132471129098 -0.036417252776697606 0.021717097053038061 -0.043156221655136835 -0.030896042183720749 -0.0094736559756610373 -0.0045537925099791796 0.033654233975362095 0.0032012448148759647 -0.003698426133424108
leaf_weight=31.95787900686264 18.361886724829674 44.555031605064869 8.0741142779588682 10.525186628103254 8.1521825343370473 8.4580089598894101 5.0598334148526183 4.6941270083189002 9.220201388001442
leaf_count=138 123 328 40 47 39 43 42 26 50
internal_value=-0.0010034 0.00397309 -0.00768353 -0.0036658 0.000915249 0.00388933 0.0230601 -0.00438956 -0.00661893
internal_weight=149.058 130.697 81.0817 73.0076 62.4824 40.4159 49.6149 22.0665 17.3724
internal_count=876 753 383 343 296 181 370 115 89
is_linear=0
shrinkage=0.03


Tree=42
num_leaves=14
num_cat=0
split_feature=6 8 9 10 2 13 2 3 2 13 2 13 2
split_gain=28.2371 30.946 12.1983 9.72201 9.71834 9.89078 4.63969 3.23765 1.07671 0.253685 0.117153 0.0699725 0.00549533
threshold=2.5000000000000004 1.0000000180025095e-35 1.0000000180025095e-35 1.0000000180025095e-35 1.5000000000000002 1.8333333333333337 3.5000000000000004 1.0000000180025095e-35 3.5000000000000004 2.8333333333333335 3.5000000000000004 1.8333333333333337 4.5000000000000009
decision_type=2 2 2 2 2 2 2 2 2 2 2 2 2
left_child=1 2 3 4 9 10 7 -3 -5 11 -6 -1 -12
right_child=-2 6 -4 8 5 -7 -8 -9 -10 -11 12 -13 -14
leaf_value=0.011686892893420051 -0.036168604123535855 0.0057064069821231456 -0.042590307598278261 -0.020200350674008369 -0.0050597240952296079 -0.041783021007328676 0.031148006983987054 0.033464721916046165 -0.04196404649569823 0.017342415459173765 -0.0005603770586884929 0.0059461844587192112 0.00046802401316133692
leaf_weight=16.397634997963912 17.940533354878426 17.063628688454632 7.9393248409032813 5.915659233927725 6.2349883913993898 7.1018069982528678 26.868337079882622 4.9382373914122573 4.5239954441785812 9.5790507197380048 12.908186569809915 5.3899053782224646 4.8338285088539115
leaf_count=79 123 96 40 25 28 38 232 42 22 53 54 24 20
internal_value=-0.000985149 0.00388275 -0.00748348 -0.0035651 0.000885138 -0.0109352 0.022719 0.0121956 -0.0302249 0.0126899 -0.00153813 0.0104374 -0.000110993
internal_weight=147.635 129.695 80.8244 72.8851 62.4454 31.0788 48.8702 22.0019 10.4397 31.3666 23.977 21.7875 17.742
internal_count=876 753 383 343 296 140 370 138 47 156 102 103 74
is_linear=0
shrinkage=0.03


Tree=43
num_leaves=15
num_cat=0
split_feature=6 10 7 11 2 2 1 2 2 2 13 13 13 13
split_gain=27.1952 16.058 14.5258 4.45278 31.0321 5.98597 2.54591 2.48976 2.20929 1.47734 0.50046 1.11073 0.205641 0.0147445
threshold=2.5000000000000004 1.0000000180025095e-35 1.0000000180025095e-35 1.0000000180025095e-35 1.5000000000000002 3.5000000000000004 1.0000000180025095e-35 1.5000000000000002 4.5000000000000009 3.5000000000000004 1.8333333333333337 2.8333333333333335 1.8333333333333337 2.8333333333333335
decision_type=2 2 2 2 2 2 2 2 2 2 2 2 2 2
left_child=1 2 3 5 10 6 7 12 -7 -3 -5 -12 -1 -14
right_child=-2 9 -4 4 -6 8 -8 -9 -10 -11 11 -13 13 -15
leaf_value=0.0028538054211922244 -0.035929833102520785 -0.01967767900853978 -0.046458316714201607 0.030596891013032004 -0.046340398136662103 0.02260874608900058 0.022945546406901551 -0.015003111418322926 0.00045430656839204119 -0.044159248255657133 0.0057819524153306743 0.024185133855920023 0.010780268374164946 0.0058285298293241569
leaf_weight=18.469574004411701 17.524912536144257 5.893598258495329 4.2844683676958075 4.6151959747076097 9.1254981458187086 39.013140790164471 5.6067725867032996 6.6998635381460181 4.8334157466888419 4.7732122093439102 5.3797087073326102 8.473988398909567 5.0993072986602765 6.1413824260234833
leaf_count=88 123 25 23 27 43 290 46 31 20 24 24 48 27 37
internal_value=-0.000968274 0.00380408 0.00702631 0.00911158 -0.00127089 0.0124807 0.00428208 0.00127096 0.0202414 -0.0312198 0.0209661 0.0173464 0.00507952 0.00841466
internal_weight=145.934 128.409 117.742 113.458 27.5944 85.8635 42.0169 36.4101 43.8466 10.6668 18.4689 13.8537 29.7103 11.2407
internal_count=876 753 704 681 142 539 229 183 310 49 99 72 152 64
is_linear=0
shrinkage=0.03


Tree=44
num_leaves=12
num_cat=0
split_feature=9 10 1 7 11 2 2 2 3 2 2
split_gain=22.9986 20.1556 18.5318 17.6374 8.32399 29.8235 6.17971 3.82116 3.56313 3.51416 1.25857
threshold=1.0000000180025095e-35 1.0000000180025095e-35 1.5000000000000002 1.0000000180025095e-35 1.0000000180025095e-35 1.5000000000000002 3.5000000000000004 4.5000000000000009 1.0000000180025095e-35 1.5000000000000002 2.5000000000000004
decision_type=2 2 2 2 2 2 2 2 2 2 2
left_child=1 2 3 4 6 -6 8 -8 9 -1 -3
right_child=-2 10 -4 -5 5 -7 7 -9 -10 -11 -12
leaf_value=0.010224678246463056 -0.040017229268627774 -0.02116780655951099 -0.035094352026252926 -0.044551953121369704 0.020582590121105315 -0.045490211155898408 0.02956528000606987 0.00044098959724290533 0.033156715934480399 -0.013965186199773268 -0.041569487569002667
leaf_weight=26.920176088809967 12.307530984282492 6.6861173361539823 8.7252113670110685 4.9622086584568015 18.26875035464764 9.1371791958808881 34.540465116500854 4.8330146074295035 4.7381206825375548 6.5780910849571219 6.7904337495565414
leaf_count=140 72 31 64 28 99 44 268 20 42 30 38
internal_value=-0.000948954 0.0026936 0.00666975 0.0100393 0.0126873 -0.00142241 0.0177038 0.0260765 0.00895828 0.00535777 -0.031899
internal_weight=144.487 132.18 118.703 109.978 105.016 27.4059 77.6099 39.3735 38.2364 33.4983 13.4766
internal_count=876 804 735 671 643 143 500 288 212 170 69
is_linear=0
shrinkage=0.03


Tree=45
num_leaves=14
num_cat=0
split_feature=6 8 2 14 2 1 14 18 14 18 18 18 14
split_gain=25.9566 21.8078 9.08845 7.11263 4.36179 2.94021 1.40947 0.62597 0.476337 0.387543 0.195114 0.0566491 0.635765
threshold=2.5000000000000004 1.0000000180025095e-35 2.5000000000000004 1.5000000000000002 3.5000000000000004 1.0000000180025095e-35 3.5000000000000004 2.5000000000000004 1.5000000000000002 2.5000000000000004 3.5000000000000004 1.5000000000000002 2.5000000000000004
decision_type=2 2 2 2 2 2 2 2 2 2 2 2 2
left_child=1 2 6 9 5 7 8 -3 -1 -4 -11 -10 -13
right_child=-2 4 3 -5 -6 -7 -8 -9 11 10 -12 12 -14
leaf_value=0.0046164675323272066 -0.035469268471486008 0.0092050803954999323 -0.0016878967836836862 -0.037550295199107235 0.030554983255723232 0.032951359424458093 0.016439163121249132 -0.0031855283540420847 -0.0043139833551522977 -0.014442889022937951 -0.0048576231742277686 -0.0084310976131970281 0.0062725144889529735
leaf_weight=23.50343331694603 15.519126847386358 10.923844233155252 9.6751726716756874 9.9773612171411497 24.980809427797794 4.4193679839372626 7.0770475268363944 4.9928493946790686 5.950968503952029 5.7828361243009549 4.8700964152812958 4.8229455798864347 5.5697652250528336
leaf_count=111 114 60 41 60 229 40 35 30 28 25 21 22 31
internal_value=0.000929347 0.00558844 -0.00407492 -0.0168725 0.0220956 0.0114587 0.00414475 0.00513539 0.00185041 -0.00644247 -0.0104258 -0.00194883 -0.000280399
internal_weight=138.066 122.546 77.2296 30.3055 45.3169 20.3361 46.9242 15.9167 39.8471 20.3281 10.6529 16.3437 10.3927
internal_count=847 733 374 147 359 130 227 90 192 87 46 81 53
is_linear=0
shrinkage=0.03


Tree=46
num_leaves=14
num_cat=0
split_feature=6 8 2 13 2 1 13 18 13 18 18 18 18
split_gain=24.9756 20.8947 8.62998 6.95178 4.31637 2.8781 1.33302 0.593767 0.449403 0.364973 0.181963 0.0532516 0.00243454
threshold=2.5000000000000004 1.0000000180025095e-35 2.5000000000000004 1.8333333333333337 3.5000000000000004 1.0000000180025095e-35 3.5833333333333335 2.5000000000000004 1.8333333333333337 2.5000000000000004 3.5000000000000004 1.5000000000000002 2.5000000000000004
decision_type=2 2 2 2 2 2 2 2 2 2 2 2 2
left_child=1 2 6 9 5 7 8 -3 -1 -4 -11 -10 -13
right_child=-2 4 3 -5 -6 -7 -8 -9 11 10 -12 12 -14
leaf_value=0.0044848465397618886 -0.035255849889053663 0.008974091841032825 -0.0016374894368458574 -0.037237903005283172 0.030336220393325713 0.032778170166048726 0.016005995452475857 -0.0030862402951684596 -0.0041855579067379863 -0.014024078122123487 -0.0047159814662579526 -0.00066695846285985 0
leaf_weight=23.470853343605995 15.150850564241408 10.872236385941507 9.6768734306097084 9.7633072137832624 24.415408119559288 4.3115945607423773 7.0535823851823798 5.0019467473030081 5.9525976479053524 5.7798975855112058 4.8688968122005463 6.4696219563484174 3.9190647155046463
leaf_count=111 114 60 41 60 229 40 35 30 28 25 21 33 20
internal_value=0.000908319 0.00546579 -0.00397228 -0.0165024 0.0217898 0.0112061 0.00402653 0.00499055 0.00179416 -0.00626187 -0.0101308 -0.00189176 -0.000264051
internal_weight=136.707 121.556 76.9547 30.089 44.6012 20.1858 46.8657 15.8742 39.8121 20.3257 10.6488 16.3413 10.3887
internal_count=847 733 374 147 359 130 227 90 192 87 46 81 53
is_linear=0
shrinkage=0.03


Tree=47
num_leaves=12
num_cat=0
split_feature=6 9 7 10 8 2 11 2 5 2 11
split_gain=24.0356 21.7477 16.1777 10.7355 6.74143 9.45378 18.2844 5.99476 2.81705 1.65728 0.771576
threshold=2.5000000000000004 1.0000000180025095e-35 1.0000000180025095e-35 1.0000000180025095e-35 1.0000000180025095e-35 1.5000000000000002 1.0000000180025095e-35 3.5000000000000004 0.36666666666666675 3.5000000000000004 1.0000000180025095e-35
decision_type=2 2 2 2 2 2 2 2 2 2 2
left_child=1 2 3 4 5 10 9 8 -6 -7 -1
right_child=-2 -3 -4 -5 7 6 -8 -9 -10 -11 -12
leaf_value=0.012323053565527166 -0.035050372056965852 -0.041051195391630491 -0.045171418081387402 -0.016558080856933357 0.0048493824497661151 -0.002539982332377894 -0.043928420359669595 0.033688422593872391 0.032609320456391089 0.016542696611347177 0.023836376085361984
leaf_weight=10.222299784421923 14.788542769849299 8.3374929428100568 4.6596025526523581 11.021176949143408 15.832600966095926 5.5837456136941972 7.7582852095365515 23.267260573804379 4.2060160115361205 12.864307597279547 16.834447935223579
leaf_count=46 114 45 26 50 90 25 38 226 40 54 93
internal_value=0.000887304 0.00534487 0.00885117 0.0112585 0.014478 0.00722754 -0.0055186 0.0232891 0.010958 0.0106226 0.0196584
internal_weight=135.376 120.587 112.25 107.59 96.569 53.2631 26.2063 43.3059 20.0386 18.4481 27.0567
internal_count=847 733 688 662 612 256 117 356 130 79 139
is_linear=0
shrinkage=0.03


Tree=48
num_leaves=18
num_cat=0
split_feature=17 7 8 18 10 8 1 13 11 11 13 18 13 13 14 13 18
split_gain=18.3507 13.8774 12.5134 2.99378 11.6001 1.44448 4.18477 1.22761 5.78418 3.19521 1.04942 0.418473 6.88956 1.68407 0.684618 0.289261 0.0102736
threshold=1.0000000180025095e-35 1.0000000180025095e-35 1.0000000180025095e-35 1.5000000000000002 1.0000000180025095e-35 1.0000000180025095e-35 1.5000000000000002 1.8333333333333337 1.0000000180025095e-35 1.0000000180025095e-35 2.8333333333333335 1.5000000000000002 1.8333333333333337 1.8333333333333337 3.5000000000000004 2.8333333333333335 2.5000000000000004
decision_type=2 2 2 2 2 2 2 2 2 2 2 2 2 2 2 2 2
left_child=1 2 3 10 7 -2 -7 9 -9 16 -1 12 -4 -13 -15 -10 -5
right_child=5 -3 11 4 -6 6 -8 8 15 -11 -12 13 -14 14 -16 -17 -18
leaf_value=0.0050438321293218447 -0.0365521286388178 -0.04329468848547436 0.036587310530120043 0.011718879458333603 -0.042588843597743425 0.0089556217923994607 -0.033866621095566325 -0.036730178678200921 -0.00089054529884826175 -0.014683811798565767 0.021230058033398776 0.013089520787776284 -0.017210353027503879 0.030527106336627363 0.014024360255889256 0.0083918990329973804 0.0078359270849151039
leaf_weight=15.392056062817575 8.9400874152779579 4.9646497666835776 4.8162142783403379 12.647312700748449 6.1487706303596488 3.1045162230730057 5.3125779554247856 3.9034671038389179 4.0723168402910233 5.6822064518928519 5.0173280686140052 13.053669363260267 3.6303883790969849 16.420800395309929 3.78757020831108 7.5629616528749466 9.124726325273512
leaf_count=72 63 31 31 55 31 27 43 24 20 29 24 112 21 150 30 45 39
internal_value=0.0008703 0.00519568 0.0074233 -0.000330801 -0.00438289 -0.0277847 -0.0178004 0.00109778 -0.00552838 0.00496343 0.00925335 0.0203953 0.013183 0.0220918 0.0276661 0.00490752 0.010272
internal_weight=133.582 116.224 111.26 69.5511 49.1418 17.3572 8.41709 42.993 15.5387 27.4542 20.4094 41.7086 8.4466 33.262 20.2084 11.6353 21.772
internal_count=847 714 683 339 243 133 70 212 89 123 96 344 52 292 180 65 94
is_linear=0
shrinkage=0.03


Tree=49
num_leaves=15
num_cat=0
split_feature=9 1 10 18 8 2 11 2 11 3 18 2 18 14
split_gain=21.9386 16.8557 9.78376 13.698 8.04298 8.11392 14.9016 4.11417 3.2702 2.80466 1.14612 0.799966 0.580651 0.0340272
threshold=1.0000000180025095e-35 1.5000000000000002 1.0000000180025095e-35 1.5000000000000002 1.0000000180025095e-35 1.5000000000000002 1.0000000180025095e-35 3.5000000000000004 1.0000000180025095e-35 1.0000000180025095e-35 2.5000000000000004 3.5000000000000004 2.5000000000000004 1.5000000000000002
decision_type=2 2 2 2 2 2 2 2 2 2 2 2 2 2
left_child=1 2 4 -4 5 8 11 9 -1 12 -10 -7 -6 -9
right_child=-2 -3 3 -5 7 6 -8 13 10 -11 -12 -13 -14 -15
leaf_value=0.0025716040114549658 -0.038969844617741119 -0.034204609614447337 0.020844005400556507 -0.043867701600764829 0.0082519882886448789 -0.0036213514576071879 -0.043096805233257138 0.03324707577946167 0.017898718732723647 0.032368320676517015 0.03726792350312387 0.0092164255637600789 -0.0037930951084387647 0.026103487281385937
leaf_weight=12.202687457203867 11.267951324582098 9.1723850369453412 4.8114199042320234 7.1389418989419937 10.704894587397577 5.7453080117702546 7.7427512109279624 9.6729266196489352 12.259467139840128 4.0524642020463935 4.333749681711196 14.649310246109961 4.9368954151868811 13.605416953563688
leaf_count=56 71 76 21 36 60 26 39 95 68 40 25 67 30 137
internal_value=0.000850935 0.00461219 0.00784973 -0.0176079 0.0109394 0.00346926 -0.00790546 0.0207358 0.0146766 0.0103295 0.0233302 0.00545353 0.00425977 0.0293297
internal_weight=132.297 121.029 111.856 11.9504 99.9059 56.9333 28.1374 42.9726 28.7959 19.6943 16.5932 20.3946 15.6418 23.2783
internal_count=847 776 700 57 643 281 132 362 149 130 93 93 90 232
is_linear=0
shrinkage=0.03


Tree=50
num_leaves=14
num_cat=0
split_feature=6 8 2 11 2 13 11 2 13 3 13 13 13
split_gain=20.6635 27.1319 8.99228 4.00585 3.84591 3.53822 2.77906 6.09046 6.24188 2.21867 0.354288 0.322557 0.875775
threshold=2.5000000000000004 1.0000000180025095e-35 2.5000000000000004 1.0000000180025095e-35 3.5000000000000004 1.8333333333333337 1.0000000180025095e-35 1.5000000000000002 1.8333333333333337 1.0000000180025095e-35 2.8333333333333335 2.8333333333333335 1.4166666666666667
decision_type=2 2 2 2 2 2 2 2 2 2 2 2 2
left_child=1 2 6 5 9 -4 7 8 -1 11 -8 12 -3
right_child=-2 4 3 -5 -6 -7 10 -9 -10 -11 -12 -13 -14
leaf_value=-0.0038266736187970996 -0.034552840768040972 0.011780908512410137 -0.0071335967802609876 -0.040454151928558564 0.030798421232080805 -0.035186413944059948 0.0060556068408223413 0.014499103706596825 -0.041972772969651094 0.032239564556881838 0.01620380874783111 0.013255919484692342 -0.004868723418002925
leaf_weight=14.079477757215502 14.874200753867624 5.6667868643999153 16.820337936282165 7.1919474005699149 22.086249850690365 5.4512680619955054 8.6021437644958478 9.4717065691947955 5.3465119004249564 3.9704495742917052 6.7302107363939276 5.1725154519081107 5.2258700877428055
leaf_count=63 123 32 73 39 227 38 44 42 26 40 40 33 28
internal_value=-0.00137399 0.00288742 -0.00805942 -0.020871 0.0220841 -0.0142606 0.000435098 -0.00496882 -0.0146403 0.0122236 0.0107807 0.00692228 0.00354853
internal_weight=130.69 115.815 73.6936 29.4636 42.1219 22.2716 44.2301 28.8977 19.426 20.0356 15.3324 16.0652 10.8927
internal_count=848 725 365 150 360 111 215 131 89 133 84 93 60
is_linear=0
shrinkage=0.03


Tree=51
num_leaves=17
num_cat=0
split_feature=8 0 1 9 1 2 11 2 1 11 2 18 18 18 18 18
split_gain=17.2194 20.0545 11.0547 8.86862 8.17243 10.7416 5.28041 4.44622 1.95695 0.915972 4.4031 0.349282 0.786241 0.0686248 0.0144759 0.0841162
threshold=1.0000000180025095e-35 1.5000000000000002 1.5000000000000002 1.0000000180025095e-35 1.0000000180025095e-35 3.5000000000000004 1.0000000180025095e-35 3.5000000000000004 1.0000000180025095e-35 1.0000000180025095e-35 1.5000000000000002 2.5000000000000004 3.5000000000000004 1.5000000000000002 1.5000000000000002 2.5000000000000004
decision_type=2 2 2 2 2 2 2 2 2 2 2 2 2 2 2 2
left_child=3 2 7 4 5 9 11 8 13 10 -1 -7 -13 -2 -11 -16
right_child=1 -3 -4 -5 -6 6 -8 -9 -10 14 -12 12 -14 -15 15 -17
leaf_value=-0.0063326366035959519 0.0046951217296254417 -0.040807225582444047 -0.032756470305481976 -0.038841001315675347 -0.036604206020989211 -0.0039918372032222774 -0.040013102141450943 0.033230820304779293 0.032083212349627313 0.0088629027971861892 0.020481780760496032 -0.021289648288509492 -0.0040412491102603445 0.01008695862384678 0.017842746447070883 0.0092368508395346965
leaf_weight=15.134912624955177 7.024722337722781 5.5108734741806975 3.261759214103221 8.5087570622563344 7.1868771910667411 8.1271309852600151 7.0562412291765204 21.161920100450516 3.87207918614149 4.7325608879327765 8.4722857028245926 5.2511912733316404 5.3173656910657883 8.7291623800992948 5.6415107697248441 4.2196274399757385
leaf_count=68 39 42 28 55 52 37 39 225 40 26 37 27 25 53 32 23
internal_value=-0.00134884 0.0124931 0.0193066 -0.0100044 -0.00646353 -0.00297769 -0.0179485 0.0236133 0.0129752 0.00705657 0.00320993 -0.00929252 -0.0130119 0.00791672 0.0130107 0.0145911
internal_weight=129.209 49.5605 44.0496 79.6485 71.1397 63.9528 25.7519 40.7879 19.626 38.2009 23.6072 18.6957 10.5686 15.7539 14.5937 9.86114
internal_count=848 427 385 421 366 314 128 357 132 186 105 89 52 92 81 55
is_linear=0
shrinkage=0.03


Tree=52
num_leaves=11
num_cat=0
split_feature=6 8 2 2 11 13 6 8 11 2
split_gain=19.37 21.1644 11.0066 5.97677 3.83983 3.42514 2.29505 6.10851 2.13167 6.11133
threshold=1.5000000000000002 1.0000000180025095e-35 2.5000000000000004 3.5000000000000004 1.0000000180025095e-35 1.8333333333333337 2.5000000000000004 1.0000000180025095e-35 1.0000000180025095e-35 1.5000000000000002
decision_type=2 2 2 2 2 2 2 2 2 2
left_child=1 2 8 -3 5 -4 7 -2 9 -1
right_child=6 3 4 -5 -6 -7 -8 -9 -10 -11
leaf_value=-0.011005892966382025 -0.039036453963476561 0.0083631505224062361 -0.0066140387309546597 0.033108114445771372 -0.039675210863960642 -0.034805561625554919 -0.03418600286249162 0.012291637961881204 0.013607005659046052 0.019973794825456918
leaf_weight=17.319469824433327 4.0211042836308497 16.083936586976051 16.821937277913101 20.611818335950375 6.8166529387235633 5.1419879347085944 14.11867807805538 4.0318737924098969 14.284522861242293 8.4303106516599673
leaf_count=78 22 96 73 225 38 37 123 39 80 37
internal_value=-0.00132635 0.00401173 -0.00576648 0.022396 -0.0199024 -0.0134778 -0.0267679 -0.0131346 0.00434531 -0.000709257
internal_weight=127.682 105.511 68.8149 36.6958 28.7806 21.9639 22.1717 8.05298 40.0343 25.7498
internal_count=848 664 343 321 148 110 184 61 195 115
is_linear=0
shrinkage=0.03


Tree=53
num_leaves=14
num_cat=0
split_feature=8 0 1 9 1 18 10 18 18 13 13 13 18
split_gain=15.6862 18.7946 10.2092 8.4994 7.68868 4.87573 8.38533 1.69937 1.37859 1.49368 0.621333 0.279638 0.154411
threshold=1.0000000180025095e-35 1.5000000000000002 1.5000000000000002 1.0000000180025095e-35 1.0000000180025095e-35 1.5000000000000002 1.0000000180025095e-35 1.5000000000000002 3.5000000000000004 1.8333333333333337 2.8333333333333335 2.8333333333333335 2.5000000000000004
decision_type=2 2 2 2 2 2 2 2 2 2 2 2 2
left_child=3 2 7 4 5 11 8 -2 10 -10 12 -1 -7
right_child=1 -3 -4 -5 -6 6 -8 -9 9 -11 -12 -13 -14
leaf_value=0.007994703378502669 0.01085212943620959 -0.040592866612762409 -0.032368694096921412 -0.038363941812017112 -0.036069214602298165 0.00083346859845910689 -0.041616236843536124 0.02652908762103667 -0.0021203860005186044 -0.02660990341639681 -0.007684041901415032 0.017923195623797513 0.0066333950198884419
leaf_weight=12.703027084469797 8.9810624718666059 5.2642278000712386 3.1045613065361968 8.1981017142534238 6.8694427609443656 17.983488500118263 5.7106026560068122 30.445940554141998 5.6210033148527128 4.0160698890686035 6.9555299729108802 4.3813471049070349 6.0152234435081473
leaf_count=60 59 42 28 55 52 82 29 298 25 25 45 21 27
internal_value=-0.00130336 0.0122021 0.0188869 -0.00957441 -0.00612258 -0.00277818 -0.00786719 0.0230704 -0.00295486 -0.0128025 4.5782e-05 0.010805 0.00243319
internal_weight=126.25 47.7958 42.5316 78.4538 70.2557 63.3863 46.3019 39.427 40.5913 9.63707 30.9542 17.0844 23.9987
internal_count=848 427 385 421 366 314 233 357 204 50 154 81 109
is_linear=0
shrinkage=0.03


Tree=54
num_leaves=9
num_cat=0
split_feature=6 8 9 6 8 10 13 13
split_gain=17.8567 19.3553 7.54461 2.21306 5.65053 1.46703 0.957906 0.124994
threshold=1.5000000000000002 1.0000000180025095e-35 1.0000000180025095e-35 2.5000000000000004 1.0000000180025095e-35 1.0000000180025095e-35 1.8333333333333337 3.5833333333333335
decision_type=2 2 2 2 2 2 2 2
left_child=1 2 5 4 -2 6 -1 -8
right_child=3 -3 -4 -5 -6 -7 7 -9
leaf_value=0.0019601180170352225 -0.03823078862045904 0.02178068687065739 -0.039583484966722267 -0.033844911744937936 0.011831654036427119 -0.014336298744516097 -0.0078323477987819641 -0.00045634805740209965
leaf_weight=37.42439678311348 3.8751864209771183 35.490476183593273 5.2926689684391013 13.393059171736239 3.9450696185231209 8.1377989053726179 13.83713671565056 3.4864009469747534
leaf_count=171 22 321 31 123 39 39 80 22
internal_value=-0.00128343 0.00382947 -0.00548937 -0.0263115 -0.0127666 -0.00251397 -0.000679058 -0.00653123
internal_weight=124.882 103.669 68.1784 21.2133 7.82026 62.8857 54.7479 17.3235
internal_count=848 664 343 184 61 312 273 102
is_linear=0
shrinkage=0.03


Tree=55
num_leaves=14
num_cat=0
split_feature=6 0 1 10 2 11 2 11 18 2 5 1 18
split_gain=20.7009 2.66752 3.63906 1.682 1.05187 16.5518 5.2329 2.21778 1.43193 0.713229 0.550891 0.308989 0.164153
threshold=1.5000000000000002 1.5000000000000002 1.5000000000000002 1.0000000180025095e-35 1.5000000000000002 1.0000000180025095e-35 3.5000000000000004 1.0000000180025095e-35 2.5000000000000004 4.5000000000000009 2.7083333333333335 1.0000000180025095e-35 1.5000000000000002
decision_type=2 2 2 2 2 2 2 2 2 2 2 2 2
left_child=3 2 10 4 7 6 -6 12 -9 -8 -2 -3 -1
right_child=1 11 -4 -5 5 -7 9 8 -10 -11 -12 -13 -14
leaf_value=0.010247778223454785 -0.011840678047987396 -0.052686118148139893 -0.03302123529395725 -0.0058642311950653668 -0.012652079990783154 -0.042333193266338325 0.017532147844358165 0.014746009690357326 0.036733364288372809 0.0013980946532659729 0.005538927843193802 -0.032881214979282931 0.0046825274412662784
leaf_weight=8.8851359039545077 2.563190199434759 2.440044328570365 6.3425008729100227 7.9657307863235465 6.528002753853797 5.7082760334014884 32.40788134932518 10.987472295761107 4.0417232513427725 3.1299084573984137 4.0421366319060326 5.2187785655260086 19.53349144756794
leaf_count=47 18 17 61 39 33 31 289 63 24 13 38 50 106
internal_value=0.00136798 -0.0258875 -0.016963 0.007081 0.00824945 0.00504883 0.0116348 0.0116802 0.021061 0.0162033 -0.000833812 -0.0401753 0.00655754
internal_weight=119.794 20.6067 12.9478 99.1876 91.2219 47.7741 42.0658 43.4478 15.0292 35.5378 6.60533 7.65882 28.4186
internal_count=829 184 117 645 606 366 335 240 87 302 56 67 153
is_linear=0
shrinkage=0.03


Tree=56
num_leaves=13
num_cat=0
split_feature=6 9 8 0 8 1 10 13 1 13 13 13
split_gain=19.7945 12.5145 4.59515 2.62079 5.52912 6.94174 1.05798 1.53786 0.263168 0.19904 0.0419349 0.0827628
threshold=1.5000000000000002 1.0000000180025095e-35 1.0000000180025095e-35 1.5000000000000002 1.0000000180025095e-35 1.5000000000000002 1.0000000180025095e-35 1.8333333333333337 1.0000000180025095e-35 2.8333333333333335 2.8333333333333335 3.5833333333333335
decision_type=2 2 2 2 2 2 2 2 2 2 2 2
left_child=1 2 6 4 -2 -6 7 -1 -5 -4 -9 -12
right_child=3 -3 9 8 5 -7 -8 10 -10 -11 11 -13
leaf_value=0.0095767251203026926 -0.035423886662452754 -0.038393453989824119 0.015965726033134731 -0.052038319870565716 0.031623724815369035 -0.031643557692801243 -0.0057006511039291849 -0.0032825398986079586 -0.032721985999721911 0.022557695470724642 -0.0019062239076220015 0.0037299264972239761
leaf_weight=33.661984816193581 6.6621920019388217 5.0774852260947219 24.505064010620117 2.3981878012418738 3.4502685442566872 2.6688564866781235 7.9515658020973197 6.2234170734882381 5.089292086660862 10.389784418046473 7.5479528754949552 3.2564564943313599
leaf_count=156 53 31 218 17 38 26 39 33 50 101 46 21
internal_value=0.00133299 0.00691186 0.00944161 -0.0255632 -0.0166821 0.0034822 0.00423235 0.00585773 -0.0399086 0.018073 -0.00133212 0
internal_weight=118.883 98.6137 93.5362 20.2688 12.7813 6.11913 58.6414 50.6898 7.48748 34.8948 17.0278 10.8044
internal_count=829 645 614 184 117 64 295 256 67 319 100 67
is_linear=0
shrinkage=0.03


Tree=57
num_leaves=14
num_cat=0
split_feature=6 9 8 2 2 13 0 8 1 13 13 1 13
split_gain=19.0281 11.9751 4.43332 9.6643 8.84082 4.3593 2.51704 5.32884 6.70954 0.583089 0.311857 0.219978 0.011464
threshold=1.5000000000000002 1.0000000180025095e-35 1.0000000180025095e-35 3.5000000000000004 3.5000000000000004 1.8333333333333337 1.5000000000000002 1.0000000180025095e-35 1.5000000000000002 2.8333333333333335 3.5833333333333335 1.0000000180025095e-35 1.8333333333333337
decision_type=2 2 2 2 2 2 2 2 2 2 2 2 2
left_child=1 2 4 9 10 -6 7 -2 -9 -4 12 -8 -1
right_child=6 -3 3 -5 5 -7 11 8 -10 -11 -12 -13 -14
leaf_value=0.012779006093684878 -0.03519512691077769 -0.038030656433106151 -0.0026879698855557751 0.032704064900727553 -0.0032094264873437262 -0.034885009432726155 -0.051397563890833123 0.031476496448154777 -0.031470156196912687 0.0097262025715892982 0.020793271266359589 -0.03256677376017178 0.009244731990181769
leaf_weight=20.361304536461834 6.5073220133781451 4.9746553376317015 11.591563031077387 18.219174385070801 16.321524888277057 5.1673350632190695 2.3571137562394133 3.36418367177248 2.6045781522989273 4.6431291103363028 5.081374764442443 4.9625333845615387 11.607873141765593
leaf_count=99 53 31 69 218 72 37 17 38 26 32 27 50 60
internal_value=0.00129845 0.00674858 0.00921454 0.0177641 0.00410977 -0.0110916 -0.0254215 -0.0165885 0.00344829 0.000716638 0.0130132 -0.0396461 0.0116221
internal_weight=117.764 97.9679 92.9933 34.4539 58.5394 21.4889 19.7957 12.4761 5.96876 16.2347 37.0506 7.31965 31.9692
internal_count=829 645 614 319 295 109 184 117 64 101 186 67 159
is_linear=0
shrinkage=0.03


Tree=58
num_leaves=10
num_cat=0
split_feature=9 7 1 10 11 8 13 13 13
split_gain=14.6229 14.6921 13.2542 6.19718 4.13768 0.521767 0.485682 0.0754707 0.0151018
threshold=1.0000000180025095e-35 1.0000000180025095e-35 1.5000000000000002 1.0000000180025095e-35 1.0000000180025095e-35 1.0000000180025095e-35 2.8333333333333335 2.8333333333333335 1.8333333333333337
decision_type=2 2 2 2 2 2 2 2 2
left_child=1 2 3 4 5 -1 8 -7 -6
right_child=-2 -3 -4 -5 6 7 -8 -9 -10
leaf_value=0.012713515094195844 -0.03622590871638106 -0.040951474036249338 -0.032711504197934206 -0.0126273707644479 -0.0040305828506669705 0.017223689102574363 0.0062468912887365894 0.02254602560370704 -0.00088970209960101561
leaf_weight=26.903496235609055 8.5507217943668348 5.9771963357925406 6.9079901799559584 9.6015448123216611 6.4331800192594546 26.67049764841795 9.0845059603452665 10.570647612214087 5.7326621264219284
leaf_count=119 67 42 72 49 37 250 57 107 29
internal_value=0.00126859 0.00429899 0.00702011 0.00997223 0.0125601 0.016359 0.000929856 0.0188711 -0.00281447
internal_weight=116.432 107.882 101.905 94.9965 85.395 64.1446 21.2503 37.2411 12.1658
internal_count=829 762 720 648 599 476 123 357 66
is_linear=0
shrinkage=0.03


Tree=59
num_leaves=14
num_cat=0
split_feature=6 9 7 8 2 2 0 8 1 13 13 2 1
split_gain=17.6433 11.0104 8.13308 2.5889 9.66525 8.18126 2.37893 5.04954 6.30648 0.542536 0.303079 2.14736 0.163812
threshold=1.5000000000000002 1.0000000180025095e-35 1.0000000180025095e-35 1.0000000180025095e-35 3.5000000000000004 3.5000000000000004 1.5000000000000002 1.0000000180025095e-35 1.5000000000000002 2.8333333333333335 3.5833333333333335 1.5000000000000002 1.0000000180025095e-35
decision_type=2 2 2 2 2 2 2 2 2 2 2 2 2
left_child=1 2 3 5 9 10 7 -2 -9 -5 11 -1 -8
right_child=6 -3 -4 4 -6 -7 12 8 -10 -11 -12 -13 -14
leaf_value=0.018058452934900823 -0.034833052116230966 -0.037358022669258667 -0.038052176424237923 -0.0031440353420809182 0.032537424750096355 -0.0089317882930934189 -0.05050024348366388 0.031249485036164034 -0.031124978806897203 0.0089711585522513557 0.023177894937961172 -0.00029628844827427547 -0.032265698071755007
leaf_weight=23.255028903484348 6.2253940328955668 4.775322973728179 3.0916918516159049 11.496767953038217 17.46500189602375 19.70250029861927 2.2883421033620825 3.2324374616146088 2.4774039387702942 4.5464632213115683 4.8267867118120185 7.1775093525648108 4.711439460515976
leaf_count=121 53 31 19 69 218 97 17 38 26 32 26 32 50
internal_value=0.00123779 0.00647137 0.00882825 0.0105415 0.0171608 0.00642769 -0.025126 -0.0163202 0.00359998 0.000137736 0.0150962 0.0136444 -0.0392767
internal_weight=115.272 96.3371 91.5618 88.4701 33.5082 54.9618 18.935 11.9352 5.70984 16.0432 35.2593 30.4325 6.99978
internal_count=829 645 614 595 319 276 184 117 64 101 179 153 67
is_linear=0
shrinkage=0.03


Tree=60
num_leaves=15
num_cat=0
split_feature=9 7 10 1 18 13 18 18 2 2 18 18 18 2
split_gain=11.8292 11.2456 10.8422 9.66433 6.29549 1.24542 3.20478 1.0852 1.99123 1.92892 0.863941 0.602856 0.450994 0.125188
threshold=1.0000000180025095e-35 1.0000000180025095e-35 1.0000000180025095e-35 1.5000000000000002 1.5000000000000002 1.8333333333333337 1.5000000000000002 1.5000000000000002 1.5000000000000002 3.5000000000000004 2.5000000000000004 2.5000000000000004 3.5000000000000004 3.5000000000000004
decision_type=2 2 2 2 2 2 2 2 2 2 2 2 2 2
left_child=1 2 3 5 -4 7 -7 8 -1 11 -11 -9 13 -8
right_child=-2 -3 4 -5 -6 6 12 9 -10 10 -12 -13 -14 -15
leaf_value=0.023861446265691921 -0.035683823467897835 -0.038813054154542372 0.0049893046687653755 -0.032150192973399917 -0.040632398285291055 -0.0029712812338830385 0.023740160025819516 -7.4723097229663713e-06 0.0021404777437875632 0.0017477017276441888 0.014094602977939274 -0.013815911626648129 0.011402601984188167 0.016249215906669317
leaf_weight=7.9259743094444257 8.0278787612915021 5.6928244754672042 4.184193588793276 5.08544748276472 7.0645782425999641 7.46210654079914 13.334383644163614 7.8584457188844663 7.8844857811927795 9.5146336257457751 12.766923502087591 4.7952675670385361 7.8446730375289908 7.9846589937806121
leaf_count=45 66 41 22 56 43 43 92 46 46 56 100 25 80 93
internal_value=-0.000747328 0.00181923 0.00411384 0.00752811 -0.0235038 0.00990599 0.0141978 0.00672756 0.0132996 0.00363821 0.00898765 -0.00554286 0.0186885 0.0211636
internal_weight=117.426 109.399 103.706 92.457 11.2488 87.3716 36.6258 50.7457 15.8105 34.9353 22.2816 12.6537 29.1637 21.319
internal_count=854 788 747 682 65 626 308 318 91 227 156 71 265 185
is_linear=0
shrinkage=0.03


Tree=61
num_leaves=12
num_cat=0
split_feature=6 9 7 10 11 13 6 3 13 13 13
split_gain=14.3355 8.53078 7.65367 5.75302 2.79217 2.5886 1.48031 2.74123 0.307662 0.0410382 0.0159021
threshold=1.5000000000000002 1.0000000180025095e-35 1.0000000180025095e-35 1.0000000180025095e-35 1.0000000180025095e-35 1.8333333333333337 2.5000000000000004 2.5000000000000004 2.8333333333333335 3.5833333333333335 1.8333333333333337
decision_type=2 2 2 2 2 2 2 2 2 2 2
left_child=1 2 3 4 5 -1 7 -2 10 -10 -6
right_child=6 -3 -4 -5 8 -7 -8 -9 9 -11 -12
leaf_value=0.0086036515548829264 -0.03452705800449897 -0.036590306820192715 -0.037652138946842835 -0.016707826465695363 -0.0037050312099334778 0.022126657999985373 -0.032864062693532856 0.00374889738512507 0.0024019500237489849 0.0079680466505579056 -0.00069723147482898861
leaf_weight=41.895417533814907 2.9044198021292713 4.4102265536785117 3.4284371957182875 8.0238640904426557 6.6407668590545672 19.266732566058636 10.840316221117972 3.5167837291955948 6.3645695149898511 3.0226879417896271 6.1005257964134216
leaf_count=261 19 30 22 40 38 196 119 36 41 20 32
internal_value=-0.000732848 0.00364049 0.00558145 0.0072769 0.00964072 0.0129417 -0.0259032 -0.0133679 0.000364907 0.00457554 -0.00251516
internal_weight=116.415 99.1532 94.743 91.3146 83.2907 61.1622 17.2615 6.4212 22.1286 9.38726 12.7413
internal_count=854 680 650 628 588 457 174 55 131 61 70
is_linear=0
shrinkage=0.03


Tree=62
num_leaves=15
num_cat=0
split_feature=17 9 7 11 2 2 2 14 14 1 2 14 14 14
split_gain=11.1739 9.4512 9.2272 1.72506 19.6137 3.27731 1.62429 0.735365 0.613543 0.568268 0.315846 0.218092 0.717218 0.0147622
threshold=1.0000000180025095e-35 1.0000000180025095e-35 1.0000000180025095e-35 1.0000000180025095e-35 1.5000000000000002 3.5000000000000004 4.5000000000000009 1.5000000000000002 1.5000000000000002 1.5000000000000002 1.5000000000000002 1.5000000000000002 2.5000000000000004 3.5000000000000004
decision_type=2 2 2 2 2 2 2 2 2 2 2 2 2 2
left_child=1 2 3 5 11 7 8 -1 -7 10 -2 -5 -13 -9
right_child=9 -3 -4 4 -6 6 -8 13 -10 -11 -12 12 -14 -15
leaf_value=-0.00027333614782410896 -0.0080946037023313117 -0.035775268180022288 -0.039548976957554278 0.027064283507536882 -0.040226579238422454 0.014163462964158002 -0.0012832987620226952 0.0098498736335987849 0.024020915797343081 -0.032337196270278763 -0.02568339848400036 0.0062959123428645743 0.022626049287495592 0.0049892059408928923
leaf_weight=23.849910922348499 2.7909519970417005 5.351898416876792 3.9326530843973151 3.6381390243768719 7.3972231894731513 17.86796093732119 4.0612318068742743 8.5299147889018041 11.758662447333334 7.9372422695159912 2.3656941801309586 4.924019515514372 6.596168577671051 4.4269573688507071
leaf_count=124 25 41 27 24 43 144 17 56 151 93 19 23 43 24
internal_value=-0.000721832 0.0025991 0.00478232 0.00672858 -0.000365428 0.00903819 0.0158046 0.00273779 0.0182444 -0.0267268 -0.0170695 0.0190262 0.0160186 0.00846983
internal_weight=115.429 102.335 96.9828 93.0502 22.5556 70.4946 33.6879 36.8068 29.6266 13.0939 5.15665 15.1583 11.5202 12.9569
internal_count=854 717 676 649 133 516 312 204 295 137 44 90 66 80
is_linear=0
shrinkage=0.03


Tree=63
num_leaves=16
num_cat=0
split_feature=6 8 2 2 11 11 13 2 13 2 8 13 13 5 5
split_gain=13.1801 10.2624 10.1699 9.45031 4.27029 3.64019 3.39551 3.26954 2.34392 1.9346 3.34803 0.356565 0.429307 0.0871905 0.122481
threshold=1.5000000000000002 1.0000000180025095e-35 3.5000000000000004 2.5000000000000004 1.0000000180025095e-35 1.0000000180025095e-35 1.8333333333333337 1.5000000000000002 1.8333333333333337 1.5000000000000002 1.0000000180025095e-35 1.8333333333333337 2.8333333333333335 0.22619047619047619 0.58333333333333337
decision_type=2 2 2 2 2 2 2 2 2 2 2 2 2 2 2
left_child=1 3 8 5 6 7 -5 -1 -3 10 -2 -7 -13 -11 -15
right_child=9 2 -4 4 -6 11 -8 -9 -10 13 -12 12 -14 14 -16
leaf_value=-0.009374419260752791 -0.033213890958140084 -0.015347231520381067 0.032326254659902257 -0.003010610053463334 -0.038244871834382382 0.026721205455836217 -0.033181526111414866 0.013995208450199345 0.0087568242695963347 -0.044337287032976548 0.010023043679644636 0.0061253011549688013 0.019113190089812056 -0.017478335725683369 -0.032641930395351515
leaf_weight=15.702069565653801 3.0089164972305324 6.1155888885259619 17.906634673476219 15.200284659862524 6.5704117119312277 3.576524853706359 4.32612720131874 8.0417916774749756 8.5601569563150388 2.1164149791002265 3.124838724732399 4.9123000353574735 6.7525824904441833 2.0467342883348447 6.3875667154788971
leaf_count=74 27 38 239 68 40 24 38 36 56 17 39 23 44 18 73
internal_value=-0.000710127 0.00348001 0.017212 -0.00336456 -0.0173318 0.0059288 -0.00998292 -0.00130806 -0.00112053 -0.0252909 -0.0108982 0.0173333 0.0139973 -0.0331957 -0.0295617
internal_weight=114.349 97.6645 32.5824 65.0821 26.0968 38.9853 19.5264 23.7439 14.6757 16.6845 6.13376 15.2414 11.6649 10.5507 8.4343
internal_count=854 680 333 347 146 201 106 110 94 174 66 91 67 108 91
is_linear=0
shrinkage=0.03


Tree=64
num_leaves=18
num_cat=0
split_feature=6 8 18 10 13 6 8 13 18 18 18 13 18 13 18 13 18
split_gain=12.6512 9.80839 2.74233 3.47301 1.76971 1.56043 3.64924 0.838143 4.79835 2.06106 1.04479 0.703356 0.594574 0.820904 0.553999 0.360202 0.134667
threshold=1.5000000000000002 1.0000000180025095e-35 2.5000000000000004 1.0000000180025095e-35 1.8333333333333337 2.5000000000000004 1.0000000180025095e-35 1.8333333333333337 1.5000000000000002 1.5000000000000002 3.5000000000000004 3.5833333333333335 1.5000000000000002 2.8333333333333335 3.5000000000000004 2.8333333333333335 3.5000000000000004
decision_type=2 2 2 2 2 2 2 2 2 2 2 2 2 2 2 2 2
left_child=1 2 12 4 16 6 -2 9 -9 -3 -11 -10 15 -14 -6 -1 -4
right_child=5 7 3 -5 14 -7 -8 8 11 10 -12 -13 13 -15 -16 -17 -18
leaf_value=0.0028313361090415274 -0.035666417400354776 0.028143569240666123 0.0041779062345602917 -0.037941655613258213 -0.007063834971454558 -0.032523664783473294 0.0088417171984170439 -0.013711461448196802 0.031079302715571688 -0.0046273748239475023 0.015492547921323069 0.01198208067580199 0.00093032104686939705 -0.013405327601872246 -0.023813048059865675 0.013230671153172818 -0.0020006896116111783
leaf_weight=15.199658513069155 3.0331798419356373 4.1776696890592566 6.459471553564077 3.6626266017556182 4.1003258824348432 10.066614888608454 3.2893944531679153 2.8034284487366703 12.727305419743059 5.99867285043001 3.5508323311805725 2.8545217439532271 16.797096565365795 4.3756342977285376 4.5909376591444016 4.1225370168685904 5.3699737787246704
leaf_count=75 20 31 30 21 29 119 35 18 149 63 43 29 80 30 36 21 25
internal_value=-0.000699334 0.00340813 -0.00328455 -0.0112701 -0.00620322 -0.0250126 -0.0122663 0.0169495 0.0213281 0.0107563 0.00262603 0.0278708 0.00142648 -0.0019404 -0.0164227 0.00526127 0.0011284
internal_weight=113.18 96.7907 64.6783 24.1833 20.5207 16.3892 6.32257 32.1124 18.3853 13.7272 9.54951 15.5818 40.4949 21.1727 8.69126 19.3222 11.8294
internal_count=854 680 347 141 120 174 55 333 196 137 106 178 206 110 65 96 55
is_linear=0
shrinkage=0.03


Tree=65
num_leaves=13
num_cat=0
split_feature=9 7 1 10 2 11 2 2 2 2 8 8
split_gain=14.8645 10.5413 9.70291 9.40384 2.33391 2.32149 13.6229 5.22589 4.49912 0.630625 0.404497 0.0247366
threshold=1.0000000180025095e-35 1.0000000180025095e-35 1.5000000000000002 1.0000000180025095e-35 3.5000000000000004 1.0000000180025095e-35 3.5000000000000004 3.5000000000000004 4.5000000000000009 1.5000000000000002 1.0000000180025095e-35 1.0000000180025095e-35
decision_type=2 2 2 2 2 2 2 2 2 2 2 2
left_child=1 2 3 5 -5 7 -7 9 10 11 -9 -1
right_child=-2 -3 -4 4 -6 6 -8 8 -10 -11 -12 -13
leaf_value=0.011262623092405517 -0.03560296842306887 -0.038411321116161801 -0.031765121347367822 -0.0060770668594559664 -0.036696553825519999 0.018177623490394302 -0.037596202283051119 0.022149942104365231 -0.0047980986638972494 -4.1101376869961404e-05 0.032172843587492637 0.0076841016674771331
leaf_weight=11.086083948612215 8.7544746547937375 4.7210918366909018 5.3868676573038092 6.1758888810873014 3.7597526758909225 14.704638466238977 5.2602931782603255 9.5571463555097633 3.9585995376110068 7.7527532950043669 16.845518134534359 16.625058643519878
leaf_count=51 76 36 67 28 24 89 33 41 17 42 235 121
internal_value=0.00169924 0.00484386 0.00692911 0.00916877 -0.0182129 0.0123924 0.00321887 0.0151201 0.0242806 0.00714711 0.0287552 0.00925894
internal_weight=114.588 105.834 101.113 95.7257 9.93564 85.7901 19.9649 65.8252 30.3613 35.4639 26.4027 27.7111
internal_count=860 784 748 681 52 629 122 507 293 214 276 172
is_linear=0
shrinkage=0.03


Tree=66
num_leaves=15
num_cat=0
split_feature=1 10 18 2 2 13 2 18 13 13 13 18 13 13
split_gain=9.9016 6.13937 8.37403 2.55534 0.739526 0.596584 0.547945 0.181606 3.03155 2.10917 1.11681 0.501535 0.190973 0.00114775
threshold=1.5000000000000002 1.0000000180025095e-35 1.5000000000000002 4.5000000000000009 3.5000000000000004 2.4166666666666674 1.5000000000000002 1.5000000000000002 1.8333333333333337 1.8333333333333337 3.5833333333333335 2.5000000000000004 2.8333333333333335 3.5833333333333335
decision_type=2 2 2 2 2 2 2 2 2 2 2 2 2 2
left_child=1 3 -3 4 6 -6 7 8 -1 11 12 -9 -11 -7
right_child=-2 2 -4 -5 5 13 -8 9 -10 10 -12 -13 -14 -15
leaf_value=0.021857352970993477 -0.031924130348528035 0.017004704928055937 -0.038935730863551322 -0.013529419959632792 0.013287446783491912 0.002313086366190376 -0.0015750050920746016 0.0013555460810702393 -0.0053513987353585608 0.02112230491551486 -0.0013236558080253549 -0.0094141085516069711 0.011831953226827141 0.0063448265293452348
leaf_weight=8.0414306074380857 7.2672205343842498 3.6843231916427595 6.3433016315102577 5.2779001966118804 26.892593689262867 6.7466943860053998 8.1286082193255407 9.040448531508444 6.4169477522373191 5.9619801193475741 3.8539869785308829 6.2463020086288443 7.6809575408697128 1.5820149853825567
leaf_count=47 94 16 38 31 242 83 46 51 36 41 28 32 55 20
internal_value=0.00166275 0.00402389 -0.0181211 0.0063879 0.007595 0.0110747 0.00531153 0.00656064 0.00962163 0.00509428 0.0122108 -0.00288264 0.0162343 0.00350102
internal_weight=113.165 105.897 10.0276 95.8699 90.592 35.2213 55.3707 47.2421 14.4584 32.7837 17.4969 15.2868 13.6429 8.32871
internal_count=860 766 54 712 681 345 336 290 83 207 124 83 96 103
is_linear=0
shrinkage=0.03


Tree=67
num_leaves=13
num_cat=0
split_feature=6 7 10 11 2 2 2 18 18 2 18 18
split_gain=12.8657 8.67116 6.23491 0.840362 12.9374 5.19312 2.6548 0.373031 0.34007 0.821464 0.0934479 0.00122738
threshold=2.5000000000000004 1.0000000180025095e-35 1.0000000180025095e-35 1.0000000180025095e-35 3.5000000000000004 3.5000000000000004 4.5000000000000009 1.5000000000000002 1.5000000000000002 1.5000000000000002 2.5000000000000004 2.5000000000000004
decision_type=2 2 2 2 2 2 2 2 2 2 2 2
left_child=1 2 3 5 7 8 10 -5 9 -1 -7 -10
right_child=-2 -3 -4 4 -6 6 -8 -9 11 -11 -12 -13
leaf_value=0.012536426245293043 -0.032167448487460754 -0.039296858159290224 -0.016749707291795802 0.0098241842583937523 -0.037431199362668213 0.026872623661901719 -0.0033295340798467263 0.021614053826618764 0.00048172876870647332 -0.00050807405817029656 0.020235323768287315 0
leaf_weight=8.5453839302063006 9.1862019002437574 3.7675217539072028 9.2994165122508985 5.209152132272723 5.0867314636707297 8.7399190068244952 3.8520414829254142 9.2958972752094251 12.81088875234127 7.8763248324394217 19.538641214370728 9.3743060678243637
leaf_count=49 118 25 48 31 32 90 16 58 87 43 207 56
internal_value=0.00162025 0.00467927 0.00641007 0.00884344 0.00310261 0.0103845 0.0192918 0.0176817 0.00286311 0.00613312 0.0224799 0.000291336
internal_weight=112.582 103.396 99.6287 90.3293 19.5918 70.7375 32.1306 14.505 38.6069 16.4217 28.2786 22.1852
internal_count=860 742 717 669 121 548 313 89 235 92 297 143
is_linear=0
shrinkage=0.03


Tree=68
num_leaves=16
num_cat=0
split_feature=9 3 10 18 8 2 2 11 3 11 18 18 18 18 18
split_gain=14.2506 8.18264 6.88624 8.08516 2.9598 5.97474 2.31105 9.20875 2.20612 1.63906 0.360528 0.248842 0.151709 0.0346446 0.0120464
threshold=1.0000000180025095e-35 3.5000000000000004 1.0000000180025095e-35 1.5000000000000002 1.0000000180025095e-35 3.5000000000000004 3.5000000000000004 1.0000000180025095e-35 1.0000000180025095e-35 1.0000000180025095e-35 1.5000000000000002 2.5000000000000004 1.5000000000000002 2.5000000000000004 1.5000000000000002
decision_type=2 2 2 2 2 2 2 2 2 2 2 2 2 2 2
left_child=1 2 4 -4 6 8 9 -8 11 12 -11 14 -1 -14 -6
right_child=-2 -3 3 -5 5 -7 7 -9 -10 10 -12 -13 13 -15 -16
leaf_value=0.006590283534906074 -0.035488361141112527 -0.031435522189554227 0.017015657380108556 -0.038550099137535897 0.0029460479926032789 0.029257284421279981 0.0089591239820415065 -0.036860202789358226 0.026170055337622136 0.0095852394580451614 0.021237251999355413 -0.0057499073385750233 -0.00018380566343675564 0.002965729337506922 0
leaf_weight=8.9246459007263201 8.4966898709535581 5.2233104333281508 3.683175362646578 5.9858424589037895 6.0854893922805804 16.4866688773036 14.652819186449053 5.2738755494356147 3.2408718764781943 5.1817518621683112 9.1805404424667341 5.5541125088930121 6.046365946531294 4.2749090492725372 3.2976834625005722
leaf_count=42 76 71 16 36 37 239 69 36 40 31 58 38 29 20 22
internal_value=0.00158322 0.0046991 0.00668837 -0.0171191 0.0093487 0.0162048 0.00483137 -0.0031413 0.00410746 0.00964276 0.0173361 -0.000622052 0.00368657 0.00084875 0.00212552
internal_weight=111.589 103.092 97.8688 9.66902 88.1997 34.6648 53.5349 19.9267 18.1782 33.6082 14.3623 14.9373 19.2459 10.3213 9.38317
internal_count=860 784 713 52 661 376 285 105 137 180 89 97 91 49 59
is_linear=0
shrinkage=0.03


Tree=69
num_leaves=13
num_cat=0
split_feature=9 6 7 10 11 18 1 18 13 8 18 18
split_gain=13.72 10.0511 9.38835 7.19875 2.02718 1.02907 1.11081 0.938024 0.333866 0.0844758 0.375245 0.015145
threshold=1.0000000180025095e-35 2.5000000000000004 1.0000000180025095e-35 1.0000000180025095e-35 1.0000000180025095e-35 3.5000000000000004 1.0000000180025095e-35 3.5000000000000004 1.8333333333333337 1.0000000180025095e-35 1.5000000000000002 2.5000000000000004
decision_type=2 2 2 2 2 2 2 2 2 2 2 2
left_child=1 2 3 4 5 6 9 -6 -7 11 -11 -1
right_child=-2 -3 -4 -5 7 8 -8 -9 -10 10 -12 -13
leaf_value=0.0084805013607703941 -0.035274099945903421 -0.031751808268008386 -0.039034970722997796 -0.016031911924591781 0.0064290302737312725 0.017527928381459654 0.030829650886810209 -0.009853365926562942 0.031404983474786499 0.006330839686414293 0.015721372902317 0.012506235374178184
leaf_weight=20.652626752853397 8.2955007925629598 6.2889811545610419 3.6994587518274775 9.1386136412620527 15.286096617579462 6.7109721526503545 2.9279949963092795 3.8114706426858893 3.975642167031765 6.8888375833630588 16.38005269318819 6.3464875966310492
leaf_count=94 76 84 25 48 96 56 37 25 56 48 187 28
internal_value=0.00155313 0.00460602 0.00705424 0.00897802 0.0117845 0.0143582 0.0124831 0.00298874 0.0232119 0.0112958 0.0131086 0.00958016
internal_weight=110.403 102.107 95.8183 92.1188 82.9802 63.8826 53.196 19.0976 10.6866 50.268 23.2689 26.9991
internal_count=860 784 700 675 627 506 394 121 112 357 235 122
is_linear=0
shrinkage=0.03


Tree=70
num_leaves=18
num_cat=0
split_feature=9 7 6 8 18 11 10 1 18 13 13 13 18 11 13 18 13
split_gain=13.0696 9.86286 8.54927 5.72624 2.54978 1.13961 1.84423 0.574392 0.417425 2.51752 2.46549 0.610918 0.41486 0.134224 0.0887839 0.0318665 0.0265444
threshold=1.0000000180025095e-35 1.0000000180025095e-35 2.5000000000000004 1.0000000180025095e-35 3.5000000000000004 1.0000000180025095e-35 1.0000000180025095e-35 1.0000000180025095e-35 1.5000000000000002 1.8333333333333337 1.8333333333333337 2.8333333333333335 1.5000000000000002 1.0000000180025095e-35 2.8333333333333335 2.5000000000000004 3.5833333333333335
decision_type=2 2 2 2 2 2 2 2 2 2 2 2 2 2 2 2 2
left_child=1 2 3 4 5 6 15 8 9 -5 -10 -12 -7 -6 -14 -1 -13
right_child=-2 -3 -4 7 13 12 -8 -9 10 -11 11 16 14 -15 -16 -17 -18
leaf_value=0.013150004329855009 -0.035347158601847263 -0.036729464975650911 -0.03147779434626978 0.026014506909616968 -0.0072256371303366452 -0.0076365443901257064 -0.0049964329476425637 0.03099596957472437 0.0045232125434041138 -0.010970508495053433 0.033005066845454789 0.021484978942791003 0 -0.016927177390459708 0.0055749619187763213 0.0080333017191093724 0.012166826379544768
leaf_weight=19.045329466462142 8.2789894565939885 5.0391783267259589 5.0757373422384253 3.3743060082197216 4.3714036568999273 6.1028639972209922 6.9791027382016173 3.3200357332825652 8.1554096639156359 2.9501087069511414 6.7741012051701537 5.4739739298820478 5.5176561623811704 4.3413162678480148 3.9605063796043396 5.6354091167449942 2.8966739177703857
leaf_count=87 76 44 69 25 21 36 35 43 99 18 85 71 30 28 29 25 31
internal_value=0.000597619 0.00366604 0.00590081 0.00810166 0.00218838 0.00498838 0.00826406 0.018017 0.0163622 0.00839316 0.0183519 0.0255233 -0.00148655 -0.0125373 0.00219852 0.0121399 0.0187963
internal_weight=107.292 99.0131 93.9739 88.8982 55.9536 47.2409 31.6598 32.9446 29.6246 6.32441 23.3002 15.1447 15.581 8.71272 9.47816 24.6807 8.37065
internal_count=852 776 732 663 291 242 147 372 329 43 286 187 95 49 59 112 102
is_linear=0
shrinkage=0.03


Tree=71
num_leaves=11
num_cat=0
split_feature=9 7 6 8 11 1 14 14 14 14
split_gain=12.5894 9.48015 8.21512 5.52385 1.75576 0.574382 0.553127 0.434294 0.0569728 0.0391921
threshold=1.0000000180025095e-35 1.0000000180025095e-35 2.5000000000000004 1.0000000180025095e-35 1.0000000180025095e-35 1.0000000180025095e-35 2.5000000000000004 1.5000000000000002 1.5000000000000002 1.5000000000000002
decision_type=2 2 2 2 2 2 2 2 2 2
left_child=1 2 3 4 9 8 7 -6 -5 -1
right_child=-2 -3 -4 5 6 -7 -8 -9 -10 -11
leaf_value=0.0066152584298447229 -0.035136070526557935 -0.036487313627287001 -0.031364878180422648 0.012861521618617453 -0.002665126665358297 0.030865994069667745 0.0011004963696037045 -0.014659518659003274 0.017843585487414416 0.0025369054254824699
leaf_weight=30.711171597242355 8.082438185811041 4.9228658974170676 4.9435469359159461 11.208360172808172 6.2959445118904132 3.2356915846467009 7.5927290320396414 6.0372306704521179 18.057872790843248 5.2106899097561827
leaf_count=141 76 44 69 123 38 43 52 33 206 27
internal_value=0.000584514 0.00358731 0.00577088 0.00791581 0.00212247 0.0177414 -0.00492108 -0.00884849 0.016088 0.00611564
internal_weight=106.299 98.2161 93.2932 88.3497 55.8478 32.5019 19.9259 12.3332 29.2662 35.9219
internal_count=852 776 732 663 291 372 123 71 329 168
is_linear=0
shrinkage=0.03


Tree=72
num_leaves=15
num_cat=0
split_feature=6 10 18 11 2 13 18 2 2 13 18 18 18 13
split_gain=10.2255 2.97418 10.4935 2.60731 15.5324 1.70081 2.30505 1.31374 2.22523 0.799697 1.94646 1.88948 0.622358 0.0654756
threshold=2.5000000000000004 1.0000000180025095e-35 1.5000000000000002 1.0000000180025095e-35 1.5000000000000002 1.8333333333333337 1.5000000000000002 4.5000000000000009 3.5000000000000004 2.8333333333333335 2.5000000000000004 2.5000000000000004 1.5000000000000002 3.5833333333333335
decision_type=2 2 2 2 2 2 2 2 2 2 2 2 2 2
left_child=1 3 -3 7 5 -5 -7 8 9 10 12 -11 -1 -10
right_child=-2 2 -4 4 -6 6 -8 -9 13 11 -12 -13 -14 -15
leaf_value=0.0058363701275874211 -0.031701533417380662 0.025458840163785541 -0.039982157024640454 0.034117457068328874 -0.04051904940920352 -0.011018928550848397 0.018885145955523985 -0.008247296468824869 0.015866038806084611 -0.023924656309691789 -0.0089765940304196573 0.0075276354533857478 0.016281766107840375 0.0058777614685885833
leaf_weight=15.602270208299164 8.038698632270096 3.6020832210779172 5.2671254053711891 3.1103505194187191 6.924435392022132 3.4161100685596448 6.3241687566041946 4.0699361860752097 25.560035113245252 2.7782324254512778 5.9542228430509558 3.9925056397914886 8.9889044687151909 1.7697181627154339
leaf_count=89 117 15 32 22 42 19 39 17 284 25 31 30 65 25
internal_value=0.000569534 0.00329462 -0.0130824 0.00498282 -0.00450398 0.0148338 0.00808693 0.00775911 0.00882435 0.00393487 0.00604598 -0.0051019 0.00982649 0.0153524
internal_weight=105.399 97.3601 8.86921 88.4909 19.7751 12.8506 9.74028 68.7158 64.6459 37.3161 30.5454 6.77074 24.5912 27.3298
internal_count=852 735 47 688 122 80 58 566 549 240 185 55 154 309
is_linear=0
shrinkage=0.03


Tree=73
num_leaves=15
num_cat=0
split_feature=9 7 6 10 11 2 2 2 13 18 3 13 18 18
split_gain=12.0725 9.07446 7.63649 4.51867 6.09667 14.902 1.74827 2.57486 1.66644 2.19303 1.57664 0.657014 0.253691 0.198537
threshold=1.0000000180025095e-35 1.0000000180025095e-35 2.5000000000000004 1.0000000180025095e-35 1.0000000180025095e-35 1.5000000000000002 4.5000000000000009 3.5000000000000004 1.8333333333333337 1.5000000000000002 1.0000000180025095e-35 1.8333333333333337 2.5000000000000004 2.5000000000000004
decision_type=2 2 2 2 2 2 2 2 2 2 2 2 2 2
left_child=1 2 3 4 6 8 7 10 -6 -10 13 12 -9 -1
right_child=-2 -3 -4 -5 5 -7 -8 11 9 -11 -12 -13 -14 -15
leaf_value=0.0097591025808843497 -0.03496733557998799 -0.036251831373995826 -0.031143293394810399 -0.012612712539966464 0.033871263170013148 -0.040117955675813985 -0.0040973043585672232 0.025869423565212043 -0.010640779737700046 0.018523835571478731 0.030707909007388349 0.031306397770366055 0.015218440565195957 0.0035653487567543778
leaf_weight=20.483519904315472 7.8427420929074279 4.788875237107276 4.6869551911950103 8.6701911389827711 3.0407492220401791 6.7869362831115714 3.8324964046478263 4.9963936060667065 3.4346510171890241 6.2570737451314926 3.1324944794178 8.471307732164858 9.5953496843576414 8.5188037455081957
leaf_count=111 76 44 69 45 22 42 16 45 19 39 43 143 85 53
internal_value=0.00055481 0.00350006 0.00564112 0.00768556 0.00997739 -0.00442229 0.014789 0.0161597 0.0145356 0.00787869 0.0104505 0.0239056 0.0192209 0.00806141
internal_weight=104.539 96.6958 91.9069 87.22 78.5498 19.5194 59.0304 55.1979 12.7325 9.69172 32.1348 23.0631 14.5917 29.0023
internal_count=852 776 732 663 618 122 496 480 80 58 207 273 130 164
is_linear=0
shrinkage=0.03


Tree=74
num_leaves=9
num_cat=0
split_feature=9 6 8 13 13 3 11 13
split_gain=11.6368 8.07014 6.24093 1.35875 2.47626 0.664748 0.291533 0.249867
threshold=1.0000000180025095e-35 2.5000000000000004 1.0000000180025095e-35 1.8333333333333337 3.5833333333333335 1.0000000180025095e-35 1.0000000180025095e-35 1.8333333333333337
decision_type=2 2 2 2 2 2 2 2
left_child=1 2 3 6 -5 7 -1 -4
right_child=-2 -3 5 4 -6 -7 -8 -9
leaf_value=0.004413960727063064 -0.034767446261443943 -0.031267827699457226 0.010219486710521867 -0.01249172795496443 0.010777027791843096 0.030581694024045768 -0.0024707393898261523 0.017200378121184814
leaf_weight=31.594528824090958 7.6546167768537989 5.5506167002022258 11.117608629167085 15.425762183964254 5.3850829899311057 3.052679054439067 6.0423220396041861 17.435233678668737
leaf_count=147 76 84 124 100 34 43 38 206
internal_value=0.000544377 0.00343637 0.00564103 -0.000121412 -0.00630442 0.0163588 0.00322556 0.0146321
internal_weight=103.258 95.6038 90.0532 58.4477 20.8108 31.6055 37.6369 28.5528
internal_count=852 776 692 319 134 373 185 330
is_linear=0
shrinkage=0.03


Tree=75
num_leaves=13
num_cat=0
split_feature=9 7 10 3 2 11 2 2 8 2 13 13
split_gain=10.2037 9.45563 7.72477 6.93097 2.90007 2.84551 14.9823 4.3344 2.68682 1.30945 0.263216 0.872734
threshold=1.0000000180025095e-35 1.0000000180025095e-35 1.0000000180025095e-35 3.5000000000000004 2.5000000000000004 1.0000000180025095e-35 1.5000000000000002 3.5000000000000004 1.0000000180025095e-35 1.5000000000000002 2.8333333333333335 1.8333333333333337
decision_type=2 2 2 2 2 2 2 2 2 2 2 2
left_child=1 2 3 5 -4 7 10 9 -9 -1 11 -7
right_child=-2 -3 4 -5 -6 6 -8 8 -10 -11 -12 -13
leaf_value=0.0093653995059474922 -0.034519408147368473 -0.037729334703511329 -0.003765038629080909 -0.030499849914784601 -0.0371262697280813 0.025238484469474947 -0.038022128321698351 0.01187640854530702 0.031655354791630577 -0.0054825194270248729 0.024261750992779291 0.0043805146863018446
leaf_weight=26.748051203787327 6.6779927872121325 4.6391492746770373 5.4069559164345247 3.7470774576067916 4.4129068925976753 3.3747358322143572 6.0964783355593672 12.115591704845428 14.557490482926369 6.3317558020353308 5.4155717045068732 4.7811610996723175
leaf_count=176 66 43 31 61 34 25 41 53 242 36 38 23
internal_value=0.00103583 0.00353145 0.00566049 0.00866125 -0.0192827 0.0105826 0.000520701 0.013838 0.0228612 0.00642501 0.0182055 0.0135756
internal_weight=104.305 97.6269 92.9878 83.1679 9.81986 79.4208 19.6679 59.7529 26.6731 33.0798 13.5715 8.1559
internal_count=869 803 760 695 65 634 127 507 295 212 86 48
is_linear=0
shrinkage=0.03


Tree=76
num_leaves=15
num_cat=0
split_feature=9 7 6 10 2 8 2 2 18 13 18 18 18 18
split_gain=9.83342 9.09558 8.08467 6.67169 3.06403 2.35387 6.19608 3.66881 0.842699 0.633442 0.286067 0.157505 0.112479 0.0416952
threshold=1.0000000180025095e-35 1.0000000180025095e-35 2.5000000000000004 1.0000000180025095e-35 3.5000000000000004 1.0000000180025095e-35 3.5000000000000004 1.5000000000000002 2.5000000000000004 2.8333333333333335 1.5000000000000002 2.5000000000000004 1.5000000000000002 1.5000000000000002
decision_type=2 2 2 2 2 2 2 2 2 2 2 2 2 2
left_child=1 2 3 5 -5 7 11 9 13 10 -1 12 -7 -9
right_child=-2 -3 -4 4 -6 6 -8 8 -10 -11 -12 -13 -14 -15
leaf_value=0.017624698785911573 -0.034326078605505003 -0.037474665020839008 -0.03096328061389594 -0.00090223310300970212 -0.03758143903950683 0.0032536492434330306 0.031579323482780454 0 -0.0098258914908294012 0.023923176844495516 0.0083681169541835899 0 0.010143702239051349 0.0031803863957141775
leaf_weight=5.4441303014755311 6.5171312578022471 4.5328438617289057 5.0242033600807181 4.9148504883050901 3.651574969291687 7.2145424932241458 14.160989075899126 5.4460649043321618 8.5485139042139036 5.3301650285720816 13.425630658864973 4.9706738591194144 4.9890687130391598 8.8256511390209198
leaf_count=31 66 43 81 23 25 50 242 26 48 38 68 36 50 42
internal_value=0.00101295 0.00346423 0.00555359 0.00773194 -0.0171367 0.0105074 0.0169237 0.00614091 -0.00237537 0.0142718 0.0112757 0.00455296 0.00637382 0.00191594
internal_weight=102.996 96.4789 91.9461 86.9219 8.56643 78.3554 31.3353 47.0202 22.8202 24.1999 18.8698 17.1743 12.2036 14.2717
internal_count=869 803 760 679 48 631 378 253 116 137 99 136 100 68
is_linear=0
shrinkage=0.03


Tree=77
num_leaves=17
num_cat=0
split_feature=9 1 8 2 11 2 4 11 2 2 13 13 13 13 13 13
split_gain=9.47716 7.11165 4.00823 4.33407 5.21528 3.59937 2.2185 1.12618 3.16775 0.675445 0.303549 0.989595 0.236845 0.501271 0.18794 0.124061
threshold=1.0000000180025095e-35 1.5000000000000002 1.0000000180025095e-35 3.5000000000000004 1.0000000180025095e-35 3.5000000000000004 0.83333333333333337 1.0000000180025095e-35 1.5000000000000002 4.5000000000000009 2.8333333333333335 1.8333333333333337 1.4166666666666667 2.8333333333333335 1.8333333333333337 2.8333333333333335
decision_type=2 2 2 2 2 2 2 2 2 2 2 2 2 2 2 2
left_child=1 2 3 7 9 6 14 8 -1 -5 11 -9 -7 -14 -4 -16
right_child=-2 -3 5 4 -6 12 -8 10 -10 -11 -12 -13 13 -15 15 -17
leaf_value=-0.0050367205487999575 -0.034138110987635521 -0.030790950296408524 0.0036199935829306414 -0.0048663560745422184 -0.035898344627844254 0.031039146642729006 0.030025570489923544 0.021449362598038767 0.019065377675919138 0.0092143841119071493 0.019745286649926988 0.00027244168111089832 0.012060192987888435 0.028022425953922864 -0.0068358198393478039 0
leaf_weight=15.017749175429346 6.3593605309724799 5.0578257255256167 6.3525208532810238 13.057694986462598 5.1607849299907675 5.5773056708276263 2.4598582647740832 3.4710960090160352 7.1089325025677672 3.8202424049377433 5.4959960281848899 5.151325061917305 4.9342494346201402 4.4693670123815536 4.0999874472618085 4.3016812801361084
leaf_count=75 66 87 41 76 38 90 36 26 33 16 39 25 79 82 26 34
internal_value=0.000991333 0.00339433 0.00537032 0.000617624 -0.00979103 0.0138529 0.00423933 0.00703864 0.00262285 -0.00146705 0.0136811 0.00928967 0.0245991 0.0201775 -3.10525e-05 -0.0031546
internal_weight=101.896 95.5366 90.4788 58.2838 22.0387 32.195 17.214 36.2451 22.1267 16.8779 14.1184 8.62242 14.9809 9.40362 14.7542 8.40167
internal_count=869 803 716 328 130 388 137 198 108 92 90 51 251 161 101 60
is_linear=0
shrinkage=0.03


Tree=78
num_leaves=11
num_cat=0
split_feature=9 7 6 10 2 11 2 2 8 2
split_gain=9.13657 8.68592 7.53445 6.32921 2.94602 2.62476 13.6349 4.01858 2.59875 1.3456
threshold=1.0000000180025095e-35 1.0000000180025095e-35 2.5000000000000004 1.0000000180025095e-35 3.5000000000000004 1.0000000180025095e-35 1.5000000000000002 3.5000000000000004 1.0000000180025095e-35 1.5000000000000002
decision_type=2 2 2 2 2 2 2 2 2 2
left_child=1 2 3 5 -5 7 -7 9 -9 -1
right_child=-2 -3 -4 4 -6 6 -8 8 -10 -11
leaf_value=0.0092272438424415779 -0.03395525124098632 -0.037267622857746784 -0.0307892346856572 -0.0010406722460907954 -0.037280563223107792 0.017323699118652839 -0.037580719468515919 0.011635373394111928 0.031446978492773198 -0.0058977794442874668
leaf_weight=26.340246956795454 6.2046763598918906 4.4018662646412841 4.7769300229847422 4.9109081476926786 3.5619320347905159 13.166798099875452 5.7711774855852118 12.088793382048607 13.479188486933708 6.291121892631053
leaf_count=174 66 43 81 23 25 86 40 53 242 36
internal_value=0.000975021 0.00332647 0.00537556 0.00746208 -0.0168828 0.0101934 0.000324979 0.013347 0.0222786 0.00621047
internal_weight=100.994 94.789 90.3871 85.6102 8.47284 77.1373 18.938 58.1994 25.568 32.6314
internal_count=869 803 760 679 48 631 126 505 295 210
is_linear=0
shrinkage=0.03


Tree=79
num_leaves=12
num_cat=0
split_feature=9 7 6 10 2 11 2 2 8 2 13
split_gain=8.80681 8.35583 7.25178 6.0308 2.86695 2.4875 13.0786 3.90906 2.62726 1.27467 0.253557
threshold=1.0000000180025095e-35 1.0000000180025095e-35 2.5000000000000004 1.0000000180025095e-35 3.5000000000000004 1.0000000180025095e-35 1.5000000000000002 3.5000000000000004 1.0000000180025095e-35 1.5000000000000002 2.8333333333333335
decision_type=2 2 2 2 2 2 2 2 2 2 2
left_child=1 2 3 5 -5 7 10 9 -9 -1 -7
right_child=-2 -3 -4 4 -6 6 -8 8 -10 -11 -12
leaf_value=0.0089979274719852662 -0.033777256065766571 -0.037023692289268807 -0.030694302648265656 -0.0010103184396271134 -0.036987634362959182 0.012433879367679583 -0.037279384783765468 0.011327559791740655 0.031375837944697463 -0.0057079476779357732 0.023065713518622008
leaf_weight=26.205809988081455 6.0530705861747256 4.3001400530338278 4.6501767188310614 4.9097158014774305 3.4844023957848549 7.9162315800786036 5.6459946185350409 12.048116818070412 13.110253520309925 6.3083945959806433 5.1176484525203705
leaf_count=174 66 43 81 23 25 48 40 53 242 36 38
internal_value=0.000949807 0.00325887 0.00526926 0.00731184 -0.0165573 0.00999346 0.000309613 0.0130721 0.0219765 0.00604396 0.0169806
internal_weight=99.75 93.6969 89.3967 84.7466 8.39412 76.3524 18.6799 57.6726 25.1584 32.5142 13.0339
internal_count=869 803 760 679 48 631 126 505 295 210 86
is_linear=0
shrinkage=0.03


Tree=80
num_leaves=16
num_cat=0
split_feature=0 8 9 3 18 18 16 10 14 18 18 18 18 14 18
split_gain=7.57014 6.71805 4.19866 3.71651 2.02937 1.78874 1.0469 0.734328 0.479262 1.14873 0.482424 0.391813 0.33361 0.282911 0.0782238
threshold=1.5000000000000002 1.0000000180025095e-35 1.0000000180025095e-35 1.0000000180025095e-35 3.5000000000000004 1.5000000000000002 2.5000000000000004 1.0000000180025095e-35 1.5000000000000002 1.5000000000000002 2.5000000000000004 3.5000000000000004 1.5000000000000002 1.5000000000000002 2.5000000000000004
decision_type=2 2 2 2 2 2 2 2 2 2 2 2 2 2 2
left_child=1 2 3 4 7 -3 11 8 10 -10 12 14 -1 -6 -7
right_child=-2 5 -4 -5 13 6 -8 -9 9 -11 -12 -13 -14 -15 -16
leaf_value=0.0073850320673149979 -0.037165767224781238 -0.00075276249547810497 -0.033699711111626687 -0.032466050775855057 -0.007463654847293574 0.01807323932459818 -0.0058448336260295101 -0.007208970713618452 -0.014579204451307339 0.0050114077218417407 0.013167519864437064 0.025718588931658872 0.00013087905660425007 -0.020211842354537862 0.011237756282471664
leaf_weight=10.295175306499008 4.8451614677906027 6.463923770934346 4.0570447929203501 3.3962612785398951 4.5643513500690442 8.2122460529208237 1.4932974763214577 6.7406149730086318 4.0466607064008695 7.3628201186656952 5.8055826723575583 6.0836801528930655 14.605784863233566 4.019778847694397 7.2975192219018927
leaf_count=55 72 51 38 45 23 112 26 37 23 55 27 103 70 34 96
internal_value=-0.000968356 0.000894242 -0.00447113 -0.00242062 -0.000538674 0.0127533 0.0166511 0.00177883 0.00330205 -0.00174254 0.0052734 0.0183648 0.00326761 -0.0139428 0.0151419
internal_weight=99.2899 94.4447 64.8941 60.837 57.4408 29.5507 23.0867 48.8566 42.116 11.4095 30.7065 21.5934 24.901 8.58413 15.5098
internal_count=867 795 407 369 324 388 337 267 230 78 152 311 125 57 208
is_linear=0
shrinkage=0.03


Tree=81
num_leaves=15
num_cat=0
split_feature=0 8 2 9 3 2 14 3 14 14 18 18 6 18
split_gain=7.31527 6.38862 6.08192 4.07105 3.5989 4.58595 2.75179 1.54353 0.410138 0.870768 0.669626 0.249214 0.0347594 0.0032846
threshold=1.5000000000000002 1.0000000180025095e-35 3.5000000000000004 1.0000000180025095e-35 1.0000000180025095e-35 3.5000000000000004 1.5000000000000002 1.0000000180025095e-35 2.5000000000000004 1.5000000000000002 1.5000000000000002 1.5000000000000002 2.5000000000000004 2.5000000000000004
decision_type=2 2 2 2 2 2 2 2 2 2 2 2 2 2
left_child=1 3 7 4 5 8 -7 11 9 -1 -10 -3 -2 -13
right_child=12 2 -4 -5 -6 6 -8 -9 10 -11 -12 13 -14 -15
leaf_value=0.0069099346976503623 -0.049853618089395188 -0.0093390095597400292 0.028262016337896451 -0.033500202667491 -0.03230219580049553 -0.0056974254619245861 -0.032294687214416251 0.017748482881177766 0.0017581381623878465 -0.0053127438098458076 0.019375479757870625 0 -0.030192102731106906 -0.00097260178130156904
leaf_weight=21.13714070618153 1.2625978179275978 5.0397581905126598 12.494185645133259 3.9608207270503035 3.312852766364812 16.415340289473537 4.533939152956008 3.6060264520347109 4.0039992928504926 6.6089341044425955 4.6682234704494476 3.3432824164628965 3.461390383541584 4.7682816162705421
leaf_count=109 8 32 241 38 45 79 48 56 21 32 35 24 64 35
internal_value=-0.000949626 0.000869346 0.0125047 -0.00436076 -0.00235738 -0.000522732 -0.0117223 0.000480281 0.00585204 0.00388221 0.0116962 -0.00412639 -0.0369935 -0.000448128
internal_weight=98.6168 93.8928 29.2515 64.6413 60.6804 57.3676 20.9493 16.7573 36.4183 27.7461 8.67222 13.1513 4.72399 8.11156
internal_count=867 795 388 407 369 324 127 147 197 141 56 91 72 59
is_linear=0
shrinkage=0.03


Tree=82
num_leaves=12
num_cat=0
split_feature=0 8 2 1 2 13 1 11 2 16 13
split_gain=7.05813 6.07445 5.92381 3.6953 4.8937 2.80418 1.46538 0.713908 1.96422 0.525426 0.387989
threshold=1.5000000000000002 1.0000000180025095e-35 3.5000000000000004 1.0000000180025095e-35 2.5000000000000004 1.8333333333333337 1.0000000180025095e-35 1.0000000180025095e-35 1.5000000000000002 2.5000000000000004 2.8333333333333335
decision_type=2 2 2 2 2 2 2 2 2 2 2
left_child=1 3 6 4 7 -6 -3 8 -1 -8 -9
right_child=-2 2 -4 -5 5 -7 9 10 -10 -11 -12
leaf_value=-0.0052487856936208862 -0.036725919625195079 -0.0039995514419050955 0.028056307816001127 -0.032358440449112152 -0.0071614513724867126 -0.032203338390162255 0.026060300235798632 0.0045344350741159528 0.012421540277646099 8.9195155779680472e-05 0.015678784567909991
leaf_weight=15.565623633563519 4.6236667521297923 13.182726137340071 12.213214922696354 3.870818566530942 17.330839976668361 5.3975967094302169 2.2305888645350929 7.4449920877814275 8.7170463800430298 1.3441680856049059 5.9302619099617004
leaf_count=79 72 91 241 53 85 62 34 44 40 22 44
internal_value=-0.000934985 0.000845382 0.012253 -0.00426223 -0.00236112 -0.0133549 0.000459126 0.0042125 0.000996437 0.0173793 0.00977788
internal_weight=97.8515 93.2279 28.9707 64.2572 60.3864 22.7284 16.7575 37.6579 24.2827 3.57476 13.3753
internal_count=867 795 388 407 354 147 147 207 119 56 88
is_linear=0
shrinkage=0.03


Tree=83
num_leaves=13
num_cat=0
split_feature=6 9 8 2 2 3 13 13 13 18 13 13
split_gain=6.9142 5.32333 3.7109 4.43418 3.32517 3.20707 2.68584 0.311981 1.13503 0.14772 0.0223661 0.41131
threshold=2.5000000000000004 1.0000000180025095e-35 1.0000000180025095e-35 3.5000000000000004 3.5000000000000004 1.0000000180025095e-35 1.8333333333333337 2.8333333333333335 1.8333333333333337 1.5000000000000002 1.4166666666666667 2.8333333333333335
decision_type=2 2 2 2 2 2 2 2 2 2 2 2
left_child=1 2 4 5 7 9 -6 8 -1 -4 -5 -12
right_child=-2 -3 3 10 6 -7 -8 -9 -10 -11 11 -13
leaf_value=0.0055683693476447664 -0.030840403011211118 -0.033267760211064056 -0.0088751900659863828 0.030479421995353848 -0.0053089003575201126 0.030147545777256871 -0.031995645638050456 0.0086487056452544727 -0.007987349790264121 -0.0017645673972644948 0.012977444668426987 0.029817712864569603
leaf_weight=21.588436290621761 6.3919918425381175 3.7507328689098349 5.0802228599786785 4.5859658643603343 16.430628225207332 2.769872933626174 4.3474311381578437 9.0659469440579397 7.2566863819956771 8.3785691857337934 4.0051570050418377 3.4735233709216118
leaf_count=112 124 37 32 86 79 43 49 61 37 60 72 75
internal_value=-0.000913951 0.00119292 0.00274983 0.011666 -0.00151007 0.00119931 -0.0111628 0.00371687 0.00203864 -0.0047155 0.0253731 0.0214851
internal_weight=97.1252 90.7332 86.9824 28.2933 58.6891 16.2287 20.7781 37.9111 28.8451 13.4588 12.0646 7.47868
internal_count=867 743 706 368 338 135 128 210 149 92 233 147
is_linear=0
shrinkage=0.03


Tree=84
num_leaves=11
num_cat=0
split_feature=0 8 2 9 1 2 13 1 13 13
split_gain=6.73324 5.55552 5.66215 3.78573 3.34672 3.91338 2.62118 1.34546 0.350628 0.780304
threshold=1.5000000000000002 1.0000000180025095e-35 3.5000000000000004 1.0000000180025095e-35 1.0000000180025095e-35 3.5000000000000004 1.8333333333333337 1.0000000180025095e-35 2.8333333333333335 1.8333333333333337
decision_type=2 2 2 2 2 2 2 2 2 2
left_child=1 3 7 4 5 8 -7 -3 9 -1
right_child=-2 2 -4 -5 -6 6 -8 -9 -10 -11
leaf_value=0.0065308569386998468 -0.036674475876152482 -0.003726124005506831 0.027813315358512992 -0.033056531590407445 -0.031971526607242881 -0.0051486704815249086 -0.031860656439924431 0.017048231458089608 0.010949484833916836 -0.0050335700381758334
leaf_weight=21.013279132544998 4.4156361036002627 13.252752572298052 11.671517159789802 3.7238542251288882 3.1093655042350283 16.436720907688144 4.2004077881574622 3.4403270557522765 8.5270960032939893 6.6168565601110449
leaf_count=109 72 91 241 38 45 79 48 56 56 32
internal_value=-0.000893489 0.000829385 0.0118747 -0.00405833 -0.0021536 -0.000415079 -0.0108576 0.000452705 0.00547588 0.00364506
internal_weight=96.4078 91.9922 28.3646 63.6276 59.9037 56.7944 20.6371 16.6931 36.1572 27.6301
internal_count=867 795 388 407 369 324 127 147 197 141
is_linear=0
shrinkage=0.03


Tree=85
num_leaves=15
num_cat=0
split_feature=6 9 10 2 8 2 2 13 18 13 18 18 2 18
split_gain=7.03422 5.77785 5.33106 4.67953 2.02343 3.76382 1.80035 5.53262 0.277966 3.15483 1.60309 0.193732 0.120054 0.084077
threshold=2.5000000000000004 1.0000000180025095e-35 1.0000000180025095e-35 1.5000000000000002 1.0000000180025095e-35 3.5000000000000004 1.5000000000000002 1.8333333333333337 2.5000000000000004 1.8333333333333337 1.5000000000000002 2.5000000000000004 3.5000000000000004 2.5000000000000004
decision_type=2 2 2 2 2 2 2 2 2 2 2 2 2 2
left_child=1 2 4 -4 6 8 11 12 9 -6 -11 -1 -8 -14
right_child=-2 -3 3 -5 5 -7 7 -9 -10 10 -12 -13 13 -15
leaf_value=0.007153560124710902 -0.030712614599928384 -0.032956232623274344 -0.043092721547646637 0.00092664544846172612 0.023236249469488501 0.027061348374201374 0.0001755390151790192 -0.035037831461831127 -0.0015851765798454416 -0.024759845274550347 0.0075162291579527552 0.013774331465787252 0.0078958101072357095 0.0023433814715466401
leaf_weight=18.877766296267513 5.7685373425483695 3.6969450302422038 3.5846433490514737 4.9769484549760818 5.1831475943326932 11.375638175755739 6.7854462116956773 3.7675670757889739 4.7016304880380639 2.7743246629834175 2.4059919826686382 7.4771437942981711 7.5129813700914365 6.7244803607463837
leaf_count=112 114 38 18 31 44 233 33 39 35 18 29 46 34 31
internal_value=0.00106406 0.00316953 0.00479103 -0.0174421 0.00730236 0.0140676 0.00372578 -0.00197664 0.00394438 0.00673088 -0.00934266 0.0091903 0.00394414 0.00551723
internal_weight=95.6132 89.8447 86.1477 8.56159 77.5861 26.4407 51.1454 24.7905 15.0651 10.3635 5.18032 26.3549 21.0229 14.2375
internal_count=855 741 703 49 654 359 295 137 126 91 47 158 98 65
is_linear=0
shrinkage=0.03


Tree=86
num_leaves=16
num_cat=0
split_feature=6 9 10 13 8 18 13 18 13 18 13 13 14 13 18
split_gain=6.79477 5.56034 5.05625 3.32255 1.94358 2.28966 0.803362 0.853898 0.544941 0.52464 3.21743 2.16044 0.39217 0.373216 0.147643
threshold=2.5000000000000004 1.0000000180025095e-35 1.0000000180025095e-35 2.8333333333333335 1.0000000180025095e-35 3.5000000000000004 1.8333333333333337 3.5000000000000004 2.8333333333333335 2.5000000000000004 1.8333333333333337 1.8333333333333337 2.5000000000000004 2.8333333333333335 3.5000000000000004
decision_type=2 2 2 2 2 2 2 2 2 2 2 2 2 2 2
left_child=1 2 4 -4 6 9 14 8 -8 11 -11 -6 -12 -13 -1
right_child=-2 -3 3 -5 5 -7 7 -9 -10 10 12 13 -14 -15 -16
leaf_value=0.0051843208898844821 -0.030631745715228097 -0.03277479565391353 -0.032987473112426967 0.004013537371798017 0.024818655166003092 0.031466666692036231 0.0097675161995201612 -0.015247378455742417 -0.0030944710140176144 -0.026371066187657801 0.029098804761432447 0.0052146735936866888 0.0085318959082834288 -0.0097532480483770827 0.011750886971413882
leaf_weight=30.990705855190754 5.612867943942546 3.6077901870012274 4.8880763798952085 3.6191453486680984 6.549960654228931 5.311579003930091 4.5945813283324224 3.3225523605942717 7.5205078944563866 2.2776989415287963 1.5124742835760114 5.047470036894083 3.450333259999752 1.9784067943692205 4.5087996572256079
leaf_count=156 114 38 30 19 73 99 24 29 63 31 27 59 42 28 23
internal_value=0.00104016 0.00309922 0.0046832 -0.0170342 0.00713844 0.0138177 0.00363323 -0.00192513 0.0015778 0.00904192 0.00197666 0.0125487 0.0158434 0.000501154 0.00613328
internal_weight=94.7929 89.1801 85.5723 8.50722 77.0651 26.1279 50.9371 15.4376 12.1151 20.8163 7.24051 13.5758 4.96281 7.02588 35.4995
internal_count=855 741 703 49 654 359 295 116 87 260 100 160 69 87 179
is_linear=0
shrinkage=0.03


Tree=87
num_leaves=20
num_cat=0
split_feature=6 9 2 2 18 18 13 2 18 18 13 13 13 13 13 13 13 13 13
split_gain=6.56326 5.35044 1.36214 0.600834 0.942068 0.483819 0.350215 2.03193 1.43845 0.625535 1.22943 1.22928 0.209768 0.165952 0.165629 0.162872 0.173602 0.079936 0.518441
threshold=2.5000000000000004 1.0000000180025095e-35 4.5000000000000009 3.5000000000000004 2.5000000000000004 3.5000000000000004 3.5833333333333335 1.5000000000000002 1.5000000000000002 1.5000000000000002 1.8333333333333337 1.8333333333333337 1.8333333333333337 2.8333333333333335 2.8333333333333335 2.8333333333333335 1.8333333333333337 1.8333333333333337 2.8333333333333335
decision_type=2 2 2 2 2 2 2 2 2 2 2 2 2 2 2 2 2 2 2
left_child=1 2 3 6 12 17 7 9 -8 11 -11 -1 -5 -14 -12 16 -7 -6 -19
right_child=-2 -3 -4 4 5 15 8 -9 -10 10 14 -13 13 -15 -16 -17 -18 18 -20
leaf_value=0.018553036996791158 -0.030551830397902706 -0.03259736821446553 -0.01148125213606193 0.021929595156778274 -0.0023132180966500228 0.009659274010396568 0.023190009489292684 -0.0093510032286290273 -0.0019282285086291756 -0.0031412118047081778 0.0055277997487572393 -0.00071009615044707083 0.015304497343500662 0 0.014145645772078226 0.019380550821670308 0 0.019206420023470887 -0.0038655850573713715
leaf_weight=7.7559580355882627 5.4612737968564025 3.5204692222177973 4.3018627017736426 5.2905183993279952 5.1408768147230148 6.0579713732004166 3.6210203468799582 9.9462747722864133 4.106121689081192 13.320192832499744 5.9241285473108274 4.3256081789731979 1.4386563487350943 1.2782402597367761 5.6395611204206944 1.6623688302934168 1.8592917770147321 1.1873876601457598 2.2821164093911648
leaf_count=50 114 38 18 48 45 55 18 57 32 78 44 24 28 22 47 38 35 26 38
internal_value=0.00101647 0.00302708 0.00457186 0.00547635 0.00928056 0.0052193 0.00358394 0.00251003 0.00960506 0.00579903 0.00289524 0.0114607 0.0179581 0.00865558 0.0100731 0.0098213 0.00722328 0 0.00350688
internal_weight=94.1199 88.6586 85.1382 80.8363 26.1974 18.19 54.6389 46.9117 7.72714 36.9654 24.8839 12.0816 8.00742 2.7169 11.5637 9.57963 7.91726 8.61038 3.4695
internal_count=855 741 703 685 335 237 350 300 50 243 169 74 98 50 91 128 90 109 64
is_linear=0
shrinkage=0.03


Tree=88
num_leaves=15
num_cat=0
split_feature=7 6 9 10 18 8 2 2 11 18 2 11 18 18
split_gain=6.83378 6.20702 5.67152 5.75651 5.92688 1.43468 5.0692 2.29654 8.80425 0.55592 0.490652 0.360381 0.271456 0.039845
threshold=1.0000000180025095e-35 2.5000000000000004 1.0000000180025095e-35 1.0000000180025095e-35 1.5000000000000002 1.0000000180025095e-35 3.5000000000000004 1.5000000000000002 1.0000000180025095e-35 2.5000000000000004 3.5000000000000004 1.0000000180025095e-35 1.5000000000000002 2.5000000000000004
decision_type=2 2 2 2 2 2 2 2 2 2 2 2 2 2
left_child=1 2 3 5 -5 7 12 9 10 11 -9 -1 -7 -14
right_child=-2 -3 -4 4 -6 6 -8 8 -10 -11 -12 -13 13 -15
leaf_value=0.0037754293015248969 -0.036740687048404504 -0.030343260342619399 -0.032423722665645957 0.013439093317765919 -0.037037658783305699 0.0079866766392063717 0.030911754621914186 0.0012397925485349215 -0.037065871740972138 0.020161835966800816 0.011929974117187898 0.013112813792055257 0.0020603627815900176 -0.0020135979218473556
leaf_weight=7.9359342604875609 4.0199568979442111 4.7046038135886183 3.4349716715514651 3.3163790404796583 5.1196749284863472 6.3734640032053003 10.373262513428926 6.6297073364257875 4.7089753448963156 6.5663456991314879 12.262579664587973 9.8012910857796669 3.8074513897299749 4.6533839926123619
leaf_count=39 43 100 38 14 35 47 231 32 36 41 54 66 44 35
internal_value=0.000990325 0.00275394 0.00465494 0.0062913 -0.0169178 0.0090297 0.0148939 0.00585688 -0.000692797 0.012317 0.0083628 0.00914789 0.00336011 0
internal_weight=93.708 89.688 84.9834 81.5484 8.43605 73.1124 25.2076 47.9048 23.6013 24.3036 18.8923 17.7372 14.8343 8.46084
internal_count=855 812 712 674 49 625 357 268 122 146 86 105 126 79
is_linear=0
shrinkage=0.03


Tree=89
num_leaves=17
num_cat=0
split_feature=7 6 10 18 8 2 2 11 11 2 18 18 13 13 18 18
split_gain=6.58306 5.98947 4.75387 5.72393 2.41981 4.99401 2.00052 7.38401 1.30653 0.584442 0.585747 0.257477 0.234762 0.716087 0.852052 0.0375433
threshold=1.0000000180025095e-35 2.5000000000000004 1.0000000180025095e-35 1.5000000000000002 1.0000000180025095e-35 3.5000000000000004 1.5000000000000002 1.0000000180025095e-35 1.0000000180025095e-35 4.5000000000000009 1.5000000000000002 1.5000000000000002 1.8333333333333337 2.8333333333333335 2.5000000000000004 2.5000000000000004
decision_type=2 2 2 2 2 2 2 2 2 2 2 2 2 2 2 2
left_child=1 2 4 -4 6 11 8 9 -1 10 -8 -6 -10 -14 -15 -13
right_child=-2 -3 3 -5 5 -7 7 -9 12 -11 -12 15 13 14 -16 -17
leaf_value=0.0015235508940459322 -0.03649092749768082 -0.030261216396546338 0.013036593908232584 -0.036698312724566778 0.0077902694666525576 0.030850100757490055 0.00010089368048654237 -0.0367774243524523 0.023760708060647163 -0.0052420061090486993 0.011967354031611701 0.0020031962305797815 0.0026877090733122798 0.0080483927782929628 0.032899193514909351 -0.001951839145476599
leaf_weight=12.116187363862991 3.9281213507056227 4.5780207999050608 3.3192500174045545 5.0401340872049332 6.3411457315087327 10.086698487401009 6.837376646697531 4.6058754324913016 3.1577254757285127 3.8015880584716788 9.850323833525179 3.8015693910419923 4.6590368598699552 3.428515188395977 2.458645224571228 4.6596715599298477
leaf_count=66 43 100 14 36 47 231 34 36 26 16 58 44 23 27 19 35
internal_value=0.000970088 0.00270126 0.00456362 -0.0166748 0.00696411 0.014645 0.0031293 -0.00280781 0.00900401 0.0048242 0.00731363 0.00326819 0.0153415 0.0123393 0.019304 0
internal_weight=92.6699 88.7418 84.1637 8.35938 75.8044 24.8891 50.9153 25.0952 25.8201 20.4893 16.6877 14.8024 13.7039 10.5462 5.88716 8.46124
internal_count=855 812 712 50 662 357 305 144 161 108 92 126 95 69 46 79
is_linear=0
shrinkage=0.03


Tree=90
num_leaves=17
num_cat=0
split_feature=6 7 2 8 13 18 5 13 11 18 18 11 18 13 13 13
split_gain=6.22937 4.74067 2.12469 1.69354 1.59079 1.33343 1.62471 1.02362 1.13618 1.16935 0.739322 0.343535 0.244412 0.0848182 0.152171 0.0690905
threshold=2.5000000000000004 1.0000000180025095e-35 4.5000000000000009 1.0000000180025095e-35 3.5833333333333335 3.5000000000000004 0.36666666666666675 1.8333333333333337 1.0000000180025095e-35 1.5000000000000002 2.5000000000000004 1.0000000180025095e-35 2.5000000000000004 3.5833333333333335 1.8333333333333337 1.8333333333333337
decision_type=2 2 2 2 2 2 2 2 2 2 2 2 2 2 2 2
left_child=1 2 3 4 7 6 13 11 -9 -10 -11 12 -1 14 -5 -7
right_child=-2 -3 -4 5 -6 15 -8 8 9 10 -12 -13 -14 -15 -16 -17
leaf_value=0.0019555710732206757 -0.030334285938513467 -0.035003794981874753 -0.015590681364485595 0.0018917270622057978 0.017321792969499362 0.015715351703401836 0.029848597102402081 -0.020378216010232653 -0.015726209601336808 0.01438468086511382 -0.004851881756779264 -0.0036518770400264778 0.0083651041188948054 -0.00047111312748784727 0.0080203043473361397 0.03046382318405183
leaf_weight=16.098932430148132 5.413848601281642 2.8039399906992903 4.560895971953868 8.8511797674000388 5.2092294581234446 2.0527714900672427 2.5922070629894725 3.8812669888138744 3.2883265316486359 3.8654005080461502 2.911983884871006 5.2239815741777411 9.5479207634925825 1.6378845199942578 9.0642175748944265 2.9100517593324184
leaf_count=81 127 27 20 98 32 41 43 38 18 26 27 38 48 20 117 58
internal_value=0.000520424 0.00256624 0.00393359 0.00514557 0.00179379 0.0111915 0.00777564 0 -0.00676227 -0.00106813 0.00573288 0.00300094 0.00448148 0.00455976 0.00518629 0.0253869
internal_weight=89.914 84.5002 81.6963 77.1354 50.027 27.1083 22.1455 44.8178 13.947 10.0657 6.77738 30.8708 25.6469 19.5533 17.9154 4.96282
internal_count=859 732 705 685 308 377 278 276 109 71 53 167 129 235 215 99
is_linear=0
shrinkage=0.03


Tree=91
num_leaves=18
num_cat=0
split_feature=6 7 2 8 13 10 18 3 13 18 18 11 18 18 13 13 13
split_gain=6.02124 4.55936 2.00377 1.62292 1.50506 2.62592 1.30674 1.58921 0.976684 0.939282 0.734889 0.641039 0.635515 0.112515 0.0813082 0.144119 0.071491
threshold=2.5000000000000004 1.0000000180025095e-35 4.5000000000000009 1.0000000180025095e-35 3.5833333333333335 1.0000000180025095e-35 3.5000000000000004 1.0000000180025095e-35 1.8333333333333337 1.5000000000000002 2.5000000000000004 1.0000000180025095e-35 1.5000000000000002 2.5000000000000004 3.5833333333333335 1.8333333333333337 1.8333333333333337
decision_type=2 2 2 2 2 2 2 2 2 2 2 2 2 2 2 2 2
left_child=1 2 3 4 5 8 7 14 11 -10 -11 12 -1 -14 15 -5 -8
right_child=-2 -3 -4 6 -6 -7 16 -9 9 10 -12 -13 13 -15 -16 -17 -18
leaf_value=0.00021034296067035387 -0.030261360448350649 -0.034760253834315927 -0.015086595376768836 0.0018380291347933145 0.016874462526409766 -0.020687567276668348 0.015465245724983749 0.02972963757234897 -0.01704138392294028 0.0094356801850165803 -0.0088502535780621526 -0.0035425955992959223 0.0072469510738496284 0.014014599922372495 -0.00045763763542719334 0.0078283273527146747 0.030342440489299898
leaf_weight=7.6882505565881791 5.2665531747043124 2.7405379340052596 4.5750113278627387 8.8395785763859873 5.1898515895009032 4.8378405123949042 2.0254250615835181 2.5259043686091891 3.6843983232974988 4.2722086980938911 3.4504961594939232 5.2266210913658133 7.1737836152315131 8.4046731293201429 1.6384670324623574 9.0111758299171907 2.835568118840456
leaf_count=39 127 27 20 98 32 33 41 43 22 32 36 38 36 40 20 117 58
internal_value=0.000507632 0.00250328 0.00383611 0.00502044 0.00174147 0 0.0109716 0.00759788 0.00250025 -0.00475006 0.000873352 0.00551424 0.0076836 0.0111556 0.00443922 0.00505586 0.025185
internal_weight=89.3863 84.1198 81.3793 76.8042 49.9281 44.7383 26.8761 22.0151 39.9004 11.4071 7.7227 28.4933 23.2667 15.5785 19.4892 17.8508 4.86099
internal_count=859 732 705 685 308 276 377 278 243 90 68 153 115 76 235 215 99
is_linear=0
shrinkage=0.03


Tree=92
num_leaves=10
num_cat=0
split_feature=9 6 2 8 3 13 10 13 13
split_gain=5.85187 4.84858 2.47883 1.33731 1.05284 0.949994 2.72606 0.965321 0.250084
threshold=1.0000000180025095e-35 2.5000000000000004 4.5000000000000009 1.0000000180025095e-35 1.0000000180025095e-35 3.5833333333333335 1.0000000180025095e-35 1.8333333333333337 1.8333333333333337
decision_type=2 2 2 2 2 2 2 2 2
left_child=1 2 3 5 8 6 7 -1 -5
right_child=-2 -3 -4 4 -6 -7 -8 -9 -10
leaf_value=0.0064892878620728166 -0.032231128799775098 -0.029878713988918979 -0.016562031251747766 0.0046563721461494439 0.029611372215410912 0.014040892209359357 -0.020302486507438312 -0.0038295496974363871 0.011511737775606545
leaf_weight=27.643643297255039 4.548336684703826 3.886427789926528 4.807950183749198 10.82713002339006 2.4612888619303694 5.43038610741496 4.7844258993864051 11.090493649244307 13.361589901149271
leaf_count=146 69 93 20 139 43 35 33 86 195
internal_value=0.0004963 0.00233387 0.00396329 0.00532845 0.0107548 0.00229704 0.000733998 0.00345526 0.00859852
internal_weight=88.8417 84.2933 80.4069 75.599 26.65 48.9489 43.5186 38.7341 24.1887
internal_count=859 790 697 677 377 300 265 232 334
is_linear=0
shrinkage=0.03


Tree=93
num_leaves=17
num_cat=0
split_feature=6 7 2 8 13 18 13 11 18 6 18 11 18 13 13 13
split_gain=5.62486 4.37452 1.77868 1.46536 1.35945 1.30122 0.839866 1.02702 1.03617 0.671767 0.664575 0.317753 0.215994 0.103818 0.0740779 0.0300058
threshold=2.5000000000000004 1.0000000180025095e-35 4.5000000000000009 1.0000000180025095e-35 3.5833333333333335 3.5000000000000004 1.8333333333333337 1.0000000180025095e-35 1.5000000000000002 1.5000000000000002 2.5000000000000004 1.0000000180025095e-35 2.5000000000000004 3.5833333333333335 1.8333333333333337 1.8333333333333337
decision_type=2 2 2 2 2 2 2 2 2 2 2 2 2 2 2 2
left_child=1 2 3 4 6 9 11 -8 -9 13 -10 12 -1 15 -7 -5
right_child=-2 -3 -4 5 -6 14 7 8 10 -11 -12 -13 -14 -15 -16 -17
leaf_value=0.0018033043148841105 -0.030116691072739305 -0.034508154917454313 -0.014071272928400175 0.0035755038154533549 0.016136656825269855 0.01514113954118885 -0.01939139751795859 -0.014480387591325722 0.013917985454363478 0.021825850922450183 -0.0043188689542620964 -0.0036307709572778314 0.0078759135468902397 -0.00077496019033313304 0.030176299152895401 0.0073612332395858451
leaf_weight=15.993248701095586 4.9825115129351607 2.6819951497018328 4.6017850935459128 8.6875836402177935 5.1486604362726203 1.990861952304839 3.7298101447522614 3.3289726376533508 3.8325165510177612 2.5105596631765357 2.9045492708683014 5.2244904264807692 9.440667510032652 1.6248341351747502 2.7358289323747158 8.8840769454836828
leaf_count=81 127 27 20 99 32 41 38 18 26 42 27 38 48 20 58 117
internal_value=0.000481458 0.00238108 0.00368638 0.00481755 0.00169738 0.010531 0 -0.00612858 -0.000776743 0.00716259 0.00566858 0.00275796 0.00419687 0.00498626 0.02491 0.00569012
internal_weight=88.303 83.3204 80.6384 76.0367 49.6029 26.4337 44.4543 13.7958 10.066 21.7071 6.73707 30.6584 25.4339 19.1965 4.72669 17.5717
internal_count=859 732 705 685 308 377 276 109 71 278 53 167 129 236 99 216
is_linear=0
shrinkage=0.03


Tree=94
num_leaves=10
num_cat=0
split_feature=9 7 4 2 10 13 2 2 13
split_gain=5.57637 4.91449 3.58969 2.20103 1.4084 2.12122 0.651718 4.53893 0.232792
threshold=1.0000000180025095e-35 1.0000000180025095e-35 1.1666666666666667 4.5000000000000009 1.0000000180025095e-35 2.8333333333333335 3.5000000000000004 1.5000000000000002 1.8333333333333337
decision_type=2 2 2 2 2 2 2 2 2
left_child=1 2 3 4 6 -6 7 8 -1
right_child=-2 -3 -4 -5 5 -7 -8 -9 -10
leaf_value=0.0073066983609909588 -0.032083216355822147 -0.033767191160285502 -0.029162717101068755 -0.014305105118941935 -0.019062627627585423 0.011824981214525056 0.012353835328759024 -0.014982373757606934 0.012812915961462147
leaf_weight=19.108267523348331 4.3831222411245099 3.1606619022786608 2.7526793815195552 4.7993719018995753 4.4613704979419699 3.365308903157711 20.410682644695044 7.7425078749656668 17.631818745285273
leaf_count=123 69 42 70 24 30 19 297 46 139
internal_value=0.000469117 0.00225152 0.00374731 0.00499065 0.00632323 -0.0054215 0.00779206 0.0056086 0.0100582
internal_weight=87.8158 83.4327 80.272 77.5193 72.72 7.82668 64.8933 44.4826 36.7401
internal_count=859 790 748 678 654 49 605 308 262
is_linear=0
shrinkage=0.03


Tree=95
num_leaves=13
num_cat=0
split_feature=12 8 18 18 13 13 16 18 3 18 18 13
split_gain=4.91848 5.14682 2.8248 0.817701 1.58006 2.23567 0.494459 0.169096 0.161901 0.323517 0.137575 0.0109365
threshold=1.5000000000000002 1.0000000180025095e-35 1.5000000000000002 2.5000000000000004 1.8333333333333337 2.8333333333333335 2.5000000000000004 3.5000000000000004 1.0000000180025095e-35 3.5000000000000004 1.5000000000000002 1.8333333333333337
decision_type=2 2 2 2 2 2 2 2 2 2 2 2
left_child=1 2 11 -4 7 -6 8 -5 9 10 -3 -1
right_child=-2 6 3 4 5 -7 -8 -9 -10 -11 -12 -13
leaf_value=0.0029150435336755313 -0.035973759369521539 0.0030520817635516667 -0.013727243974214294 -0.0010454121114276832 -0.036618127650234825 -0.0024197799781354246 -0.0049873569547957443 0.0059971318263168172 0.022018898844703726 0.018585126897033222 0.010420935401733266 0.0057411193348793892
leaf_weight=10.06967342272401 3.573228931054472 4.5608647502958908 21.163904812186956 9.2138655073940772 2.8271129168570033 4.7226396948099136 1.3023315034806717 4.1983942538499823 2.0162714086472979 4.6411933973431578 11.771563500165938 8.659079831093548
leaf_count=62 73 35 140 55 30 52 28 22 38 97 183 52
internal_value=-0.00197319 -0.00047062 -0.00516411 -0.00948964 -0.00502392 -0.0159293 0.0111371 0.000965139 0.0121981 0.0110116 0.00857683 0.00440454
internal_weight=88.7201 85.1469 60.8547 42.1259 20.962 7.54975 24.2922 13.4123 22.9899 20.9736 16.3324 18.7288
internal_count=867 794 413 299 159 82 381 77 353 315 218 114
is_linear=0
shrinkage=0.03


Tree=96
num_leaves=16
num_cat=0
split_feature=0 8 2 2 11 3 18 18 11 14 18 2 11 18 15
split_gain=4.76001 4.8816 5.02714 2.91838 2.33673 1.36221 1.26027 1.06798 2.11744 1.0347 0.728761 0.4554 1.07518 0.291033 0.104978
threshold=1.5000000000000002 1.0000000180025095e-35 3.5000000000000004 2.5000000000000004 1.0000000180025095e-35 1.0000000180025095e-35 3.5000000000000004 1.5000000000000002 1.0000000180025095e-35 2.5000000000000004 2.5000000000000004 1.5000000000000002 1.0000000180025095e-35 1.5000000000000002 1.9000000000000001
decision_type=2 2 2 2 2 2 2 2 2 2 2 2 2 2 2
left_child=1 3 5 7 6 13 -5 11 10 -10 -9 12 -1 -3 -7
right_child=-2 2 -4 4 -6 14 -8 8 9 -11 -12 -13 -14 -15 -16
leaf_value=-0.011473195016420978 -0.035788323813054315 0.0006630658353446485 0.027396750112717454 -0.013294198842591679 -0.034390784562726144 0.026918996294042468 0.0050559142769039563 -0.018987179722856299 -0.002808149265312134 0.017464229944466652 -0.0034080812535933046 0.0099702139811519465 0.0089076075475661952 -0.0085968958354437266 0.0091182625861998857
leaf_weight=3.8582695573568344 3.4858316928148261 4.2060549259185773 9.7631765678524971 13.368986157700425 4.048001777380704 1.1225378997623932 4.156351212412118 7.147487249225378 4.5336688123643398 4.0176199823617935 5.2478547617793083 8.9168081991374493 5.532880462706089 7.3460382968187332 1.644861754029989
leaf_count=24 73 28 243 90 37 20 31 43 30 36 36 46 40 56 34
internal_value=-0.00192005 -0.000453907 0.010912 -0.00501359 -0.0138508 -0.000231493 -0.00876804 -5.78139e-05 -0.00474832 0.00646135 -0.0127116 0.0051424 0.000185593 -0.00499117 0.018072
internal_weight=88.3964 84.9106 24.0827 60.8279 21.5733 14.3195 17.5253 39.2546 20.9466 8.55129 12.3953 18.308 9.39115 11.5521 2.7674
internal_count=867 794 381 413 158 138 121 255 145 66 79 110 64 84 54
is_linear=0
shrinkage=0.03


Tree=97
num_leaves=15
num_cat=0
split_feature=0 7 1 10 2 11 2 2 13 13 13 2 13 13
split_gain=4.6058 2.55464 2.30361 1.03929 1.13008 1.13696 9.31629 3.75788 0.790375 0.241994 0.143403 0.130011 0.267992 0.322815
threshold=1.5000000000000002 1.0000000180025095e-35 1.5000000000000002 1.0000000180025095e-35 4.5000000000000009 1.0000000180025095e-35 1.5000000000000002 3.5000000000000004 2.8333333333333335 1.8333333333333337 2.8333333333333335 1.5000000000000002 1.8333333333333337 2.8333333333333335
decision_type=2 2 2 2 2 2 2 2 2 2 2 2 2 2
left_child=1 2 3 4 5 7 10 11 -5 -9 -7 12 -1 -14
right_child=-2 -3 -4 8 -6 6 -8 9 -10 -11 -12 -13 13 -15
leaf_value=-0.0016861630081143658 -0.03560253270549818 -0.03169525297569685 -0.028697704462530345 -0.017490639694615503 -0.013487019908475143 0.0063536720607710404 -0.037272329152008336 0.013095929662333434 0.0013272079217711526 0.022182209682291853 0.014085933965891318 -0.0042581910590544841 0.011264290961627796 -0.00023803395282725421
leaf_weight=16.937219344079502 3.4007116034626952 2.1921206731349221 2.2706177756190291 4.304457262158393 3.6404990404844275 7.3114458099007624 5.0676719397306433 13.243791554123165 3.1652624979615211 5.8448550961911669 5.9329940527677536 6.8862993866205207 3.7243211865425101 4.0171878226101398
leaf_count=103 73 26 59 29 15 45 40 137 19 153 49 44 38 37
internal_value=-0.0018715 -0.000438709 0.000394408 0.00129152 0.00242416 0.00332582 -0.00296223 0.00565951 -0.00920815 0.0161356 0.0101218 -0.000611978 0.000297461 0.00498606
internal_weight=87.9395 84.5387 82.3466 80.076 72.6063 68.9658 18.3121 50.6537 7.46972 19.0886 13.2444 31.565 24.6787 7.74151
internal_count=867 794 768 709 661 646 134 512 48 290 94 222 178 75
is_linear=0
shrinkage=0.03


Tree=98
num_leaves=17
num_cat=0
split_feature=12 8 2 9 18 10 18 14 2 5 2 2 18 14 15 2
split_gain=4.45392 4.50204 4.82895 2.83198 2.51549 4.54599 1.47749 1.4011 2.26672 1.32444 0.495729 0.290122 0.275833 0.214934 0.0952714 0.0867582
threshold=1.5000000000000002 1.0000000180025095e-35 3.5000000000000004 1.0000000180025095e-35 1.5000000000000002 1.0000000180025095e-35 2.5000000000000004 1.5000000000000002 1.5000000000000002 0.36666666666666675 2.5000000000000004 1.5000000000000002 1.5000000000000002 1.5000000000000002 1.9000000000000001 3.5000000000000004
decision_type=2 2 2 2 2 2 2 2 2 2 2 2 2 2 2 2
left_child=1 3 9 4 11 6 10 15 -9 12 13 -1 -3 -6 -11 -8
right_child=-2 2 -4 -5 5 -7 7 8 -10 14 -12 -13 -14 -15 -16 -17
leaf_value=0.0017715187018560855 -0.035416490158082653 0.00062560564150821634 0.027189199112999097 -0.031934703815844838 -0.0080984105646953759 -0.035131578928078999 0.013403698612865979 0.0065959042961715531 -0.03160614000089302 0.026761205902758305 -0.015033231937259108 0.0099455436593910446 -0.0083668361958084223 7.1471536337045909e-05 0.0091703158392311118 0.006061294027469322
leaf_weight=8.8943351730704308 3.3177981786429873 4.2029413133859617 9.3835913613438606 3.2025826387107363 6.0293032228946704 4.6265062615275374 4.0112068057060259 3.1041353717446318 2.2781462520360947 1.095998838543893 8.2326649650931341 8.8900267146527767 7.3784278631210327 4.1634998135268688 1.623147554695606 6.9202322363853455
leaf_count=60 73 28 243 39 33 41 23 23 31 20 47 46 56 36 34 34
internal_value=-0.00183422 -0.000432204 0.0105861 -0.00481608 -0.00319088 -0.00745007 -0.00358713 0.00284075 -0.00930814 -0.000213233 -0.00942485 0.00605805 -0.00486919 -0.00450148 0.0180225 0.00912456
internal_weight=87.3545 84.0367 23.6841 60.3526 57.1501 39.3657 34.7392 16.3137 5.38228 14.3005 18.4255 17.7844 11.5814 10.1928 2.71915 10.9314
internal_count=867 794 381 413 374 268 227 111 54 138 116 106 84 69 54 57
is_linear=0
shrinkage=0.03


Tree=99
num_leaves=13
num_cat=0
split_feature=0 8 9 18 18 13 13 16 18 3 18 18
split_gain=4.30911 4.27838 2.75314 2.3808 0.903819 1.3753 2.45417 0.459153 0.176257 0.155308 0.299355 0.114037
threshold=1.5000000000000002 1.0000000180025095e-35 1.0000000180025095e-35 1.5000000000000002 2.5000000000000004 1.8333333333333337 2.8333333333333335 2.5000000000000004 3.5000000000000004 1.0000000180025095e-35 3.5000000000000004 1.5000000000000002
decision_type=2 2 2 2 2 2 2 2 2 2 2 2
left_child=1 2 3 -1 -5 8 -7 9 -6 10 11 -3
right_child=-2 7 -4 4 5 6 -8 -9 -10 -11 -12 -13
leaf_value=0.0058912022297936996 -0.035230298037562155 0.002773990249617375 -0.031774427879882883 -0.011697879444793873 0.00050816964528433068 -0.036436212404436605 0.00038061914166374682 -0.0051551775205089991 0.008607356232031382 0.021204466111857747 0.017770595298004586 0.0096409709313797637
leaf_weight=17.760847166180611 3.2370234765112391 4.5251627713441946 3.1238694190978995 20.232964990660548 8.596192844212057 2.470395114272832 4.0198032706975937 1.296336494386195 3.8669248819351187 1.9250204898416985 4.3786836527287951 11.362924210727213
leaf_count=106 73 35 39 129 50 26 43 28 20 38 97 183
internal_value=-0.00178928 -0.000417372 -0.00469646 -0.0031054 -0.00726401 -0.00233679 -0.0135182 0.0103728 0.0033084 0.0114335 0.0102585 0.00790238
internal_weight=86.7961 83.5591 60.071 56.9471 39.1863 18.9533 6.4902 23.4881 12.4631 22.1918 20.2668 15.8881
internal_count=867 794 413 374 268 139 69 381 70 353 315 218
is_linear=0
shrinkage=0.03


Tree=100
num_leaves=18
num_cat=0
split_feature=6 8 2 2 11 18 13 11 18 13 18 18 18 11 18 18 2
split_gain=4.67339 3.57308 5.67087 0.782916 3.53367 2.14096 0.996551 1.18051 0.721436 2.12288 4.37548 0.629779 0.506614 0.294926 0.231347 0.348301 0.00231646
threshold=2.5000000000000004 1.0000000180025095e-35 3.5000000000000004 2.5000000000000004 1.0000000180025095e-35 2.5000000000000004 3.5833333333333335 1.0000000180025095e-35 2.5000000000000004 1.8333333333333337 1.5000000000000002 1.5000000000000002 1.5000000000000002 1.0000000180025095e-35 3.5000000000000004 2.5000000000000004 4.5000000000000009
decision_type=2 2 2 2 2 2 2 2 2 2 2 2 2 2 2 2 2
left_child=1 3 8 5 14 6 7 11 9 -3 -11 -1 -9 -7 15 16 -5
right_child=-2 2 -4 4 -6 13 -8 12 -10 10 -12 -13 -14 -15 -16 -17 -18
leaf_value=-0.0046271126744037864 -0.029779129091178459 0.0088880551577335629 0.030527138708028631 0 -0.033576429649796902 0.0073639545974091124 0.0099784875440604073 -0.0025717458013347618 0.011275858211930218 -0.041526116480131589 0.010211869964628705 -0.017067536999016305 0.011812144761902772 0.022286155218994394 0.0049095784101120333 -0.0096532359639877885 0.00080418272596771494
leaf_weight=9.6279813572764485 4.3532012552022925 5.7855729013681394 8.7816129382699728 4.0316030867397838 3.5954358130693427 3.2622858658432952 4.2046908959746352 4.7017410919070226 3.9383958131074914 2.9344601333141327 2.6551051437854767 7.0320788770914069 3.6515548974275589 3.373889222741127 4.0749239884316912 4.5803532004356375 4.1527176201343536
leaf_count=51 128 52 238 27 35 18 26 29 32 20 30 42 25 26 31 37 17
internal_value=9.94261e-05 0.00178976 0.0114528 -0.00230639 -0.00698392 0.000288123 -0.00313186 -0.0054861 0.000192889 -0.00344774 -0.0166752 -0.0101276 0.00342648 0.0156141 -0.000964338 -0.00309628 0.000283421
internal_weight=84.7376 80.3844 24.0951 56.2893 20.435 35.8542 29.218 25.0134 15.3135 11.3751 5.58957 16.6601 8.3533 6.63618 16.8396 12.7647 8.18432
internal_count=864 736 372 364 147 217 173 147 134 102 50 93 54 44 112 81 44
is_linear=0
shrinkage=0.03


Tree=101
num_leaves=15
num_cat=0
split_feature=9 6 7 18 10 8 2 2 2 8 18 2 8 2
split_gain=4.9225 3.85442 3.38921 3.22547 5.43626 0.49984 3.20784 0.771427 0.334879 2.27289 0.53077 0.413577 0.499859 0.126704
threshold=1.0000000180025095e-35 2.5000000000000004 1.0000000180025095e-35 2.5000000000000004 1.0000000180025095e-35 1.0000000180025095e-35 1.5000000000000002 3.5000000000000004 3.5000000000000004 1.0000000180025095e-35 1.5000000000000002 1.5000000000000002 1.0000000180025095e-35 4.5000000000000009
decision_type=2 2 2 2 2 2 2 2 2 2 2 2 2 2
left_child=1 2 3 8 5 6 -5 -7 10 13 11 12 -1 -10
right_child=-2 -3 -4 4 -6 7 -8 -9 9 -11 -12 -13 -14 -15
leaf_value=0 -0.031406210653738657 -0.029385048474538353 -0.032208893970738138 0.031166718200198378 -0.032119828479177402 0.011032857107082001 0.00016642492657767104 0.030153843872158893 -0.0058110907316092034 0.028920810312629663 -0.0057539402727098841 -0.0026714698694134476 0.012295822222718933 0.00078071793411376225
leaf_weight=7.1095499694347382 4.1295219790190449 3.2984067481011143 2.2384625431150189 5.0624806731939351 2.0418846532702437 3.9070685058832169 7.6617264449596405 5.9846877846866846 4.8173465803265554 2.5528791882097712 15.219394613057373 10.938101850450039 5.1073917895555496 4.1522117406129837
leaf_count=42 76 94 25 34 19 32 48 170 29 68 113 62 35 17
internal_value=9.91864e-05 0.00179815 0.00321302 0.00435844 0.0132111 0.0175593 0.0128811 0.0230876 0 0.00442833 -0.00138191 0.00137513 0.00523399 -0.00245385
internal_weight=84.2211 80.0916 76.7932 74.5547 24.6578 22.616 12.7242 9.89176 49.8969 11.5224 38.3744 23.155 12.2169 8.96956
internal_count=864 788 694 669 303 284 82 202 366 114 252 139 77 46
is_linear=0
shrinkage=0.03


Tree=102
num_leaves=17
num_cat=0
split_feature=9 6 7 18 8 2 13 2 13 8 2 13 18 2 2 2
split_gain=4.75646 3.72175 3.26091 3.09522 1.7227 4.37037 1.52582 0.776858 0.694885 0.426346 1.59076 1.38685 0.190597 0.223548 0.0839212 0.035847
threshold=1.0000000180025095e-35 2.5000000000000004 1.0000000180025095e-35 2.5000000000000004 1.0000000180025095e-35 1.5000000000000002 3.5833333333333335 3.5000000000000004 2.8333333333333335 1.0000000180025095e-35 3.5000000000000004 1.8333333333333337 1.5000000000000002 3.5000000000000004 1.5000000000000002 4.5000000000000009
decision_type=2 2 2 2 2 2 2 2 2 2 2 2 2 2 2 2
left_child=1 2 3 6 5 -5 8 -6 9 12 11 -11 14 -14 -1 -15
right_child=-2 -3 -4 4 7 -7 -8 -9 -10 10 -12 -13 13 15 -16 -17
leaf_value=0.003003834344364797 -0.031285478705373702 -0.029303746154207746 -0.032004668347859956 0.028169646300386611 0.010793626620918128 -0.0057201116156803565 0.015862320138337813 0.030092042857124246 -0.01411403217707545 0.008552096005041079 0.028220106230335284 -0.014112531539132939 -0.0079909084720228649 -0.0027688249765153669 -0.0018740040173880837 0.00075793653674767578
leaf_weight=5.5389603972435015 4.0230883955955496 3.2099448498338452 2.1865870822221032 5.1649172678589812 3.8765401914715767 9.4631525054574013 4.8039869144558898 5.8197642974555492 3.6746781691908827 5.7299171015620196 1.951988764107228 4.0420685559511185 8.657294765114786 4.3567158132791501 6.9317428469657898 4.1517195403575897
leaf_count=32 76 94 25 35 32 66 35 170 36 52 53 36 46 24 35 17
internal_value=9.54492e-05 0.00175722 0.00313897 0.00425722 0.0130062 0.0061521 0 0.0228718 -0.00175696 -0.000555344 0.00417036 -0.000566964 -0.00253343 -0.0045811 6.05367e-05 -0.000710621
internal_weight=83.5831 79.56 76.35 74.1634 24.3244 14.6281 49.8391 9.6963 45.0351 41.3604 11.724 9.77199 29.6364 17.1657 12.4707 8.50844
internal_count=864 788 694 669 303 101 366 202 331 295 141 88 154 87 67 41
is_linear=0
shrinkage=0.03


Tree=103
num_leaves=18
num_cat=0
split_feature=9 6 7 18 8 2 13 13 13 8 2 13 18 2 2 2 13
split_gain=4.5959 3.59313 3.13703 2.96273 1.68451 4.18354 1.44304 1.11458 0.649377 0.403125 1.54435 1.30163 0.179074 0.20927 0.0791167 0.0339033 0.033168
threshold=1.0000000180025095e-35 2.5000000000000004 1.0000000180025095e-35 2.5000000000000004 1.0000000180025095e-35 1.5000000000000002 3.5833333333333335 3.5833333333333335 2.8333333333333335 1.0000000180025095e-35 3.5000000000000004 1.8333333333333337 1.5000000000000002 3.5000000000000004 1.5000000000000002 4.5000000000000009 1.8333333333333337
decision_type=2 2 2 2 2 2 2 2 2 2 2 2 2 2 2 2 2
left_child=1 2 3 6 5 -5 8 16 9 12 11 -11 14 -14 -1 -15 -6
right_child=-2 -3 -4 4 7 -7 -8 -9 -10 10 -12 -13 13 15 -16 -17 -18
leaf_value=0.002919468662127962 -0.031166409905342866 -0.029222324177232657 -0.031803967944901319 0.027768423219657494 0.019263536613755444 -0.0055543408633745434 0.015465676604910031 0.00032799109248644176 -0.013604322377241544 0.008349653745730547 0.028113472654393998 -0.013576909362240661 -0.0077330079067300947 -0.0026871306630100625 -0.0018176500918840885 0.0007358176274299867 0.031441583387423366
leaf_weight=5.5310626104474085 3.9192554727196685 3.1239003501832476 2.1357739884406319 5.0850194841623297 2.7571672685444355 9.4563043266534805 4.7822759449481955 1.8894390836358068 3.7013180255889884 5.695727758109566 1.9017496258020408 4.0788572430610657 8.6806130558252352 4.3575200587511045 6.9353022873401642 4.1512405127286911 4.8595416024327278
leaf_count=32 76 94 25 35 67 66 35 28 36 52 53 36 46 24 35 17 107
internal_value=9.10936e-05 0.00171465 0.00306245 0.00415282 0.0127768 0.00600361 0 0.022655 -0.0017034 -0.000534993 0.00407024 -0.000541151 -0.00245661 -0.00443916 5.1884e-05 -0.000679517 0.0277288
internal_weight=83.0421 79.1228 75.9989 73.8631 24.0475 14.5413 49.8157 9.50615 45.0334 41.3321 11.6763 9.77459 29.6557 17.1894 12.4664 8.50876 7.61671
internal_count=864 788 694 669 303 101 366 202 331 295 141 88 154 87 67 41 174
is_linear=0
shrinkage=0.03


Tree=104
num_leaves=19
num_cat=0
split_feature=9 6 18 10 11 2 13 13 13 8 8 2 13 13 2 18 2 2
split_gain=4.44146 3.46946 2.44282 4.66941 1.15611 6.14544 1.13474 1.09579 0.819725 0.573843 0.450686 1.4992 1.22196 0.120016 0.146602 0.106729 0.180662 0.145786
threshold=1.0000000180025095e-35 2.5000000000000004 2.5000000000000004 1.0000000180025095e-35 1.0000000180025095e-35 1.5000000000000002 3.5833333333333335 3.5833333333333335 2.8333333333333335 1.0000000180025095e-35 1.0000000180025095e-35 3.5000000000000004 1.8333333333333337 1.8333333333333337 4.5000000000000009 1.5000000000000002 1.5000000000000002 3.5000000000000004
decision_type=2 2 2 2 2 2 2 2 2 2 2 2 2 2 2 2 2 2
left_child=1 2 6 4 7 -6 8 9 10 -4 13 12 -12 14 15 16 -1 -17
right_child=-2 -3 3 -5 5 -7 -8 -9 -10 -11 11 -13 -14 -15 -16 17 -18 -19
leaf_value=0.0023034960897965768 -0.031048895840548939 -0.029140720686053393 0.014411123451391561 -0.031925483062947541 0.032510235331281133 -0.032920489890500705 0.012591011136618983 -0.00062658484061459921 -0.014927318264833166 0.027558567572326102 0.0081510099826716861 0.028006265962579765 -0.0130666084893565 0.00066720148126619429 0.00071433942581770752 -0.010132643898755369 -0.0055249220414187936 -0.0018384982209999901
leaf_weight=3.9176476672291827 3.8179752249270669 3.0402129217982283 8.2410252131521791 1.9853198155760754 2.6441489160060874 2.3339860141277313 5.0192857645452014 2.1248567756265393 4.1134839765727511 7.4429011717438689 5.6624472774565184 1.8528801798820502 4.1143600195646286 5.4487496912479392 4.1507741510868064 6.2882945835590363 6.0876038074493408 4.2383939027786255
leaf_count=25 76 94 45 19 23 24 38 31 42 174 52 53 36 31 17 32 30 22
internal_value=8.82458e-05 0.00167423 0.00298878 0.0107023 0.0146706 0.00119826 -0.000720537 0.0182414 -0.00226647 0.0209755 -0.000915024 0.00397242 -0.000516121 -0.00290754 -0.00381723 -0.00487777 -0.0021703 -0.00712418
internal_weight=82.5243 78.7064 75.6662 24.7722 22.7869 4.97813 50.8939 17.8088 45.8746 15.6839 41.7612 11.6297 9.77681 30.1315 24.6827 20.5319 10.0053 10.5267
internal_count=864 788 694 316 297 47 378 250 340 219 298 141 88 157 126 109 55 54
is_linear=0
shrinkage=0.03


Tree=105
num_leaves=15
num_cat=0
split_feature=9 1 8 2 4 13 2 18 18 13 13 13 18 18
split_gain=3.94727 2.55435 3.32067 2.81279 2.11264 1.84045 1.60048 1.61659 1.25895 1.89049 0.757451 0.193405 0.086931 0.0198386
threshold=1.0000000180025095e-35 1.5000000000000002 1.0000000180025095e-35 3.5000000000000004 0.83333333333333337 1.8333333333333337 1.5000000000000002 2.5000000000000004 2.5000000000000004 2.8333333333333335 1.8333333333333337 2.8333333333333335 1.5000000000000002 1.5000000000000002
decision_type=2 2 2 2 2 2 2 2 2 2 2 2 2 2
left_child=1 2 6 4 5 -4 8 13 9 12 -9 -7 -1 -8
right_child=-2 -3 3 -5 -6 11 7 10 -10 -11 -12 -13 -14 -15
leaf_value=0.0067092004238733802 -0.031195470887073466 -0.028686815764844231 -0.016133419978466693 0.025612208171001773 0.029152770108158425 0.0019791519549544447 -0.002532855872769225 -0.011280849767557975 0.015567159869901537 -0.018045143316287236 -0.031401808833309369 0.013505414147938289 0.00166232305728379 0
leaf_weight=6.9717398881912311 3.5929843019694081 2.4904285036027423 4.8567296266555804 7.9434367530047885 2.2183662317693225 3.5653027035295963 9.3029405623674446 7.3572558462619764 5.3568404391407958 4.3236903920769683 2.6429868414998055 3.057769775390625 9.4045733213424683 6.9102379754185668
leaf_count=41 68 80 33 237 43 24 45 39 36 33 38 27 50 40
internal_value=-0.000888936 0.000535995 0.00159861 0.011477 0.00293655 -0.00207843 -0.00244821 -0.00769873 0.00272842 -0.000508689 -0.0171539 0.0078686 0.00402064 -0.00161348
internal_weight=79.9953 76.4023 73.9119 21.6416 13.6982 11.4798 52.2703 26.2134 26.0568 20.7 10.0002 6.62307 16.3763 16.2132
internal_count=834 766 686 364 127 84 322 162 160 124 77 51 91 85
is_linear=0
shrinkage=0.03


Tree=106
num_leaves=13
num_cat=0
split_feature=9 7 6 10 14 1 18 14 18 14 3 18
split_gain=3.81879 3.79332 2.86934 1.30675 0.984303 0.590212 0.341325 1.72365 0.562358 0.540623 0.263972 0.0433938
threshold=1.0000000180025095e-35 1.0000000180025095e-35 2.5000000000000004 1.0000000180025095e-35 2.5000000000000004 1.0000000180025095e-35 2.5000000000000004 2.5000000000000004 3.5000000000000004 2.5000000000000004 2.5000000000000004 1.5000000000000002
decision_type=2 2 2 2 2 2 2 2 2 2 2 2
left_child=1 2 3 5 -5 6 9 8 -8 11 -7 -1
right_child=-2 -3 -4 4 -6 10 7 -9 -10 -11 -12 -13
leaf_value=0.0018115026476430054 -0.031069766697927426 -0.033305690624136408 -0.028763786562919284 -0.020894919388269085 0.0019341084660519483 0.0042441674178661922 0.0062606257274432026 0.019686087977775001 -0.0052195585549810776 -0.007345197340248558 0.027406788577086276 0.0043935125598060006
leaf_weight=16.724229574203491 3.5010887291282407 2.7622253745794287 2.5333309508860102 3.2984473928809157 2.938273049890995 1.1975262388586989 8.5195986367762107 6.4450268242508164 6.6650172881782046 4.6770549453794947 1.4017127752304077 18.877787057310343
leaf_count=102 68 38 79 24 17 15 84 111 84 47 31 134
internal_value=-0.000868397 0.00052173 0.0018814 0.00306018 -0.00980538 0.00436373 0.00369734 0.00678795 0.00102415 0.00195071 0.0183993 0.0032731
internal_weight=79.5413 76.0402 73.278 70.7447 6.23672 64.508 61.9087 21.6296 15.1846 40.2791 2.59924 35.602
internal_count=834 766 728 649 41 608 562 279 168 283 46 236
is_linear=0
shrinkage=0.03


Tree=107
num_leaves=14
num_cat=0
split_feature=9 7 6 10 11 13 18 13 18 13 18 18 18
split_gain=3.69477 3.65797 2.76929 1.23567 1.43617 2.32387 2.87681 0.943339 0.344611 0.388094 0.279705 0.162108 0.00779069
threshold=1.0000000180025095e-35 1.0000000180025095e-35 2.5000000000000004 1.0000000180025095e-35 1.0000000180025095e-35 1.8333333333333337 1.5000000000000002 2.4166666666666674 3.5000000000000004 2.8333333333333335 1.5000000000000002 2.5000000000000004 1.5000000000000002
decision_type=2 2 2 2 2 2 2 2 2 2 2 2 2
left_child=1 2 3 4 5 11 -7 -5 9 10 -6 12 -1
right_child=-2 -3 -4 7 8 6 -8 -9 -10 -11 -12 -13 -14
leaf_value=0.002939433814938519 -0.030945651445940865 -0.03310736230708626 -0.028673844332373861 -0.020512233520467851 0.0080763766134641923 -0.0092539229938485429 0.025889299055224697 0.0018775368656812714 -0.012882612328478709 -0.0080898844949922558 -0.0017127887059148375 0 0.0053270523842960096
leaf_weight=11.396936882287264 3.4114327970892182 2.6969951298087826 2.4663645420223466 3.2616137564182273 4.2239707857370394 2.479460332542657 9.527127390727399 2.9390022158622742 2.6328802928328505 4.7156589180231085 5.759777843952179 11.009891074150799 12.610584381967783
leaf_count=72 68 38 79 24 28 19 203 17 25 40 36 101 84
internal_value=-0.000847616 0.000507853 0.00183398 0.00298193 0.00425005 0.00698629 0.0183676 -0.0095623 -0.00299899 -0.000950894 0.00217037 0.00295729 0.00433493
internal_weight=79.1317 75.7203 73.0233 70.5569 64.3563 47.024 12.0066 6.20062 17.3323 14.6994 9.98375 35.0174 24.0075
internal_count=834 766 728 649 608 479 222 41 129 104 64 257 156
is_linear=0
shrinkage=0.03


Tree=108
num_leaves=15
num_cat=0
split_feature=7 6 8 2 3 13 2 10 2 13 13 2 13 13
split_gain=3.4355 2.99787 3.63824 3.89914 2.02464 1.69379 1.51797 1.18068 0.683031 0.50148 0.90107 0.496103 0.146318 0.0965723
threshold=1.0000000180025095e-35 2.5000000000000004 1.0000000180025095e-35 3.5000000000000004 1.0000000180025095e-35 1.8333333333333337 1.5000000000000002 1.0000000180025095e-35 3.5000000000000004 2.8333333333333335 3.5833333333333335 4.5000000000000009 2.8333333333333335 1.8333333333333337
decision_type=2 2 2 2 2 2 2 2 2 2 2 2 2 2
left_child=1 2 6 4 5 -4 9 8 -8 13 -11 -10 -7 -1
right_child=-2 -3 3 -5 -6 12 7 -9 11 10 -12 -13 -14 -15
leaf_value=0.0060950197274869692 -0.032766723407007758 -0.02894513803597416 -0.01570566332553272 0.030167388100583312 0.028926217770914701 0.0020497069097203955 -0.018072458150555186 0.0063396596602524596 -0.0092930134483256363 0.0058647240253095175 -0.016939793811349416 0.0034296731315566534 0.01248880385151438 0.00077300097913869539
leaf_weight=14.691057592630392 2.8218485098332158 2.9076285529881707 4.8886662572622317 7.0947004538029423 2.1016540899872771 3.4914550334215164 7.4370575621724191 4.2143381871283045 11.420800182968376 2.947417013347148 2.8724015355110168 3.1689804047346106 2.941183052957058 5.6487780660390845
leaf_count=87 47 101 33 229 43 23 39 32 80 26 22 13 27 32
internal_value=-0.000833927 0.000356522 0.00160405 0.0123061 0.00249039 -0.00236472 -0.00254467 -0.00765771 -0.0104879 0.0024797 -0.00497982 -0.00632082 0.0074001 0.00477477
internal_weight=78.648 75.8261 72.9185 20.5177 13.423 11.3213 52.4008 26.2412 22.0268 26.1597 5.81982 14.5898 6.43264 20.3398
internal_count=834 787 686 355 126 83 331 164 132 167 48 93 50 119
is_linear=0
shrinkage=0.03


Tree=109
num_leaves=14
num_cat=0
split_feature=9 7 1 8 2 2 18 18 13 13 18 18 13
split_gain=3.55129 3.40984 2.2654 2.52092 3.43963 1.61934 1.83921 1.43472 1.41353 1.25518 0.186782 0.053421 0.0359128
threshold=1.0000000180025095e-35 1.0000000180025095e-35 1.5000000000000002 1.0000000180025095e-35 3.5000000000000004 1.5000000000000002 2.5000000000000004 2.5000000000000004 2.8333333333333335 1.8333333333333337 1.5000000000000002 1.5000000000000002 2.8333333333333335
decision_type=2 2 2 2 2 2 2 2 2 2 2 2 2
left_child=1 2 3 5 9 6 8 11 10 -5 -1 -7 -11
right_child=-2 -3 -4 4 -6 7 -8 -9 -10 12 -12 -13 -14
leaf_value=0.0084535534894534612 -0.030814939788313685 -0.032720809843723844 -0.028164627266057764 -0.0076855649338757603 0.028337630978720111 -0.0020911001863393964 0.021139016379629293 -0.015518834212264016 -0.015190426429609286 0.0068137076895869054 0.0013664169078322708 0.0013001127762546027 0.014233429446198488
leaf_weight=6.5798433423042342 3.2991554141044608 2.5709745306521645 2.0887452792376271 5.8828686401247996 7.105382924899458 9.3277586400508898 4.7369130402803412 9.3331939205527288 4.0071679502725592 4.2913629189133644 9.3429815918207169 6.4548960253596297 3.2497967332601547
leaf_count=39 68 38 73 52 234 45 32 65 29 42 50 34 33
internal_value=-0.000808196 0.000511585 0.00177656 0.00274736 0.0115758 -0.000849092 0.00453143 -0.00624942 0.000348569 0.00233797 0.00451677 -0.000515801 0.0105482
internal_weight=78.271 74.9719 72.4009 70.3122 20.5294 49.7828 24.6669 25.1158 19.93 13.424 15.9228 15.7827 7.54116
internal_count=834 766 728 655 361 294 150 144 118 127 89 79 75
is_linear=0
shrinkage=0.03


Tree=110
num_leaves=18
num_cat=0
split_feature=9 7 1 8 18 14 18 14 14 18 14 14 18 18 18 11 14
split_gain=3.08794 2.57584 2.44214 1.82704 1.17067 0.732165 0.460251 2.92589 2.78404 2.50208 1.41704 1.2915 1.09713 0.31083 0.282177 0.217827 0.0269397
threshold=1.0000000180025095e-35 1.0000000180025095e-35 1.5000000000000002 1.0000000180025095e-35 2.5000000000000004 2.5000000000000004 2.5000000000000004 1.5000000000000002 1.5000000000000002 1.5000000000000002 2.5000000000000004 3.5000000000000004 3.5000000000000004 1.5000000000000002 3.5000000000000004 1.0000000180025095e-35 1.5000000000000002
decision_type=2 2 2 2 2 2 2 2 2 2 2 2 2 2 2 2 2
left_child=1 2 3 4 13 14 8 12 -5 -10 -11 -9 -8 15 -6 -1 -15
right_child=-2 -3 -4 6 5 -7 7 11 9 10 -12 -13 -14 16 -16 -17 -18
leaf_value=0.0095117121777590612 -0.030098664154008963 -0.031930479551354529 -0.028215177091583502 0.028911340849463295 -0.0046657419370900758 0.0066741270043110673 -0.032466868730673476 0.02517843604437742 -0.021669316460836439 0.030499022190120545 -0.0049411891097110965 -0.0051055748693788049 0 0 -0.014274117028621101 0.001331083282475515 0.0024752418232059058
leaf_weight=9.6499217450618726 2.7679251208901396 1.8962261602282513 2.1350836381316176 6.1059510037302989 7.7448932603001612 2.9542642310261717 1.7066639661788923 4.8008607439696789 2.5771181359887123 2.2988383136689667 1.4977070242166517 1.4639511909335849 1.835133608430624 12.741679757833483 5.9740327000617981 5.5782214961946002 5.3774665594100943
leaf_count=46 67 33 75 76 44 33 32 111 20 45 28 23 43 63 38 38 38
internal_value=0.00041135 0.00159478 0.00253069 0.00351771 0.000267435 -0.00613593 0.010645 0.00521098 0.0146013 0.000194068 0.0159802 0.0176613 -0.015868 0.0035675 -0.00913991 0.00673902 0.000714988
internal_weight=79.1059 76.338 74.4418 72.3067 50.0205 16.6732 22.2862 9.80661 12.4796 6.37366 3.79655 6.26481 3.5418 33.3473 13.7189 15.2281 18.1191
internal_count=853 786 753 678 300 115 378 209 169 93 73 134 75 185 82 84 101
is_linear=0
shrinkage=0.03


Tree=111
num_leaves=10
num_cat=0
split_feature=6 8 2 2 13 13 13 13 2
split_gain=3.4822 2.51797 2.52366 1.49394 1.9427 0.693982 0.0795474 0.0709354 0.0604115
threshold=2.5000000000000004 1.0000000180025095e-35 3.5000000000000004 2.5000000000000004 1.8333333333333337 2.8333333333333335 1.8333333333333337 3.5833333333333335 1.5000000000000002
decision_type=2 2 2 2 2 2 2 2 2
left_child=1 3 -3 5 -5 6 8 -7 -1
right_child=-2 2 -4 4 -6 7 -8 -9 -10
leaf_value=0.0018121157036853431 -0.029109657350740784 0.0029078968684889527 0.024713252944503456 -0.0039751080961072174 -0.030153892717056714 0.004787851881067221 -0.0030788654308351007 0.012487279365853388 -0.0018650181224493325
leaf_weight=12.878144763410097 3.3318560738116494 14.815504439175131 7.2585436366498461 16.733207710087303 3.0204281639307728 3.8411237858235818 7.0629065521061412 4.6489396244287491 5.1233836561441413
leaf_count=77 128 139 234 88 56 35 40 31 25
internal_value=0.00039603 0.00177675 0.0102925 -0.00170598 -0.0082608 0.00207679 -0.000328934 0.00944939 0.00059532
internal_weight=78.714 75.3822 22.074 53.3081 19.7536 33.5545 25.0644 8.49006 18.0015
internal_count=853 725 373 352 144 208 142 66 102
is_linear=0
shrinkage=0.03


Tree=112
num_leaves=18
num_cat=0
split_feature=9 1 8 2 2 18 14 18 2 11 18 14 18 11 18 18 11
split_gain=2.93943 2.29573 1.70738 2.08407 3.64682 2.66325 3.20014 1.44259 1.28685 4.13301 0.889099 0.652833 0.813532 0.349381 0.444943 0.121761 0.0408326
threshold=1.0000000180025095e-35 1.5000000000000002 1.0000000180025095e-35 3.5000000000000004 4.5000000000000009 2.5000000000000004 1.5000000000000002 1.5000000000000002 3.5000000000000004 1.0000000180025095e-35 2.5000000000000004 2.5000000000000004 2.5000000000000004 1.0000000180025095e-35 1.5000000000000002 3.5000000000000004 1.0000000180025095e-35
decision_type=2 2 2 2 2 2 2 2 2 2 2 2 2 2 2 2 2
left_child=1 2 8 5 -5 6 -4 -8 11 10 -10 12 13 14 -1 -12 -13
right_child=-2 -3 3 4 -6 -7 7 -9 9 -11 15 16 -14 -15 -16 -17 -18
leaf_value=0.0047497020098039369 -0.029958481332243381 -0.028173719685822482 0.028202823597983522 0.029644789270172629 -0.03620262898142719 -0.015868728852826579 -0.020751730504739208 0.0098409899250636278 0.0089298430303526213 -0.033593910862430722 -0.0092385891378628134 0.004860059345715176 -0.010229623688703801 0.0087708211127799033 -0.0067015769256891901 -0.00094361333502544157 0.01239638245159649
leaf_weight=7.8154847174882942 2.662997579202055 2.1565557308495036 5.0371345020830649 6.6644026562571517 0.72779720649123181 4.5891449451446524 2.5577829480171204 2.6788266152143478 6.3892283961176899 3.9606803469359866 4.4822272472083551 2.7607413977384549 4.8887728489935389 6.7784659788012496 4.8441148176789284 3.8674408011138439 5.4755274206399918
leaf_count=39 67 82 47 233 9 38 19 37 31 42 30 15 29 42 24 23 46
internal_value=0.000383867 0.00152934 0.00247848 0.00940388 0.0223647 0.00265081 0.0112857 -0.00464849 -0.000482146 -0.00678438 0.000395632 0.0030548 0.000440473 0.00331623 0.000114645 -0.00580816 0.0103187
internal_weight=78.3373 75.6743 73.5178 22.2551 7.3922 14.8629 10.2737 5.23661 51.2627 18.6996 14.7389 32.5631 24.3268 19.4381 12.6596 8.34967 8.23627
internal_count=853 786 704 383 242 141 103 56 321 126 84 195 134 105 63 53 61
is_linear=0
shrinkage=0.03


Tree=113
num_leaves=10
num_cat=0
split_feature=6 8 1 13 10 13 14 13 14
split_gain=3.25993 2.27978 0.864164 0.721566 1.25795 0.430724 0.112447 0.0204434 0.0117441
threshold=2.5000000000000004 1.0000000180025095e-35 1.0000000180025095e-35 3.5833333333333335 1.0000000180025095e-35 1.8333333333333337 2.5000000000000004 2.8333333333333335 3.5000000000000004
decision_type=2 2 2 2 2 2 2 2 2
left_child=1 3 6 4 5 -1 -3 -7 -8
right_child=-2 2 -4 -5 -6 7 8 -9 -10
leaf_value=0.0005516544733882012 -0.028966923322718836 0.0092554653312666279 0.028762120834951395 0.0090386097442641741 -0.017895869594078621 -0.0077690816185723094 0.00081224552168938349 -0.0033036216246511438 0.0053237475211240478
leaf_weight=32.053209573030472 3.1559230312705031 13.97323383390904 2.0039835423231116 4.9465169459581366 4.4277707561850539 6.5030358470976335 3.4589278474450103 5.0573245510458946 2.2306365966796875
leaf_count=172 128 225 43 36 35 50 70 59 35
internal_value=0.000368871 0.00168622 0.00988055 -0.00162024 -0.00279652 -0.00115753 0.00766859 -0.00611794 0.00316059
internal_weight=77.8106 74.6546 21.6668 52.9879 48.0413 43.6136 19.6628 11.5604 5.68956
internal_count=853 725 373 352 316 281 330 109 105
is_linear=0
shrinkage=0.03


Tree=114
num_leaves=16
num_cat=0
split_feature=6 8 2 18 14 2 14 18 14 18 2 14 18 18 18
split_gain=3.15368 2.16921 2.44245 2.54249 3.02333 1.34471 1.8682 1.30652 0.574759 0.436506 0.133545 0.29634 0.339772 0.147751 0.000315344
threshold=2.5000000000000004 1.0000000180025095e-35 3.5000000000000004 2.5000000000000004 1.5000000000000002 2.5000000000000004 1.5000000000000002 1.5000000000000002 3.5000000000000004 2.5000000000000004 1.5000000000000002 2.5000000000000004 1.5000000000000002 2.5000000000000004 3.5000000000000004
decision_type=2 2 2 2 2 2 2 2 2 2 2 2 2 2 2
left_child=1 5 3 4 -3 8 9 -6 10 -7 11 12 -1 -14 -11
right_child=-2 2 -4 -5 7 6 -8 -9 -10 14 -12 -13 13 -15 -16
leaf_value=0.0060596488761105781 -0.028893610187363472 0.027815086269544785 0.024334674400253564 -0.015468194042294639 -0.020066475193016277 0.001259001509521254 -0.029931404973594013 0.0093430698777415243 0.011755044342771769 -0.010119179551469612 -0.0032093126650540997 0.0094515398277974661 0 -0.007036243256195218 -0.0052665551474261486
leaf_weight=5.6926945149898627 3.0705558061599723 4.8926205448806304 6.8761396873742333 4.6220427975058547 2.4924605190753937 7.6001532450318399 2.867083339020609 2.6276700235903263 4.6014611944556227 4.6436963677406293 6.7591100968420497 3.4719570949673644 8.4340867176651937 4.4662023782730094 4.4024929478764534
leaf_count=36 128 47 234 38 17 37 56 37 31 27 36 32 47 26 24
internal_value=0.000359994 0.00164389 0.00967353 0.00246301 0.0111081 -0.00157436 -0.00784307 -0.00450884 0.00200823 -0.00370352 0.000313274 0.0015373 0 -0.00267594 -0.00816897
internal_weight=77.5204 74.4499 21.5109 14.6348 10.0128 52.9389 19.5134 5.12013 33.4255 16.6463 28.8241 22.0649 18.593 12.9003 9.04619
internal_count=853 725 373 139 101 352 144 54 208 88 177 141 109 73 51
is_linear=0
shrinkage=0.03


Tree=115
num_leaves=13
num_cat=0
split_feature=7 9 6 2 10 18 2 2 18 18 2 16
split_gain=4.20015 4.03607 1.69908 0.864324 0.462397 0.788394 3.52045 0.447173 0.326393 0.216609 0.814585 0.0817503
threshold=1.0000000180025095e-35 1.0000000180025095e-35 1.5000000000000002 1.5000000000000002 1.0000000180025095e-35 1.5000000000000002 1.5000000000000002 4.5000000000000009 1.5000000000000002 2.5000000000000004 3.5000000000000004 2.5000000000000004
decision_type=2 2 2 2 2 2 2 2 2 2 2 2
left_child=1 2 4 11 5 6 -1 9 -5 10 -7 -4
right_child=-2 -3 3 8 -6 7 -8 -9 -10 -11 -12 -13
leaf_value=0.012262335651160866 -0.033320379043212542 -0.030439409398329596 0.0063933579115687507 -0.0092011460948330862 -0.0018089243205955197 0.0075691026224749052 -0.013996301976757561 0 -0.034085101701088881 0.0070927402264803338 0.022319540997457539 -0.004355398297668258
leaf_weight=10.660121880471708 2.907273367047309 3.0369705632328978 1.3098084479570382 1.4970021285116675 6.4017829634249201 12.387563087046148 7.8942901641130439 4.6230392903089514 1.3700323104858396 21.533629886806011 5.3047922495752564 0.8310179691761731
leaf_count=71 55 66 31 24 40 78 50 19 36 292 82 28
internal_value=0.00138696 0.00278054 0.00422726 -0.012303 0.00549003 0.00628851 0.000914193 0.0084871 -0.0228513 0.00952535 0.012261 0.000873988
internal_weight=79.7573 76.8501 73.8131 5.00786 68.8052 62.4034 18.5544 43.849 2.86703 39.226 17.6924 2.14083
internal_count=872 817 751 119 632 592 121 471 60 452 160 59
is_linear=0
shrinkage=0.03


Tree=116
num_leaves=14
num_cat=0
split_feature=7 17 8 1 13 2 10 2 2 8 13 8 2
split_gain=4.04603 2.04702 0.7682 1.21243 0.725691 1.78912 1.19839 0.661884 3.36632 4.50123 0.714628 0.200778 0.00110388
threshold=1.0000000180025095e-35 1.0000000180025095e-35 1.0000000180025095e-35 1.5000000000000002 3.5833333333333335 1.5000000000000002 1.0000000180025095e-35 1.5000000000000002 3.5000000000000004 1.0000000180025095e-35 2.8333333333333335 1.0000000180025095e-35 4.5000000000000009
decision_type=2 2 2 2 2 2 2 2 2 2 2 2 2
left_child=1 4 -3 -4 6 -6 7 10 -9 12 11 -1 -10
right_child=-2 2 3 -5 5 -7 -8 8 9 -11 -12 -13 -14
leaf_value=0.006690780415169675 -0.033132771431458381 -0.030486637559128157 0.017938669662148663 -0.025507354941681333 0.0018722222325164731 0.035728103459684704 -0.012055469763133278 -0.015309137857037775 -0.0014288894493851073 0.028466146423409677 0.017709539485612578 0.00046485198247690518 0
leaf_weight=17.790530152618892 2.8376426799222818 2.0163151547312728 1.0254139490425589 1.0464576575905082 4.5095555484294882 2.0984316132962704 4.3118343241512767 8.3127634059637803 11.818723000586038 6.2008283250033847 4.954905003309249 7.7869190759956828 4.6572678871452799
leaf_count=104 55 47 24 43 37 26 35 48 85 233 48 66 21
internal_value=0.00134481 0.00270392 -0.017567 -0.00278777 0.00391189 0.0134431 0.00289077 0.00400484 0.000800855 0.00687938 0.00714564 0.00492136 -0.00118665
internal_weight=79.3676 76.5299 4.08819 2.07187 72.4418 6.60799 65.8338 61.5219 30.9896 22.6768 30.5324 25.5774 16.476
internal_count=872 817 114 67 703 63 640 605 387 339 218 170 106
is_linear=0
shrinkage=0.03


Tree=117
num_leaves=14
num_cat=0
split_feature=7 9 17 10 2 2 13 18 2 18 6 18 18
split_gain=3.8997 3.86736 1.64262 0.717476 0.80775 3.79235 1.08138 1.21992 0.570421 0.861459 0.481307 0.347151 0.0851509
threshold=1.0000000180025095e-35 1.0000000180025095e-35 1.0000000180025095e-35 1.0000000180025095e-35 1.5000000000000002 3.5000000000000004 2.8333333333333335 2.5000000000000004 4.5000000000000009 2.5000000000000004 2.5000000000000004 2.5000000000000004 3.5000000000000004
decision_type=2 2 2 2 2 2 2 2 2 2 2 2 2
left_child=1 2 3 4 6 -6 7 -1 9 -7 -4 -8 -11
right_child=-2 -3 10 -5 5 8 11 -9 -10 12 -12 -13 -14
leaf_value=0.0095604720780616045 -0.032947608891503659 -0.030327273715406017 -0.0029671100362714158 -0.0039599447126884698 -0.014632143065769529 0.021227615685791075 0.010701394324167663 -0.0063436365476800703 0 0.0028760882025201558 -0.027280702547490654 0.025564613282139697 0.0091897834287671103
leaf_weight=19.448289409279827 2.76957401074469 2.9548332318663588 1.8793813027441495 6.6523072384297839 8.2827955633401888 5.6921566035598579 3.9127653837203962 5.267030417919158 4.6230392903089514 5.770438024774192 1.6242056805640457 4.2205367758870125 5.8427311573177576
leaf_count=128 55 66 28 42 45 96 35 33 19 102 67 41 115
internal_value=0.00131069 0.00263723 0.00404808 0.00509508 0.00610257 0.00241487 0.0093855 0.00603838 0.00902726 0.0115166 -0.0155153 0.0189954 0.00636005
internal_weight=78.9401 76.1705 73.2157 69.7121 63.0598 30.2112 32.8486 24.7153 21.9284 17.3053 3.50359 8.1333 11.6132
internal_count=872 817 751 656 614 377 237 161 332 313 95 76 217
is_linear=0
shrinkage=0.03


Tree=118
num_leaves=20
num_cat=0
split_feature=7 9 17 8 1 14 18 18 18 2 14 18 2 2 2 18 2 18 18
split_gain=3.75816 3.72572 1.5677 0.732133 1.0691 0.614965 1.50707 0.690595 0.736728 0.695904 0.519942 3.286 0.496582 0.421334 0.383165 0.582479 1.2879 0.0508821 0.0120459
threshold=1.0000000180025095e-35 1.0000000180025095e-35 1.0000000180025095e-35 1.0000000180025095e-35 1.5000000000000002 2.5000000000000004 2.5000000000000004 2.5000000000000004 1.5000000000000002 3.5000000000000004 1.5000000000000002 1.5000000000000002 4.5000000000000009 3.5000000000000004 3.5000000000000004 1.5000000000000002 1.5000000000000002 3.5000000000000004 3.5000000000000004
decision_type=2 2 2 2 2 2 2 2 2 2 2 2 2 2 2 2 2 2 2
left_child=1 2 5 -4 -5 6 10 8 -7 -9 12 -12 14 -8 15 16 -1 -11 -15
right_child=-2 -3 3 4 -6 7 13 9 -10 17 11 -13 -14 18 -16 -17 -18 -19 -20
leaf_value=0.021695342214511065 -0.032764781635527027 -0.03020951492528277 -0.030030405726251423 0.017833112109145642 -0.024713227411789204 0.012176885265661014 -0.010125934514822592 0.02530334976208683 -0.0058999553775426214 0 -0.019039809726538338 0.017443513214015594 0 -0.0012839188494117716 0.018825362830476009 0.00095703028099638631 0.0022898154528829024 0.0079996752751635685 0.00057716847062871382
leaf_weight=6.3435136675834745 2.7030417788773766 2.8788982313126317 1.5509783495217555 1.0123771429061887 0.89900503307580937 4.3921992480754835 6.0608399957418451 4.138470284640789 3.372205127030611 1.3575417883694172 4.0829732939600927 4.6358651034533978 4.6230392903089514 5.3114442732185125 4.4850887637585393 7.2333720363676539 6.6863347068428993 1.0064975302666426 5.7532042320817709
leaf_count=46 55 66 34 24 37 26 38 41 44 38 22 57 19 75 50 42 36 39 83
internal_value=0.00127358 0.00256808 0.00394236 -0.0152795 -0.000920507 0.0049639 0.0034364 0.0106017 0.00396917 0.0178869 0.00678291 0 0.0086889 -0.00382885 0.0103696 0.00826745 0.0120591 0.0031863 -5.10155e-05
internal_weight=78.5269 75.8238 72.9449 3.46236 1.91138 69.4826 55.2157 14.2669 7.7644 6.50251 38.0902 8.71884 29.3713 17.1255 24.7483 20.2632 13.0298 2.36404 11.0646
internal_count=872 817 751 95 61 656 468 188 70 118 272 79 193 196 174 124 82 77 158
is_linear=0
shrinkage=0.03


Tree=119
num_leaves=20
num_cat=0
split_feature=7 9 17 13 18 18 13 2 13 18 2 2 2 18 2 4 13 18 18
split_gain=3.62288 3.5905 1.50043 0.586376 1.4267 0.669323 0.740385 0.679675 0.493715 3.09906 0.473758 0.394455 0.360063 0.555417 1.24081 0.324231 0.229901 0.0574713 0.0485199
threshold=1.0000000180025095e-35 1.0000000180025095e-35 1.0000000180025095e-35 2.8333333333333335 2.5000000000000004 2.5000000000000004 3.5833333333333335 3.5000000000000004 1.4166666666666667 1.5000000000000002 4.5000000000000009 3.5000000000000004 3.5000000000000004 1.5000000000000002 1.5000000000000002 1.1666666666666667 1.8333333333333337 3.5000000000000004 3.5000000000000004
decision_type=2 2 2 2 2 2 2 2 2 2 2 2 2 2 2 2 2 2 2
left_child=1 2 3 4 8 6 -5 -7 10 -10 12 -6 13 14 -1 -4 17 -13 -9
right_child=-2 -3 15 5 11 7 -8 18 9 -11 -12 16 -14 -15 -16 -17 -18 -19 -20
leaf_value=0.021350886987961382 -0.032584185001460146 -0.030092631216119201 -0.0051287853762724527 -0.005485083072128881 -0.0097859966132227815 0.025043132269970441 0.012552444835557139 0 -0.018375304648293397 0.017066961487219666 0 -0.0043351845269402507 0.018362591008199904 0.00092911473046408482 0.0022241840123010171 -0.026591322745969922 0.010674136013091844 0 0.0078046931934485485
leaf_weight=6.2554350346326917 2.6380203962326041 2.8048848221078506 2.0265273526310916 3.5956362821161729 6.0863131582736978 4.0582849606871605 4.1607441361993551 1.3575417883694172 4.1069493293762189 4.5987785272300243 4.6230392903089514 4.6755475327372533 4.4630370028316966 7.2302396744489661 6.6801706589758396 1.3675201702862976 1.3824251722544438 5.0079411678016186 1.0032416898757219
leaf_count=46 55 66 34 40 38 41 30 38 22 57 19 50 50 42 36 61 52 56 39
internal_value=0.00124086 0.00250421 0.00384305 0.00483711 0.0033448 0.0103645 0.00384552 0.0176017 0.00661286 0 0.00847577 -0.00370989 0.0101248 0.00807196 0.0117965 -0.0151486 -4.16043e-05 -0.0019715 0.00309252
internal_weight=78.1223 75.4843 72.6794 69.2853 55.1099 14.1754 7.75638 6.41907 37.9576 8.70573 29.2519 17.1522 24.6289 20.1658 12.9356 3.39405 11.0659 9.68349 2.36078
internal_count=872 817 751 656 468 188 70 118 272 79 193 196 174 124 82 95 158 106 77
is_linear=0
shrinkage=0.03


Tree=120
num_leaves=16
num_cat=0
split_feature=7 9 6 18 13 2 6 3 2 18 13 13 2 13 2
split_gain=2.88349 2.6237 1.05289 1.01003 2.07654 2.72086 0.955061 0.552843 0.420891 0.257442 1.245 1.28844 0.874922 0.661116 0.113158
threshold=1.0000000180025095e-35 1.0000000180025095e-35 1.5000000000000002 3.5000000000000004 2.8333333333333335 3.5000000000000004 2.5000000000000004 2.5000000000000004 3.5000000000000004 1.5000000000000002 1.8333333333333337 3.5833333333333335 4.5000000000000009 1.8333333333333337 1.5000000000000002
decision_type=2 2 2 2 2 2 2 2 2 2 2 2 2 2 2
left_child=1 2 3 9 5 -5 7 -4 -6 13 12 -12 -11 14 -1
right_child=-2 -3 6 4 8 -7 -8 -9 -10 10 11 -13 -14 -15 -16
leaf_value=0.014117603464948452 -0.032249840280697203 -0.029653500255656925 -0.013391190796940552 -0.044191030301911842 0.028959831609576592 -0.0022121237893443866 -0.027746017240147899 0.010986082906737067 0 -0.0043840095363311682 0.014057984561762514 -0.012118341332988067 0.012294842131887704 0 0.0069096988704037176
leaf_weight=6.5346829295158404 2.4311530347913495 2.4325808733701697 1.5472551360726348 1.9386190325021724 1.2058216035366061 4.939803646877408 1.9089240822941063 1.5760997422039509 0.97093869000673283 19.179267879575495 10.539755219593641 1.8101372588425881 3.1631321460008612 8.0478945374488813 6.8612037897109985
leaf_count=47 54 59 15 12 12 79 84 35 33 147 151 25 13 47 40
internal_value=-0.000761961 0.000293302 0.00141403 0.00247849 -0.00664674 -0.0149371 -0.0115708 -0.000200083 0.017738 0.00401301 0.00227134 0.00991381 -0.00184476 0.00666787 0.0107266
internal_weight=75.0873 72.6561 70.2235 65.1913 9.05518 6.87842 5.03228 3.12335 2.17676 56.1361 34.6923 12.3499 22.3424 21.4438 13.3959
internal_count=853 799 740 606 136 91 134 50 45 470 336 176 160 134 87
is_linear=0
shrinkage=0.03


Tree=121
num_leaves=15
num_cat=0
split_feature=7 10 9 2 2 11 2 2 8 2 13 13 13 13
split_gain=2.78634 2.58675 2.68317 2.39584 4.77855 1.26694 7.16342 0.884463 2.23201 0.429624 0.795785 0.388077 0.281241 0.73163
threshold=1.0000000180025095e-35 1.0000000180025095e-35 1.0000000180025095e-35 1.5000000000000002 2.5000000000000004 1.0000000180025095e-35 1.5000000000000002 3.5000000000000004 1.0000000180025095e-35 1.5000000000000002 1.8333333333333337 2.8333333333333335 1.8333333333333337 2.8333333333333335
decision_type=2 2 2 2 2 2 2 2 2 2 2 2 2 2
left_child=1 2 5 -3 -5 7 12 9 -9 10 -1 -12 -7 -14
right_child=-2 3 -4 4 -6 6 -8 8 -10 -11 11 -13 13 -15
leaf_value=0.00069277473451049578 -0.032073891167531142 -0.038663546622458612 -0.029467037311645756 0.029577527012967047 -0.031213498581558211 0.018356612520832843 -0.035464519934922556 0.0025945031463241071 0.025578266001074185 -0.0029764695106556708 0.019094411551455991 0.0038403037078846964 -0.0030754177719938356 0.013663529842894807
leaf_weight=15.1377249956131 2.3725895602256051 2.6747402176260939 2.2039114739745846 2.071185901761055 2.3893980178982019 2.4019448924809685 4.5117168501019469 10.424972455948593 6.2387576438486567 8.0747908018529433 4.1462092772126189 3.3162183500826359 4.0363491903990489 4.7722136247903109
leaf_count=104 54 20 48 15 40 24 53 50 243 50 44 38 23 47
internal_value=-0.000746217 0.000281851 0.00220608 -0.0166911 -0.00229894 0.00340542 -0.00384108 0.00587841 0.0114796 0.00271073 0.00487902 0.0128528 0.0088217 0.00570806
internal_weight=74.7727 72.4001 65.2648 7.13532 4.46058 63.0609 15.7222 47.3387 16.6637 30.6749 22.6002 7.46243 11.2105 8.80856
internal_count=853 799 724 75 55 676 147 529 293 236 186 82 94 70
is_linear=0
shrinkage=0.03


Tree=122
num_leaves=16
num_cat=0
split_feature=7 10 18 9 11 18 8 18 18 14 14 14 16 18 14
split_gain=2.69294 2.47238 4.37344 2.5882 1.19997 1.30605 0.113032 0.510738 0.095537 3.26266 2.28769 0.635623 0.231412 0.0236983 0.00825887
threshold=1.0000000180025095e-35 1.0000000180025095e-35 1.5000000000000002 1.0000000180025095e-35 1.0000000180025095e-35 3.5000000000000004 1.0000000180025095e-35 2.5000000000000004 1.5000000000000002 1.5000000000000002 1.5000000000000002 2.5000000000000004 1.0000000180025095e-35 1.5000000000000002 2.5000000000000004
decision_type=2 2 2 2 2 2 2 2 2 2 2 2 2 2 2
left_child=1 3 -3 4 6 14 7 13 9 -8 -10 12 -12 -1 -6
right_child=-2 2 -4 -5 5 -7 8 -9 10 -11 11 -13 -14 -15 -16
leaf_value=0.0045484347950316695 -0.031899599303418728 0.013897929527655012 -0.034114173381981104 -0.029341935864219498 0 -0.020931574773824835 0.023465554683082559 -0.0023711748229105901 -0.0070868300716740284 -0.017893828310816675 0.031211001590730678 0.0093430753610128526 0.0071689105598447692 0.0081672177836328557 0.0013525240079878113
leaf_weight=9.1245215609669721 2.3153978260233989 2.5370210297405711 4.5014825630933046 2.1481777671724549 7.5149176623672229 3.0851539503782979 3.5490990448743132 7.1469523832201949 4.6908793039619914 3.0953643992543221 3.2953536082059127 4.6396084241569042 0.87406167201697815 10.732304625213146 4.9460227079689503
leaf_count=50 54 17 58 48 60 30 40 37 113 22 82 106 27 52 57
internal_value=-0.000730605 0.000274641 -0.0164357 0.00215723 0.00332931 -0.00376568 0.00573524 0.00417813 0.00764344 0.00377359 0.00928578 0.0183228 0.0271595 0.00668578 0.000378321
internal_weight=74.1963 71.8809 7.0385 64.8424 62.6942 15.5461 47.1481 27.0038 20.1444 6.64446 13.4999 8.80902 4.16942 19.8568 12.4609
internal_count=853 799 75 724 676 147 529 139 390 62 328 215 109 102 117
is_linear=0
shrinkage=0.03


Tree=123
num_leaves=13
num_cat=0
split_feature=7 9 10 18 11 2 2 18 2 18 18 18
split_gain=2.60296 2.37044 2.51882 4.19586 1.13623 6.87806 0.853909 0.619858 0.39468 0.595184 0.328038 0.018577
threshold=1.0000000180025095e-35 1.0000000180025095e-35 1.0000000180025095e-35 1.5000000000000002 1.0000000180025095e-35 1.5000000000000002 3.5000000000000004 2.5000000000000004 1.5000000000000002 1.5000000000000002 3.5000000000000004 2.5000000000000004
decision_type=2 2 2 2 2 2 2 2 2 2 2 2
left_child=1 2 4 -4 6 -6 8 -8 9 -1 -9 -11
right_child=-2 -3 3 -5 5 -7 7 10 -10 11 -12 -13
leaf_value=0.011565192480641983 -0.031726878389569169 -0.029299966150423153 0.013464980208893413 -0.0340400414503935 0.0086722435620522897 -0.03519651751955416 0.01749716230819711 0 -0.0029642830519669189 0 0.011290770836564563 0.0021411195597924931
leaf_weight=7.3288582675159004 2.2595519702881566 2.251821673475205 2.5431577246636143 4.2364920666441321 11.1530823148787 4.3826403180137268 7.6655956413596895 4.7664897758513671 8.0746977664530295 8.7002728264778835 4.0471134837716818 6.4016661383211604
leaf_count=52 54 59 17 47 94 53 107 89 50 81 97 53
internal_value=-0.00071297 0.000267468 0.00131229 -0.0158474 0.00324331 -0.00365726 0.00559165 0.0111279 0.00247632 0.00457245 0.0051176 0.000927832
internal_weight=73.8114 71.5519 69.3001 6.77965 62.5204 15.5357 46.9847 16.4792 30.5055 22.4308 8.8136 15.1019
internal_count=853 799 740 64 676 147 529 293 236 186 186 134
is_linear=0
shrinkage=0.03


Tree=124
num_leaves=10
num_cat=0
split_feature=7 9 6 8 2 2 2 2 11
split_gain=2.51576 2.29149 1.87334 1.11505 4.10624 1.82119 1.9198 0.175658 1.13145
threshold=1.0000000180025095e-35 1.0000000180025095e-35 2.5000000000000004 1.0000000180025095e-35 3.5000000000000004 3.5000000000000004 4.5000000000000009 1.5000000000000002 1.0000000180025095e-35
decision_type=2 2 2 2 2 2 2 2 2
left_child=1 2 3 5 -5 7 -7 8 -1
right_child=-2 -3 -4 4 -6 6 -8 -9 -10
leaf_value=-0.0039652099855259516 -0.031555645445920266 -0.029182411270478045 -0.027627853222780614 -0.00038737783333881522 0.029731814282144921 -0.014468004666917804 0.011195590037160466 0.0072647754655066473 0.0091634959663398404
leaf_weight=12.336914971470833 2.2050262801349154 2.194337652064859 1.8461484890431155 13.822409488260748 5.5651219505816689 11.948264949023722 3.1409754008054724 9.3570594340562803 10.896413072943687
leaf_count=66 54 59 84 136 226 85 13 46 84
internal_value=-0.000698699 0.000259006 0.00128088 0.00216126 0.00821249 -0.000248552 -0.00888983 0.00367552 0.00207646
internal_weight=73.3127 71.1076 68.9133 67.0672 19.3875 47.6796 15.0892 32.5904 23.2333
internal_count=853 799 740 656 362 294 98 196 150
is_linear=0
shrinkage=0.03


Tree=125
num_leaves=17
num_cat=0
split_feature=7 9 10 18 11 2 2 2 18 13 13 13 18 2 18 18
split_gain=2.61147 2.36868 1.67868 3.03827 0.683523 6.2348 2.11315 1.317 1.72455 0.630565 0.615012 0.571951 0.897904 0.135694 0.283662 0.00152221
threshold=1.0000000180025095e-35 1.0000000180025095e-35 1.0000000180025095e-35 1.5000000000000002 1.0000000180025095e-35 1.5000000000000002 3.5000000000000004 4.5000000000000009 2.5000000000000004 1.8333333333333337 2.8333333333333335 1.8333333333333337 1.5000000000000002 1.5000000000000002 1.5000000000000002 2.5000000000000004
decision_type=2 2 2 2 2 2 2 2 2 2 2 2 2 2 2 2
left_child=1 2 4 -4 6 11 10 8 -8 -10 13 -6 -13 14 -1 -16
right_child=-2 -3 3 -5 5 -7 7 -9 9 -11 -12 12 -14 -15 15 -17
leaf_value=0.0089521804729171643 -0.031471138199591929 -0.029104533065179562 0.0076043549829983596 -0.033400652957791217 0.020766096448775424 -0.034114718520852051 0.034293942344780629 -0.0022674247465609195 0.0056028847238637205 0.024542558119565364 -0.011470836225689611 -0.006125022000465408 0.011676524158678172 -0.0014805220255277821 0.00092309832029384138 0
leaf_weight=5.6096422262489893 2.2083653109148136 2.1735401581972829 3.0616535078734151 3.0992688043043017 2.6984838917851475 3.9672043882310382 4.0584396030753878 3.4195210486650458 7.7011324763298017 2.2061699666082859 3.35980693809688 3.8784327432513219 6.3911228384822607 6.3658730722963801 8.7185795865952951 4.7655631229281417
leaf_count=41 56 63 20 38 26 50 87 15 91 105 38 25 55 43 69 31
internal_value=-2.59887e-05 0.000946279 0.00197259 -0.0127482 0.00347431 -0.0015387 0.00537585 0.0136079 0.0176967 0.0103233 0.000276285 0.00838223 0.00466999 0.00198269 0.00329532 0.000672549
internal_weight=73.6828 71.4744 69.3009 6.16092 63.14 16.9352 46.2047 17.3853 13.9657 9.9073 28.8195 12.968 10.2696 25.4597 19.0938 13.4841
internal_count=853 797 734 58 676 156 520 298 283 196 222 106 80 184 141 100
is_linear=0
shrinkage=0.03


Tree=126
num_leaves=10
num_cat=0
split_feature=9 17 18 13 11 14 1 13 13
split_gain=2.28611 1.05843 0.690566 2.30989 2.10652 1.24596 0.324752 0.274681 0.269433
threshold=1.0000000180025095e-35 1.0000000180025095e-35 3.5000000000000004 2.8333333333333335 1.0000000180025095e-35 2.5000000000000004 1.5000000000000002 1.8333333333333337 3.5833333333333335
decision_type=2 2 2 2 2 2 2 2 2
left_child=1 2 5 4 -4 7 -3 -1 -5
right_child=-2 6 3 8 -6 -7 -8 -9 -10
leaf_value=0.0038123180410438938 -0.02907535382795778 -0.0041124362310386454 -0.0032949478606889419 0.0032438860532815624 -0.040210095801872785 -0.0056198870084344273 -0.026638398742380529 0.0097126989028625092 0.028636385386925655
leaf_weight=36.672174073755741 2.2658625803887835 1.6198062766343349 5.0230846963822824 0.96861358731985103 1.9584845602512357 11.754631713032721 1.4096773220226166 10.227965937927364 1.2793027218431234
leaf_count=260 75 33 83 30 18 149 72 114 19
internal_value=-2.57339e-05 0.000899861 0.00172379 -0.0057546 -0.0144957 0.00295938 -0.0160691 0.00518083 0.0195768
internal_weight=73.1796 70.9137 67.8843 9.22949 6.98157 58.6548 3.02948 46.9001 2.24792
internal_count=853 778 673 150 101 523 105 374 49
is_linear=0
shrinkage=0.03


Tree=127
num_leaves=13
num_cat=0
split_feature=9 10 18 17 1 18 13 11 14 18 13 18
split_gain=2.21068 1.38059 2.92409 0.407381 0.716908 0.330823 2.08129 2.47992 1.48703 0.487353 1.07347 0.114872
threshold=1.0000000180025095e-35 1.0000000180025095e-35 1.5000000000000002 0.22500000000000012 1.5000000000000002 3.5000000000000004 2.8333333333333335 1.0000000180025095e-35 2.5000000000000004 2.5000000000000004 3.5833333333333335 1.5000000000000002
decision_type=2 2 2 2 2 2 2 2 2 2 2 2
left_child=1 3 -3 5 -5 8 7 -7 11 10 -10 -1
right_child=-2 2 -4 4 -6 6 -8 -9 9 -11 -12 -13
leaf_value=0.0033801487519884987 -0.028965107289170143 0.007164217027132689 -0.033180972937174702 0.0055905496108277063 -0.025822083617839359 0.0001579929543887594 0.022022978162972211 -0.039966491100500268 -0.023712732049302441 0.00032726492744426116 0.0018470728504616746 0.0071139047994911745
leaf_weight=15.506626278162001 2.2075148280709973 3.0870757196098557 3.0328990453854203 1.0583011833950871 1.1530957082286475 4.3573050573468191 2.1019700802862644 1.8382742777466772 3.2272945614531618 3.9109128881245852 2.2747676074504852 29.196297459304333
leaf_count=106 75 22 39 25 58 77 47 17 40 67 27 253
internal_value=-2.93415e-05 0.000870832 -0.0125595 0.00220647 -0.00989964 0.00269855 -0.00265171 -0.0117164 0.00357761 -0.00706406 -0.0127655 0.00589613
internal_weight=72.9523 70.7448 6.11997 64.6248 2.2114 62.4134 8.29755 6.19558 54.1159 9.41298 5.50206 44.7029
internal_count=853 778 61 717 83 634 141 94 493 134 67 359
is_linear=0
shrinkage=0.03


Tree=128
num_leaves=15
num_cat=0
split_feature=9 6 10 18 11 18 13 13 18 18 18 18 18 18
split_gain=2.13848 1.73031 1.11204 3.01432 0.355447 1.45718 0.290355 0.240468 1.32083 0.304978 0.0891672 0.0645114 0.0300037 0.0267524
threshold=1.0000000180025095e-35 2.5000000000000004 1.0000000180025095e-35 1.5000000000000002 1.0000000180025095e-35 3.5000000000000004 2.8333333333333335 2.8333333333333335 3.5000000000000004 2.5000000000000004 3.5000000000000004 1.5000000000000002 2.5000000000000004 1.5000000000000002
decision_type=2 2 2 2 2 2 2 2 2 2 2 2 2 2
left_child=1 2 4 -4 7 6 13 10 9 -9 11 -1 -13 -6
right_child=-2 -3 3 -5 5 -7 -8 8 -10 -11 -12 12 -14 -15
leaf_value=0.0031137543926473212 -0.028854766175874479 -0.027466970240431231 0.0096213706926297562 -0.033165886940061728 0.0029294202102708089 -0.020144304797854451 -0.002170758128125322 -0.018091056819742924 0.026677997466821951 -0.00085032768976415628 0.00015337082519345486 0.0076592311456632088 0.0042284559042460781 0.0084892870725046029
leaf_weight=12.183955814689396 2.1507186144590369 1.7790869008749712 2.8789384067058554 2.7336995154619217 3.6152052283287066 2.8285960033535948 4.966516312211751 1.8806599844247092 1.0556541346013544 2.5045476984232664 4.356981683522462 15.273151086643338 9.5076439809054136 4.9431110471487045
leaf_count=86 75 89 13 27 24 30 49 34 34 51 77 140 90 34
internal_value=-2.86698e-05 0.000847754 0.00166313 -0.0109093 0.00284408 -0.000808154 0.00313381 0.00418433 -0.0013024 -0.00915163 0.00498059 0.00546668 0.00648581 0.00654813
internal_weight=72.6585 70.5077 68.7287 5.61264 63.116 16.3534 13.5248 46.7626 5.44086 4.38521 41.3217 36.9648 24.7808 8.55832
internal_count=853 778 689 40 649 137 107 512 119 85 393 316 230 58
is_linear=0
shrinkage=0.03


Tree=129
num_leaves=16
num_cat=0
split_feature=7 9 10 18 18 13 13 18 13 13 2 2 2 18 13
split_gain=2.50092 2.07179 1.43486 2.7677 0.348162 1.7435 0.96142 0.734617 1.10325 0.578339 0.368528 0.581597 0.504274 0.36205 0.149422
threshold=1.0000000180025095e-35 1.0000000180025095e-35 1.0000000180025095e-35 1.5000000000000002 3.5000000000000004 2.8333333333333335 2.8333333333333335 2.5000000000000004 3.5833333333333335 1.4166666666666667 4.5000000000000009 3.5000000000000004 1.5000000000000002 2.5000000000000004 3.5833333333333335
decision_type=2 2 2 2 2 2 2 2 2 2 2 2 2 2 2
left_child=1 2 4 -4 6 9 10 8 -8 -6 11 12 -1 -13 -7
right_child=-2 -3 3 -5 5 14 7 -9 -10 -11 -12 13 -14 -15 -16
leaf_value=0.0065720702353370903 -0.031338220755427491 -0.028638431505395523 0.0070249685283222422 -0.032793835124922281 -0.0046426244567277951 0.0049787590306167879 -0.022447110292039638 0.0057328906942318535 0.0032819320182040329 -0.02740458834013132 -0.002853999589914048 0.020047990056928783 -0.0024553997936281819 0.0066998914045276643 0.027308995762002849
leaf_weight=25.937237426638603 2.1311367843300095 1.9596203239634622 3.061927853152155 2.8808455299586058 4.617783682420848 0.8869711458683015 3.2828578632324916 3.4065640307962894 2.334093376994133 1.4164700321853159 3.4244115864858022 4.4201181996613723 6.474747121334075 4.90123819001019 1.2436892129480839
leaf_count=192 56 63 20 38 56 30 41 64 29 37 18 76 45 68 20
internal_value=-2.89505e-05 0.000921433 0.00185419 -0.0120046 0.00324034 -0.00228102 0.00413032 -0.0045864 -0.0113604 -0.0108344 0.00594469 0.00674347 0.00467443 0.0134935 0.019998
internal_weight=72.3797 70.2486 68.289 5.94277 62.3462 8.16491 54.1813 9.02352 5.61695 6.03425 45.1578 41.7333 32.412 9.32136 2.13066
internal_count=853 797 734 58 676 143 533 134 70 93 399 381 237 144 50
is_linear=0
shrinkage=0.03


Tree=130
num_leaves=19
num_cat=0
split_feature=0 9 18 13 8 11 13 13 11 8 17 18 18 8 13 18 18 18
split_gain=2.41969 1.68107 1.48797 1.76795 5.28378 2.06081 1.42542 1.3236 1.11827 1.03347 0.430102 0.41946 0.576172 0.20064 0.19865 0.0705754 0.0953944 0.00755163
threshold=1.5000000000000002 1.0000000180025095e-35 1.5000000000000002 1.8333333333333337 1.0000000180025095e-35 1.0000000180025095e-35 1.8333333333333337 2.8333333333333335 1.0000000180025095e-35 1.0000000180025095e-35 0.22500000000000012 2.5000000000000004 3.5000000000000004 1.0000000180025095e-35 3.5833333333333335 3.5000000000000004 2.5000000000000004 2.5000000000000004
decision_type=2 2 2 2 2 2 2 2 2 2 2 2 2 2 2 2 2 2
left_child=1 2 6 9 5 -5 13 -7 -8 11 14 -4 -13 -1 -6 16 -11 -9
right_child=-2 -3 3 4 10 7 8 17 -10 15 -12 12 -14 -15 -16 -17 -18 -19
leaf_value=0.01046857398198462 -0.034140368535391152 -0.028568677049884382 -0.00072174145795836397 -0.031594111201151437 0.026893693958478945 -0.016523384971419336 0.0057712680116471238 0.0043928318429977183 -0.015469865827587914 -0.014573933567246284 0 -0.015116023580675412 -0.00049595266255726374 0.021502782568260999 0.0094471463468568505 -0.0080244435651717835 -0.030894779338882055 0.012446238370469556
leaf_weight=9.3350645769387501 1.8865019911900152 1.7725277813151468 13.91377903334797 2.7788697453215718 6.1792650874704123 2.8938960283994675 5.8406549952924234 1.9459514226764438 3.4075061939656734 2.4477462861686936 0.79849595762789238 5.8909335322678071 4.8329167142510414 2.9150690287351599 1.4484763313084839 1.3535669837146995 1.4900504983961584 2.1417654100805521
leaf_count=62 70 41 75 46 161 23 36 22 20 48 28 37 29 35 30 36 35 29
internal_value=-0.00145796 -0.000505757 0.00020571 -0.00268144 0.0045799 -0.0101958 0.00678889 -0.000929199 -0.00181592 -0.00719434 0.0219659 -0.00441109 -0.00886982 0.0134901 0.024134 -0.0192751 -0.0221049 0.00952525
internal_weight=73.273 71.3865 69.614 48.1157 18.1867 9.76048 21.4983 6.98161 9.24816 29.929 8.42624 24.6376 10.7239 12.2501 7.62774 5.29136 3.9378 4.08772
internal_count=863 793 752 599 339 120 153 74 56 260 219 141 66 97 191 119 83 51
is_linear=0
shrinkage=0.03


Tree=131
num_leaves=15
num_cat=0
split_feature=0 13 2 10 13 11 2 13 2 13 2 13 13 2
split_gain=2.33699 0.745006 1.31438 0.720045 1.03829 0.808335 4.8625 1.05363 0.48337 0.613319 0.423614 1.2912 0.278161 0.223987
threshold=1.5000000000000002 3.5833333333333335 1.5000000000000002 1.0000000180025095e-35 1.8333333333333337 1.0000000180025095e-35 1.5000000000000002 1.8333333333333337 3.5000000000000004 1.8333333333333337 1.5000000000000002 1.8333333333333337 2.8333333333333335 4.5000000000000009
decision_type=2 2 2 2 2 2 2 2 2 2 2 2 2 2
left_child=1 3 -3 5 -5 8 7 -7 10 13 11 -1 -13 -10
right_child=-2 2 -4 4 -6 6 -8 -9 9 -11 -12 12 -14 -15
leaf_value=-0.0039536835396987166 -0.033903396606160957 -0.00031266881157010761 0.026843460617002095 -0.025882378818459822 0.0012955235759683531 0.019691162478314088 -0.035108774703131639 -0.0017999321471013911 0.0045049613024703413 0.017241454947349064 -0.0080105722320838665 0.01645028701420681 0.002100895742712966 -0.0034767118046916869
leaf_weight=15.405127990990882 1.8440393805503834 4.2391443923115721 2.2893179217353463 2.4485977590084067 2.1041039368137717 2.7417749390006048 3.8583488240838042 6.6493545938283205 11.533262167125942 3.0498967953026286 6.2717079650610676 4.2201140820980063 2.46937614120543 3.8483717441558829
leaf_count=111 70 44 39 21 24 29 38 48 147 147 47 47 35 16
internal_value=-0.00142721 -0.000496714 0.00901881 -0.00151717 -0.012919 -0.000582781 -0.00712862 0.00429975 0.00121776 0.00501787 -0.00115499 0.000683172 0.0117041 0.00230467
internal_weight=72.9725 71.1285 6.52846 64.6 4.5527 60.0473 13.2495 9.39113 46.7979 18.4315 28.3663 22.0946 6.68949 15.3816
internal_count=863 793 83 710 45 665 115 77 550 310 240 193 82 163
is_linear=0
shrinkage=0.03


Tree=132
num_leaves=17
num_cat=0
split_feature=0 18 10 13 8 10 13 8 18 17 18 18 13 18 18 13
split_gain=2.25806 1.46096 3.91634 2.03664 3.6552 1.68131 4.66175 1.19608 0.901466 0.427713 0.318557 0.527155 0.198746 0.0571366 0.0871041 7.49701e-05
threshold=1.5000000000000002 1.5000000000000002 1.0000000180025095e-35 1.8333333333333337 1.0000000180025095e-35 1.0000000180025095e-35 1.8333333333333337 1.0000000180025095e-35 3.5000000000000004 0.22500000000000012 2.5000000000000004 3.5000000000000004 3.5833333333333335 3.5000000000000004 2.5000000000000004 2.8333333333333335
decision_type=2 2 2 2 2 2 2 2 2 2 2 2 2 2 2 2
left_child=1 5 3 7 8 6 -1 10 15 12 -3 -12 -6 14 -9 -5
right_child=-2 2 -4 4 9 -7 -8 13 -10 -11 11 -13 -14 -15 -16 -17
leaf_value=0.01376234679163384 -0.033667975938940851 0.00012178400410528326 -0.033048852127889446 0 0.026613360163199522 0.025455886610352387 -0.017188520605397866 -0.013931313618549511 -0.021999385596276649 0 -0.012938507715580182 0.00023080673223851259 0.0090894231762092183 -0.0078043605271962682 -0.029620081880619629 -0.00012559628595346892
leaf_weight=11.711524395272141 1.8025532709434617 13.470947925001388 3.610746804624795 2.0538467401638627 5.9750024881213903 3.2813514657318583 6.8266076017171136 2.4772899933159342 2.2527345456182957 0.79722299426794041 5.4554233299568278 4.5323923602700233 1.426019240170717 1.3598719071596859 1.5131667014211418 4.177370429970324
leaf_count=96 70 74 42 19 161 18 46 48 36 28 33 27 30 36 35 64
internal_value=-0.0013907 -0.000481846 -0.00338996 -0.000902738 0.00733399 0.00591125 0.00217276 -0.00578494 -0.00617528 0.0215815 -0.00268083 -0.00672194 0.023803 -0.0185458 -0.0211925 0
internal_weight=72.7241 70.9215 49.102 45.4913 16.6822 21.8195 18.5381 28.8091 8.48395 8.19824 23.4588 9.98782 7.40102 5.35033 3.99046 6.23122
internal_count=863 793 633 591 338 160 142 253 119 219 134 60 191 119 83 83
is_linear=0
shrinkage=0.03


Tree=133
num_leaves=19
num_cat=0
split_feature=12 18 10 14 8 2 10 14 8 2 14 2 2 18 17 14 18 18
split_gain=2.18139 1.38097 3.79288 1.92656 3.5148 1.95283 1.58345 4.39037 1.11548 9.14303 0.868463 0.806138 0.487913 0.76952 0.418541 0.197084 0.177622 0.0774555
threshold=1.5000000000000002 1.5000000000000002 1.0000000180025095e-35 1.5000000000000002 1.0000000180025095e-35 1.5000000000000002 1.0000000180025095e-35 1.5000000000000002 1.0000000180025095e-35 3.5000000000000004 2.5000000000000004 1.5000000000000002 1.5000000000000002 2.5000000000000004 0.22500000000000012 3.5000000000000004 2.5000000000000004 2.5000000000000004
decision_type=2 2 2 2 2 2 2 2 2 2 2 2 2 2 2 2 2 2
left_child=1 6 3 8 5 10 7 11 12 -10 -5 -1 17 -14 15 -6 -12 -3
right_child=-2 2 -4 4 14 -7 -8 -9 9 -11 16 -13 13 -15 -16 -17 -18 -19
leaf_value=0.020986670208542502 -0.033434145074257522 0 -0.032865480841850897 -0.011358793150082432 0.02641699154323833 -0.029638607223060741 0.024712572505682529 -0.016562559796192561 -0.051754664545662223 0.025081962831886014 0.0028706432460294672 0.0042873907826428571 0 -0.013544946111274736 0 0.0088980707677174375 0.017974859408731524 0.0061701065651800545
leaf_weight=6.1279753223061615 1.7620184225961555 5.5251912530511671 3.523838121443986 2.3347794525325298 5.8416002988815308 2.2169567830860615 3.2816490530967704 6.8750962801277629 3.0502473451197138 2.3589387573301792 2.0408444125205283 5.5049749799072742 7.9453158862888795 6.5800335435196757 0.79722299426794041 1.4152997899800537 1.8846553415060041 3.4268271327018738
leaf_count=54 70 33 42 15 161 55 18 46 32 87 27 42 41 39 28 30 22 21
internal_value=-0.00135797 -0.000470485 -0.00330543 -0.000878883 0.0071838 -0.0060052 0.00574604 0.00210714 -0.0056054 -0.0178547 0.00222684 0.0134438 -0.00259216 -0.00603678 0.021337 0.0235755 0.0111339 0.00267054
internal_weight=72.4935 70.7314 48.9418 45.4179 16.5314 8.47724 21.7897 18.508 28.8866 5.40919 6.26028 11.633 23.4774 14.5253 8.05412 7.2569 3.9255 8.95202
internal_count=863 793 633 591 338 119 160 142 253 119 64 96 134 80 219 191 49 54
is_linear=0
shrinkage=0.03


Tree=134
num_leaves=19
num_cat=0
split_feature=7 9 18 10 13 11 13 13 11 2 2 15 18 18 18 2 13 18
split_gain=2.12989 1.81714 1.23653 4.6964 2.64531 1.95253 1.35336 1.20875 0.963953 0.741694 0.631214 0.441903 0.216609 0.201421 0.87301 0.350691 0.193871 0.0152353
threshold=1.0000000180025095e-35 1.0000000180025095e-35 1.5000000000000002 1.0000000180025095e-35 1.8333333333333337 1.0000000180025095e-35 1.1666666666666667 2.8333333333333335 1.0000000180025095e-35 3.5000000000000004 1.5000000000000002 1.2916666666666667 2.5000000000000004 2.5000000000000004 3.5000000000000004 4.5000000000000009 3.5833333333333335 2.5000000000000004
decision_type=2 2 2 2 2 2 2 2 2 2 2 2 2 2 2 2 2 2
left_child=1 2 6 4 9 11 10 -7 -8 12 -1 16 -4 15 -15 -11 -6 -9
right_child=-2 -3 3 -5 5 7 8 17 -10 13 -12 -13 -14 14 -16 -17 -18 -19
leaf_value=0.020103479913308662 -0.030861790858274674 -0.028599680380187311 -0.0065894294591517799 -0.03352817919837224 0.026190527062871709 -0.015312359438008944 0.005335436244086565 0.0042886446113059966 -0.01408291733837499 0.0084227111664535136 0.0052953271296824851 0 -0.016397524947022107 -0.01553447226744332 0.0039491582556192024 -0.0034577678776189905 0.0087096255741432281 0.012843752393325599
leaf_weight=6.0116412155330199 2.0339838014915577 1.8977945651859034 7.5429529435932654 3.8640636801719657 5.6711244722828251 2.9058990096673369 5.8381482707336527 1.9393245950341222 3.5769664589315653 4.4799120016396063 5.8774307016283274 0.87526090443134297 4.2729050777852535 3.3786346763372404 4.6556825526058674 3.8628163048997521 1.4048679396510122 2.0868024043738842
leaf_count=52 52 58 55 51 159 25 38 23 27 47 44 32 26 43 55 17 30 29
internal_value=-0.00131786 -0.000375719 0.000405958 -0.0022677 0.000538141 0.0107912 0.00642014 -0.00045431 -0.00179712 -0.00478751 0.0131384 0.0208517 -0.0104959 -0.000448201 -0.00396564 0.00259072 0.0233077 0.00965377
internal_weight=72.1762 70.1422 68.2444 46.9402 43.0762 14.8833 21.3042 6.93203 9.41511 28.1929 11.8891 7.95125 11.8159 16.377 8.03432 8.34273 7.07599 4.02613
internal_count=863 811 753 592 541 298 161 77 65 243 96 221 81 162 98 64 189 52
is_linear=0
shrinkage=0.03


Tree=135
num_leaves=17
num_cat=0
split_feature=9 7 10 2 13 2 11 8 2 8 18 13 18 13 18 18
split_gain=1.956 1.96846 0.53035 5.21458 1.18599 0.569721 5.85517 2.23039 1.84323 2.30668 1.05861 0.940125 0.651882 0.374667 0.166104 0.0394164
threshold=1.0000000180025095e-35 1.0000000180025095e-35 1.0000000180025095e-35 1.5000000000000002 2.8333333333333335 1.5000000000000002 1.0000000180025095e-35 1.0000000180025095e-35 3.5000000000000004 1.0000000180025095e-35 2.5000000000000004 2.8333333333333335 2.5000000000000004 1.8333333333333337 2.5000000000000004 1.5000000000000002
decision_type=2 2 2 2 2 2 2 2 2 2 2 2 2 2 2 2
left_child=1 2 5 -4 -5 7 8 12 -7 14 13 -12 15 -9 -10 -1
right_child=-2 -3 3 4 -6 6 -8 10 9 -11 11 -13 -14 -15 -16 -17
leaf_value=0.0087314533170359445 -0.028861146436968597 -0.030415360467971147 -0.042836530182332563 -0.0019884960767528456 0.028112187562734578 -0.0082922369771351433 -0.034466284160840376 0.0059174459389073203 -0.0018421543661222717 0.025752472457564943 -0.03193289560786871 -0.0013016708063969004 0.019293507433317838 -0.0070287449247077522 0.0053045807731524558 0.0045208657456785178
leaf_weight=7.3695349842309996 2.1413047155365339 1.8082322124391783 2.3376552518457165 2.2849557958543301 1.9938582386821506 7.2858965657651487 4.1044933414086691 4.3232113495469076 5.5559861324727553 5.2831061528995624 2.1435617469251156 1.8835139945149419 4.9773287102580062 3.5903645046055317 5.2681615427136421 10.502783542498946
leaf_count=54 75 45 17 25 17 46 54 43 27 241 17 25 36 47 25 70
internal_value=-0.00125253 -0.000334551 0.000454307 -0.00748909 0.0116745 0.00135682 -0.00179269 0.00393013 0.00393474 0.00966758 -0.00639416 -0.0187119 0.00946041 0 0.00137829 0.00646292
internal_weight=72.8539 70.7126 68.9044 6.61647 4.27881 62.2879 27.4976 34.7903 23.3932 16.1073 11.9407 4.02708 22.8496 7.91358 10.8241 17.8723
internal_count=864 789 744 59 42 685 393 292 339 293 132 42 160 90 52 124
is_linear=0
shrinkage=0.03


Tree=136
num_leaves=19
num_cat=0
split_feature=9 7 17 8 1 10 13 18 2 13 2 8 13 13 2 13 18 18
split_gain=1.89479 1.90195 0.586467 0.785231 1.06861 0.274126 0.45852 0.383512 1.10155 2.23175 3.77287 0.504572 0.555172 0.283126 0.505935 0.467254 0.138908 0.0400189
threshold=1.0000000180025095e-35 1.0000000180025095e-35 1.0000000180025095e-35 1.0000000180025095e-35 1.5000000000000002 1.0000000180025095e-35 3.5833333333333335 2.5000000000000004 1.5000000000000002 1.8333333333333337 3.5000000000000004 1.0000000180025095e-35 1.8333333333333337 1.8333333333333337 3.5000000000000004 3.5833333333333335 1.5000000000000002 1.5000000000000002
decision_type=2 2 2 2 2 2 2 2 2 2 2 2 2 2 2 2 2 2
left_child=1 2 5 -4 -5 7 -7 8 11 16 -11 17 -13 14 -9 -15 -10 -1
right_child=-2 -3 3 4 -6 6 -8 13 9 10 -12 12 -14 15 -16 -17 -18 -19
leaf_value=0.0091255304398022066 -0.028749641514800101 -0.03024674232213017 -0.028877305658812441 0.021623400784770416 -0.023543480483445553 -0.012598765352582116 0.0031885640767400358 -0.0053210486320298626 0.0022412693218941682 -0.060978988127180167 0.0081802807094246647 0.0043912383441112703 -0.012015627629582602 0.014843926369298764 0.0069697515003565311 -0.0015428189905860744 -0.0037739919047600282 0.0047995015119314203
leaf_weight=7.2203337103128478 2.0863401284441343 1.7649752898141731 1.3040238833054894 0.94730200804769971 0.75163705833256245 3.2188022155314675 2.788468599319458 4.5734996199607867 6.1255389936268312 1.4880264028906813 1.1236907914280891 4.0330569595098487 3.0928560849279165 5.0671841083094469 7.7366346344351768 1.7731561232358215 6.9938167184591293 10.358447812497616
leaf_count=48 75 45 40 23 39 29 14 26 37 8 45 36 32 130 92 27 55 63
internal_value=-0.00122839 -0.00033012 0.000438869 -0.0122298 0 0.00108226 -0.00484713 0.00173742 3.38778e-06 -0.00610477 -0.0309126 0.00402272 -0.00238239 0.00522391 0.00215562 0.0102029 -0.000742767 0.00678764
internal_weight=72.4478 70.3615 68.5965 3.00296 1.69894 65.5935 6.00727 59.5862 40.4358 15.7311 2.61172 24.7047 7.12591 19.1505 12.3101 6.84034 13.1194 17.5788
internal_count=864 789 744 102 62 642 43 599 324 145 53 179 68 275 118 157 92 111
is_linear=0
shrinkage=0.03


Tree=137
num_leaves=18
num_cat=0
split_feature=7 17 8 6 10 18 2 11 8 2 8 18 13 13 18 11 18
split_gain=1.82483 0.646872 0.782812 1.30597 0.199497 4.43267 0.349013 4.86897 2.16821 1.59986 3.27529 0.990922 4.19901 2.321 0.589819 0.0698329 0.0652498
threshold=1.0000000180025095e-35 1.0000000180025095e-35 1.0000000180025095e-35 2.5000000000000004 1.0000000180025095e-35 1.5000000000000002 1.5000000000000002 1.0000000180025095e-35 1.0000000180025095e-35 3.5000000000000004 1.0000000180025095e-35 1.5000000000000002 1.8333333333333337 2.8333333333333335 2.5000000000000004 1.0000000180025095e-35 2.5000000000000004
decision_type=2 2 2 2 2 2 2 2 2 2 2 2 2 2 2 2 2
left_child=1 4 -3 -4 6 -6 8 9 14 -8 16 -10 -13 -14 15 -1 -11
right_child=-2 2 3 -5 5 -7 7 -9 11 10 -12 12 13 -15 -16 -17 -18
leaf_value=0.0025390376012268952 -0.030088572185250431 -0.028926804370318984 0.025122013892825746 -0.024337865018414243 0.017545258948657355 -0.033155215211092673 -0.0084386053710997291 -0.034142661098685127 0.0036840641036552215 -0.0025787997006331709 0.028848895977510176 -0.041661723722755319 0.029242819797500819 -0.014312247315885505 0.017268017245441834 0.0071373167702385616 0.0018505392299293065
leaf_weight=8.2651791535317933 1.8186688134446729 1.4454611316323274 0.8626698814332483 0.8586135758087039 3.3229475170373908 2.703205625526607 7.0928110852837625 3.5235742293298236 3.8184802979230863 5.7384365629404801 4.8406872898340216 2.9283102601766586 1.8210818786174057 2.4120683148503304 5.0883086510002604 9.9033643007278442 5.7487964499741793
leaf_count=51 56 51 21 47 14 33 40 41 30 30 230 21 24 26 38 72 39
internal_value=-0.00120146 -0.00037073 -0.0134237 0 0.00021877 -0.00487816 0.000776898 -0.00170517 0.00281693 0.00317181 0.00841863 -0.00798779 -0.0145894 0.00397505 0.00805881 0.00523505 -0.000106387
internal_weight=72.1927 70.374 3.16674 1.72128 67.2073 6.02615 61.1811 26.9443 34.2368 23.4207 16.3279 10.9799 7.16146 4.23315 23.2569 18.1685 11.4872
internal_count=864 808 119 68 689 47 642 380 262 339 299 101 71 50 161 123 69
is_linear=0
shrinkage=0.03


Tree=138
num_leaves=22
num_cat=0
split_feature=9 16 2 1 10 13 13 18 13 18 11 8 18 18 8 13 11 11 2 18 11
split_gain=1.834 0.477762 0.355934 0.33107 0.244099 0.400211 0.306546 2.79961 1.33374 0.978604 0.818579 1.1251 1.00281 1.01676 0.437569 0.227742 1.14268 0.407696 0.969781 0.190079 0.0540841
threshold=1.0000000180025095e-35 2.5000000000000004 4.5000000000000009 1.5000000000000002 1.0000000180025095e-35 3.5833333333333335 1.8333333333333337 1.5000000000000002 3.1666666666666674 1.5000000000000002 1.0000000180025095e-35 1.0000000180025095e-35 3.5000000000000004 2.5000000000000004 1.0000000180025095e-35 2.4166666666666674 1.0000000180025095e-35 1.0000000180025095e-35 3.5000000000000004 2.5000000000000004 1.0000000180025095e-35
decision_type=2 2 2 2 2 2 2 2 2 2 2 2 2 2 2 2 2 2 2 2 2
left_child=1 2 4 -3 6 -6 9 -8 15 14 11 19 13 -13 -1 16 -9 18 -17 -11 -10
right_child=-2 3 -4 -5 5 -7 7 8 20 10 -12 12 -14 -15 -16 17 -18 -19 -20 -21 -22
leaf_value=0.0063211349563633036 -0.0286380192223585 0 -0.0083399482773896909 -0.02529143460533553 -0.012072595775747168 0.0025394989172066568 -0.016669248493615445 0.027474151496086056 -0.0041176450251455077 0.0018750799913524851 -0.015120677924242818 -0.0029300157075139539 0.010068370798199899 -0.034868423217897584 0.020974853899009428 -0.018554987302208375 0.001092746660311497 0.013428616556770991 0.017406913542866082 0.0091211415812294683 -0.015799325917581264
leaf_weight=9.1841343436390144 2.0260412357747546 0.72358779422938724 4.0947758946567765 1.0468401573598383 3.2604293283075085 2.7964927721768618 7.216581545770171 3.1711124796420318 1.901833549141883 7.6665680333972039 2.8906902298331252 2.302581124007701 1.4116032645106313 1.6929633580148222 2.7078330423682919 1.4828003300353885 3.1671917885541916 2.5973446695134044 1.036660123616457 8.0225303396582586 1.3743577608838677
leaf_count=55 75 14 27 63 31 16 47 101 37 38 24 41 39 34 31 20 23 34 59 38 17
internal_value=-0.00117393 -0.000293357 7.42382e-05 -0.015261 0.000672644 -0.00490724 0.00131635 -0.00137967 0.00597001 0.00304819 -0.000328377 0.00161876 -0.00986682 -0.0177162 0.0100551 0.0109112 0.0149793 0.00510629 -0.00251315 0.00580462 -0.0102295
internal_weight=71.775 69.7489 67.9785 1.77043 63.8837 6.05692 57.8268 21.9479 14.7313 35.8789 23.9869 21.0962 5.40715 3.99554 11.892 11.4551 6.3383 5.11681 2.51946 15.6891 3.27619
internal_count=864 789 712 77 685 47 638 338 291 300 214 190 114 75 86 237 124 113 79 76 54
is_linear=0
shrinkage=0.03


Tree=139
num_leaves=14
num_cat=0
split_feature=9 17 8 6 2 10 13 2 2 8 8 13 8
split_gain=1.77739 0.644687 0.771996 1.2481 0.304659 0.106451 0.29305 1.19296 5.07093 3.21742 0.265339 0.250897 0.0685422
threshold=1.0000000180025095e-35 1.0000000180025095e-35 1.0000000180025095e-35 2.5000000000000004 4.5000000000000009 1.0000000180025095e-35 1.8333333333333337 1.5000000000000002 3.5000000000000004 1.0000000180025095e-35 1.0000000180025095e-35 3.5833333333333335 1.0000000180025095e-35
decision_type=2 2 2 2 2 2 2 2 2 2 2 2 2
left_child=1 4 -3 -4 5 6 12 10 -9 -10 -8 -7 -1
right_child=-2 2 3 -5 -6 11 7 8 9 -11 -12 -13 -14
leaf_value=0.0036955339977529675 -0.028525654776052033 -0.028788230827017199 0.024950233606927587 -0.024094284513607966 -0.0075474460873771717 -0.0091371412468384886 0.0056150189161356901 -0.05546679272327084 -0.027753708224408966 0.027120759529549024 -0.0021782543526236682 0.0027710827967658228 0.00010101353033005453
leaf_weight=27.681461475789547 1.9741792031563807 1.4378104303032153 0.84099987894296624 0.82587962411344051 3.9979781871661535 2.9068534560501567 10.155169703066351 1.6744166305288661 1.4527400918304922 2.3577639432623982 5.6245411690324536 2.7694437950849533 7.8908986896276465
leaf_count=154 75 50 21 46 20 29 75 11 35 138 58 14 138
internal_value=-0.00114369 -0.000284354 -0.0134494 0 0.000304409 0.000865732 0.00129492 -0.00139228 -0.0134038 0.00525818 0.00265203 -0.00286041 0.00298479
internal_weight=71.5901 69.616 3.10469 1.66688 66.5113 62.5133 56.837 21.2646 5.48492 3.8105 15.7797 5.6763 35.5724
internal_count=864 789 117 67 672 652 609 317 184 173 133 43 292
is_linear=0
shrinkage=0.03


Tree=140
num_leaves=12
num_cat=0
split_feature=9 10 18 2 2 2 18 18 18 18 18
split_gain=1.59778 1.11711 3.9782 0.190105 0.313891 0.970409 0.699265 0.154967 0.0443094 0.0230262 0.0194016
threshold=1.0000000180025095e-35 1.0000000180025095e-35 1.5000000000000002 4.5000000000000009 3.5000000000000004 1.5000000000000002 3.5000000000000004 2.5000000000000004 1.5000000000000002 3.5000000000000004 2.5000000000000004
decision_type=2 2 2 2 2 2 2 2 2 2 2
left_child=1 3 -3 4 5 6 7 8 -1 10 -6
right_child=-2 2 -4 -5 9 -7 -8 -9 -10 -11 -12
leaf_value=0.0064268988330386202 -0.028134879962481131 0.011812003600851804 -0.032979071128729255 -0.0050576489479449002 0.0047155877273010278 -0.0085661665456213763 -0.012148799611294009 -0.00012940111889366351 0.0030752271931995274 0.0068717407414890372 0.0010624007517160677
leaf_weight=11.376532875001434 1.8141350792720903 3.2017432525753966 3.6514220079407096 4.2013651672750703 5.8731461064890045 9.2404783526435477 2.5638403482735148 6.1337038604542604 13.577754090540111 6.1325954888015977 5.168968103826046
leaf_count=87 73 20 53 28 97 69 24 56 124 133 103
internal_value=-0.00106926 -0.000298225 -0.0117527 0.000892956 0.00136674 0 0.00235992 0.00368777 0.00474253 0.00478118 0.00329961
internal_weight=72.9357 71.1215 6.85317 64.2684 60.067 42.8923 33.6518 31.088 24.9543 17.1747 11.0421
internal_count=867 794 73 721 693 360 291 267 211 333 200
is_linear=0
shrinkage=0.03


Tree=141
num_leaves=13
num_cat=0
split_feature=9 10 13 11 13 14 4 6 14 13 13 13
split_gain=1.54848 1.06431 1.07583 0.5779 0.528621 0.24 0.222112 1.53695 0.0989411 0.0518038 0.00522053 0.012047
threshold=1.0000000180025095e-35 1.0000000180025095e-35 1.8333333333333337 1.0000000180025095e-35 2.8333333333333335 2.5000000000000004 0.83333333333333337 2.5000000000000004 3.5000000000000004 1.4166666666666667 2.8333333333333335 3.5833333333333335
decision_type=2 2 2 2 2 2 2 2 2 2 2 2
left_child=1 3 -3 6 -5 -4 9 -8 -6 -1 -11 -12
right_child=-2 2 5 4 8 -7 7 -9 -10 10 11 -13
leaf_value=0.0024728535141191926 -0.028021429741805146 -0.026560583139476138 0.0058225982353340335 -0.0084412836943773793 0.0054913245179496915 -0.0079797933623436349 0.025041734715687207 -0.023019820815295876 -0.0017026526178747984 -0.00060603524864729285 0.0022706375369727348 0
leaf_weight=35.819981880486012 1.7679388970136631 2.559723616577684 1.8216591719537971 9.6624097134917957 3.9402940776199094 2.385026453062892 1.9694851152598851 0.69605712965130795 2.0811466760933399 5.2932069413363916 2.5300509203225374 2.2332028672099113
leaf_count=273 73 25 21 87 43 27 46 36 30 94 73 39
internal_value=-0.00104133 -0.000288765 -0.0115468 0.000866772 -0.00405062 -0.00130981 0.00252231 0.011028 0.00252765 0.00193995 0 0.000747541
internal_weight=72.7602 70.9922 6.76641 64.2258 15.6839 4.20669 48.542 2.66554 6.02144 45.8764 10.0565 4.76325
internal_count=867 794 73 721 160 48 561 82 73 479 206 112
is_linear=0
shrinkage=0.03


Tree=142
num_leaves=21
num_cat=0
split_feature=9 17 8 1 18 13 13 8 2 2 8 14 18 14 8 18 13 18 18 13
split_gain=1.50028 0.62915 0.678661 0.765293 0.361773 1.56686 0.92926 1.92801 2.0925 1.51788 1.59957 0.930209 0.77223 0.684486 0.589469 0.519272 0.286496 0.151127 0.230916 0.0726616
threshold=1.0000000180025095e-35 1.0000000180025095e-35 1.0000000180025095e-35 1.5000000000000002 1.5000000000000002 1.8333333333333337 1.8333333333333337 1.0000000180025095e-35 1.5000000000000002 3.5000000000000004 1.0000000180025095e-35 2.5000000000000004 3.5000000000000004 3.5000000000000004 1.0000000180025095e-35 2.5000000000000004 2.8333333333333335 2.5000000000000004 3.5000000000000004 2.8333333333333335
decision_type=2 2 2 2 2 2 2 2 2 2 2 2 2 2 2 2 2 2 2 2
left_child=1 4 -3 -4 5 14 9 8 19 15 17 -9 13 -13 -1 -6 -7 -11 -19 -8
right_child=-2 2 3 -5 6 16 7 11 -10 10 -12 12 -14 -15 -16 -17 -18 18 -20 -21
leaf_value=0.0061607967945454777 -0.027907399317112037 -0.02850243028155847 0.017070172718014334 -0.022673772853213908 -0.0077021787434599902 -0.010166561321501453 0 0.030276655811383765 -0.029477828131403965 0 0.022261763839389322 0.0086769714361347745 0.026866466653909172 -0.019691603622363649 0.022073693928757354 -0.022489676187673821 0 -0.011357812167051907 -0.00014029321819783826 0.0062428732527765231
leaf_weight=10.092101521790029 1.7229959964752186 1.3497353577986353 0.91153477318584897 0.66641033813357353 7.622779309749605 5.3978172000497562 3.1103700473904592 2.6782846748828879 2.1685509067028761 8.0365384817123431 2.5999992415308943 2.034888525493443 1.1112360209226606 1.076345678418875 2.9915078803896895 3.7365175932645798 3.9319612383842468 3.4447593465447417 4.1640728116035461 3.7427693158388138
leaf_count=58 73 44 25 41 46 30 19 81 48 40 93 46 42 17 34 22 24 21 24 39
internal_value=-0.00101722 -0.000282776 -0.0136842 0 0.000269887 0.0034171 -0.00121786 0.00451665 -0.00434692 -0.00440789 0.000808338 0.0164295 0.00645507 -0.000510634 0.0101666 -0.012982 -0.00573735 -0.00268507 -0.00568944 0.00348341
internal_weight=72.5912 70.8682 2.92768 1.57795 67.9405 22.4134 45.5271 15.9224 9.02169 29.6047 18.2454 6.90075 4.22247 3.11123 13.0836 11.3593 9.32978 15.6454 7.60883 6.85314
internal_count=867 794 110 66 684 146 538 292 106 246 178 186 105 63 92 68 54 85 45 58
is_linear=0
shrinkage=0.03


Tree=143
num_leaves=18
num_cat=0
split_feature=10 18 11 2 2 8 1 8 18 14 2 14 18 2 18 18 5
split_gain=0.897308 3.87522 0.381375 6.11914 1.10182 1.85341 0.784939 0.903764 0.430844 1.08849 0.35266 0.27963 0.141982 0.514177 0.332278 0.102488 0.0393261
threshold=1.0000000180025095e-35 1.5000000000000002 1.0000000180025095e-35 1.5000000000000002 3.5000000000000004 1.0000000180025095e-35 1.0000000180025095e-35 1.0000000180025095e-35 2.5000000000000004 1.5000000000000002 1.5000000000000002 2.5000000000000004 2.5000000000000004 4.5000000000000009 3.5000000000000004 1.5000000000000002 0.79166666666666685
decision_type=2 2 2 2 2 2 2 2 2 2 2 2 2 2 2 2 2
left_child=2 -2 4 11 6 12 7 10 9 -9 -1 15 13 -6 -14 -4 -8
right_child=1 -3 3 -5 5 -7 16 8 -10 -11 -12 -13 14 -15 -16 -17 -18
leaf_value=-0.0022381050599618217 0.011805971564722162 -0.032672981004983587 -0.00053792943816651059 -0.034046655048838963 0.012863640449735305 0.022588987725717387 0.022081016328523741 0.0051493872939347013 -0.018273709997872371 -0.015844024532285964 0.0067579652073866707 0.013146541607577033 -0.0088850274829704763 -0.002571803795202136 0.0040519946630143827 0.0060947669204348019 0.0071097871363366245
leaf_weight=10.189123466610917 3.1984511734917751 3.5595009624958038 2.9279055297374708 4.3255811226554206 3.317955615930261 5.0055924747139207 0.77734363637864534 4.1295843943953496 3.8125441968441001 4.2969152629375458 6.0426117591559878 4.6665852786973119 3.1584589458070695 3.8857636759057641 3.5557461818680167 3.8139112507924438 1.6221058997325597
leaf_count=66 20 61 22 75 27 244 13 35 35 29 31 49 26 18 30 25 61
internal_value=-0.000991706 -0.011319 4.3275e-05 -0.0039653 0.00137545 0.00709167 -0.00204331 -0.00353152 -0.00967512 -0.00526418 0.000948057 0.00737632 0.00118265 0.00420563 -0.00163459 0.00281001 0.0138496
internal_weight=72.2857 6.75795 65.5277 15.734 49.7937 18.9235 30.8702 28.4708 12.239 8.4265 16.2317 11.4084 13.9179 7.20372 6.71421 6.74182 2.39945
internal_count=867 81 786 171 615 345 270 196 99 64 97 96 101 45 56 47 74
is_linear=0
shrinkage=0.03


Tree=144
num_leaves=14
num_cat=0
split_feature=9 10 18 17 6 14 18 18 14 18 18 18 18
split_gain=1.4538 0.938246 3.72014 0.144547 0.741743 0.0796007 2.7958 1.5881 1.5514 3.62676 2.31891 0.0323625 0.0615253
threshold=1.0000000180025095e-35 1.0000000180025095e-35 1.5000000000000002 0.22500000000000012 2.5000000000000004 1.5000000000000002 1.5000000000000002 1.5000000000000002 3.5000000000000004 3.5000000000000004 3.5000000000000004 3.5000000000000004 2.5000000000000004
decision_type=2 2 2 2 2 2 2 2 2 2 2 2 2
left_child=1 3 -3 5 -5 7 -7 -1 10 -10 -8 12 -9
right_child=-2 2 -4 4 -6 6 8 11 9 -11 -12 -13 -14
leaf_value=0.010905478388285792 -0.027786819797403113 0.011454518518068103 -0.032548498707081416 0.0083182267930803477 -0.02499887874452603 -0.015488300849335267 0.018691296578455398 -0.001180725322759397 -0.035419854054059279 0.027974238394011787 -0.016097354742109746 0 -0.0050855340643446573
leaf_weight=12.295173857361076 1.6757790478877712 3.2007227689027777 3.410380813293159 1.0881035346537822 0.98682384332641948 7.2070850031450417 9.499705553054806 15.494440332055097 1.9876094646751872 1.1941755209118128 1.9294170225039131 5.5600966587662688 6.4612323530018321
leaf_count=89 73 20 53 25 61 45 158 104 30 22 64 66 57
internal_value=-0.000962625 -0.000242181 -0.0109445 0.000836882 -0.00656871 0.00114505 -0.000189382 0.00195018 0.00720713 -0.0105855 0.0124695 -0.00196778 -0.00248372
internal_weight=71.9907 70.315 6.6111 63.7039 2.07493 61.6289 21.818 39.8109 14.6109 3.18178 11.4291 27.5158 21.9557
internal_count=867 794 73 721 86 635 319 316 274 52 222 227 161
is_linear=0
shrinkage=0.03


Tree=145
num_leaves=15
num_cat=0
split_feature=10 18 13 18 18 13 18 13 11 6 18 11 16 16
split_gain=1.05732 2.68003 0.709701 0.866448 0.800393 1.92762 2.28018 1.77444 1.43868 0.758165 0.480107 0.42594 0.00340071 0.000968532
threshold=1.0000000180025095e-35 1.5000000000000002 3.5833333333333335 2.5000000000000004 1.5000000000000002 1.8333333333333337 3.5000000000000004 1.4166666666666667 1.0000000180025095e-35 1.5000000000000002 3.5000000000000004 1.0000000180025095e-35 1.5000000000000002 2.5000000000000004
decision_type=2 2 2 2 2 2 2 2 2 2 2 2 2 2
left_child=2 -2 4 -4 7 10 9 -1 -8 -7 -6 -9 -11 -14
right_child=1 -3 3 -5 5 6 8 11 -10 12 -12 -13 13 -15
leaf_value=0.00040833825362194198 0.0068078180070820712 -0.03217447383524847 0.024234134166270838 -0.0021600857163690513 -0.0049720140750842473 0.019900885978143622 0.0084089314957699873 -0.027329249464917618 -0.036120241171849074 -0.0036117262933175794 0.0049244162051538462 -0.0094751462591001461 0.00030184922915964805 -0.0012537710362360659
leaf_weight=11.712199947331102 2.853657121770083 3.1440546680241823 2.1886832015588875 1.7938881283625958 23.445153906941417 9.22835023421794 1.037715107202529 3.1160426251590243 1.2539700344204903 0.53719429625198134 5.0551285231485954 3.3220129683613777 0.42997501697391272 0.42380495090037584
leaf_count=95 22 64 31 34 192 161 70 23 15 16 63 26 20 22
internal_value=-0.00138656 -0.0133276 -0.000193179 0.0118487 -0.00106715 0.00117618 0.010799 -0.00632828 -0.0151938 0.0167776 -0.0031007 -0.0188613 -0.00187671 0
internal_weight=69.5418 5.99771 63.5441 3.98257 59.5615 41.4113 12.911 18.1503 2.29169 10.6193 28.5003 6.43806 1.39097 0.85378
internal_count=854 86 768 65 703 559 304 144 85 219 255 49 58 42
is_linear=0
shrinkage=0.03


Tree=146
num_leaves=15
num_cat=0
split_feature=17 13 2 13 2 18 13 2 18 18 1 2 13 18
split_gain=0.774319 0.718459 0.98607 2.60876 1.48199 0.82575 0.481197 0.369426 0.66494 0.413039 0.202641 0.202148 0.0763288 0.0195207
threshold=1.0000000180025095e-35 1.8333333333333337 1.5000000000000002 3.5833333333333335 3.5000000000000004 1.5000000000000002 3.5833333333333335 1.5000000000000002 1.5000000000000002 3.5000000000000004 1.5000000000000002 1.5000000000000002 2.8333333333333335 3.5000000000000004
decision_type=2 2 2 2 2 2 2 2 2 2 2 2 2 2
left_child=1 7 5 4 -4 -3 12 8 -1 -9 11 -2 -7 -6
right_child=10 2 3 -5 13 6 -8 9 -10 -11 -12 -13 -14 -15
leaf_value=0.0022865697073386365 0 -0.0012055597037047853 -0.031081483789025647 0.025752631217077014 -0.0030050612817138049 0.010926935252686783 0 -0.0024109781496126489 -0.0099549216349139359 0.007968010274209859 -0.025861979196005594 -0.015625689564467558 0.020036272711674463 0
leaf_weight=5.204907730221751 1.0344052948057649 5.803307004272944 2.6235896651633066 1.7802199954167006 2.5157140512019396 4.8221753388643247 2.4727865457534781 18.60125652700663 12.888023324310778 4.0947562456130973 1.2046353616751728 1.1001279000192878 3.9234451241791248 1.3309631180018189
leaf_count=46 28 35 18 33 112 45 24 151 77 54 88 20 47 76
internal_value=-0.00134967 -0.000578984 0.00333132 -0.00492426 -0.0140848 0.00751344 0.0122596 -0.00307734 -0.00627522 -0.000380087 -0.0152642 -0.00705099 0.015533 -0.00123835
internal_weight=69.4003 66.0611 25.2722 8.25049 6.47027 17.0217 11.2184 40.7889 18.0929 22.696 3.33917 2.13453 8.74562 3.84668
internal_count=854 718 390 239 206 151 116 328 123 205 136 48 92 188
is_linear=0
shrinkage=0.03


Tree=147
num_leaves=15
num_cat=0
split_feature=17 13 2 13 2 11 18 11 13 13 2 18 18 6
split_gain=0.741969 0.677181 0.932339 2.47057 1.39711 0.973645 0.788963 0.517543 0.976575 0.56738 0.345673 0.623539 0.389603 0.32218
threshold=1.0000000180025095e-35 1.8333333333333337 1.5000000000000002 3.5833333333333335 3.5000000000000004 1.0000000180025095e-35 1.5000000000000002 1.0000000180025095e-35 2.8333333333333335 2.8333333333333335 1.5000000000000002 1.5000000000000002 3.5000000000000004 2.5000000000000004
decision_type=2 2 2 2 2 2 2 2 2 2 2 2 2 2
left_child=1 10 6 4 -4 -6 -3 9 -9 -8 11 -1 -12 -2
right_child=13 2 3 -5 5 -7 7 8 -10 -11 12 -13 -14 -15
leaf_value=0.0022221725223872907 -0.0047644187563752223 -0.001169393754162846 -0.030181393649098696 0.02517364546779037 0.0069893800799106665 -0.026023128651796092 0.016629184499808162 0.0039246877455282785 0.031159676298134487 -0.0017562079066785483 -0.0023374668882825563 -0.0096176934960004023 0.0077487214459139014 -0.026368418442663671
leaf_weight=5.1980749890208271 1.9500824809074395 5.8063474670052591 2.6237554736435396 1.769001919776201 2.8576192157343034 0.98874418204650272 2.2295077480375749 2.5676833987236023 2.7595123946666718 3.5830727703869343 18.613616377115253 12.942384999245403 4.0872644856572142 1.3521768175996838
leaf_count=46 40 35 18 33 163 25 31 14 31 40 151 77 54 96
internal_value=-0.00130931 -0.000557184 0.0032476 -0.00477481 -0.0136782 -0.00118099 0.00732918 0.0119968 0.0188995 0.00495039 -0.00297892 -0.00606698 -0.000363868 -0.0150074
internal_weight=69.3288 66.0266 25.1852 8.23912 6.47012 3.84636 16.9461 11.1398 5.3272 5.81258 40.8413 18.1405 22.7009 3.30226
internal_count=854 718 390 239 206 188 151 116 45 71 328 123 205 136
is_linear=0
shrinkage=0.03


Tree=148
num_leaves=13
num_cat=0
split_feature=17 13 18 18 13 14 6 18 18 13 14 13
split_gain=0.712335 0.638537 0.732593 0.67477 1.80586 1.47031 0.319272 0.181711 0.269593 0.174004 0.0877986 0.0523484
threshold=1.0000000180025095e-35 1.8333333333333337 1.5000000000000002 3.5000000000000004 2.8333333333333335 3.5000000000000004 2.5000000000000004 1.5000000000000002 3.5000000000000004 3.5833333333333335 2.5000000000000004 2.8333333333333335
decision_type=2 2 2 2 2 2 2 2 2 2 2 2
left_child=1 7 11 5 -5 10 -2 -1 -9 -6 -4 -3
right_child=6 2 3 4 9 -7 -8 8 -10 -11 -12 -13
leaf_value=6.5363410923345621e-05 -0.0046302962017957337 -0.0054358503618888911 0.01930449969551153 -0.027778518538532363 0.0011517759460013472 -0.010483333931694127 -0.02625560671582141 -0.0055280857375335475 0.0014541875098506895 0.023745647435376688 0.010651119710192235 -0.00016063636556011112
leaf_weight=11.49778640642762 1.9492811765521758 4.8412972241640109 5.0663101058453304 1.5337050165981048 0.89587619807571151 2.2251229835674158 1.3181908200494943 23.961267765611414 5.4327515102922908 0.9222197262570262 5.0604527215473354 4.5166987925767899
leaf_count=84 40 30 94 46 39 35 96 180 64 20 98 28
internal_value=-0.00127197 -0.000536683 0.00316987 0.00717307 -0.00404473 0.0104661 -0.014766 -0.00288372 -0.00413532 0.0148169 0.0154201 -0.00323554
internal_weight=69.221 65.9535 25.0617 15.7037 3.3518 12.3519 3.26747 40.8918 29.394 1.8181 10.1268 9.358
internal_count=854 718 390 332 105 227 136 328 244 59 192 58
is_linear=0
shrinkage=0.03


Tree=149
num_leaves=15
num_cat=0
split_feature=10 2 2 2 11 11 2 8 14 8 14 2 14 14
split_gain=1.03363 2.8633 3.93293 0.694504 4.51634 2.30794 2.1394 1.93814 1.43887 0.583741 0.368034 0.107743 0.079383 0.0583019
threshold=1.0000000180025095e-35 1.5000000000000002 2.5000000000000004 1.5000000000000002 1.0000000180025095e-35 1.0000000180025095e-35 3.5000000000000004 1.0000000180025095e-35 1.5000000000000002 1.0000000180025095e-35 3.5000000000000004 4.5000000000000009 2.5000000000000004 2.5000000000000004
decision_type=2 2 2 2 2 2 2 2 2 2 2 2 2 2
left_child=3 -2 -3 5 6 8 -5 11 9 -1 13 -8 -7 -10
right_child=1 2 -4 4 -6 12 7 -9 10 -11 -12 -13 -14 -15
leaf_value=-0.0028585443645339553 -0.039633022458599072 0.030580145703108772 -0.029920282781001954 -0.011576326172334457 -0.03334089765398221 0.010490948494041438 0.0027080687955670984 0.022777655105450819 0.014731384719356389 -0.015314388102922778 -0.0029680923010033814 -0.0030034198329288047 0.018561233488593797 0.0051950628112118272
leaf_weight=9.9362047500908393 2.1864050514996043 2.0185215603560214 1.6647412497550247 7.9681682437658372 3.8554827058687797 6.5964484680443984 7.8772048335522431 4.9386697281152001 3.577796781435608 5.8030276447534552 1.6522485017776487 4.3970744665712118 4.3569130022078753 2.324684415012598
leaf_count=59 20 18 48 57 65 49 65 252 47 53 16 22 47 36
internal_value=-0.00123583 -0.0131723 0.00237444 -6.23422e-05 -0.00351495 0.00277932 0.00104685 0.00709673 -0.00245857 -0.00770809 0.00804399 0.000411839 0.0141114 0.0116244
internal_weight=69.1536 5.86967 3.68326 63.2839 29.0366 34.2473 25.1811 17.2129 23.294 15.7392 7.55473 12.2743 10.9534 5.90248
internal_count=854 86 66 768 461 307 396 339 211 112 99 87 96 83
is_linear=0
shrinkage=0.03


Tree=150
num_leaves=15
num_cat=0
split_feature=6 2 8 2 18 2 11 11 2 14 18 18 18 18
split_gain=1.39272 1.21922 0.532938 3.46745 1.2608 0.435173 2.31238 0.135586 1.09767 0.876426 0.549915 0.530606 0.041462 0.108616
threshold=2.5000000000000004 4.5000000000000009 1.0000000180025095e-35 3.5000000000000004 2.5000000000000004 2.5000000000000004 1.0000000180025095e-35 1.0000000180025095e-35 1.5000000000000002 1.5000000000000002 1.5000000000000002 2.5000000000000004 3.5000000000000004 2.5000000000000004
decision_type=2 2 2 2 2 2 2 2 2 2 2 2 2 2
left_child=1 2 5 4 -4 7 12 8 11 -9 -11 -1 13 -7
right_child=-2 -3 3 -5 -6 6 -8 9 -10 10 -12 -13 -14 -15
leaf_value=-0.0087282918066966843 -0.026865197063956379 -0.013192119023841391 0.0049474227764292949 0.029296488690035219 -0.015167378295879544 0.0044449533909765712 -0.030983901256351601 0.019022303550893845 0.0091440042227795889 -0.0084035213201533211 0.0061268828026025514 0.0046019861034372299 0.0043158481303495434 -0.0031767816837678861
leaf_weight=9.2051277980208379 1.5684582185931493 4.9760468369349828 8.6697121970355528 4.3771085077896705 3.981512337923049 2.9280467545613629 2.2945804316550484 2.8211516737937918 8.1243861112743616 3.8441198393702489 5.6645227707922459 3.3796826638281354 3.3341739308089018 3.6582296900451183
leaf_count=63 123 24 94 232 35 24 33 27 41 23 48 23 29 36
internal_value=0.000155916 0.000869532 0.00206042 0.00657654 -0.00121701 0.000284184 -0.00445404 0.00213466 0.000480528 0.00464538 0 -0.00490385 0.00163085 0
internal_weight=68.8269 67.2584 62.2824 17.0283 12.6512 45.254 12.215 33.039 20.7092 12.3298 9.50864 12.5848 9.92045 6.58628
internal_count=855 732 708 361 129 347 122 225 127 98 71 86 89 60
is_linear=0
shrinkage=0.03


Tree=151
num_leaves=15
num_cat=0
split_feature=7 2 17 2 2 10 18 13 10 2 13 13 13 17
split_gain=1.94862 0.957274 0.585499 0.392388 0.15417 1.67562 0.1889 1.00432 0.285815 1.61843 0.405729 0.0675953 0.00664964 0.00148827
threshold=1.0000000180025095e-35 4.5000000000000009 0.18333333333333349 1.5000000000000002 3.5000000000000004 1.0000000180025095e-35 2.5000000000000004 2.8333333333333335 1.0000000180025095e-35 1.5000000000000002 2.8333333333333335 2.8333333333333335 3.5833333333333335 1.6125000000000003
decision_type=2 2 2 2 2 2 2 2 2 2 2 2 2 2
left_child=1 2 4 13 6 11 8 -8 9 10 -1 -6 -13 -4
right_child=-2 -3 3 -5 5 -7 7 -9 -10 -11 -12 12 -14 -15
leaf_value=0.0076884946775802356 -0.03005740306580372 -0.011593730781166885 -0.00070044994175989881 -0.023340287830820691 0.0091605222315962881 -0.027325554622920786 -0.0087071233899135465 0.011433641632895642 0.011185980921194985 -0.010143774203840576 -0.0020701361743754808 0 0.0038140905869015144 0.00123831786281041
leaf_weight=18.780353046953685 1.7632431657984842 4.832505924627184 0.78958390466868811 1.1964166248217223 12.754820674657816 1.1652431637048728 6.5752498880028707 3.1830037161707878 3.3240548819303504 7.483399709686636 4.2010271511971942 1.5145941190421592 0.51388902962207783 0.48886806145310402
leaf_count=133 56 45 37 49 222 22 43 38 17 42 41 73 22 15
internal_value=0.000151366 0.00103729 0.00208769 -0.0117104 0.00273068 0.00533926 0.00169655 -0.00178384 0.00279251 0.00174493 0.00577339 0.00828182 0.00117642 0
internal_weight=68.5663 66.803 61.9705 2.47487 59.4956 15.9485 43.5471 9.75825 33.7888 30.4648 22.9814 14.7833 2.02848 1.27845
internal_count=855 799 754 101 653 339 314 81 233 216 174 317 95 52
is_linear=0
shrinkage=0.03


Tree=152
num_leaves=20
num_cat=0
split_feature=7 17 8 6 10 18 8 18 18 14 14 14 13 18 18 18 13 14 18
split_gain=1.8814 0.598423 0.643169 0.974118 0.186586 4.27034 0.194681 0.694982 0.397425 1.92931 2.60086 1.16165 0.382673 0.734327 0.409326 1.01097 0.536977 0.0880872 0.00874824
threshold=1.0000000180025095e-35 1.0000000180025095e-35 1.0000000180025095e-35 2.5000000000000004 1.0000000180025095e-35 1.5000000000000002 1.0000000180025095e-35 3.5000000000000004 2.5000000000000004 1.5000000000000002 3.5000000000000004 1.5000000000000002 1.8333333333333337 2.5000000000000004 2.5000000000000004 3.5000000000000004 2.8333333333333335 1.5000000000000002 1.5000000000000002
decision_type=2 2 2 2 2 2 2 2 2 2 2 2 2 2 2 2 2 2 2
left_child=1 4 -3 -4 6 -6 12 8 11 -10 -11 -8 13 18 16 -16 -14 -9 -1
right_child=-2 2 3 -5 5 -7 7 17 9 10 -12 -13 14 -15 15 -17 -18 -19 -20
leaf_value=0.00040683095042164173 -0.029895481257314487 -0.027818895636210501 0.023810239850845148 -0.022783564434631687 0.021603449412295268 -0.03187804877302311 0.01782808796746866 0.0086333088185596984 -0.029357767394443696 0.029335664313366396 -0.030464446224271607 -0.0030781690338336255 0.0070596718237954086 0.0095703215419715212 0.0046940426276573279 -0.029389113369896802 -0.0081160602793623957 0.026846582829445836 -0.0007132902487563688
leaf_weight=7.6429038196802184 1.7207934367470432 1.2109864428639405 0.73181011155247666 0.6804618458263576 2.6822320520877829 2.4707452282309532 3.9885353371500987 1.2825586907565587 1.7222481220960606 1.93111470900476 0.83535540103912342 5.2616486055776477 4.217312512919305 9.6501550972461683 1.2210788540542117 1.5231686537154019 3.9702531099319458 1.2174200993031261 14.43057281896472
leaf_count=45 56 51 21 47 12 36 64 37 34 55 12 85 27 54 21 27 38 60 73
internal_value=0.000140139 0.00100391 -0.0126489 0 0.00162872 -0.0035874 0.00214127 0.00497481 0.00202173 -0.00488331 0.00979917 0.0057097 0.000983261 0.00270546 -0.00372177 -0.0135369 0 0.019348 -0.000190068
internal_weight=68.3914 66.6706 2.62326 1.41227 64.0473 5.15298 58.8943 16.2389 13.7389 4.48872 2.76647 9.25018 42.6554 31.7236 10.9318 2.74425 8.18757 2.49998 22.0735
internal_count=855 799 119 68 680 48 632 347 250 101 67 149 285 172 113 48 65 97 118
is_linear=0
shrinkage=0.03


Tree=153
num_leaves=13
num_cat=0
split_feature=7 2 17 8 4 2 8 8 2 14 14 14
split_gain=1.81714 0.885265 0.535865 0.707196 0.725474 0.147821 3.53372 0.494782 0.102975 0.289541 0.0732572 0.00561932
threshold=1.0000000180025095e-35 4.5000000000000009 0.18333333333333349 1.0000000180025095e-35 1.4166666666666667 3.5000000000000004 1.0000000180025095e-35 1.0000000180025095e-35 1.5000000000000002 1.5000000000000002 2.5000000000000004 1.5000000000000002
decision_type=2 2 2 2 2 2 2 2 2 2 2 2
left_child=1 2 5 -4 -5 7 -7 8 9 -1 11 -9
right_child=-2 -3 3 4 -6 6 -8 10 -10 -11 -12 -13
leaf_value=0.0052981822672265354 -0.029734277530656182 -0.011167891256126964 -0.027595087506751988 0.021949684382444885 -0.020513772992156502 -0.0032945736146362285 0.028169414320794128 -0.0063643991074123435 0.0066263570755531378 -0.0012809386712074006 0 -0.0022333841228646461
leaf_weight=13.095816645771267 1.6793876416049887 4.8301874175667754 1.1532738264650098 0.74201271869242191 0.50435232231393456 11.518679924309252 4.2849840875715008 4.77334241196513 8.486560891382398 9.9387687183916551 3.4860982820391646 3.6218719594180584
leaf_count=81 56 45 47 22 32 103 236 41 44 80 36 32
internal_value=0.00013268 0.000976309 0.00199365 -0.0114016 0.00229088 0.00260545 0.00517138 0.00159245 0.00360368 0.00233654 -0.0034785 -0.0049826
internal_weight=68.1153 66.4359 61.6058 2.39964 1.24637 59.2061 15.8037 43.4025 31.5211 23.0346 11.8813 8.39521
internal_count=855 799 754 101 54 653 339 314 205 161 109 73
is_linear=0
shrinkage=0.03


Tree=154
num_leaves=16
num_cat=0
split_feature=7 2 17 8 4 11 2 2 10 8 13 13 2 13 8
split_gain=1.75461 0.83357 0.514317 0.683406 0.700724 0.212294 4.3788 1.33717 2.24126 1.20499 0.654121 0.278349 0.131284 0.324335 0.286881
threshold=1.0000000180025095e-35 4.5000000000000009 0.18333333333333349 1.0000000180025095e-35 1.4166666666666667 1.0000000180025095e-35 1.5000000000000002 3.5000000000000004 1.0000000180025095e-35 1.0000000180025095e-35 1.8333333333333337 3.5833333333333335 1.5000000000000002 1.8333333333333337 1.0000000180025095e-35
decision_type=2 2 2 2 2 2 2 2 2 2 2 2 2 2 2
left_child=1 2 5 -4 -5 7 10 11 9 -9 -7 12 13 14 -1
right_child=-2 -3 3 4 -6 6 -8 8 -10 -11 -12 -13 -14 -15 -16
leaf_value=0.00073089766171451076 -0.029573714675941058 -0.010830443494166312 -0.027428704091213407 0.021733183981678846 -0.020338169533592784 0.020813956628174191 -0.032718236208147192 0.0079618297051630565 -0.026957157260696519 0.028625912282847051 0.0033256614022230875 0.0077743825919024487 -0.0041975591305801075 0.0070260595329730046 -0.0080197379616457325
leaf_weight=10.41981692239643 1.6390042291022826 4.8343148818239561 1.1264739097096017 0.72812955267727375 0.49445936223492026 2.645553618669509 2.9320681877434245 8.2163849677890486 1.105051331222058 4.1339903222396979 8.7211704105138761 3.6809917837381354 7.7782041970640412 4.884392771869897 4.561908680945634
leaf_count=55 56 45 47 22 32 26 38 50 22 234 65 26 44 57 36
internal_value=0.000121382 0.000944549 0.00193607 -0.0113239 0.00219847 0.00253224 -0.000466835 0.00355561 0.0114294 0.015294 0.00780363 5.2439e-05 -0.000891965 0.000266565 -0.00177025
internal_weight=67.9019 66.2629 61.4286 2.34906 1.22259 59.0795 14.2988 44.7807 13.4554 12.3504 11.3667 31.3253 27.6443 19.8661 14.9817
internal_count=855 799 754 101 54 653 129 524 306 284 91 218 192 148 91
is_linear=0
shrinkage=0.03


Tree=155
num_leaves=13
num_cat=0
split_feature=6 8 2 8 2 2 13 18 18 18 18 2
split_gain=1.11086 0.808982 1.36477 0.727628 5.90996 1.27336 0.410445 1.91624 0.295352 0.11849 0.358505 0.00579598
threshold=1.5000000000000002 1.0000000180025095e-35 2.5000000000000004 1.0000000180025095e-35 3.5000000000000004 2.5000000000000004 1.8333333333333337 2.5000000000000004 3.5000000000000004 2.5000000000000004 1.5000000000000002 4.5000000000000009
decision_type=2 2 2 2 2 2 2 2 2 2 2 2
left_child=3 -2 -3 5 6 9 -5 -8 11 10 -1 -7
right_child=1 2 -4 4 -6 8 7 -9 -10 -11 -12 -13
leaf_value=0.010203077902456637 -0.028606059815674215 0.0126041532925568 -0.028676873956934329 -0.01934052893278837 0.02907709383822215 0 -0.019432337857042868 0.01110773567258439 -0.0087789691951688283 0.013262997803652785 0.0024497960763746099 0.0011971765629154865
leaf_weight=15.139666531234983 1.633319885469972 1.8761934814974668 1.0189412762410937 5.2265648394823092 3.9256370048969975 7.6986602507531625 4.5246483236551285 2.8674685209989548 4.0908346846699706 5.3178101852536193 10.252740032970905 4.1610115617513657
leaf_count=90 81 54 56 40 232 74 31 32 47 45 70 17
internal_value=0.00180661 -0.0122639 -0.00139543 0.00287989 -0.00239545 0.00481563 -0.012574 -0.00719501 -0.00190197 0.00839689 0.00721209 0.000272891
internal_weight=67.7335 4.52845 2.89513 63.205 16.5443 46.6607 12.6187 7.39212 15.9505 30.7102 25.3924 11.8597
internal_count=869 191 110 678 335 343 103 63 138 205 160 91
is_linear=0
shrinkage=0.03


Tree=156
num_leaves=16
num_cat=0
split_feature=17 8 2 2 2 8 1 13 18 18 18 18 18 18 2
split_gain=1.121 0.719105 3.62696 1.70115 1.22392 0.530581 0.576973 0.484406 6.83475 1.60131 0.277387 0.183238 0.0892754 0.338995 0.00459582
threshold=1.0000000180025095e-35 1.0000000180025095e-35 3.5000000000000004 4.5000000000000009 2.5000000000000004 1.0000000180025095e-35 1.5000000000000002 1.8333333333333337 1.5000000000000002 1.5000000000000002 3.5000000000000004 2.5000000000000004 2.5000000000000004 1.5000000000000002 4.5000000000000009
decision_type=2 2 2 2 2 2 2 2 2 2 2 2 2 2 2
left_child=1 4 7 -4 12 -2 -7 8 -3 -9 14 -11 13 -1 -6
right_child=5 2 3 -5 10 6 -8 9 -10 11 -12 -13 -14 -15 -16
leaf_value=0.009940611148165213 -0.028283722276752344 0.019643275468851709 0.027865305479311923 -0.02653265562763104 0 0.015701071595394304 -0.021702389453705992 -0.020483232480364991 -0.044693134492288317 0 -0.0086134293479855767 0.010879559668461863 0.012511063861265574 0.0023796231282446584 0.0010034490304636917
leaf_weight=15.076831523329023 1.4694494865834706 2.4761807546019572 3.8946031145751467 0.45806262735277403 7.7320270240306872 0.68561744038015582 0.59130963264033198 3.3094818443059921 3.3153563737869263 1.8119379663839934 4.1074701407924286 2.8422630354762077 5.345229383558034 10.241554290056229 4.1820028908550739
leaf_count=90 68 27 236 12 79 22 49 18 21 28 50 32 46 70 21
internal_value=0.00175795 0.00260374 -0.00235325 0.0209995 0.00459147 -0.0165326 0 -0.0100577 -0.0168103 -0.00462732 -0.00197186 0.00621007 0.00811353 0.00702153 0.000120814
internal_weight=67.5394 64.793 18.1079 4.35267 46.6851 2.74638 1.27693 13.7552 5.79154 7.96368 16.0215 4.6542 30.6636 25.3184 11.914
internal_count=869 730 374 248 356 139 71 126 48 78 150 60 206 160 100
is_linear=0
shrinkage=0.03


Tree=157
num_leaves=14
num_cat=0
split_feature=17 8 2 2 2 8 1 18 13 18 18 18 2
split_gain=1.07657 0.678864 3.45644 1.65284 1.15917 0.515609 0.555834 0.453784 1.06475 0.261445 0.0832984 0.320463 0.00435216
threshold=1.0000000180025095e-35 1.0000000180025095e-35 3.5000000000000004 4.5000000000000009 2.5000000000000004 1.0000000180025095e-35 1.5000000000000002 2.5000000000000004 1.4166666666666667 3.5000000000000004 2.5000000000000004 1.5000000000000002 4.5000000000000009
decision_type=2 2 2 2 2 2 2 2 2 2 2 2 2
left_child=1 4 7 -4 10 -2 -7 8 -3 12 11 -1 -6
right_child=5 2 3 -5 9 6 -8 -9 -10 -11 -12 -13 -14
leaf_value=0.0096841407691078407 -0.02813868709097702 0.0053115609950988626 0.027748635387639314 -0.026207280857946134 0 0.015428714946006823 -0.021535454666418534 -0.018063438502198263 -0.014394284276351612 -0.0083630891055290306 0.012191766042109486 0.0023113916871286334 0.00097418422061784594
leaf_weight=15.015429601073269 1.433768083341419 4.1524284183979052 3.795567641966044 0.45118325296789397 7.7320270240306872 0.67866054736077763 0.57897863071411848 4.2906252965331069 5.3511407608166337 4.1065181591548017 5.323614325374364 10.230687696486712 4.1814169911667705
leaf_count=90 68 40 236 12 79 22 49 39 47 50 46 70 21
internal_value=0.00170901 0.00253344 -0.00228965 0.020855 0.00446625 -0.0163955 0 -0.00972982 -0.0055061 -0.00191402 0.00790296 0.00683569 0.000110341
internal_weight=67.322 64.6306 18.0409 4.24675 46.5897 2.69141 1.25764 13.7942 9.50357 16.02 30.5697 25.2461 11.9134
internal_count=869 730 374 248 356 139 71 126 87 150 206 160 100
is_linear=0
shrinkage=0.03


Tree=158
num_leaves=21
num_cat=0
split_feature=6 2 10 18 10 13 18 18 2 13 18 13 2 2 2 13 2 2 16 13
split_gain=0.941575 0.551001 0.439861 0.27179 1.9235 0.513688 2.60577 0.586473 0.860054 0.454764 0.477378 0.463555 0.45859 0.2956 0.254718 0.913657 0.197475 0.0419286 0.0581103 0.0147105
threshold=1.5000000000000002 2.5000000000000004 1.0000000180025095e-35 1.5000000000000002 1.0000000180025095e-35 3.5833333333333335 3.5000000000000004 3.5000000000000004 3.5000000000000004 1.8333333333333337 2.5000000000000004 2.8333333333333335 3.5000000000000004 3.5000000000000004 1.5000000000000002 1.8333333333333337 4.5000000000000009 1.5000000000000002 2.5000000000000004 1.8333333333333337
decision_type=2 2 2 2 2 2 2 2 2 2 2 2 2 2 2 2 2 2 2 2
left_child=3 2 17 14 5 7 -7 9 -9 12 11 -11 -5 -12 15 -1 -14 18 -2 -10
right_child=1 -3 -4 4 -6 6 -8 8 19 10 13 -13 16 -15 -16 -17 -18 -19 -20 -21
leaf_value=0.017130869453121415 0.0095627801216911119 -0.028507460262206619 -0.024352113738100881 -0.0011784150357008686 -0.029477038526299161 -0.02885440144424849 0.024462322720107281 -0.020963956809213428 0.002946450383156979 0.012070474023269825 0.026267080578827075 -0.0058194792835441142 0.010236926990965118 0.0016881204496675957 0.0015491688858061731 0 0.0011046891921394776 -0.0012241769803657643 0 0
leaf_weight=5.5351622924208641 0.90737540367990688 1.1910827606916425 0.63054905366152514 10.869833752512937 1.6530002057552327 2.0779627971351138 1.1877034222707155 1.8733213543891896 3.9074760284274817 3.0840605460107309 2.3479316905140881 1.87222527526319 7.2594135850667936 0.88830480631440867 9.7374560199677944 5.3932275772094727 4.159090131521225 1.12725062482059 0.48501942679286003 0.96126165520399798
leaf_count=49 36 88 19 61 26 32 23 14 58 46 29 30 85 54 58 34 17 24 24 62
internal_value=0.00165967 -0.0115708 -0.003564 0.00263879 0.00116006 0.00255431 -0.00842139 0.0036176 -0.00409532 0.00542954 0.0115676 0.00473782 0.0029978 0.0206725 0.00548965 0.0086828 0.00720951 0.0012241 0.00516558 0.00208266
internal_weight=67.1487 4.34128 3.15019 62.8074 42.1416 40.4886 3.26567 37.2229 6.74206 30.4809 8.19252 4.95629 22.2883 3.23624 20.6658 10.9284 11.4185 2.51965 1.39239 4.86874
internal_count=869 191 103 678 537 511 55 456 134 322 159 76 163 83 141 83 102 84 60 120
is_linear=0
shrinkage=0.03


Tree=159
num_leaves=16
num_cat=0
split_feature=17 8 2 2 2 8 6 13 18 18 18 18 18 18 2
split_gain=1.00398 0.651776 3.34023 1.56936 1.11077 0.502556 0.785253 0.49327 6.13721 1.46556 0.24121 0.168599 0.0854715 0.284831 0.00417781
threshold=1.0000000180025095e-35 1.0000000180025095e-35 3.5000000000000004 4.5000000000000009 2.5000000000000004 1.0000000180025095e-35 2.5000000000000004 1.8333333333333337 1.5000000000000002 1.5000000000000002 3.5000000000000004 2.5000000000000004 2.5000000000000004 1.5000000000000002 4.5000000000000009
decision_type=2 2 2 2 2 2 2 2 2 2 2 2 2 2 2
left_child=1 4 7 -4 12 -2 -7 8 -3 -9 14 -11 13 -1 -6
right_child=5 2 3 -5 10 6 -8 9 -10 11 -12 -13 -14 -15 -16
leaf_value=0.0093152244460474563 -0.027923896533968647 0.01906601362276223 0.027651181078986033 -0.025539356209607154 -0.00013980193352032351 0.022047114793980731 -0.022472006397971193 -0.019171379891000626 -0.042094569689806599 0 -0.0081415081430986046 0.010745139044924542 0.011987046363710065 0.0023146467508008712 0.00091813456048129986
leaf_weight=14.919407196342949 1.3851668187417083 2.4002443104982403 3.6847959747537962 0.43705466482788313 7.7016818523406965 0.56831800937652566 0.65620169788599014 3.3625645786523801 3.3944837190210819 1.8311349800787864 4.0956869921647003 2.8240957409143448 5.2850854136049739 10.223096035420895 4.1795681687071919
leaf_count=90 68 27 236 12 79 17 54 18 21 28 50 32 46 70 21
internal_value=0.00161316 0.00240368 -0.00233684 0.0208293 0.00430139 -0.0161386 0 -0.00956558 -0.0163585 -0.0041455 -0.00194818 0.00625202 0.00767682 0.00660804 0
internal_weight=66.9486 64.3389 17.9344 4.12185 46.4045 2.60969 1.22452 13.8125 5.79473 8.0178 15.9769 4.65523 30.4276 25.1425 11.8813
internal_count=869 730 374 248 356 139 71 126 48 78 150 60 206 160 100
is_linear=0
shrinkage=0.03


Tree=160
num_leaves=16
num_cat=0
split_feature=8 18 13 2 13 6 18 2 13 2 2 2 18 14 17
split_gain=1.36908 0.964239 3.41732 4.79834 0.770376 0.553008 0.421741 0.544687 0.357529 1.13454 0.668808 0.713089 0.0777681 0.0771307 0.0649202
threshold=1.0000000180025095e-35 1.5000000000000002 1.8333333333333337 3.5000000000000004 1.1666666666666667 1.5000000000000002 2.5000000000000004 1.5000000000000002 1.8333333333333337 1.5000000000000002 3.5000000000000004 1.5000000000000002 1.5000000000000002 2.5000000000000004 0.84523809523809545
decision_type=2 2 2 2 2 2 2 2 2 2 2 2 2 2 2
left_child=6 4 3 -3 -2 13 8 -8 10 -10 11 12 -1 -4 -7
right_child=1 2 5 -5 -6 14 7 -9 9 -11 -12 -13 -14 -15 -16
leaf_value=0.0027214158986859924 0.030257881780706677 -0.041192098435440236 0.029029674082327619 0.016968799863731621 0.0065631252017126652 -0.0082995936544938507 0.0020749956979819783 -0.010510741691264987 -0.0013630137736374138 0.018864888609921009 0.0052913975122528302 -0.014315191805513865 -0.002603160535629135 0.015523684609764001 0.0045175870099686977
leaf_weight=3.4795720931142586 2.6797593161463764 2.7706927545368654 1.8307363893836734 2.1335327378474176 3.0884211910888553 0.59642308251932241 4.2528280410915587 8.4553728098981082 7.7424550950527173 3.4227104964666069 7.4842392331920555 5.294568581506609 6.6543902484700084 3.7366553395986557 0.42042069975286722
leaf_count=34 38 26 76 104 32 27 38 107 76 47 41 29 38 105 23
internal_value=0.00118182 0.00840398 0.00300551 -0.0154568 0.0184104 0.0172314 -0.00143026 -0.00608135 0.000229149 0.00468401 -0.00182222 -0.00547802 -0.000473058 0.0209281 -0.000384103
internal_weight=64.0428 17.2566 11.4885 4.90423 5.76818 6.58424 46.7861 12.7082 34.0779 11.1652 22.9128 15.4285 10.134 5.56739 1.01684
internal_count=841 431 361 130 70 231 410 145 265 123 142 101 72 181 50
is_linear=0
shrinkage=0.03


Tree=161
num_leaves=14
num_cat=0
split_feature=8 18 13 13 6 18 13 18 18 13 13 14 17
split_gain=1.30646 0.923938 3.24444 0.759676 0.536173 0.396777 0.33541 0.785035 0.477989 0.22402 0.999731 0.0794201 0.0618531
threshold=1.0000000180025095e-35 1.5000000000000002 1.8333333333333337 1.1666666666666667 1.5000000000000002 2.5000000000000004 1.8333333333333337 1.5000000000000002 1.5000000000000002 1.5833333333333337 2.8333333333333335 2.5000000000000004 0.84523809523809545
decision_type=2 2 2 2 2 2 2 2 2 2 2 2 2
left_child=5 3 -3 -2 11 6 8 -8 -1 -7 -11 -4 -6
right_child=1 2 4 -5 12 9 7 -9 -10 10 -12 -13 -14
leaf_value=-0.0072352686143824117 0.030066957500819651 -0.014905019833033405 0.028894493440466733 0.0063907983883462168 -0.0081046761430417259 -0.0032378230096439002 0.011218531098441063 -0.0045048983973704415 0.001504907676541149 -0.037212683919848832 0 0.015264474216905367 0.0044142264077752175
leaf_weight=8.8724884712137282 2.6174508426338461 4.9301492786034924 1.7852776572108267 3.0793839334510267 0.59487294498831012 9.7747011017054302 6.6031137332320196 4.5739373089745641 14.061626627109945 0.94221232924610321 1.9786287900060413 3.6885387925431132 0.41970958327874541
leaf_count=66 38 130 76 32 27 70 48 75 76 30 45 105 23
internal_value=0.00115682 0.00824939 0.00295108 0.0181175 0.0169945 -0.00138475 0.00022031 0.00453518 -0.00176288 -0.00589981 -0.0134131 0.0206868 -0.000302898
internal_weight=63.9221 17.1154 11.4185 5.69683 6.4884 46.8067 34.1112 11.1771 22.9341 12.6955 2.92084 5.47382 1.01458
internal_count=841 431 361 70 231 410 265 123 142 145 75 181 50
is_linear=0
shrinkage=0.03


Tree=162
num_leaves=10
num_cat=0
split_feature=17 18 10 2 2 1 2 18 18
split_gain=0.740971 0.757709 2.43103 0.515961 0.314122 0.203686 0.127325 0.0775067 0.0201378
threshold=1.0000000180025095e-35 1.5000000000000002 1.0000000180025095e-35 1.5000000000000002 3.5000000000000004 1.5000000000000002 1.5000000000000002 2.5000000000000004 3.5000000000000004
decision_type=2 2 2 2 2 2 2 2 2
left_child=1 3 4 -1 -3 6 -2 -6 -9
right_child=5 2 -4 -5 7 -7 -8 8 -10
leaf_value=0.010891848758478711 0.00036637873101198835 -0.0011913535649735014 -0.031082349702855741 0.00079081608015469729 0.0063659822813595295 -0.024843825717263682 -0.012686504230391586 0 0.003273429098709757
leaf_weight=11.257737997919321 0.90520727261900835 20.414165590424091 2.1076340540312222 8.764672183431685 8.5793965854682046 0.9916129708290099 0.88505646539852023 5.1738536870107037 4.7070122649893165
leaf_count=88 29 168 32 59 109 97 17 108 134
internal_value=0.00112571 0.00186837 -0.000402881 0.00664518 0.00125896 -0.0136191 -0.00482929 0.00412208 0.0018289
internal_weight=63.7863 61.0045 40.9821 20.0224 38.8744 2.78188 1.79026 18.4603 9.88087
internal_count=841 698 551 147 519 143 46 351 242
is_linear=0
shrinkage=0.03


Tree=163
num_leaves=12
num_cat=0
split_feature=13 17 11 14 13 2 13 2 2 2 6
split_gain=0.996565 0.96107 0.542447 0.692016 0.630258 0.603624 1.29881 0.485173 0.48073 0.139848 0.0504842
threshold=1.8333333333333337 0.18333333333333349 1.0000000180025095e-35 2.5000000000000004 2.8333333333333335 1.5000000000000002 3.5833333333333335 3.5000000000000004 1.5000000000000002 3.5000000000000004 2.5000000000000004
decision_type=2 2 2 2 2 2 2 2 2 2 2
left_child=7 2 3 -2 -4 -5 9 8 -1 -7 -3
right_child=1 10 4 5 -6 6 -8 -9 -10 -11 -12
leaf_value=-0.00182011690279982 0.020348630942909778 -0.005229071523874842 -0.0065958223213335599 -0.0015744173043705186 0.0092925147537863163 -0.01576336775187458 0.031365807231836303 0.0020564301223461937 -0.0119847351413922 0.00040779628127960002 -0.022443096906316757
leaf_weight=17.57912166975439 5.2252481952309644 1.1346731074154366 4.0026889746077359 4.245983749628067 4.6707959217019379 0.47635615663602959 1.8472169004380703 16.738860975950956 5.8752595391124478 1.1845133397728203 0.65826755156740535
leaf_count=139 118 28 35 45 53 5 32 204 42 76 64
internal_value=0.00109305 0.00602366 0.00787511 0.0117769 0.00162673 0.00543312 0.0145547 -0.00171647 -0.00453376 -0.00315838 -0.0139857
internal_weight=63.639 23.4457 21.6528 12.9793 8.67348 7.75407 3.50809 40.1932 23.4544 1.66087 1.79294
internal_count=841 456 364 276 88 158 113 385 181 81 92
is_linear=0
shrinkage=0.03


Tree=164
num_leaves=12
num_cat=0
split_feature=13 17 11 14 13 18 13 18 18 14 18
split_gain=0.939885 0.918271 0.514698 0.660769 0.595834 0.459371 0.276916 0.833491 0.0711888 0.0373701 0.0126858
threshold=1.8333333333333337 0.18333333333333349 1.0000000180025095e-35 2.5000000000000004 2.8333333333333335 2.5000000000000004 3.5833333333333335 2.5000000000000004 1.5000000000000002 2.5000000000000004 1.5000000000000002
decision_type=2 2 2 2 2 2 2 2 2 2 2
left_child=5 2 3 -2 -4 10 7 -5 -8 -3 -1
right_child=1 9 4 6 -6 -7 8 -9 -10 -11 -12
leaf_value=0.0011576305082899375 0.019905932231519916 -0.0048458702465381687 -0.0063914736663721267 -0.018855361887037465 0.0090625871296010092 -0.0064501328354823976 0.014422779683372442 0.010591786120491366 0.0036188533416748377 -0.02101482406639197 0
leaf_weight=11.462647429667415 5.1840684744529462 1.0567600573413063 4.0098304068669677 1.3330674236640336 4.6485005761496723 12.424411279149352 2.3184679001569748 2.0491598714143038 2.036951681599021 0.72095554554834951 16.33762069279328
leaf_count=107 118 36 35 30 53 157 12 74 42 56 121
internal_value=0.0010573 0.00585943 0.00767097 0.011484 0.00157174 -0.00166443 0.00527668 -0.000361138 0.0102379 -0.0137709 0.000382312
internal_weight=63.5824 23.3578 21.58 12.9217 8.65833 40.2247 7.73765 3.38223 4.35542 1.77772 27.8003
internal_count=841 456 364 276 88 385 158 104 54 92 228
is_linear=0
shrinkage=0.03


Tree=165
num_leaves=18
num_cat=0
split_feature=13 18 13 18 18 11 18 2 2 18 13 11 18 18 2 2 18
split_gain=0.353171 0.914361 0.604728 1.11102 1.4309 0.527196 0.389829 0.42377 0.326064 0.323273 2.61165 1.0734 1.54421 0.186166 0.0969993 0.0776982 0.0124765
threshold=1.1666666666666667 1.5000000000000002 2.8333333333333335 1.5000000000000002 3.5000000000000004 1.0000000180025095e-35 3.5000000000000004 3.5000000000000004 1.5000000000000002 1.5000000000000002 3.1666666666666674 1.0000000180025095e-35 2.5000000000000004 2.5000000000000004 3.5000000000000004 4.5000000000000009 3.5000000000000004
decision_type=2 2 2 2 2 2 2 2 2 2 2 2 2 2 2 2 2
left_child=1 -1 3 -2 8 13 9 -8 -5 -4 11 12 -11 -3 -6 -10 -15
right_child=2 5 6 4 14 -7 7 -9 15 10 -12 -13 -14 16 -16 -17 -18
leaf_value=0.0066806787692189349 -0.02003041078526905 0.00052753268229793152 0.0035348849175587376 0.010653423083723603 -0.039945312820724131 -0.014918318441238304 0.025056129698364109 -0.0013736617801408369 0 -0.029131845900611044 -0.029502007689404624 0.023082585368372051 0.013689070524471216 -0.002577707824904454 -0.010685532829285308 -0.01745703401891003 -0.0061024327360744909
leaf_weight=12.038740505464373 5.1616294952109474 14.610573063604539 4.4403052469715441 3.8156151841394603 0.58354816772043683 2.9944358840584746 0.95388954225927658 0.70995992608368397 0.78079087147489168 1.2423693267628551 2.7120037507265806 1.9874476720578966 1.563594370149076 7.2996671339496952 0.68801221437752247 0.28221026761457324 5.1108462102711201
leaf_count=108 45 112 35 51 6 26 14 48 62 33 47 31 51 77 41 19 65
internal_value=-0.00194866 -0.000194084 -0.00477696 -0.00988104 -0.000698853 -0.00306408 -0.00027466 0.0126393 0.00629832 -0.00241241 -0.00632559 0.00650897 -0.00458803 -0.00158964 -0.0282342 -0.00632655 -0.00430622
internal_weight=66.9756 42.0543 24.9214 11.3118 6.15018 30.0155 13.6096 1.66385 4.87862 11.9457 7.50542 4.79341 2.80596 27.0211 1.27156 1.063 12.4105
internal_count=871 388 483 224 179 280 259 62 132 197 162 115 84 254 47 81 142
is_linear=0
shrinkage=0.03


Tree=166
num_leaves=19
num_cat=0
split_feature=13 18 8 13 18 18 11 18 18 14 11 18 13 8 18 18 18 18
split_gain=0.334103 0.863485 0.623074 0.575059 1.02735 1.36942 0.497776 0.36898 0.304488 2.48957 1.03106 1.43689 0.244738 0.229161 0.280548 0.0551742 0.0714365 0.0119155
threshold=1.1666666666666667 1.5000000000000002 1.0000000180025095e-35 2.8333333333333335 1.5000000000000002 3.5000000000000004 1.0000000180025095e-35 3.5000000000000004 1.5000000000000002 3.5000000000000004 1.0000000180025095e-35 2.5000000000000004 3.5833333333333335 1.0000000180025095e-35 3.5000000000000004 3.5000000000000004 2.5000000000000004 2.5000000000000004
decision_type=2 2 2 2 2 2 2 2 2 2 2 2 2 2 2 2 2 2
left_child=1 2 -1 4 -2 -6 13 8 -5 10 11 -10 -9 14 17 16 -15 -3
right_child=3 6 -4 7 5 -7 -8 12 9 -11 -12 -13 -14 15 -16 -17 -18 -19
leaf_value=0.0024393331213571866 -0.019345346143328238 0.0020192379364914036 0.019331712382541662 0.0034357988947165061 0.0061122814402773448 -0.027787058476587093 -0.014509657111569365 0 -0.028039034760518625 -0.028435376945014381 0.023020325541167432 0.013378205704997776 0.020990563654497446 -0.0043652641739176474 -0.0076370333665063943 0 -0.015901756796640222 0
leaf_weight=9.3803654015064222 5.1872255224734563 11.673633888363851 2.6188694126904002 4.4342868756502831 4.8551701102405787 1.2607279927469788 2.9893065467476836 0.6379726654849952 1.2348231449723244 2.7651062314398587 1.9482091967947779 1.554394606500864 1.0073533579707146 2.9341010227799407 3.5899257436394683 1.5308490395545957 1.1928007919341324 6.1116160615347317
leaf_count=69 45 61 39 35 132 47 26 37 32 50 29 51 25 51 22 43 34 43
internal_value=-0.00189847 -0.000189482 0.0065034 -0.0046519 -0.00962951 -0.000727688 -0.00297679 -0.000250138 -0.00232913 -0.00613141 0.00658534 -0.00425524 0.0123833 -0.00154214 0 -0.00685765 -0.00870672 0.00144376
internal_weight=66.9067 42.0215 11.9992 24.8853 11.3031 6.1159 30.0222 13.5821 11.9368 7.50253 4.73743 2.78922 1.64533 27.0329 21.3752 5.65775 4.1269 17.7852
internal_count=871 388 108 483 224 179 280 259 197 162 112 83 62 254 126 128 85 104
is_linear=0
shrinkage=0.03


Tree=167
num_leaves=15
num_cat=0
split_feature=13 13 2 2 8 8 11 2 14 2 14 2 2 14
split_gain=0.313647 0.543228 0.393619 0.196514 1.97396 0.538414 0.146461 1.58834 0.764418 0.193536 0.10398 0.0888739 0.374208 0.00457256
threshold=1.1666666666666667 2.8333333333333335 1.5000000000000002 3.5000000000000004 1.0000000180025095e-35 1.0000000180025095e-35 1.0000000180025095e-35 1.5000000000000002 3.5000000000000004 3.5000000000000004 3.5000000000000004 3.5000000000000004 4.5000000000000009 3.5000000000000004
decision_type=2 2 2 2 2 2 2 2 2 2 2 2 2 2
left_child=3 2 -2 5 -5 -1 7 13 9 -9 -8 -4 -13 -3
right_child=1 6 11 4 -6 -7 10 8 -10 -11 -12 12 -14 -15
leaf_value=0.0041290519256274149 -0.0044461723435217839 -0.0081440925753106484 -0.022115170813716421 -0.0064999340153438631 0.024973060836444752 -0.0058445074259032394 0.0066851425360461075 -0.015851264283454913 0.025531639366588223 0.0041446631827606276 -0.00072505500707414048 0 -0.026035722382915096 -0.017430420698228831
leaf_weight=18.453695246949795 7.2158999913372117 2.0918964594602567 2.2655350184068084 15.274934969842434 1.9097831239923841 6.3446331070736042 3.3230515457689753 0.51926215551793564 1.7393378163687885 1.0979916471987963 2.1002505957148969 1.2371536255814133 0.58790487656369794 2.6883837971836329
leaf_count=125 71 36 31 96 101 66 41 7 38 76 34 88 34 27
internal_value=-0.0018445 -0.00451349 -0.00934836 -0.000185399 -0.00270445 0.00144361 -0.000223638 -0.0029554 0.0121827 -0.00107778 0.00331111 -0.0169676 -0.00820235 -0.0142315
internal_weight=66.8497 24.8667 11.3065 41.983 17.1847 24.7983 13.5602 8.13687 3.35659 1.61725 5.4233 4.09059 1.82506 4.78028
internal_count=871 483 224 388 197 191 259 184 121 83 75 153 122 63
is_linear=0
shrinkage=0.03


Tree=168
num_leaves=14
num_cat=0
split_feature=17 3 13 18 13 18 18 18 2 18 18 2 18
split_gain=0.300716 0.293373 0.175024 0.897972 0.573418 0.955713 1.21855 0.374199 0.408684 0.239613 0.177288 0.103236 0.0216014
threshold=1.0000000180025095e-35 3.5000000000000004 1.1666666666666667 1.5000000000000002 2.8333333333333335 1.5000000000000002 3.5000000000000004 3.5000000000000004 3.5000000000000004 1.5000000000000002 2.5000000000000004 1.5000000000000002 3.5000000000000004
decision_type=2 2 2 2 2 2 2 2 2 2 2 2 2
left_child=2 11 3 -1 5 -4 -7 9 -9 -6 -11 -2 -5
right_child=1 -3 4 12 7 6 -8 8 -10 10 -12 -13 -14
leaf_value=0.0068650697472102205 0.0026469452199563517 -0.024582803702549564 -0.018237085475673008 -0.0022443782120779364 0.0040302826566681578 0.007311533379456084 -0.026730479921486895 0.026392702421515115 -1.5414341782122103e-05 -0.0089396480450013235 0 -0.010940742135633223 -0.0049991383993359881
leaf_weight=11.634144884534178 0.92250910028815203 0.94571590144187201 4.8419853737577814 23.340456296689812 4.3162881154566968 4.3106992705725133 1.1048721489496527 0.89751569926738806 0.66473989840596914 3.8748187581077218 3.1356574613600969 0.64672628743574023 6.1742989197373381
leaf_count=94 31 98 32 181 27 89 34 12 44 62 73 19 75
internal_value=-0.00179477 -0.0119199 -0.00133424 -8.2902e-05 -0.00341983 -0.00869754 0 0.000584024 0.0140263 -0.001114 -0.00471534 -0.00147565 -0.00293689
internal_weight=66.8104 2.51495 64.2955 41.1489 23.1466 10.2576 5.41557 12.889 1.56226 11.3268 7.01048 1.56924 29.5148
internal_count=871 148 723 350 373 155 123 218 56 162 135 50 256
is_linear=0
shrinkage=0.03


Tree=169
num_leaves=12
num_cat=0
split_feature=17 6 14 18 14 18 18 18 18 18 18
split_gain=0.288702 0.480754 0.164303 0.847808 0.396547 1.01786 1.22223 0.322015 0.26411 0.106771 0.0197399
threshold=1.0000000180025095e-35 2.5000000000000004 1.5000000000000002 1.5000000000000002 2.5000000000000004 1.5000000000000002 3.5000000000000004 3.5000000000000004 1.5000000000000002 2.5000000000000004 3.5000000000000004
decision_type=2 2 2 2 2 2 2 2 2 2 2
left_child=2 -2 3 -1 5 -4 -7 8 -6 -10 -5
right_child=1 -3 4 10 7 6 -8 -9 9 -11 -12
leaf_value=0.0066847989716124828 0 -0.025435813104584766 -0.017551157362491229 -0.0021758601788206527 0.0037506854671731284 0.0089406798248516748 -0.025906939129661171 0.012324750304353657 -0.0087016969902282294 -0.00031915760902498776 -0.0048456532772668407
leaf_weight=11.592782321386037 1.3704922702163451 1.1184158262331036 4.8462417926639336 23.356085153762255 4.3308081449940765 4.1212193691171706 1.0435917023569343 1.5970918419770903 3.9034793018363416 3.3012963179498911 6.1818231958895913
leaf_count=94 38 110 29 181 30 84 31 59 64 76 75
internal_value=-0.00174597 -0.0117201 -0.00129553 -8.03479e-05 -0.00331644 -0.00778343 0.000971281 0 -0.00165905 -0.00532838 -0.00285029
internal_weight=66.7633 2.48891 64.2744 41.1307 23.1437 10.0111 5.16481 13.1327 11.5356 7.20478 29.5379
internal_count=871 148 723 350 373 144 115 229 170 140 256
is_linear=0
shrinkage=0.03


Tree=170
num_leaves=10
num_cat=0
split_feature=7 2 11 10 8 13 8 6 11
split_gain=2.49284 0.885756 3.76355 2.17891 1.23292 0.46909 0.260358 0.381363 0.0096476
threshold=1.0000000180025095e-35 2.5000000000000004 1.0000000180025095e-35 1.0000000180025095e-35 1.0000000180025095e-35 3.5833333333333335 1.0000000180025095e-35 1.5000000000000002 1.0000000180025095e-35
decision_type=2 2 2 2 2 2 2 2 2
left_child=1 5 3 4 -3 6 8 -8 -1
right_child=-2 2 -4 -5 -6 -7 7 -9 -10
leaf_value=0.0077037683335292083 -0.029553052589270098 0.004576290488644926 -0.031130685805503013 -0.028401880128061725 0.024860912781074579 0.016969043960454358 0.00035818888828219092 0.015283124561205666 0.011120860038848077
leaf_weight=18.134637548588216 1.6690168543718744 11.884274351876234 2.7152755139395586 1.3532546740025271 3.6530037675984195 5.8220827216282478 9.786601707339285 1.8434674609452475 8.830131761729719
leaf_count=126 51 75 57 42 251 56 81 50 83
internal_value=0.00531179 0.00631214 0.000823615 0.00629006 0.00966579 0.00866012 0.00728856 0.0030898 0.00897056
internal_weight=65.6917 64.0227 19.6058 16.8905 15.5373 44.4169 38.5948 11.6301 26.9648
internal_count=872 821 425 368 326 396 340 131 209
is_linear=0
shrinkage=0.03


Tree=171
num_leaves=15
num_cat=0
split_feature=7 9 18 10 13 18 18 10 13 2 13 14 13 13
split_gain=2.39619 2.1991 1.72061 1.6979 1.32609 0.49544 0.463676 0.733344 1.80347 0.158827 0.0714933 0.446258 0.1721 0.0362703
threshold=1.0000000180025095e-35 1.0000000180025095e-35 2.5000000000000004 1.0000000180025095e-35 1.8333333333333337 3.5000000000000004 1.5000000000000002 1.0000000180025095e-35 1.1666666666666667 4.5000000000000009 1.8333333333333337 3.5000000000000004 2.8333333333333335 2.8333333333333335
decision_type=2 2 2 2 2 2 2 2 2 2 2 2 2 2
left_child=1 2 6 4 5 -4 7 8 -1 10 -8 12 -12 -10
right_child=-2 -3 3 -5 -6 -7 9 -9 13 -11 11 -13 -14 -15
leaf_value=0.017916154248747661 -0.029392119983797822 -0.027670812259144046 -0.0082411064713993724 -0.029272643753702681 0.014734528817039247 0.0033067376902761905 0.0059437965308104489 0.027445520639025594 -0.0038344195370519263 0 0.0092753906663304037 -0.0016901070897976831 0.023865945320897797 0
leaf_weight=11.669217596761888 1.6289642392657686 1.5522448862902809 6.8664419380948001 1.5576683185063291 5.4657280454412094 5.9012504043057561 11.633131243288522 3.2563337478786698 3.4064328940585247 2.9573307400569311 3.4316523293964556 1.4542059805244205 1.8341641649603841 2.6861185161396861
leaf_count=104 51 64 64 33 174 71 99 24 27 17 66 24 32 22
internal_value=0.00518693 0.00616333 0.00710011 -5.44255e-05 0.00242408 -0.00268631 0.0105082 0.0138343 0.0110312 0.00703839 0.00807616 0.0111864 0.0152667 -0.00174752
internal_weight=65.3009 63.6719 62.1197 19.7911 18.2334 12.7677 42.3286 21.0181 17.7618 21.3105 18.3532 6.72002 5.26582 6.09255
internal_count=872 821 757 342 309 135 415 177 153 238 221 122 98 49
is_linear=0
shrinkage=0.03


Tree=172
num_leaves=17
num_cat=0
split_feature=18 10 13 8 2 2 8 11 2 2 10 8 2 2 18 18
split_gain=2.04804 1.43395 0.718864 1.02703 5.03429 0.86905 1.2758 0.612717 4.01749 0.576615 1.04988 0.966832 0.416539 0.305428 0.257841 0.00242508
threshold=2.5000000000000004 1.0000000180025095e-35 1.8333333333333337 1.0000000180025095e-35 3.5000000000000004 1.5000000000000002 1.0000000180025095e-35 1.0000000180025095e-35 1.5000000000000002 1.5000000000000002 1.0000000180025095e-35 1.0000000180025095e-35 4.5000000000000009 3.5000000000000004 3.5000000000000004 1.5000000000000002
decision_type=2 2 2 2 2 2 2 2 2 2 2 2 2 2 2 2
left_child=7 2 3 14 -5 -4 -7 9 -9 11 12 15 13 -11 -2 -1
right_child=1 -3 5 4 -6 6 -8 8 -10 10 -12 -13 -14 -15 -16 -17
leaf_value=0 -0.0039071994381336761 -0.029141633363839417 0.017129925747465583 -0.060012961547678344 0.015830613123107112 -0.02677940802638647 0.014113976794554221 0.012091855922299883 -0.033488676741675043 0.008759439778996389 0.030755886791398176 0.013577529975143063 0 0.021105736148986528 0.0054094381894701539 -0.00072476676772590602
leaf_weight=2.692607818171382 5.7794341100379878 1.57084365421906 3.802735802717506 1.3635297268629067 1.5421460224315522 1.1946902433410287 1.2873379434458911 7.8393340483307821 2.1198370633646846 6.8782848524861055 3.156487336382269 8.5300296675413847 2.9434349327348164 3.6562737179920077 4.7633225172758102 5.8479092284105718
leaf_count=25 37 45 54 8 75 43 109 73 39 53 30 95 14 97 29 46
internal_value=0.00505932 -0.00244938 -3.70824e-05 -0.00409633 -0.0195745 0.00810733 -0.00468244 0.00878864 0.00185521 0.010737 0.0148582 0.0064833 0.010715 0.0134848 3.15445e-05 -0.000330147
internal_weight=64.9682 21.304 19.7332 13.4484 2.90568 6.28476 2.48203 43.6642 9.95917 33.705 16.6345 17.0705 13.478 10.5346 10.5428 8.54052
internal_count=872 400 355 149 83 206 152 472 112 360 194 166 164 150 66 71
is_linear=0
shrinkage=0.03


Tree=173
num_leaves=12
num_cat=0
split_feature=6 8 2 14 2 2 11 8 8 2 11
split_gain=1.21851 0.82698 1.49088 0.562973 0.594067 0.30932 3.44971 2.00273 0.584918 0.103826 1.19044
threshold=1.5000000000000002 1.0000000180025095e-35 2.5000000000000004 3.5000000000000004 1.5000000000000002 2.5000000000000004 1.0000000180025095e-35 1.0000000180025095e-35 1.0000000180025095e-35 1.5000000000000002 1.0000000180025095e-35
decision_type=2 2 2 2 2 2 2 2 2 2 2
left_child=3 -2 -3 5 -5 8 7 -7 9 10 -1
right_child=1 2 -4 4 -6 6 -8 -9 -10 -11 -12
leaf_value=0.00071156392901580668 -0.028661804987178085 0.014819733929168421 -0.028143629574814456 0.0070549010231376946 0.028606604130599549 0.001401512180526887 -0.030896286634991062 0.028544123791496151 1.477437953571741e-05 0.012644215385655334 0.016289010380368809
leaf_weight=11.162619352340704 1.3508162209764112 1.8880221727304163 1.0428090370260177 4.0564412325620642 1.9784084893763063 12.885490985587241 2.4101842679083338 3.0080785602331153 9.6690169870853406 7.4330368787050238 7.7171476185321799
leaf_count=77 74 54 57 41 33 99 35 216 81 37 68
internal_value=0.00493954 -0.0101067 0 0.00607215 0.0149603 0.00500321 0.0015954 0.00687256 0.00664438 0.00895766 0.00728922
internal_weight=64.6021 4.28165 2.93083 60.3204 6.03485 54.2856 18.3038 15.8936 35.9818 26.3128 18.8798
internal_count=872 185 111 687 74 613 350 315 263 182 145
is_linear=0
shrinkage=0.03


Tree=174
num_leaves=16
num_cat=0
split_feature=9 18 10 13 2 11 2 2 2 2 13 18 18 13 13
split_gain=2.00352 1.8523 1.42461 0.779705 0.735354 0.734302 3.72503 0.542697 0.419528 0.787312 0.41099 0.380602 0.150074 1.67791 0.381339
threshold=1.0000000180025095e-35 2.5000000000000004 1.0000000180025095e-35 1.8333333333333337 1.5000000000000002 1.0000000180025095e-35 1.5000000000000002 3.5000000000000004 4.5000000000000009 1.5000000000000002 3.5833333333333335 3.5000000000000004 1.5000000000000002 1.8333333333333337 1.8333333333333337
decision_type=2 2 2 2 2 2 2 2 2 2 2 2 2 2 2
left_child=1 5 3 7 -5 8 -7 -3 9 12 -11 -9 13 -1 -14
right_child=-2 2 -4 4 -6 6 -8 11 -10 10 -12 -13 14 -15 -16
leaf_value=0.0228046763926062 -0.027597873421098457 -0.011372393491615333 -0.028911583376072497 0.017915277756271379 -0.0027703654106171782 0.011524719150376709 -0.033261814264981475 -0.005923958060517643 0 0.015412713000210796 0.033725475226349291 0.0067742566277803245 0.00057421756713726328 -0.0068517820127286739 0.014630076533205631
leaf_weight=4.3200262635946318 1.542588134529068 4.7633110629394695 1.4879249483346928 3.6489375736564389 2.2150326184928417 7.7031371472403389 2.0184370810166001 3.5568218370899558 2.9439308885484925 11.622583537828174 1.6473516933619983 4.7389080850407481 7.0249665165320039 2.5411279229447246 2.4592648083344102
leaf_count=42 72 30 35 52 137 73 34 44 15 147 16 66 46 15 48
internal_value=0.00482716 0.00571547 -0.00157721 0.000555087 0.00968311 0.00930219 0.0016765 -0.00335817 0.0114751 0.0125471 0.0181457 0.000966818 0.00773678 0.0114494 0.00464654
internal_weight=64.2344 62.6918 20.4109 18.923 5.86397 42.2808 9.72157 13.059 32.5593 29.6153 13.2699 8.29573 16.3454 6.86115 9.48423
internal_count=872 800 364 329 189 436 107 140 329 314 163 110 151 57 94
is_linear=0
shrinkage=0.03


Tree=175
num_leaves=12
num_cat=0
split_feature=10 8 13 13 13 13 14 4 1 13 14
split_gain=0.643341 0.418057 0.356936 0.296376 0.266719 0.341654 0.226508 0.133629 0.695537 0.184987 0.0215986
threshold=1.0000000180025095e-35 1.0000000180025095e-35 1.1666666666666667 1.8333333333333337 1.5833333333333337 3.5833333333333335 2.5000000000000004 0.83333333333333337 1.5000000000000002 3.5833333333333335 2.5000000000000004
decision_type=2 2 2 2 2 2 2 2 2 2 2
left_child=1 4 -3 -2 -1 -6 -5 9 -9 10 -4
right_child=3 2 7 6 5 -7 -8 8 -10 -11 -12
leaf_value=-0.0015470270209907624 -0.022869063723298298 0.0076782330137417851 -0.0027021390953296484 0.0022967624473718678 -0.010104688692387951 0.002344455445497095 -0.011665764071510029 0.024779595228144644 -0.018311585001734524 0.0063126282471962598 -0.0086503649165693818
leaf_weight=31.575790896080434 1.7560610277578224 6.9792434107512227 4.2510443469509465 1.273318578489125 8.2216935805045051 2.0884154208470127 2.2966972840949893 0.75838799029588677 0.39583521476015449 1.2509054839611051 2.1011444814503193
leaf_count=198 23 151 93 22 126 36 38 21 33 29 83
internal_value=-0.00244154 -0.00144976 0.00260644 -0.0123941 -0.00304771 -0.00729651 -0.00594142 -0.00113794 0.00732802 -0.00289105 -0.0052382
internal_weight=62.9485 57.6225 15.7366 5.32608 41.8859 10.3101 3.57002 8.75732 1.15422 7.60309 6.35219
internal_count=853 770 410 83 360 162 60 259 54 205 176
is_linear=0
shrinkage=0.03


Tree=176
num_leaves=10
num_cat=0
split_feature=18 10 13 13 2 13 2 13 2
split_gain=1.01205 1.45274 0.484699 1.06519 1.05143 0.0871058 0.187377 0.153486 0.0289736
threshold=2.5000000000000004 1.0000000180025095e-35 2.1666666666666674 3.5833333333333335 1.5000000000000002 2.8333333333333335 2.5000000000000004 1.4166666666666667 3.5000000000000004
decision_type=2 2 2 2 2 2 2 2 2
left_child=2 5 4 -4 -1 7 -7 -2 -6
right_child=1 -3 3 -5 8 6 -8 -9 -10
leaf_value=0.0011512571118721636 0.0052177479184271425 -0.027180406427587372 -0.022892334002567453 0 -0.011093713976337729 0.014283545172383855 0 -0.0029311165736521389 -0.0063954814871007354
leaf_weight=19.636494318023324 12.84319970197976 1.1992522755172093 3.8396575262304387 3.8573995153419673 8.3100880896672589 2.6429414246231309 1.1804179144091906 1.9104682453908033 7.4917581980116656
leaf_count=173 136 41 81 45 61 41 80 86 109
internal_value=-0.00237255 0.00314409 -0.00497257 -0.0119097 -0.00335216 0.00539737 0.00998264 0.00394794 -0.00910913
internal_weight=62.9117 19.7763 43.1354 7.69706 35.4383 18.577 3.82336 14.7537 15.8018
internal_count=853 384 469 126 343 343 121 222 170
is_linear=0
shrinkage=0.03


Tree=177
num_leaves=15
num_cat=0
split_feature=18 13 13 2 8 8 8 13 2 13 13 2 13 2
split_gain=0.952062 0.454111 0.991057 0.988981 0.73889 0.565733 0.184932 0.741101 1.7388 0.716681 0.863388 0.480824 0.457704 0.0246562
threshold=2.5000000000000004 2.1666666666666674 3.5833333333333335 1.5000000000000002 1.0000000180025095e-35 1.0000000180025095e-35 1.0000000180025095e-35 1.8333333333333337 3.5000000000000004 1.5833333333333337 2.8333333333333335 1.5000000000000002 3.5833333333333335 3.5000000000000004
decision_type=2 2 2 2 2 2 2 2 2 2 2 2 2 2
left_child=1 3 5 4 -1 -3 9 8 -8 11 -11 -2 -9 -5
right_child=6 2 -4 13 -6 -7 7 12 -10 10 -12 -13 -14 -15
leaf_value=-0.0026799427329021156 0.012928005853217754 -0.01178221175189368 0 -0.010728987377892938 0.0096802450735597664 -0.039453220892524225 -0.031198867772975151 0.023273045308858181 0.016547044374688052 -0.036545430036836822 0 0 0 -0.0062004715319584174
leaf_weight=13.400705433450641 3.8015730530023593 2.6423290786333378 3.8573995153419673 8.3377784765325469 6.2247255472466341 1.2238771207630632 1.1183445826172822 2.452407026663423 1.4192221807315943 0.8085710762534285 1.8153002685867248 7.3533401265740395 0.93236903846263874 7.4985989101696751
leaf_count=98 26 43 45 61 75 38 6 130 69 32 45 53 23 109
internal_value=-0.00230721 -0.00482413 -0.0115311 -0.00325068 0.00111753 -0.022072 0.00305495 0.00751926 -0.00374297 0.000879603 -0.0126577 0.00441458 0.0166886 -0.00882533
internal_weight=62.8865 43.1854 7.72361 35.4618 19.6254 3.86621 19.7011 5.92234 2.53757 13.7788 2.62387 11.1549 3.38478 15.8364
internal_count=853 469 126 343 173 81 384 228 75 156 77 79 153 170
is_linear=0
shrinkage=0.03


Tree=178
num_leaves=6
num_cat=0
split_feature=18 10 8 4 8
split_gain=0.897115 1.38591 0.198654 0.827279 0.0385149
threshold=2.5000000000000004 1.0000000180025095e-35 1.0000000180025095e-35 0.83333333333333337 1.0000000180025095e-35
decision_type=2 2 2 2 2
left_child=2 4 -1 -4 -2
right_child=1 -3 3 -5 -6
leaf_value=-0.0058058133205823809 0.0036791501172031105 -0.027020256483980553 -0.0047319562196796536 0.018187168431668441 0.007772348066599339
leaf_weight=33.332692585419863 12.642074962146586 1.1685997482854862 8.2992426985874754 1.5930816405452777 5.8117812192067495
leaf_count=271 124 41 136 62 219
internal_value=-0.002248 0.00296872 -0.00468682 -0.000595706 0.00516488
internal_weight=62.8475 19.6225 43.225 9.89232 18.4539
internal_count=853 384 469 198 343
is_linear=0
shrinkage=0.03


Tree=179
num_leaves=12
num_cat=0
split_feature=18 10 13 13 2 13 2 13 2 2 2
split_gain=0.842884 1.33329 0.428454 0.929978 0.926532 0.0795132 0.182849 0.14681 0.0234787 0.0162746 0.00043769
threshold=2.5000000000000004 1.0000000180025095e-35 2.1666666666666674 3.5833333333333335 1.5000000000000002 2.8333333333333335 2.5000000000000004 1.4166666666666667 3.5000000000000004 1.5000000000000002 4.5000000000000009
decision_type=2 2 2 2 2 2 2 2 2 2 2
left_child=2 5 4 -4 -1 7 -7 -2 -6 -9 -10
right_child=1 -3 3 -5 8 6 -8 9 10 -11 -12
leaf_value=0.0012177380008659524 0.0048833470722552527 -0.026867095740551197 -0.021172439512606424 0 -0.010242034283506425 0.013757040745045402 0 0 -0.0035713009803958052 -0.0054459744387621422 -0.0080478392189372201
leaf_weight=19.64110429957509 12.774270437657837 1.140991712687536 3.9020853640977284 3.8642630849499255 8.3695240658707899 2.5913749933242789 1.1683439500629904 0.81909212935715991 4.5024969065561882 1.0623827739618716 3.0090960918460041
leaf_count=173 136 41 81 45 61 41 80 9 84 77 25
internal_value=-0.00217953 0.00288658 -0.00453877 -0.0110301 -0.00300835 0.00502725 0.00945154 0.00363259 -0.00839763 -0.0031633 -0.00584088
internal_weight=62.845 19.5565 43.2886 7.76635 35.5222 18.4155 3.75972 14.6557 15.8811 1.88147 7.51159
internal_count=853 384 469 126 343 343 121 222 170 86 109
is_linear=0
shrinkage=0.03


Tree=180
num_leaves=12
num_cat=0
split_feature=13 18 18 10 18 6 11 13 11 8 6
split_gain=0.478719 0.724933 0.571885 1.14606 0.431748 0.404018 0.335363 0.244439 0.223852 0.220549 0.117103
threshold=1.1666666666666667 2.5000000000000004 1.5000000000000002 1.0000000180025095e-35 3.5000000000000004 1.5000000000000002 1.0000000180025095e-35 3.5833333333333335 1.0000000180025095e-35 1.0000000180025095e-35 2.5000000000000004
decision_type=2 2 2 2 2 2 2 2 2 2 2
left_child=1 6 8 5 -3 7 9 -4 -2 -1 -7
right_child=2 4 3 -5 -6 10 -8 -9 -10 -11 -12
leaf_value=0.0047517119730684041 -0.0042540018353239692 -0.0082197634577887337 0.0073727892599791556 -0.027635446906531112 0.002264758667497016 -0.00023611905851442851 -0.0043673966694698068 -0.0017150066670167494 -0.01529700439209505 0.012809800961948677 -0.021089966666654462
leaf_weight=18.949421928264208 5.3327870257198828 7.1800831388682109 9.3648364320397359 1.0910387933254231 6.1605475880205631 0.91249514091759809 2.4709056103602043 2.9883070699870578 3.4616881078109145 4.5091759134083977 0.55043938802555203
leaf_count=108 40 83 229 38 74 28 29 58 32 81 63
internal_value=0.00028047 0.00235381 -0.00302417 0.000374094 -0.0031741 0.00298424 0.00531442 0.00493737 -0.00906116 0.00647577 -0.0108493
internal_weight=62.9717 39.2701 23.7016 14.9071 13.3406 13.8161 25.9295 12.3531 8.79448 23.4586 1.46293
internal_count=863 375 488 416 157 378 218 287 72 189 91
is_linear=0
shrinkage=0.03


Tree=181
num_leaves=10
num_cat=0
split_feature=11 2 2 18 18 18 18 18 2
split_gain=0.452719 4.18029 1.09339 0.496359 0.433047 0.36842 0.0953343 0.0484161 0.0166112
threshold=1.0000000180025095e-35 1.5000000000000002 3.5000000000000004 1.5000000000000002 1.5000000000000002 2.5000000000000004 2.5000000000000004 3.5000000000000004 1.5000000000000002
decision_type=2 2 2 2 2 2 2 2 2
left_child=2 4 3 8 -2 -4 -5 -7 -1
right_child=1 -3 5 6 -6 7 -8 -9 -10
leaf_value=0.0037276271496516082 -0.0023207696176176973 -0.032592842438299373 0.012468910824141475 -0.0027305075005758326 0.010045361071264301 0.00027842729936146046 -0.0080240896892843864 0.0052564822381936027 0.00088887534287824437
leaf_weight=6.0527419056743392 3.6718990718945843 3.4545787400566033 7.9657289525494006 10.064181244932117 6.2001031450927258 4.694711704971267 7.1461754078045479 5.3130228416994214 8.3069851491600275
leaf_count=50 32 77 121 115 64 125 80 141 58
internal_value=0.000262809 -0.00456711 0.00162901 -0.00165738 0.00516778 0.00754472 -0.0051355 0.0032439 0.00231041
internal_weight=62.8701 13.3266 49.5435 31.5701 9.872 17.9735 17.2104 10.0077 14.3597
internal_count=863 173 690 303 96 387 195 266 108
is_linear=0
shrinkage=0.03


Tree=182
num_leaves=13
num_cat=0
split_feature=13 13 2 2 10 2 11 2 11 2 11 2
split_gain=0.445248 0.409071 0.952186 0.826711 1.02765 1.62353 0.631603 0.265588 0.159896 0.802422 0.00188305 0.0013215
threshold=1.1666666666666667 3.5833333333333335 1.5000000000000002 1.5000000000000002 1.0000000180025095e-35 3.5000000000000004 1.0000000180025095e-35 4.5000000000000009 1.0000000180025095e-35 3.5000000000000004 1.0000000180025095e-35 1.5000000000000002
decision_type=2 2 2 2 2 2 2 2 2 2 2 2
left_child=8 3 -3 10 5 -5 7 -7 9 11 -2 -1
right_child=1 2 -4 4 -6 6 -8 -9 -10 -11 -12 -13
leaf_value=-0.0010448642145990006 0 -0.003912784544631712 0.021928296099146132 -0.03818426836777996 0.010243894089834333 0.011121912055376593 -0.024325714507549757 -0.015629489702197793 -0.0033111734096694613 0.0081048379714493378 -0.00072327065279679051 0
leaf_weight=15.075850280933084 5.842453270684933 3.8481391072273246 1.7280123820528386 2.284996561240404 1.0496290805749593 1.6518184002488854 0.79101901594549406 0.24425416300073255 3.6168428882956496 15.281425552442668 6.153683889657259 5.1575882621109477
leaf_count=116 85 45 43 33 35 142 40 13 41 181 52 37
internal_value=0.00025593 -0.00293722 0.00381191 -0.00520103 -0.0141895 -0.0200393 -0.00271667 0.00556245 0.00226025 0.00291958 -0.000361035 -0.000869671
internal_weight=62.7257 23.594 5.57615 18.0179 6.02172 4.97209 2.68709 1.89607 39.1317 35.5149 11.9961 20.2334
internal_count=863 488 88 400 263 228 195 155 375 334 137 153
is_linear=0
shrinkage=0.03


Tree=183
num_leaves=16
num_cat=0
split_feature=13 18 18 2 11 13 2 6 2 8 18 2 2 18 11
split_gain=0.419904 0.678775 0.519759 0.597934 0.783757 0.52326 0.517297 0.425819 0.38051 0.319033 1.17553 0.113143 0.119951 0.0796747 0.481159
threshold=1.1666666666666667 2.5000000000000004 1.5000000000000002 1.5000000000000002 1.0000000180025095e-35 3.5833333333333335 3.5000000000000004 1.5000000000000002 1.5000000000000002 1.0000000180025095e-35 1.5000000000000002 3.5000000000000004 1.5000000000000002 2.5000000000000004 1.0000000180025095e-35
decision_type=2 2 2 2 2 2 2 2 2 2 2 2 2 2 2
left_child=1 9 8 5 7 13 -3 -5 -2 11 -11 12 -1 14 -4
right_child=2 6 3 4 -6 -7 -8 -9 -10 10 -12 -13 -14 -15 -16
leaf_value=0.0035993973463443046 -0.014023482887315723 -0.011357779441930812 -0.0046029762446177219 0.0062341729562828104 -0.027941899195346547 -0.0060064827736795957 0.00077792531256256237 -0.022017603702819365 -0.00058325594037145928 0.029165778448430785 -0.0002638862043709226 0.0063960419958437814 -0.0019327538119693051 0.013066117671410233 0.012993265920719699
leaf_weight=8.8993322774767929 4.9866377701982874 4.5060468642041061 2.2131820484064502 2.1324371844530106 1.2475294622126964 2.8906097188591957 8.8031206922605634 0.51156962011009444 3.8185213361866772 1.9856914123520244 2.4737759046256542 7.4706093173008403 4.9614941775798789 2.8545707259327173 2.9099103631451726
leaf_count=67 31 32 44 169 48 36 125 48 41 32 49 41 29 44 27
internal_value=0.000240246 0.00218863 -0.00286143 0.000397201 -0.00931983 0.00420328 -0.00316116 0 -0.00860376 0.00506676 0.0125347 0.00331436 0.00140461 0.00830263 0.00487471
internal_weight=62.665 39.1001 23.565 14.7598 3.89154 10.8683 13.3092 2.64401 8.80516 25.7909 4.45947 21.3314 13.8608 7.97766 5.12309
internal_count=863 375 488 416 265 151 157 217 72 218 81 137 96 115 71
is_linear=0
shrinkage=0.03


Tree=184
num_leaves=15
num_cat=0
split_feature=13 18 18 10 2 11 6 2 13 2 8 18 2 2
split_gain=0.398217 0.640507 0.486479 1.10634 0.51649 0.96866 0.505731 0.485877 0.36539 0.352767 0.305526 1.14723 0.106456 0.11337
threshold=1.1666666666666667 2.5000000000000004 1.5000000000000002 1.0000000180025095e-35 1.5000000000000002 1.0000000180025095e-35 1.5000000000000002 3.5000000000000004 3.5833333333333335 1.5000000000000002 1.0000000180025095e-35 1.5000000000000002 3.5000000000000004 1.5000000000000002
decision_type=2 2 2 2 2 2 2 2 2 2 2 2 2 2
left_child=1 10 9 4 8 6 -6 -3 -4 -2 12 -12 13 -1
right_child=2 7 3 -5 5 -7 -8 -9 -10 -11 11 -13 -14 -15
leaf_value=0.0034976796020989805 -0.013526207966079387 -0.010985085846385878 0.0098355349576255829 -0.027431083854261958 0.01197967525906308 -0.027698468348822489 -0.020470642941709062 0.00075499091794507074 -0.0023152863361167995 -0.00056615318287367401 0.028989632118725683 -0.00025623149964436456 0.0062132780175595051 -0.0018744483543643028
leaf_weight=8.8864993136376196 5.0180545672774333 4.5222970638424131 7.6138386446982604 1.0672620825935144 1.8224501973018048 1.1856805561110375 0.41827025869861234 8.8014843640848994 2.5799743263050914 3.8188698943704367 1.9391366653144348 2.4742193687707186 7.4627117598429313 4.9653974510729304
leaf_count=67 31 32 109 38 159 47 30 125 33 41 32 49 41 29
internal_value=0.000228689 0.00212825 -0.00279336 0.000368905 0.00294999 -0.00657622 0.00402483 -0.00305844 0.0064762 -0.00833022 0.00493188 0.0122867 0.00321866 0.00135731
internal_weight=62.5761 39.0517 23.5244 14.6875 13.6202 3.4264 2.24072 13.3238 10.1938 8.83692 25.728 4.41336 21.3146 13.8519
internal_count=863 375 488 416 378 236 189 157 142 72 218 81 137 96
is_linear=0
shrinkage=0.03


Tree=185
num_leaves=15
num_cat=0
split_feature=8 2 2 2 18 18 2 2 13 13 13 18 18 13
split_gain=0.740013 2.2789 1.61358 1.34027 0.914258 0.179198 1.19415 0.310645 0.837813 0.678147 0.245988 0.102897 0.0722385 0.0104133
threshold=1.0000000180025095e-35 3.5000000000000004 1.5000000000000002 4.5000000000000009 1.5000000000000002 2.5000000000000004 1.5000000000000002 1.5000000000000002 1.8333333333333337 3.5833333333333335 3.5833333333333335 2.5000000000000004 1.5000000000000002 1.8333333333333337
decision_type=2 2 2 2 2 2 2 2 2 2 2 2 2 2
left_child=5 2 4 -3 -2 7 -7 10 12 -10 13 -6 -9 -1
right_child=1 3 -4 -5 11 6 -8 8 9 -11 -12 -13 -14 -15
leaf_value=-0.0006394130226207819 0.0050976644127517902 0.023963327329830274 -0.035141749645407498 -0.023494352748720155 -0.0070405773359752104 0.016487048685230488 -0.0018261390455574513 -0.0015589427345658142 0.00027944017847631358 0.031311742703964134 -0.010232467111598916 -0.017156978261659673 0.0028503417371272912 0.00097099681986752263
leaf_weight=8.8098041359335202 3.93796104937792 3.0050756647251542 2.0233424422331145 0.50199267547577608 3.5826114481315017 5.2235224517062289 7.394211184931919 5.5954232928343099 1.3441413033287963 1.5822215548250824 2.3595792604610315 3.2877794280648232 6.7937471084296703 5.9765583849512032
leaf_count=66 35 236 24 34 50 50 104 31 35 13 24 37 38 54
internal_value=0.000473779 -0.00491649 -0.0109101 0.0158756 -0.00581826 0.00250042 0.00558934 0.00119415 0.00433638 0.0185295 -0.00144755 -0.0124888 0.000622195 0
internal_weight=61.418 16.3388 12.8317 3.50707 10.8084 45.0792 12.6177 32.4615 15.3155 2.92636 17.1459 6.87039 12.3892 14.7864
internal_count=831 416 146 270 122 415 154 261 117 48 144 87 69 120
is_linear=0
shrinkage=0.03


Tree=186
num_leaves=10
num_cat=0
split_feature=6 6 15 11 13 13 13 13 13
split_gain=0.298368 0.585536 0.215116 0.164378 0.289035 0.237305 0.195966 0.0234783 0.0140168
threshold=1.5000000000000002 2.5000000000000004 1.9000000000000001 1.0000000180025095e-35 2.8333333333333335 1.8333333333333337 3.5833333333333335 1.8333333333333337 2.8333333333333335
decision_type=2 2 2 2 2 2 2 2 2
left_child=3 2 -2 5 7 -1 8 -5 -7
right_child=1 -3 -4 4 -6 6 -8 -9 -10
leaf_value=0.0014288153267065426 -0.0068997860376003341 -0.025256409751251773 0.011182958408272896 0.0021330857548855818 0.0098320795782296331 -0.0042949036616068432 0.0012291503593217631 -0.00097810188288685292 -0.010113032627598049
leaf_weight=33.838985126465559 1.2408135463483629 1.0752870538271961 0.93769485875964154 3.6491150557994825 4.7232898399233818 5.5433957818895561 4.0303252134472132 4.2318609580397606 2.0836429726332426
leaf_count=279 27 125 24 39 59 119 52 32 75
internal_value=0.000457266 -0.00814908 0 0.00100397 0.00402882 9.31706e-05 -0.00350795 9.52493e-05 -0.00638292
internal_weight=61.3544 3.2538 2.17851 58.1006 12.6043 45.4963 11.6574 7.88098 7.62704
internal_count=831 176 51 655 130 525 246 71 194
is_linear=0
shrinkage=0.03


Tree=187
num_leaves=17
num_cat=0
split_feature=18 13 11 13 11 2 2 10 2 13 2 13 18 18 18 13
split_gain=0.250693 0.316946 0.520287 0.411721 0.215344 4.0322 1.28962 1.74977 2.10172 1.1625 0.189948 0.137038 0.130842 0.173836 0.0865202 0.0330939
threshold=3.5000000000000004 3.5833333333333335 1.0000000180025095e-35 1.4166666666666667 1.0000000180025095e-35 1.5000000000000002 1.5000000000000002 1.0000000180025095e-35 3.5000000000000004 2.8333333333333335 4.5000000000000009 3.5833333333333335 2.5000000000000004 1.5000000000000002 2.5000000000000004 2.8333333333333335
decision_type=2 2 2 2 2 2 2 2 2 2 2 2 2 2 2 2
left_child=4 2 3 -2 6 -6 9 8 -8 12 14 -9 13 -1 -10 -5
right_child=1 -3 -4 15 5 -7 7 11 10 -11 -12 -13 -14 -15 -16 -17
leaf_value=-0.00028148835359103941 0.013387889060466635 0.021873499543779505 -0.011744906866472908 -0.0097400152318769372 0.012510907234806225 -0.031505644403149388 -0.012110006001523956 0.012947381406845569 0.015430444601865609 -0.022753837104935726 0.0014953941594295645 0.033412043994433767 0.00076553812179359112 -0.0074580641291591664 0.0065261284370046659 0
leaf_weight=6.2114607812836811 3.3516686381772152 0.90931157395243634 1.4454820612445471 0.68903163960203506 9.138559519313274 2.2332599468063554 7.124765726272023 1.4356139861047259 3.6773709654808027 3.2479834575206032 3.3249842191580683 1.4942888617515564 4.3853174075484267 8.2814907627180219 4.0243478487245739 0.31684914533980191
leaf_count=55 55 23 27 45 89 58 49 37 92 42 18 10 32 75 93 31
internal_value=0.000441412 0.0058829 0.00254093 0.00811 -0.000182468 0.0034059 -0.00120185 0.00401215 0.000319551 -0.0063003 0.00865703 0.025133 -0.00320644 -0.00461088 0.0113055 -0.0063839
internal_weight=61.2918 6.71234 5.80303 4.35755 54.5794 11.3718 43.2076 21.0814 18.1515 22.1263 11.0267 2.9299 18.8783 14.493 7.70172 1.00588
internal_count=831 181 158 131 650 147 503 299 252 204 203 47 162 130 185 76
is_linear=0
shrinkage=0.03


Tree=188
num_leaves=14
num_cat=0
split_feature=17 6 2 11 11 10 10 13 13 2 2 13 13
split_gain=0.362597 0.301743 0.205391 3.87992 2.12644 1.62862 0.618199 0.564849 0.517775 0.463144 0.457406 0.0105039 0.112461
threshold=1.0000000180025095e-35 2.5000000000000004 3.5000000000000004 1.0000000180025095e-35 1.0000000180025095e-35 1.0000000180025095e-35 1.0000000180025095e-35 1.8333333333333337 2.8333333333333335 1.5000000000000002 4.5000000000000009 1.8333333333333337 2.8333333333333335
decision_type=2 2 2 2 2 2 2 2 2 2 2 2 2
left_child=2 -2 4 5 6 10 9 -6 -9 11 -4 -1 -13
right_child=1 -3 3 -5 7 -7 -8 8 -10 -11 -12 12 -14
leaf_value=-0.0037955624912940126 0 -0.024109989330832676 0.015299693830062994 -0.030601074850797726 0.025500891864534449 -0.026360593823609061 0.0069546290717499432 0 0.014561046210423777 -0.012491184390066612 0.001448286845011906 0.0020460190610918885 -0.0059300922897161075
leaf_weight=15.297882877290258 1.0082394750788797 0.86565646622329939 10.714246894698588 2.4145738161168984 2.1469719409942618 0.91845112363807935 3.6909465254284433 4.0021984353661519 4.1251218542456627 6.9638625849038354 3.3248021940235057 3.0612346027046433 2.6202748417854309
leaf_count=102 28 102 284 47 24 25 23 24 47 41 18 34 32
internal_value=0.000432491 -0.0121159 0.000899412 0.00364119 -0.000171669 0.00953464 -0.00409585 0.0115446 0.00722802 -0.00568205 0.012265 -0.00323098 -0.00115256
internal_weight=61.1545 1.8739 59.2806 17.3721 41.9085 14.9575 31.6342 10.2743 8.12732 27.9433 14.039 20.9794 5.68151
internal_count=831 130 701 374 327 327 232 95 71 209 302 168 66
is_linear=0
shrinkage=0.03


Tree=189
num_leaves=11
num_cat=0
split_feature=8 2 2 2 13 2 13 13 2 13
split_gain=0.63514 2.06952 1.44927 1.24836 0.597629 0.174984 0.239805 0.100607 0.048429 0.00451236
threshold=1.0000000180025095e-35 3.5000000000000004 1.5000000000000002 4.5000000000000009 1.8333333333333337 2.5000000000000004 2.8333333333333335 2.8333333333333335 4.5000000000000009 1.8333333333333337
decision_type=2 2 2 2 2 2 2 2 2 2
left_child=5 2 4 -3 -2 6 9 -6 -7 -1
right_child=1 3 -4 -5 7 8 -8 -9 -10 -11
leaf_value=0.0022982484169974107 -0.012435782320661195 0.023758276436817476 -0.032975948101224693 -0.022924284428209762 0.0050223452817242881 -0.0013595368103492187 0.0086799023001184021 -0.0026023077582866109 0.0026721737411960662 0.00033850254440449622
leaf_weight=18.315496411174543 5.3550310581922549 2.8767979214899237 2.0496505077462635 0.4769367268308996 3.0676359636709094 11.087648357031865 6.772415120387449 2.4777733702212572 3.2169817320536813 5.2703567203134289
leaf_count=124 52 236 24 34 38 136 79 32 28 48
internal_value=0.00041628 -0.00457368 -0.010155 0.0157794 -0.0053304 0.00231099 0.00360471 0.00109838 -0.000232319 0.00199027
internal_weight=60.9667 16.3038 12.9501 3.35373 10.9004 44.6629 30.3583 5.54541 14.3046 23.5859
internal_count=831 416 146 270 122 415 251 70 164 172
is_linear=0
shrinkage=0.03


Tree=190
num_leaves=14
num_cat=0
split_feature=13 8 10 18 18 13 13 18 8 14 8 18 18
split_gain=0.519439 1.23646 0.442877 1.14712 0.676245 4.01986 0.586915 1.95616 1.36398 1.05097 0.794186 0.234014 0.0173728
threshold=3.5833333333333335 1.0000000180025095e-35 1.0000000180025095e-35 1.5000000000000002 1.5000000000000002 1.1666666666666667 1.8333333333333337 3.5000000000000004 1.0000000180025095e-35 2.5000000000000004 1.0000000180025095e-35 3.5000000000000004 2.5000000000000004
decision_type=2 2 2 2 2 2 2 2 2 2 2 2 2
left_child=2 -2 4 -4 5 -1 8 9 12 -8 -9 -10 -6
right_child=1 -3 3 -5 6 -7 7 10 11 -11 -12 -13 -14
leaf_value=0.0048846318675034167 -0.0010928739242822099 0.029348406925468001 0.0052297829762129946 -0.029026133899915086 0.001601413635155736 -0.026039028218261168 0.026879522555307796 -0.032167160504466601 -0.018059573849431014 0.003316092147758176 0.0082544140276815652 -0.0013441132017987432 0.0040205389559836427
leaf_weight=10.903921372257175 3.2644239382352671 1.6491231601685283 1.5012041064910584 1.6229462216142563 12.780182218179112 5.5921198972500852 3.540519053116439 1.2042610873468218 3.7661302066408089 3.890639347024262 0.45370228495448817 1.4640453085303304 9.7785058005247247
leaf_count=99 41 36 14 52 74 46 96 31 84 112 48 45 65
internal_value=-0.000281593 0.00890728 -0.00114806 -0.0119835 -0.000436507 -0.00551138 0.00176119 0.00834735 -0.000307632 0.0151489 -0.0195589 -0.0140564 0.00279555
internal_weight=61.4117 4.91355 56.4982 3.12415 53.374 16.496 36.878 9.08912 27.7889 7.43116 1.65796 5.23018 22.5587
internal_count=843 77 766 66 700 145 555 287 268 208 79 129 139
is_linear=0
shrinkage=0.03


Tree=191
num_leaves=14
num_cat=0
split_feature=13 8 10 18 18 13 13 18 13 13 11 18 18
split_gain=0.491693 1.1996 0.422425 1.11589 0.635825 3.75448 0.55888 1.85665 0.671356 0.634571 0.479812 0.0288387 0.0399747
threshold=3.5833333333333335 1.0000000180025095e-35 1.0000000180025095e-35 1.5000000000000002 1.5000000000000002 1.1666666666666667 1.8333333333333337 3.5000000000000004 2.1666666666666674 2.8333333333333335 1.0000000180025095e-35 3.5000000000000004 2.5000000000000004
decision_type=2 2 2 2 2 2 2 2 2 2 2 2 2
left_child=2 -2 4 -4 5 -1 10 8 -8 -9 11 12 -6
right_child=1 -3 3 -5 6 -7 7 9 -10 -11 -12 -13 -14
leaf_value=0.004751319284917517 -0.0010607497383175613 0.029117440323111064 0.0050769842939242448 -0.028874486876250476 0.0013815596134808081 -0.025060560334850233 0.024093121763437617 -0.033153165379100014 0.00468907356069043 5.348517439125018e-05 -0.011550760618246822 0.0032118106342903141 -0.0013215498203425987
leaf_weight=10.876791555667298 3.2653988362289956 1.6136690238490699 1.5029754098504775 1.5836455142125485 13.438178622163841 5.6393134966492644 3.6292515113018435 0.99723568418994524 3.7429577647708356 0.65317288506776094 2.9776491115335366 4.5101930182427159 6.8808916131965807
leaf_count=99 41 36 14 52 101 46 98 45 110 34 32 62 73
internal_value=-0.000269588 0.00870199 -0.00111235 -0.0117605 -0.000419256 -0.00533676 0.00171323 0.0081701 0.0148375 -0.019045 -0.000296124 0.000974167 0.000317262
internal_weight=61.3113 4.87907 56.4323 3.08662 53.3456 16.5161 36.8295 9.02262 7.37221 1.65041 27.8069 24.8293 20.3191
internal_count=843 77 766 66 700 145 555 287 208 79 268 236 174
is_linear=0
shrinkage=0.03


Tree=192
num_leaves=14
num_cat=0
split_feature=13 8 10 13 2 3 2 13 2 2 13 2 11
split_gain=0.465426 1.16371 0.402771 0.505423 1.20392 0.808664 2.21805 0.42828 0.16727 0.122057 0.108088 0.0864072 1.55365
threshold=3.5833333333333335 1.0000000180025095e-35 1.0000000180025095e-35 1.1666666666666667 1.5000000000000002 1.0000000180025095e-35 3.5000000000000004 1.8333333333333337 4.5000000000000009 4.5000000000000009 2.8333333333333335 3.5000000000000004 1.0000000180025095e-35
decision_type=2 2 2 2 2 2 2 2 2 2 2 2 2
left_child=2 -2 3 8 10 6 -6 -4 11 -8 -5 -1 -13
right_child=1 -3 7 4 5 -7 9 -9 -10 -11 -12 12 -14
leaf_value=0.0016664069973240947 -0.0010295782350440528 0.028886671083066341 -0.021801898348705141 -0.0012840358827622793 -0.052029442823072092 0.005658366831162864 -0.00031117577679785457 0 0.0070564624371465528 -0.019731112652080423 0.0050977942369193731 0.0027100242238548358 -0.029804508331681044
leaf_weight=23.21780904289335 3.2663458641618481 1.5790867395699022 1.5934119303710752 6.8368536131456477 1.418408349156379 0.88402665080502618 2.238511979579926 1.4566033429000524 4.1384823147673151 0.32177805295214046 3.3172695674002171 9.5071864854544366 1.4218647330999381
leaf_count=180 41 36 22 62 7 49 159 44 18 12 55 144 14
internal_value=-0.000258414 0.00850023 -0.00107839 -0.00040312 -0.0050917 -0.0172252 -0.0230593 -0.0115396 0.00136622 -0.00452952 0.000537673 0.000570395 -0.00147998
internal_weight=61.1976 4.84543 56.3522 53.3022 15.0168 4.86273 3.9787 3.05002 38.2853 2.56029 10.1541 34.1469 10.9291
internal_count=843 77 766 700 344 227 178 66 356 171 117 338 158
is_linear=0
shrinkage=0.03


Tree=193
num_leaves=19
num_cat=0
split_feature=17 8 4 13 8 13 18 18 2 2 18 8 2 2 2 18 18 2
split_gain=0.465352 0.500901 0.568024 0.500479 1.04584 0.262598 2.2355 1.65627 1.88792 0.227202 0.216561 0.96839 3.90193 0.897733 0.677083 0.601933 0.0781387 0.00662766
threshold=1.0000000180025095e-35 1.0000000180025095e-35 1.1666666666666667 3.5833333333333335 1.0000000180025095e-35 1.1666666666666667 1.5000000000000002 3.5000000000000004 1.5000000000000002 3.5000000000000004 1.5000000000000002 1.0000000180025095e-35 3.5000000000000004 1.5000000000000002 4.5000000000000009 3.5000000000000004 2.5000000000000004 1.5000000000000002
decision_type=2 2 2 2 2 2 2 2 2 2 2 2 2 2 2 2 2 2
left_child=3 -2 -3 5 -5 10 -7 8 -8 -9 17 13 -13 16 15 -15 -12 -1
right_child=1 2 -4 4 -6 6 7 9 -10 -11 11 12 -14 14 -16 -17 -18 -19
leaf_value=0.0059997540815938319 -0.026823654952114157 0.016572038421181684 -0.021023944281207522 0 0.029772762815664641 -0.018143206299487347 0.02082241960954993 -0.031166653562679926 -0.011501540972656972 -0.0045256824238726363 0.0057055453383904886 -0.031528626715550706 0.026469426383674669 -0.012660263541829786 0.0068899978795556012 0.0022068025290856094 0.01340677136571145 0.0025635735953832908
leaf_weight=4.5355806052684766 1.109741140622645 0.72707193950191118 0.54270709492266178 3.1001005861908189 1.4566801516339181 5.9814402479678384 5.4630384761840087 0.83905611932277657 2.0923488370608538 0.93370710243470967 5.5934186801314407 3.1953123547136775 1.3888595150783656 6.4242053255438787 4.1299606412649146 3.3946045488119125 3.5452511385083199 6.6098316600546241
leaf_count=45 67 30 49 32 32 39 68 7 117 69 32 19 85 47 17 22 24 42
internal_value=-0.000254795 -0.0130088 0 0.000232576 0.009705 -0.000525986 -0.00387173 0.00505667 0.0114456 -0.0197278 0.00072306 -0.000607604 -0.0131266 0.00179465 -0.00282885 -0.00724747 0.00913066 0.00426961
internal_weight=61.0629 2.37952 1.26978 58.6834 4.55678 54.1266 15.3096 9.32815 7.55539 1.77276 38.817 27.6716 4.58417 23.0874 13.9488 9.81881 9.13867 11.1454
internal_count=843 146 79 697 64 633 300 261 185 76 333 246 104 142 86 69 56 87
is_linear=0
shrinkage=0.03


Tree=194
num_leaves=15
num_cat=0
split_feature=17 8 6 13 8 13 2 10 13 2 11 11 2 2
split_gain=0.449193 0.485613 0.819037 0.475281 1.01781 0.251122 0.471214 1.09948 0.220312 0.188464 0.184449 0.103147 0.10085 0.00927919
threshold=1.0000000180025095e-35 1.0000000180025095e-35 2.5000000000000004 3.5833333333333335 1.0000000180025095e-35 1.1666666666666667 1.5000000000000002 1.0000000180025095e-35 2.8333333333333335 4.5000000000000009 1.0000000180025095e-35 1.0000000180025095e-35 3.5000000000000004 1.5000000000000002
decision_type=2 2 2 2 2 2 2 2 2 2 2 2 2 2
left_child=3 -2 -3 5 -5 9 8 10 -7 12 -8 -10 13 -1
right_child=1 2 -4 4 -6 6 7 -9 11 -11 -12 -13 -14 -15
leaf_value=0.00047865715484978139 -0.026668406702484659 0.022901723523771744 -0.02217779131525487 0 0.02958299100003554 -0.0028764065483280177 -0.011114935078718453 0.016656438114475067 0 0.0066959442428302148 -0.02861579817721625 0.011798975234077481 -0.0023415462635994963 0.0022313922180462725
leaf_weight=16.867381874471906 1.0836918891873204 0.61772409081459023 0.63333772495388985 3.1001005861908189 1.4231922850012777 6.9415760021656734 3.1210284908302119 0.88296584598720063 1.4719015378504992 4.1251336336135855 1.2787848589941857 1.5726087428629398 11.222556244581936 6.557677322998642
leaf_count=120 67 18 61 32 32 55 150 17 21 17 37 20 158 38
internal_value=-0.000244009 -0.0128941 0 0.00023028 0.00949712 -0.000506054 -0.00378395 -0.0109393 0 0.000714033 -0.0173911 0.00667299 0 0.00110425
internal_weight=60.8997 2.33475 1.25106 58.5649 4.52329 54.0416 15.2689 5.28278 9.98609 38.7727 4.39981 3.04451 34.6476 23.4251
internal_count=843 146 79 697 64 633 300 204 96 333 187 41 316 158
is_linear=0
shrinkage=0.03


Tree=195
num_leaves=13
num_cat=0
split_feature=9 13 18 18 18 13 8 8 13 8 13 13
split_gain=1.38752 0.632577 0.75537 0.294513 0.442131 0.408222 0.446536 0.383685 0.569526 0.0559518 0.0455904 0.0247473
threshold=1.0000000180025095e-35 2.1666666666666674 3.5000000000000004 1.5000000000000002 2.5000000000000004 1.8333333333333337 1.0000000180025095e-35 1.0000000180025095e-35 1.8333333333333337 1.0000000180025095e-35 3.5833333333333335 3.5833333333333335
decision_type=2 2 2 2 2 2 2 2 2 2 2 2
left_child=1 3 11 9 5 -5 -7 -6 -9 -1 -4 -3
right_child=-2 2 10 4 7 6 -8 8 -10 -11 -12 -13
leaf_value=0.0075713204487521607 -0.027415665645899864 -0.010045280856907899 0.0013178117251150803 -0.0041089942233843652 0.0080292887727963242 0 0.022379309828673463 -0.01036626477342853 0.014084416380881681 0.0025326013496676084 0.020474803425789612 -0.0047105251292859944
leaf_weight=11.273225551471116 1.4404571715276677 5.270884577184912 0.5828946563415236 14.952165313763546 10.745638667140154 2.3737872489728025 1.0531724444590511 2.7221460910513988 1.0764361741021278 5.1055712690576902 0.75766295241191983 4.9380774307064712
leaf_count=76 69 119 38 119 88 24 45 82 58 60 21 64
internal_value=0.000613484 0.00137009 -0.00482626 0.0028892 0.00113371 -0.00183765 0.00705737 0.0050803 -0.00248442 0.00620761 0.0148973 -0.00782659
internal_weight=62.2921 60.8517 11.5495 49.3021 32.9233 18.3791 3.42696 14.5442 3.79858 16.3788 1.34056 10.209
internal_count=863 794 242 552 416 188 69 228 140 136 59 183
is_linear=0
shrinkage=0.03


Tree=196
num_leaves=8
num_cat=0
split_feature=2 13 13 6 6 5 13
split_gain=0.770169 0.799802 0.185099 0.147227 0.29784 0.191227 0.112771
threshold=4.5000000000000009 2.4166666666666674 3.5833333333333335 1.5000000000000002 2.5000000000000004 0.79166666666666685 1.8333333333333337
decision_type=2 2 2 2 2 2 2
left_child=1 3 -3 6 5 -5 -1
right_child=-2 2 -4 4 -6 -7 -8
leaf_value=0.0028116164741654381 -0.012179181666873769 -0.0089864891169363498 -0.0008335589131277508 -0.0052277566033245232 -0.021119600069973807 0.012150120896035812 0.0069452388493189488
leaf_weight=34.877489476464689 3.8285154614131889 6.107955477666108 5.7567345325369388 1.0668927477672689 0.54706882638856758 0.87476110085844982 9.1659077471122128
leaf_count=320 48 167 89 13 50 30 146
internal_value=0.000597813 0.00150615 -0.00532146 0.00331906 -0.00306043 0.00134363 0.00375361
internal_weight=62.2253 58.3968 11.8647 46.5321 2.48872 1.94165 44.0434
internal_count=863 815 256 559 93 43 466
is_linear=0
shrinkage=0.03


Tree=197
num_leaves=17
num_cat=0
split_feature=2 13 18 13 18 8 18 8 13 1 8 13 18 18 18 18
split_gain=0.724998 0.754699 0.648002 0.0861921 0.109334 0.683445 0.325595 0.420638 0.0764908 0.0722287 0.06976 0.0281154 1.64804 1.5529 0.36484 0.161045
threshold=4.5000000000000009 2.4166666666666674 3.5000000000000004 1.8333333333333337 2.5000000000000004 1.0000000180025095e-35 1.5000000000000002 1.0000000180025095e-35 3.5833333333333335 1.0000000180025095e-35 1.0000000180025095e-35 3.5833333333333335 1.5000000000000002 2.5000000000000004 2.5000000000000004 1.5000000000000002
decision_type=2 2 2 2 2 2 2 2 2 2 2 2 2 2 2 2
left_child=1 3 11 4 6 -6 7 -1 -4 -5 -8 13 -13 15 -14 -3
right_child=-2 2 8 9 5 -7 10 -9 -10 -11 -12 12 14 -15 -16 -17
leaf_value=0.0013669064426036501 -0.011814356538605802 -0.031101387161638992 0 0.0067544790927565436 0.0081061414916908901 -0.0085297408213499352 -0.00084538975525045993 0.016226665985057488 0.018789907466886625 0 -0.0072106057375047874 0.0093764491885428378 -0.008645833658478555 0.0093109426717144905 -0.038682036260400614 -0.012257855302967757
leaf_weight=9.0932405488565546 3.8313799677416673 1.5932813871186191 0.63164209015667505 9.1451717792078835 10.617201021872459 2.5560222128406158 9.3973411805927736 2.2097072331234822 0.77110017463564873 1.1704677236266423 2.2683484815061101 2.8480002591386437 1.1903200736269357 2.0418437393382192 0.94936880934983481 1.8571189313661307
leaf_count=65 48 13 41 146 80 78 61 40 22 43 46 20 27 65 20 48
internal_value=0.000574832 0.00145863 -0.00516386 0.00322438 0.00237733 0.00461229 0.00095103 0.00465188 0.0126035 0.00585277 -0.00238883 -0.00792224 -0.00473807 -0.010141 -0.0244443 -0.0224351
internal_weight=62.1716 58.3402 11.8827 46.4575 36.1419 13.1732 22.9686 11.3029 1.40274 10.3156 11.6657 10.4799 4.98769 5.49224 2.13969 3.4504
internal_count=863 815 256 559 370 158 212 105 63 189 107 193 67 126 47 61
is_linear=0
shrinkage=0.03


Tree=198
num_leaves=9
num_cat=0
split_feature=9 2 13 6 5 3 13 13
split_gain=1.34229 0.723856 0.704754 0.13183 0.138399 0.45069 0.129014 0.128132
threshold=1.0000000180025095e-35 4.5000000000000009 2.4166666666666674 1.5000000000000002 2.7083333333333335 6.5000000000000009 3.5833333333333335 1.8333333333333337
decision_type=2 2 2 2 2 2 2 2
left_child=1 2 3 7 -5 -6 -4 -1
right_child=-2 -3 6 4 5 -7 -8 -9
leaf_value=0.0033045584881696674 -0.02730893911483678 -0.011143791706232335 -0.0074138041310897419 -0.0092565487572961441 0.01829097510624246 -0.01734537695759801 -0.00044934968443922392 0.007793283653327529
leaf_weight=34.172476377338171 1.409016853198408 3.7681228143628678 5.8731492259539646 1.280221244785934 0.74994908552616812 0.36024151789024472 5.6901196455582976 8.8333109668456
leaf_count=309 69 29 151 25 28 32 85 135
internal_value=0.000553721 0.00129335 0.00218679 0.003905 -0.00209313 0.00377076 -0.00427715 0.00431207
internal_weight=62.1366 60.7276 56.9595 45.3962 2.39041 1.11019 11.5633 43.0058
internal_count=863 794 765 529 85 60 236 444
is_linear=0
shrinkage=0.03


Tree=199
num_leaves=14
num_cat=0
split_feature=10 18 13 18 18 8 13 18 13 18 18 13 18
split_gain=0.690666 1.65076 0.552873 0.773655 0.207371 0.482975 0.528447 0.282895 0.440222 0.11011 0.0801536 0.0424021 0.026615
threshold=1.0000000180025095e-35 1.5000000000000002 2.1666666666666674 3.5000000000000004 2.5000000000000004 1.0000000180025095e-35 1.8333333333333337 1.5000000000000002 1.8333333333333337 3.5000000000000004 3.5000000000000004 1.1666666666666667 2.5000000000000004
decision_type=2 2 2 2 2 2 2 2 2 2 2 2 2
left_child=2 -2 4 12 7 10 9 11 -9 -7 -6 -1 -4
right_child=1 -3 3 -5 5 6 -8 8 -10 -11 -12 -13 -14
leaf_value=0.0057252921265347461 0.0026709925823332498 -0.029643613814959696 -0.010395408869416072 0.014971775209406662 0.012192446283369952 -0.016427166804721911 0.013819013954185987 -0.0032399583104719227 0.0088427053364614067 -0.001500951574288714 0.0047950072054117523 0.0011971888812147917 -0.0038751254411390772
leaf_weight=10.551325974985955 3.5042102122679344 2.1278801430016756 5.3343622395768726 1.3126977037172771 6.0034209447912854 1.2893086541444054 1.045156726613641 14.677868835628034 3.1655535099562249 1.4467163784429431 4.1433537907432765 4.5989471841603509 2.8312452011741698
leaf_count=100 25 62 97 59 40 39 59 119 69 45 41 33 75
internal_value=0.000530021 -0.00931869 0.00158136 -0.00487568 0.0029571 0.00609095 -0.00240108 0.00152912 -0.000891878 -0.00992373 0.00954081 0.00456434 -0.00857183
internal_weight=62.032 5.63209 56.4 9.47831 46.9217 13.928 3.78118 32.9937 17.8434 2.73603 10.1468 15.1503 8.16561
internal_count=863 87 776 231 545 224 143 321 188 84 81 133 172
is_linear=0
shrinkage=0.03


Tree=200
num_leaves=14
num_cat=0
split_feature=2 11 8 18 13 18 11 18 18 2 18 8 18
split_gain=0.31021 2.97493 0.808345 0.637731 0.591931 0.493032 0.548746 0.436343 0.375513 0.399129 0.0900539 0.00829972 0.00402347
threshold=3.5000000000000004 1.0000000180025095e-35 1.0000000180025095e-35 2.5000000000000004 2.8333333333333335 2.5000000000000004 1.0000000180025095e-35 3.5000000000000004 2.5000000000000004 1.5000000000000002 1.5000000000000002 1.0000000180025095e-35 1.5000000000000002
decision_type=2 2 2 2 2 2 2 2 2 2 2 2 2
left_child=4 2 3 -2 5 6 11 -5 9 12 -8 -1 -6
right_child=1 -3 -4 7 8 -7 10 -9 -10 -11 -12 -13 -14
leaf_value=-0.0046967019413006643 0.010406263061596994 -0.029885272781639105 0.020948775992344935 -0.0086484225645913747 -0.00036855099749220541 -0.011785612789243689 0.0010611237328490648 0.0054294726380053806 0.013643885931611617 0.012680802581223049 0.010105465490357389 -0.0022320600102656773 -0.0043279890329656805
leaf_weight=13.801881213439632 7.0392972982954287 2.0667952767107627 3.1636837674304834 4.0862089132424444 2.3878362532705051 5.3598220148123792 2.7700962652452281 3.4568140307674184 2.9390662265941501 1.8098099338822065 2.9418207947164774 8.3728771405294538 2.9745226334780455
leaf_count=93 47 56 260 41 19 50 27 40 49 20 24 102 40
internal_value=0 0.00306415 0.00721568 0.00390953 -0.00145678 -0.00344167 -0.00169439 -0.00181767 0.00474567 0.00054929 0.00632916 -0.00391497 -0.00315311
internal_weight=63.1705 19.8128 17.746 14.5823 43.3577 33.2465 27.8867 7.54302 10.1112 7.17217 5.71192 22.1748 5.36236
internal_count=868 444 388 128 424 296 246 81 128 79 51 195 59
is_linear=0
shrinkage=0.03


Tree=201
num_leaves=13
num_cat=0
split_feature=2 11 8 18 13 18 11 18 18 18 18 8
split_gain=0.292759 2.86071 0.780552 0.601718 0.557334 0.462038 0.519706 0.411399 0.359148 0.185746 0.0848511 0.00703647
threshold=3.5000000000000004 1.0000000180025095e-35 1.0000000180025095e-35 2.5000000000000004 2.8333333333333335 2.5000000000000004 1.0000000180025095e-35 3.5000000000000004 2.5000000000000004 1.5000000000000002 1.5000000000000002 1.0000000180025095e-35
decision_type=2 2 2 2 2 2 2 2 2 2 2 2
left_child=4 2 3 -2 5 6 11 -5 9 -6 -8 -1
right_child=1 -3 -4 7 8 -7 10 -9 -10 -11 -12 -13
leaf_value=-0.004550623476725457 0.010119911596437343 -0.029740337445440853 0.020648967424670119 -0.0083884474541686509 0.0049467039611948791 -0.011402122821397409 0.0010307873875300747 0.0052768851238736919 0.013363371999190571 -0.0045664446070407972 0.0098708514761153381 -0.0021630403416514452
leaf_weight=13.82051075366326 7.0243847032543325 2.0158197104465208 3.1155177615582934 4.089511709054932 4.1450152862817031 5.3769843871705225 2.7690311912447205 3.4530197000131011 2.9132336582988501 3.0267612021416426 2.9240410253405571 8.3838613494299352
leaf_count=93 47 56 260 41 29 50 27 40 49 50 24 102
internal_value=0 0.00298892 0.00703507 0.0037979 -0.00141172 -0.00333609 -0.0016391 -0.00175264 0.00461341 0.000511657 0.00618104 -0.00379737
internal_weight=63.0577 19.6983 17.6824 14.5669 43.3594 33.2744 27.8974 7.54253 10.085 7.17178 5.69307 22.2044
internal_count=868 444 388 128 424 296 246 81 128 79 51 195
is_linear=0
shrinkage=0.03


Tree=202
num_leaves=12
num_cat=0
split_feature=17 8 6 14 18 11 18 11 18 18 18
split_gain=0.23727 0.573713 0.774253 0.170805 0.18211 0.779524 0.243969 0.140475 0.128773 0.0741207 0.0908712
threshold=1.0000000180025095e-35 1.0000000180025095e-35 2.5000000000000004 2.5000000000000004 2.5000000000000004 1.0000000180025095e-35 1.5000000000000002 1.0000000180025095e-35 3.5000000000000004 1.5000000000000002 2.5000000000000004
decision_type=2 2 2 2 2 2 2 2 2 2 2
left_child=3 -2 -3 4 6 -6 7 -1 9 -5 -11
right_child=1 2 -4 8 5 -7 -8 -9 -10 10 -12
leaf_value=-0.0034449767630850355 -0.026100349558323851 0.023587943121646786 -0.020643651631745204 0.0050700872343175428 -0.00031040619477158276 -0.02107251883538375 0.0029958509920827653 0.0037762701230224303 0.012408578102856071 -0.0034160593635157903 0.0038429205455303784
leaf_weight=12.57793708052486 0.95307611045427565 0.6893216688185928 0.51905392133630812 4.1591832612175459 12.777361813932654 1.8230964913964278 19.485338084632531 2.5482508093118659 1.3642484478186823 3.2903805619571358 2.7588851833716035
leaf_count=97 63 22 55 31 183 22 174 20 64 62 75
internal_value=0 -0.00957204 0.00216982 0.000322688 -0.00039588 -0.00323267 0.000720224 -0.0020146 0.00361257 0.00203708 0
internal_weight=62.9461 2.16145 1.20838 60.7847 49.212 14.6005 34.6115 15.1262 11.5727 10.2084 6.04927
internal_count=868 140 77 728 496 205 291 117 232 168 137
is_linear=0
shrinkage=0.03


Tree=203
num_leaves=13
num_cat=0
split_feature=2 11 8 18 13 18 11 18 18 18 18 8
split_gain=0.274618 2.73015 0.76131 0.560696 0.513683 0.418603 0.485453 0.386851 0.337771 0.165473 0.0789179 0.00440615
threshold=3.5000000000000004 1.0000000180025095e-35 1.0000000180025095e-35 2.5000000000000004 2.8333333333333335 2.5000000000000004 1.0000000180025095e-35 3.5000000000000004 2.5000000000000004 1.5000000000000002 1.5000000000000002 1.0000000180025095e-35
decision_type=2 2 2 2 2 2 2 2 2 2 2 2
left_child=4 2 3 -2 5 6 11 -5 9 -6 -8 -1
right_child=1 -3 -4 7 8 -7 10 -9 -10 -11 -12 -13
leaf_value=-0.0043708041225484391 0.0097693563531723298 -0.029566932821026022 0.020407402398547859 -0.0081296117102863889 0.004680295010746357 -0.010874035903424839 0.00097303851529131501 0.0051139720406952298 0.012988325244747875 -0.0042964497916707636 0.0095775276358338705 -0.0021157792423793262
leaf_weight=13.832766555016864 7.0035266065970117 1.9556480662431557 3.0610278088133773 4.0931769870221615 4.1248884052038175 5.4009166709147385 2.7578129605390123 3.4517868182156235 2.8736622598953545 3.0355450413189828 2.9009566362947226 8.3822728497907519
leaf_count=93 47 56 260 41 29 50 27 40 49 50 24 102
internal_value=0 0.00290874 0.00683136 0.00365032 -0.0013641 -0.00321017 -0.00158439 -0.00169068 0.00443305 0.000454795 0.00599477 -0.00366766
internal_weight=62.874 19.5652 17.6095 14.5485 43.3088 33.2747 27.8738 7.54496 10.0341 7.16043 5.65877 22.215
internal_count=868 444 388 128 424 296 246 81 128 79 51 195
is_linear=0
shrinkage=0.03


Tree=204
num_leaves=12
num_cat=0
split_feature=2 11 13 18 11 18 18 18 18 13 18
split_gain=0.258912 2.62595 0.484476 0.392411 0.459894 0.324516 0.352463 0.32223 0.156115 0.107912 0.0742426
threshold=3.5000000000000004 1.0000000180025095e-35 2.8333333333333335 2.5000000000000004 1.0000000180025095e-35 2.5000000000000004 3.5000000000000004 2.5000000000000004 1.5000000000000002 1.4166666666666667 1.5000000000000002
decision_type=2 2 2 2 2 2 2 2 2 2 2
left_child=2 5 3 4 -1 -2 -7 8 -4 -8 -6
right_child=1 -3 7 -5 10 6 9 -9 -10 -11 -12
leaf_value=-0.0035580556764823069 0.011294103066792993 -0.029423997823661261 0.0045532058923069526 -0.010523036944163674 0.000945198125173334 -0.0021609971584751566 0.011061282728018911 0.012715508952502853 -0.0041621582544508996 0 0.0093527228348323239
leaf_weight=22.242733668303121 7.8268015997018727 1.907409090315922 4.1157535444945079 5.4167242422699919 2.7568317404948166 5.3623141385614854 3.5984979961067438 2.8497706558555365 3.0425995481200516 0.76230878697242577 2.8842258118093014
leaf_count=195 122 56 29 50 27 134 53 49 50 79 24
internal_value=0 0.00283641 -0.00132037 -0.00311188 -0.00153252 0.00665944 0.00254629 0.00431564 0.000429188 0.00892587 0.00585448
internal_weight=62.766 19.4573 43.3086 33.3005 27.8838 17.5499 9.72312 10.0081 7.15835 4.36081 5.64106
internal_count=868 444 424 296 246 388 266 128 79 132 51
is_linear=0
shrinkage=0.03


Tree=205
num_leaves=14
num_cat=0
split_feature=2 8 2 2 10 2 13 11 13 11 8 13 13
split_gain=0.989509 2.51468 1.60642 0.884065 0.445762 1.32611 0.604322 0.24796 0.247428 0.335233 0.200935 0.238018 0.137156
threshold=2.5000000000000004 1.0000000180025095e-35 4.5000000000000009 4.5000000000000009 1.0000000180025095e-35 1.5000000000000002 3.5833333333333335 1.0000000180025095e-35 2.8333333333333335 1.0000000180025095e-35 1.0000000180025095e-35 1.8333333333333337 1.8333333333333337
decision_type=2 2 2 2 2 2 2 2 2 2 2 2 2
left_child=4 2 7 -3 5 6 8 -2 10 -10 11 -1 -12
right_child=1 3 -4 -5 -6 -7 -8 -9 9 -11 12 -13 -14
leaf_value=0.0025591692944195053 -0.015615876715210475 0.021413823621238542 0.0018991085039445836 -0.020991837296968283 0.010111798703280012 -0.011347930194169164 -0.010547582774900494 -0.029768443985835689 0 0.017799621716156171 0.0019256057635349526 -0.0049589337576292671 0.011766575576685817
leaf_weight=12.70133276935668 9.579520954517653 2.9009402843657877 4.3954096585512152 0.3670095617417245 3.5902916013728818 8.4108645329251868 2.9429709892719975 2.1713609935250124 1.926951978355645 2.2603511866182089 4.1203925563022485 5.226985912770032 2.7279120562598109
leaf_count=94 105 255 31 20 36 65 38 49 34 30 43 33 39
internal_value=-0.00235966 -0.00798256 -0.0129403 0.0152788 7.08629e-05 -0.000771862 0.00194907 -0.0187133 0.00335398 0.0102007 0.00203992 0.00018552 0.00639029
internal_weight=63.3223 19.4142 16.1463 3.26795 43.9081 40.3178 31.9069 11.7509 28.9639 4.1873 24.7766 17.9283 6.8483
internal_count=872 460 185 275 412 376 311 154 273 64 209 127 82
is_linear=0
shrinkage=0.03


Tree=206
num_leaves=15
num_cat=0
split_feature=18 10 10 2 11 2 18 11 14 11 2 14 14 2
split_gain=1.19969 0.512776 0.426754 1.24014 1.44053 0.44364 0.18522 0.661035 0.51719 0.687699 0.275092 0.0479528 0.0426525 0.00139735
threshold=2.5000000000000004 1.0000000180025095e-35 1.0000000180025095e-35 1.5000000000000002 1.0000000180025095e-35 3.5000000000000004 3.5000000000000004 1.0000000180025095e-35 2.5000000000000004 1.0000000180025095e-35 3.5000000000000004 2.5000000000000004 3.5000000000000004 4.5000000000000009
decision_type=2 2 2 2 2 2 2 2 2 2 2 2 2 2
left_child=2 6 3 11 5 -5 7 -2 9 -8 -10 -1 -13 -7
right_child=1 -3 -4 4 -6 13 8 -9 10 -11 -12 12 -14 -15
leaf_value=0.0047332558752674362 -0.012545009995324924 -0.027453528328708766 0.010242881657728353 -0.0083757553956314151 -0.031047914979155891 0 -0.00046244417555650787 0.0082042203785682635 0.023785429994301603 -0.024456793504745323 0 0.0034047391577643831 -0.0022418906940557667 0.0020643907719384604
leaf_weight=18.769980616867546 9.3157918401993847 1.2169810633640725 3.5615157692227504 7.6411839921493101 1.8482378718908865 3.3879243759438396 4.8951858710497609 1.3666062972042716 0.77484143152832963 1.3888574659358708 0.4800966284237802 2.4273369517177334 1.7936288332566617 4.3632010875735432
leaf_count=168 159 41 40 57 43 92 93 27 14 20 46 32 21 19
internal_value=-0.0022895 -0.00847871 0.000402409 -0.000417578 -0.00654637 -0.00322927 -0.00690474 -0.00956085 -0.00267255 -0.00653546 0.0135114 0.00405683 0.000314655 0.00150416
internal_weight=63.2314 19.4384 43.793 40.2315 17.2405 15.3923 18.2214 10.6824 7.53898 6.28404 1.25494 22.9909 4.22097 7.75113
internal_count=872 400 472 432 211 168 359 186 173 113 60 221 53 111
is_linear=0
shrinkage=0.03


Tree=207
num_leaves=16
num_cat=0
split_feature=18 10 10 2 11 13 13 14 2 13 18 13 13 2 2
split_gain=1.13312 0.506013 0.401699 1.16946 1.40469 0.4285 0.244616 0.711274 0.347455 0.192494 0.0802324 0.0452955 0.0403461 0.0108275 0.0106979
threshold=2.5000000000000004 1.0000000180025095e-35 1.0000000180025095e-35 1.5000000000000002 1.0000000180025095e-35 1.8333333333333337 2.8333333333333335 3.5000000000000004 3.5000000000000004 2.8333333333333335 1.5000000000000002 2.8333333333333335 3.5833333333333335 4.5000000000000009 1.5000000000000002
decision_type=2 2 2 2 2 2 2 2 2 2 2 2 2 2 2
left_child=2 6 3 11 5 10 14 8 -8 -7 -5 -1 -13 -12 -2
right_child=1 -3 -4 4 -6 9 7 -9 -10 -11 13 12 -14 -15 -16
leaf_value=0.0046033596729939891 -0.0057335592508948449 -0.02729742591649276 0.0099328005500097204 -0.0033669553627576026 -0.030857196763135968 -0.022579908959912388 0.017012373819034594 -0.016436057474875011 -0.003714972867455894 -0.00076972712520462911 0 0.003313471505609145 -0.0021752153774061015 0.0020300671472473545 -0.010090387928280863
leaf_weight=18.724167699925605 6.0035770852118775 1.1882293324451882 3.5655769754666826 6.2464440530166048 1.8051416035741557 1.2744049949105822 1.725563392043113 1.4240391752682628 0.82670018775388587 0.921438225544989 2.6164342723786831 2.4222039589658371 1.7961752749979494 4.3580749332904816 8.2603167798370123
leaf_count=168 41 41 40 47 43 35 32 39 59 30 38 32 21 18 188
internal_value=-0.00222611 -0.00824204 0.000390906 -0.000404227 -0.00635974 -0.00311764 -0.00669506 0 0.00928056 -0.0151666 -0.000792404 0.00394432 0.000285445 0.00110433 -0.00851817
internal_weight=63.1585 19.4284 43.7301 40.1645 17.2219 15.4168 18.2402 3.9763 2.55226 2.19584 13.221 22.9425 4.21838 6.97451 14.2639
internal_count=872 400 472 432 211 168 359 130 91 65 103 221 53 56 229
is_linear=0
shrinkage=0.03


Tree=208
num_leaves=23
num_cat=0
split_feature=18 8 13 2 4 10 10 2 2 13 14 2 8 2 2 13 18 18 13 2 13 13
split_gain=1.06954 0.772449 1.23981 1.02621 1.5185 0.665731 0.498712 0.267192 0.514808 0.228277 0.667776 0.333294 0.07847 1.48912 0.963286 0.106197 0.0327653 0.0149481 0.0165885 0.0104838 0.00104556 0.0389617
threshold=2.5000000000000004 1.0000000180025095e-35 1.1666666666666667 1.5000000000000002 0.83333333333333337 1.0000000180025095e-35 1.0000000180025095e-35 1.5000000000000002 4.5000000000000009 2.8333333333333335 3.5000000000000004 3.5000000000000004 1.0000000180025095e-35 3.5000000000000004 1.5000000000000002 1.4166666666666667 1.5000000000000002 1.5000000000000002 1.8333333333333337 2.5000000000000004 1.8333333333333337 2.8333333333333335
decision_type=2 2 2 2 2 2 2 2 2 2 2 2 2 2 2 2 2 2 2 2 2 2
left_child=1 5 16 -4 -5 7 9 17 19 12 11 -11 14 -14 -2 -15 -3 18 -1 -9 -19 -22
right_child=6 2 3 4 -6 -7 -8 8 -10 10 -12 -13 13 15 -16 -17 -18 20 -20 -21 21 -23
leaf_value=0 0.00069868087656857925 0.028310110294398418 0.0095794305662742774 -0.031416410863819563 0.018062494147192649 0.010399343718659219 -0.027141098890957203 -0.0074172793367331289 0.0018729058322138035 0.016675499568317615 -0.015838297651299096 -0.0036181212781694499 -0.022548606561428566 0.021318597392208007 -0.016829898430463664 0 0.012963195893655044 0 -0.0028961638083779633 -0.013136964022923024 0.0038256959392739633 -0.0014300900553894955
leaf_weight=3.0240612570196435 4.3304648008197599 1.7367156529799086 3.6439580544829369 1.6193380935583266 0.66536295041441906 3.5007035196758798 1.1602210404817004 6.309748240048064 4.3702116205822668 1.709871165454387 1.4370234403759243 0.82605185545980919 1.7112187230959528 1.0914639569818971 6.5708452644757926 0.5916072146501391 1.5835100691765547 5.9669047221541405 3.4687111293897033 3.6345224124379456 2.0730424001812935 2.0632408037781715
leaf_count=33 29 31 48 50 22 34 41 40 23 32 39 59 15 68 62 55 41 35 22 45 17 31
internal_value=-0.00217231 0.000371779 0.00807532 0 -0.0155957 -0.00162922 -0.00801559 -0.00311737 -0.00612099 -0.00649648 0 0.00904045 -0.0082537 -0.00275957 -0.00965105 0.0158141 0.0224609 -0.000325839 -0.00150857 -0.00991642 0.000147551 0.00052399
internal_weight=63.0888 43.66 9.24888 5.92866 2.2847 34.4111 19.4288 30.9104 14.3145 18.2685 3.97295 2.53592 14.2956 3.39429 10.9013 1.68307 3.32023 16.596 6.49277 9.94427 10.1032 4.13628
internal_count=872 472 192 120 72 280 400 246 108 359 130 91 229 138 91 123 72 138 55 85 83 48
is_linear=0
shrinkage=0.03


Tree=209
num_leaves=23
num_cat=0
split_feature=18 8 13 2 4 10 10 2 2 13 13 2 8 2 2 13 18 18 13 2 13 13
split_gain=1.01092 0.737388 1.19669 0.965664 1.43268 0.627523 0.491441 0.25073 0.48596 0.212741 0.621399 0.3231 0.0732796 1.41045 0.90591 0.102004 0.0344474 0.0140062 0.0156477 0.00888059 0.000924996 0.03693
threshold=2.5000000000000004 1.0000000180025095e-35 1.1666666666666667 1.5000000000000002 0.83333333333333337 1.0000000180025095e-35 1.0000000180025095e-35 1.5000000000000002 4.5000000000000009 2.8333333333333335 3.5833333333333335 3.5000000000000004 1.0000000180025095e-35 3.5000000000000004 1.5000000000000002 1.4166666666666667 1.5000000000000002 1.5000000000000002 1.8333333333333337 2.5000000000000004 1.8333333333333337 2.8333333333333335
decision_type=2 2 2 2 2 2 2 2 2 2 2 2 2 2 2 2 2 2 2 2 2 2
left_child=1 5 16 -4 -5 7 9 17 19 12 11 -11 14 -14 -2 -15 -3 18 -1 -9 -19 -22
right_child=6 2 3 4 -6 -7 -8 8 -10 10 -12 -13 13 15 -16 -17 -18 20 -20 -21 21 -23
leaf_value=0 0.00067837752258662542 0.028129859062278113 0.0093547205704403516 -0.03037295660446903 0.017722891757686043 0.010086338288461266 -0.026984495664702037 -0.0071810727429735544 0.0018185687949985332 0.016341075837707105 -0.01522864191684853 -0.0036341282352283038 -0.021792339884622279 0.021071814498743013 -0.016295395486390245 0 0.012709615803893773 0 -0.0028087089209783726 -0.012757452863624237 0.003724571774362328 -0.0013880200730187503
leaf_weight=3.0240612570196435 4.3292952757328802 1.6966564897447807 3.6222800631076097 1.6280215764418247 0.65977095370180894 3.5041096874047062 1.1329390651080746 6.3248331348877382 4.3687767151277503 1.6947963144630187 1.445889925118536 0.82928889896720637 1.720806521829217 1.0725780688226221 6.5858302058186382 0.5916072146501391 1.5688703283667564 5.9669047221541405 3.4724724655970931 3.6333570254500955 2.0682369507849216 2.065007084980607
leaf_count=33 29 31 48 50 22 34 41 40 23 32 38 60 15 68 62 55 41 35 22 45 17 31
internal_value=-0.00210756 0.000365589 0.00792957 0 -0.015085 -0.00158058 -0.00779252 -0.00302757 -0.005936 -0.00629869 0 0.00874657 -0.0079942 -0.00263241 -0.00934565 0.0155912 0.0222106 -0.000316695 -0.001462 -0.00962055 0.000132978 0.000489148
internal_weight=63.0064 43.6034 9.1756 5.91007 2.28779 34.4278 19.403 30.9236 14.327 18.2701 3.96998 2.52409 14.3001 3.38499 10.9151 1.66419 3.26553 16.5967 6.49653 9.95819 10.1001 4.13324
internal_count=872 472 192 120 72 280 400 246 108 359 130 92 229 138 91 123 72 138 55 85 83 48
is_linear=0
shrinkage=0.03


Tree=210
num_leaves=13
num_cat=0
split_feature=10 13 13 13 4 1 8 13 13 13 8 14
split_gain=0.314043 0.231052 0.736843 0.158749 0.0513423 0.95814 0.200769 0.442227 0.0607238 0.0430518 0.0290437 0.0033402
threshold=1.0000000180025095e-35 3.5833333333333335 1.8333333333333337 3.5833333333333335 0.83333333333333337 1.5000000000000002 1.0000000180025095e-35 1.8333333333333337 2.8333333333333335 1.5833333333333337 1.0000000180025095e-35 2.5000000000000004
decision_type=2 2 2 2 2 2 2 2 2 2 2 2
left_child=3 2 -2 4 6 -6 9 -8 -9 -1 -5 -11
right_child=1 -3 -4 10 5 -7 7 8 -10 11 -12 -13
leaf_value=0.001449617278410366 -0.033353822212007146 0 0 0.0017524188217608958 0.017029595337342704 -0.022506669045534271 -0.0094780749182216007 0 0.005542893993477716 0 0.010332066842073951 -0.001625724925584236
leaf_weight=30.56087168911472 0.92457584664225523 2.0995632219128311 1.4565226938575504 1.9005957625340661 1.7030021790415042 0.66010851832106698 5.8452608543448132 4.6001323373056948 2.1313213389366865 4.6017566572409114 1.5577336112037301 3.1933408395852894
leaf_count=177 16 17 44 33 49 66 134 100 73 48 41 57
internal_value=-6.06179e-05 -0.00765913 -0.0138606 0.000498924 3.24408e-05 0.00430224 -0.00011492 -0.00343969 0.00142658 0.000903353 0.0066418 -0.000849542
internal_weight=61.2348 4.48066 2.3811 56.7541 53.2958 2.36311 50.9327 12.5767 6.73145 38.356 3.45833 7.7951
internal_count=855 77 60 778 704 115 589 307 173 282 74 105
is_linear=0
shrinkage=0.03


Tree=211
num_leaves=14
num_cat=0
split_feature=2 17 2 11 11 10 14 2 1 14 14 2 14
split_gain=0.470869 0.345447 0.189477 2.13549 1.07487 0.786471 0.522823 2.03067 0.136711 0.0957076 0.578495 0.0501516 0.0188756
threshold=4.5000000000000009 0.18333333333333349 1.5000000000000002 1.0000000180025095e-35 1.0000000180025095e-35 1.0000000180025095e-35 1.5000000000000002 3.5000000000000004 1.5000000000000002 1.5000000000000002 3.5000000000000004 3.5000000000000004 3.5000000000000004
decision_type=2 2 2 2 2 2 2 2 2 2 2 2 2
left_child=1 2 4 5 9 6 11 -8 -3 -1 -11 -4 -9
right_child=-2 8 3 -5 -6 -7 7 12 -10 10 -12 -13 -14
leaf_value=-0.0052856936935696801 -0.0097008813902254697 -0.0023900418744581429 0.0091957307527735198 -0.028536069779790448 0.0080695382617069246 0.022356777205276668 -0.035046295693807017 0.014414704187407163 -0.022392663973152413 0.0041665344170352149 -0.013750371700058391 0.004217014151593426 0
leaf_weight=15.292098592966797 4.179555755108594 1.2917151609435666 4.753991509322085 1.6322754889260966 9.4649256430566293 2.3066451514605424 1.2834115056321016 1.3714226530864833 0.65687849838286627 5.4453131109476081 2.1616389695554972 10.968966843560338 0.37436174880713236
leaf_count=102 56 38 29 38 85 32 9 139 72 61 21 143 30
internal_value=-5.98549e-05 0.000610248 0.00110819 0.0032157 -0.000282375 0.00594181 0.00365564 -0.00715753 -0.0113613 -0.00388501 -0.000647939 0.00596058 0.0125075
internal_weight=61.1832 57.0036 55.0551 22.6911 32.364 21.0588 18.7522 3.0292 1.94859 22.8991 7.60695 15.723 1.74578
internal_count=855 799 689 420 269 382 350 178 110 184 82 172 169
is_linear=0
shrinkage=0.03


Tree=212
num_leaves=18
num_cat=0
split_feature=2 17 18 10 14 2 2 11 2 14 3 5 18 14 14 18 18
split_gain=0.443239 0.331702 0.245049 1.38621 0.526027 0.349106 0.322203 0.288977 0.154116 0.186597 0.114694 0.107424 0.0923726 0.0476992 0.0322938 0.000766917 4.27117e-06
threshold=4.5000000000000009 0.18333333333333349 1.5000000000000002 1.0000000180025095e-35 1.5000000000000002 3.5000000000000004 1.5000000000000002 1.0000000180025095e-35 1.5000000000000002 3.5000000000000004 3.5000000000000004 2.7083333333333335 3.5000000000000004 2.5000000000000004 1.5000000000000002 3.5000000000000004 2.5000000000000004
decision_type=2 2 2 2 2 2 2 2 2 2 2 2 2 2 2 2 2
left_child=1 2 6 4 5 -4 7 14 9 13 11 -3 16 -6 -1 -10 -7
right_child=-2 10 3 -5 8 12 -8 -9 15 -11 -12 -13 -14 -15 -16 -17 -18
leaf_value=-0.00033001198993069363 -0.0094118535746011041 -0.01185404096418379 -0.0053116873596099562 -0.028486905682715082 0.0059630623880796542 0 0.0084208508825795308 0.007158830523176311 0 0 -0.021960129321895668 0.0022904070281328831 0.0055372894381244238 0.014352140995599325 -0.0051808289501314563 -0.00082173824082949049 -2.9762485040361456e-05
leaf_weight=4.4719214141368884 4.1817062906920901 0.63824306777678319 11.703020006883889 1.412998599000274 3.2609502635896188 3.3730908110737801 7.9346676338464013 3.818460039794445 1.4988240031525486 2.0020364709198475 0.61836631852202106 0.67754633538424969 3.97141994535923 3.1361000668257475 3.2092882171273232 0.9221719717606901 4.239615473896265
leaf_count=42 56 13 69 32 34 44 53 28 116 26 69 28 59 45 18 79 44
internal_value=-5.99378e-05 0.000590158 0.00107853 -0.000327865 0.000830878 -0.0016086 0.0037911 0.000292935 0.00632253 0.00822685 -0.0111819 -0.00280428 0.00188918 0.0106951 -0.00278281 0 0
internal_weight=61.0704 56.8887 54.9546 35.5202 34.1072 23.2871 19.4343 11.4997 10.8201 8.39909 1.93416 1.31579 11.5841 6.39705 7.68121 2.421 7.61271
internal_count=855 799 689 548 516 216 141 88 300 105 110 41 147 79 60 195 88
is_linear=0
shrinkage=0.03


Tree=213
num_leaves=12
num_cat=0
split_feature=2 17 2 11 11 13 1 13 13 13 13
split_gain=0.417218 0.317036 0.169667 2.04483 0.973287 0.775829 0.132175 0.127153 0.0833019 0.532104 0.00376659
threshold=4.5000000000000009 0.18333333333333349 1.5000000000000002 1.0000000180025095e-35 1.0000000180025095e-35 3.5833333333333335 1.5000000000000002 1.8333333333333337 1.8333333333333337 3.5833333333333335 2.8333333333333335
decision_type=2 2 2 2 2 2 2 2 2 2 2
left_child=1 2 4 5 8 7 -3 -4 -1 -10 -9
right_child=-2 6 3 -5 -6 -7 -8 10 9 -11 -12
leaf_value=-0.004986801345293692 -0.0091318474777436244 -0.0021999527636561511 0.0049749183471322943 -0.02840026817663447 0.0077276236847700856 0.025787391066109215 -0.022080609051262162 -0.001519620956351906 0.0040059794623710692 -0.013172999634478393 0
leaf_weight=15.344893708825113 4.1836660699918857 1.2879136912524689 15.973590198904285 1.5927944472059596 9.3805124275386316 1.5527428444474924 0.62957388220820565 2.0708849709480992 5.4177535418421021 2.1663999408483505 1.3658312873449179
leaf_count=102 56 38 181 38 85 37 72 88 61 21 76
internal_value=-6.02245e-05 0.000570296 0.00104798 0.00305056 -0.000262579 0.00570614 -0.0109853 0.00382202 -0.00368109 -0.000618322 -0.00067746
internal_weight=60.9666 56.7829 54.8654 22.5558 32.3096 20.963 1.91749 19.4103 22.929 7.58415 3.43672
internal_count=855 799 689 420 269 382 110 345 184 82 164
is_linear=0
shrinkage=0.03


Tree=214
num_leaves=10
num_cat=0
split_feature=2 10 2 13 13 4 1 2 2
split_gain=0.392534 0.280416 3.83689 0.590818 0.119217 0.0491114 0.855882 0.0371581 0.121155
threshold=4.5000000000000009 1.0000000180025095e-35 1.5000000000000002 3.5833333333333335 3.5833333333333335 0.83333333333333337 1.5000000000000002 3.5000000000000004 1.5000000000000002
decision_type=2 2 2 2 2 2 2 2 2
left_child=1 4 -3 -4 5 7 -7 8 -1
right_child=-2 2 3 -5 -6 6 -8 -9 -10
leaf_value=0.000735564814184122 -0.0088605447344979795 -0.042022014674848167 0 0.029536554611336984 0.0066366073161290449 0.016841090759295206 -0.021698202153761368 0.0017780328807477242 -0.004059384718150618
leaf_weight=27.524321397766471 4.1854472379200152 1.6220199419185508 1.3928817766718566 1.2042882218956947 3.4350321830715975 1.6866176286712282 0.59067466692067672 13.600191911216823 5.6100478172302237
leaf_count=211 56 17 37 10 74 49 57 315 29
internal_value=-6.29758e-05 0.000548442 -0.00669789 0.014991 0.00120012 0.000745274 0.00509075 0.000459054 0
internal_weight=60.8515 56.6661 4.21919 2.59717 52.4469 49.0119 2.27729 46.7346 33.1344
internal_count=855 799 64 47 735 661 106 555 240
is_linear=0
shrinkage=0.03


Tree=215
num_leaves=12
num_cat=0
split_feature=7 11 2 13 2 8 13 13 13 8 13
split_gain=1.27978 0.539368 1.77613 0.820811 0.503495 1.18803 0.418051 0.169052 0.202506 0.0430965 0.0406751
threshold=1.0000000180025095e-35 1.0000000180025095e-35 1.5000000000000002 1.8333333333333337 3.5000000000000004 1.0000000180025095e-35 2.8333333333333335 2.4166666666666674 1.8333333333333337 1.0000000180025095e-35 3.5833333333333335
decision_type=2 2 2 2 2 2 2 2 2 2 2
left_child=1 4 3 -3 7 -6 -5 8 9 -1 -9
right_child=-2 2 -4 6 5 -7 -8 10 -10 -11 -12
leaf_value=-0.00051411597782179629 -0.028490003139560179 0.015703319193925126 -0.030198889403521594 -0.012981485015452762 0.0013960473569239835 0.02294321819600921 0.00086302200646004926 -0.010079402462173367 0.0050787018529922078 -0.0040557851707766776 -0.0021243993454142887
leaf_weight=15.734737332444647 1.3948591005755577 2.0938035659491998 2.1328788900282225 3.2890098337084055 13.829758012900131 2.7640726563986382 3.7781057115644217 2.0338150854222468 5.1273356808815143 4.8946888362988821 2.6476857415400445
leaf_count=97 53 28 63 21 105 260 47 32 69 55 24
internal_value=-0.00105739 -0.000302353 -0.00619881 -2.13253e-05 0.00106006 0.00528085 -0.00525281 -0.00115249 -7.15556e-05 -0.00151467 -0.00634628
internal_weight=59.7208 58.3259 11.2938 9.16092 47.0321 16.5938 7.06712 30.4383 25.7568 20.6294 4.6815
internal_count=854 801 159 96 642 365 68 277 221 152 56
is_linear=0
shrinkage=0.03


Tree=216
num_leaves=17
num_cat=0
split_feature=11 2 18 14 2 18 13 10 13 2 8 2 13 18 8 18
split_gain=0.397942 1.74161 0.814843 0.415779 1.34656 0.862069 0.657032 0.318814 0.896825 0.407216 0.552821 0.486148 1.31287 0.352482 0.0914076 0.0397093
threshold=1.0000000180025095e-35 1.5000000000000002 2.5000000000000004 2.5000000000000004 1.5000000000000002 2.5000000000000004 3.5833333333333335 1.0000000180025095e-35 1.8333333333333337 3.5000000000000004 1.0000000180025095e-35 1.5000000000000002 1.8333333333333337 2.5000000000000004 1.0000000180025095e-35 3.5000000000000004
decision_type=2 2 2 2 2 2 2 2 2 2 2 2 2 2 2 2
left_child=3 2 -2 7 5 -5 14 9 -9 11 13 12 -1 -11 -6 -15
right_child=1 -3 -4 4 6 -7 -8 8 -10 10 -12 -13 -14 15 -16 -17
leaf_value=-0.0012699137361465911 -0.0048344408988655382 -0.030052672009968105 0.017022652666026695 -0.031039142429063915 -0.016478025448986942 0 0.021930897812073327 -0.028420091369270088 0.007651515095559021 0.0083125126245400908 0.020165055893807862 -0.0070300890968914209 0.020484335708913341 -0.0034104292953454594 0 0.0005747983623796976
leaf_weight=14.667785245459532 7.3221205100417119 2.1019154043169683 1.8321850560605524 2.1169537920504804 0.33062950463499885 1.4015203313902018 1.3912918549031019 1.068230392644181 1.0591398631222546 6.2780252322554571 2.0559959942474952 7.0683152985293409 2.8644229229539624 3.7038986682891846 1.2266818510834125 3.1065661562606692
leaf_count=112 73 72 23 25 31 24 39 21 20 34 173 49 43 24 70 21
internal_value=-0.00103159 -0.00609044 0 9.46146e-05 -0.00685614 -0.0193869 0.00725785 0.00125339 -0.00957723 0.00193098 0.00579642 -0.000341024 0.00221018 0.00317607 -0.00457312 -0.00117645
internal_weight=59.5957 11.2562 9.15431 48.3395 6.46708 3.51847 2.9486 41.8724 2.12737 39.745 15.1445 24.6005 17.5322 13.0885 1.55731 6.81046
internal_count=854 168 96 686 189 49 140 497 41 456 252 204 155 79 101 45
is_linear=0
shrinkage=0.03


Tree=217
num_leaves=19
num_cat=0
split_feature=13 18 10 5 14 18 18 13 5 2 18 2 2 18 13 14 18 18
split_gain=0.365726 0.258334 0.271715 0.666448 0.215975 0.989834 0.49296 0.300139 0.144148 0.131295 0.109005 0.419493 0.117224 0.0884138 0.0822722 0.197482 0.0715344 0.0396285
threshold=1.1666666666666667 2.5000000000000004 1.0000000180025095e-35 0.36666666666666675 3.5000000000000004 3.5000000000000004 3.5000000000000004 2.8333333333333335 0.79166666666666685 4.5000000000000009 1.5000000000000002 1.5000000000000002 3.5000000000000004 2.5000000000000004 3.5833333333333335 2.5000000000000004 2.5000000000000004 3.5000000000000004
decision_type=2 2 2 2 2 2 2 2 2 2 2 2 2 2 2 2 2 2
left_child=9 2 3 14 6 -6 -3 -8 -5 10 11 -1 16 -14 15 -2 -12 -15
right_child=1 4 -4 8 5 -7 7 -9 -10 -11 12 -13 13 17 -16 -17 -18 -19
leaf_value=0.0096091529200374448 -0.007644121170139454 0.011784989069245105 0.0012685426217237206 0.020110094024376492 -0.038053326211849731 0.012410403026735878 -0.021531115105943435 0.0034849170914655067 0 0.0061917060436165357 -0.0048413715630977999 -0.0020239909271645637 0.004862657752857321 -0.0025486861856924485 -0.0023238278230012974 -0.018583254218584703 0 0.0013037008705135645
leaf_weight=4.4974980652332288 6.1757617534603924 2.9069749402115113 2.8224603813141576 0.61052002455107757 0.51303237630054332 0.61471248720772564 0.72312109032645799 0.51094429939985275 0.65980574663262814 3.4038430773653081 7.7770248376764357 6.2959391046315432 3.619792204350234 4.6378866704180819 1.8435679450631148 3.2499150051735342 4.7641031611710787 3.8404421042650938
leaf_count=55 68 104 35 10 19 30 50 33 54 15 56 49 47 64 25 46 35 59
internal_value=-0.00100497 -0.0042426 -0.00623062 -0.00815259 0.00100311 -0.0093326 0.00467893 -0.00944004 0.0107247 0.000644365 1.1104e-05 0.00259172 -0.001004 0.000914063 -0.01062 -0.0118863 -0.00308422 -0.00045909
internal_weight=59.4673 20.6308 15.362 12.5396 5.26879 1.12774 4.14104 1.23407 1.27033 38.8365 35.4327 10.7934 24.6392 12.0981 11.2692 9.42568 12.5411 8.47833
internal_count=854 474 238 203 236 49 187 83 64 380 365 104 261 170 139 114 91 123
is_linear=0
shrinkage=0.03


Tree=218
num_leaves=12
num_cat=0
split_feature=11 14 10 13 13 13 8 14 13 8 13
split_gain=0.357648 0.388585 0.302706 0.865461 0.199069 0.216427 0.118166 0.0612417 0.0388277 0.0165958 0.0515784
threshold=1.0000000180025095e-35 2.5000000000000004 1.0000000180025095e-35 1.8333333333333337 1.1666666666666667 2.8333333333333335 1.0000000180025095e-35 3.5000000000000004 3.5833333333333335 1.0000000180025095e-35 1.8333333333333337
decision_type=2 2 2 2 2 2 2 2 2 2 2
left_child=1 2 9 -4 -2 -6 -3 -7 -8 -1 -11
right_child=4 6 3 -5 5 7 8 -9 -10 10 -12
leaf_value=0.0012927476669458806 0 -0.011541683751479924 -0.028211522994279752 0.0073490959643532396 -0.013810266361854494 0 -0.0042269612438683123 -0.0073449875759227443 0.00089072534875735327 0.00074825570702397959 0.0056293940570836991
leaf_weight=28.694010540144518 3.1003874144516876 2.747419351595453 1.0437877641525111 1.0641992227174342 3.6519048796035332 2.8796576415188611 2.6567944155540317 1.593128834152594 1.057569118216634 6.3651668759994191 4.6242401865310967
leaf_count=177 43 65 21 20 54 40 91 31 33 157 122
internal_value=-0.000972809 9.21886e-05 0.00121608 -0.00938057 -0.0057762 -0.00822952 -0.00662713 -0.00281457 -0.00199818 0.00187655 0.00310496
internal_weight=59.4783 48.2532 41.7914 2.10799 11.2251 8.12469 6.46178 4.47279 3.71436 39.6834 10.9894
internal_count=854 686 497 41 168 125 189 71 124 456 279
is_linear=0
shrinkage=0.03


Tree=219
num_leaves=16
num_cat=0
split_feature=17 8 3 11 2 2 8 18 18 13 2 8 18 18 13
split_gain=0.376873 0.383161 0.317481 0.278492 1.55323 0.338511 1.08972 0.383772 0.270429 0.449086 0.063881 0.0394678 0.0360273 0.0258421 0.0265347
threshold=1.0000000180025095e-35 1.0000000180025095e-35 3.5000000000000004 1.0000000180025095e-35 1.5000000000000002 3.5000000000000004 1.0000000180025095e-35 2.5000000000000004 1.5000000000000002 2.4166666666666674 1.5000000000000002 1.0000000180025095e-35 3.5000000000000004 1.5000000000000002 2.8333333333333335
decision_type=2 2 2 2 2 2 2 2 2 2 2 2 2 2 2
left_child=3 -2 -3 5 13 8 7 -7 10 11 -1 -10 -9 -5 -15
right_child=1 2 -4 4 -6 6 -8 12 9 -11 -12 -13 -14 14 -16
leaf_value=0.003778198687574022 -0.02607458636280343 0.014687876064751731 -0.017816563630303081 -0.0015354369843942443 -0.029627612752327576 0.0057292399104725651 0.020896715398121383 -0.0060874170696243743 -7.8852821761412034e-05 -0.016015214744117434 0 -0.0040884999781597743 -0.00064754221321534672 0 0.0040744139612116951
leaf_weight=5.8619420640170583 0.96710264892317244 0.5162872988730669 0.38130054506473243 3.6628711223602277 1.777732062852009 6.61994248442352 2.7436083282809696 4.1401893831789494 8.4395131245255453 2.3969535077922037 9.0308636054396629 4.0396262984722844 3.4212080298457295 3.2502842396497726 2.2053556367754936
leaf_count=49 71 21 45 30 44 45 242 42 50 33 50 41 35 25 31
internal_value=-0.000944124 -0.0139195 0 -0.000448599 -0.00477156 0.000504117 0.00392543 0.000308671 -0.00134725 -0.00424593 0.0013571 -0.00163749 -0.00405826 1.77315e-05 0.00160938
internal_weight=59.4548 1.86469 0.897588 57.5901 10.8962 46.6938 16.9249 14.1813 29.7689 14.8761 14.8928 12.4791 7.5614 9.11851 5.45564
internal_count=854 137 66 717 130 587 364 122 223 124 99 91 77 86 56
is_linear=0
shrinkage=0.03


Tree=220
num_leaves=19
num_cat=0
split_feature=8 2 6 15 18 13 2 18 18 10 2 13 18 16 2 18 13 18
split_gain=0.200038 1.58143 2.10948 1.80605 0.638727 2.81501 0.548708 0.513483 0.610102 0.185788 0.736228 0.391718 1.05611 0.0626716 0.0352772 0.0272267 0.0176248 0.0365471
threshold=1.0000000180025095e-35 3.5000000000000004 1.5000000000000002 1.0000000180025095e-35 1.5000000000000002 1.8333333333333337 2.5000000000000004 3.5000000000000004 2.5000000000000004 1.0000000180025095e-35 1.5000000000000002 1.8333333333333337 2.5000000000000004 2.5000000000000004 4.5000000000000009 1.5000000000000002 2.8333333333333335 1.5000000000000002
decision_type=2 2 2 2 2 2 2 2 2 2 2 2 2 2 2 2 2 2
left_child=6 3 -3 4 -2 -6 9 8 14 10 11 12 15 -5 -8 -1 -13 -18
right_child=1 2 -4 13 5 -7 7 -9 -10 -11 -12 16 -14 -15 -16 -17 17 -19
leaf_value=0 -0.0041042513747982191 0.027973797956667271 -0.02554321700523424 0.0239111944597705 -0.040294716999979489 -0.00029849520416056733 -0.0051291793209216237 0.0039114257174604995 -0.01798041490179287 0.0085488052991169825 -0.0072850021247382575 -0.0023646228370831457 0.0219019030612729 0.0030155964471961891 -0.00046962852200689331 0.0028562266641570717 -0.0027479342929906067 0.0029993510258391888
leaf_weight=3.0780063048005193 4.5130718648433668 2.419040425214916 0.75842013279907394 1.0392483989708114 3.0725069046020508 3.4733286835253239 4.4220336439320835 4.0947783449664703 3.7639565856661639 3.3751798968296489 6.9576214151456943 4.219331568107008 3.1909281914122394 0.60186306573450554 4.6249294683802873 6.4404531568288803 1.5941145587712529 2.1342919189482927
leaf_count=30 37 235 48 40 15 43 54 57 53 35 45 29 23 26 26 36 14 37
internal_value=-0.00144906 -0.00437725 0.013895 -0.00925606 -0.0137859 -0.0198473 -0.000408751 -0.00479141 -0.00781422 0.00189331 0.000943698 0.00388152 0.00716167 0.0185843 -0.00310631 0.00173199 -0.00101488 0
internal_weight=63.7731 15.8775 3.17746 12.7 11.0589 6.54584 47.8956 16.9057 12.8109 30.9899 27.6147 20.6571 12.7094 1.64111 9.04696 9.51846 7.94774 3.72841
internal_count=883 444 283 161 95 58 439 190 133 249 214 169 89 66 80 66 80 51
is_linear=0
shrinkage=0.03


Tree=221
num_leaves=10
num_cat=0
split_feature=8 4 1 13 10 11 13 13 13
split_gain=0.188622 0.757845 1.13063 0.147731 0.30491 0.163204 0.107084 0.108838 0.00372388
threshold=1.0000000180025095e-35 0.83333333333333337 1.5000000000000002 1.5833333333333337 1.0000000180025095e-35 1.0000000180025095e-35 1.8333333333333337 2.5833333333333335 3.5833333333333335
decision_type=2 2 2 2 2 2 2 2 2
left_child=3 6 -3 5 8 -1 -2 -8 -5
right_child=1 2 -4 4 -6 -7 7 -9 -10
leaf_value=-1.6286613184628855e-05 -0.0099187760245939109 0.02750609182003131 -0.020229282270717273 -0.0065466406790655948 0.0041718597544187167 0.00701840961300868 0 -0.0073815860564273921 -0.00089971957903750479
leaf_weight=32.064625629223883 6.491066600661723 1.3490125685930241 0.49012084770947684 8.0484390797791967 3.2180229356745249 3.0861190841533235 3.9910565523896366 3.5075321446638554 1.4576090675545863
leaf_count=191 143 43 51 129 50 40 101 106 29
internal_value=-0.00140895 -0.00425833 0.0128506 -0.000397424 -0.00318963 0.00053439 -0.00679569 -0.00360246 -0.00601145
internal_weight=63.7036 15.8288 1.83913 47.8748 12.7241 35.1507 13.9897 7.49859 9.50605
internal_count=883 444 94 439 208 231 350 207 158
is_linear=0
shrinkage=0.03


Tree=222
num_leaves=10
num_cat=0
split_feature=14 13 8 4 13 10 11 13 11
split_gain=0.193884 0.129071 0.0961 0.606676 0.303588 0.067765 0.0675382 0.0378724 0.154149
threshold=2.5000000000000004 3.5833333333333335 1.0000000180025095e-35 0.83333333333333337 1.8333333333333337 1.0000000180025095e-35 1.0000000180025095e-35 1.8333333333333337 1.0000000180025095e-35
decision_type=2 2 2 2 2 2 2 2 2
left_child=2 6 7 4 -4 -3 -2 8 -1
right_child=1 5 3 -5 -6 -7 -8 -9 -10
leaf_value=-1.5799865203420294e-05 -0.011250058333277226 -0.0039825439505038664 -0.0095621157495611245 0.014749066492926953 0.00032931444016720676 0.0026670445136579486 -0.0027875423258829561 -0.0020597011331564895 0.0068223602312504203
leaf_weight=32.064788228832185 3.3028748518554476 2.9363057956798002 6.5230754965450597 1.3478851963300247 3.8482665992341936 2.0279272133484483 2.8171996114542708 5.7737742965109637 3.0824882686138144
leaf_count=191 141 61 142 63 97 16 56 76 40
internal_value=-0.0013694 -0.00499193 -0.000541707 -0.00293382 -0.00563733 -0.000674721 -0.00794434 7.5709e-05 0.000516462
internal_weight=63.7246 11.0843 52.6403 11.7192 10.3713 4.96423 6.12007 40.9211 35.1473
internal_count=883 274 609 302 239 77 197 307 231
is_linear=0
shrinkage=0.03


Tree=223
num_leaves=12
num_cat=0
split_feature=14 2 14 14 18 2 18 18 18 2 2
split_gain=0.183073 0.230944 1.39711 0.209914 0.854952 0.0912479 0.464731 0.2092 0.185369 0.0649613 0.0273666
threshold=2.5000000000000004 1.5000000000000002 3.5000000000000004 3.5000000000000004 2.5000000000000004 1.5000000000000002 3.5000000000000004 2.5000000000000004 1.5000000000000002 3.5000000000000004 3.5000000000000004
decision_type=2 2 2 2 2 2 2 2 2 2 2
left_child=5 3 9 4 -2 8 7 10 -1 -3 -7
right_child=1 2 -4 -5 -6 6 -8 -9 -10 -11 -12
leaf_value=0.0044579478506373534 -0.013344148868694427 -0.024190328581299436 0.020233586511165403 -0.013671819630541912 0.014424616663405644 -0.0033296091797656649 0.0064192476252934536 -0.0097834602578159291 -0.00092306949755191882 -0.0066023764635989596 -0.00048547413675840924
leaf_weight=8.1236970061436313 2.5116401724517328 0.74848354991991106 1.7530148340156304 3.3136541154235601 1.4645979739725592 8.5935071017593234 4.7644962654449037 4.2565946732647708 17.575921285431832 1.3095144324470309 9.3482056960929167
leaf_count=72 28 13 61 38 29 59 108 93 155 105 122
internal_value=-0.001329 -0.00484696 0.000424927 -0.00797742 -0.00227695 -0.000522802 -0.00177103 -0.00368438 0.000672285 -0.0152137 -0.00202491
internal_weight=63.7633 11.1009 3.81101 7.28989 3.97624 52.6624 26.9628 22.1983 25.6996 2.058 17.9417
internal_count=883 274 179 95 57 609 382 274 227 118 181
is_linear=0
shrinkage=0.03


Tree=224
num_leaves=9
num_cat=0
split_feature=7 8 4 6 18 18 18 18
split_gain=1.37924 0.186729 0.662202 1.07726 0.414737 0.13608 0.120621 0.00509844
threshold=1.0000000180025095e-35 1.0000000180025095e-35 0.83333333333333337 2.5000000000000004 3.5000000000000004 1.5000000000000002 2.5000000000000004 3.5000000000000004
decision_type=2 2 2 2 2 2 2 2
left_child=1 7 4 -4 5 -3 -7 -1
right_child=-2 2 3 -5 -6 6 -8 -9
leaf_value=0.00049937517168232269 -0.028866363308163959 -0.0031345936821620814 0.027366752305282582 -0.019888698352187987 0.0052630366974136811 -0.015531525868169544 -0.0053685707890936676 -0.0001862576736918126
leaf_weight=41.271877558436245 1.4963888889178623 4.7227684722747636 1.3094716174527992 0.47091791173443187 2.1777050564996889 3.4426177132409066 3.491999230813235 5.3917569381883359
leaf_count=332 55 51 43 47 103 87 104 61
internal_value=-0.00129412 -0.000538335 -0.00338635 0.0128792 -0.00577219 -0.00811605 -0.0109894 0.000355772
internal_weight=63.7755 62.2791 15.6155 1.78039 13.8351 11.6574 6.93462 46.6636
internal_count=883 828 435 90 345 242 191 393
is_linear=0
shrinkage=0.03


Tree=225
num_leaves=16
num_cat=0
split_feature=17 14 18 18 8 8 6 18 11 11 14 14 8 18 8
split_gain=0.428083 0.233917 0.94992 0.80556 0.313619 0.231068 0.444519 0.195375 0.208895 0.15886 0.490533 0.480189 0.109889 0.0593875 0.0123319
threshold=1.0000000180025095e-35 2.5000000000000004 3.5000000000000004 3.5000000000000004 1.0000000180025095e-35 1.0000000180025095e-35 2.5000000000000004 1.5000000000000002 1.0000000180025095e-35 1.0000000180025095e-35 1.5000000000000002 1.5000000000000002 1.0000000180025095e-35 2.5000000000000004 1.0000000180025095e-35
decision_type=2 2 2 2 2 2 2 2 2 2 2 2 2 2 2
left_child=1 2 9 7 -4 -2 -7 -3 13 11 -11 14 -13 -9 -1
right_child=5 3 4 -5 -6 6 -8 8 -10 10 -12 12 -14 -15 -16
leaf_value=-0.00058804069248142882 -0.025564397441428823 -0.0015488818637239953 -0.013961947223479461 0.015631526995477214 0 0.018253678220476226 -0.020187181857704233 -0.022369702604084128 -0.0019240191615356897 0.017252330450933304 0 0.017816031661434754 0.0054482739984110292 -0.0091588620318759674 0.00087383876093541368
leaf_weight=28.220442726276815 0.88906483550090232 3.8387584127485717 4.9861197657883158 1.35851198877208 1.7092196624726055 0.37653112038969994 0.49225551076233387 1.5071321530267598 2.1166570109780878 2.2295937575399867 3.9531700136139989 1.2924139834940422 4.1059234347194433 2.2560823913663626 4.9621773194521657
leaf_count=154 64 29 50 68 68 15 57 38 34 29 27 20 83 58 98
internal_value=-0.00109926 -0.000626525 0.00017172 -0.00457155 -0.010216 -0.0153631 -0.000265821 -0.00783161 -0.0113372 0.0018116 0.00633206 0.000995122 0.00922503 -0.0156683 -0.000277323
internal_weight=64.2941 62.5362 51.4591 11.0771 6.69534 1.75785 0.868787 9.71863 5.87987 44.7637 6.18276 38.581 5.39834 3.76321 33.1826
internal_count=892 756 529 227 118 136 72 159 130 411 56 355 103 96 252
is_linear=0
shrinkage=0.03


Tree=226
num_leaves=8
num_cat=0
split_feature=2 8 2 2 3 11 2
split_gain=0.154395 0.117838 1.85198 0.774488 0.562465 0.181933 0.524405
threshold=4.5000000000000009 1.0000000180025095e-35 3.5000000000000004 2.5000000000000004 5.5000000000000009 1.0000000180025095e-35 1.5000000000000002
decision_type=2 2 2 2 2 2 2
left_child=1 3 -3 5 -4 6 -1
right_child=-2 2 4 -5 -6 -7 -8
leaf_value=-0.0045146618049855501 -0.0062155204852294456 -0.003071326385043175 0.028058736018150243 -0.0083870689929048461 -0.010902728820312181 0.0039732192348957288 0.0048061030762762786
leaf_weight=13.394346722634509 4.869606480235233 12.72568045882508 2.5084226620383556 10.775369360810144 0.20954322605393816 10.9218250780832 8.854481739923358
leaf_count=106 61 155 244 142 18 110 56
internal_value=-0.00106858 -0.000586392 0.00157121 -0.00141458 0.0237101 0.00077864 -0.000666086
internal_weight=64.2593 59.3897 15.4436 43.946 2.71797 33.1707 22.2488
internal_count=892 831 417 414 262 272 162
is_linear=0
shrinkage=0.03


Tree=227
num_leaves=11
num_cat=0
split_feature=14 6 8 11 3 8 13 11 13 3
split_gain=0.289638 0.229653 0.522566 0.175318 0.0874552 0.0599561 0.105307 0.0223545 0.983408 0.0119577
threshold=2.5000000000000004 1.5000000000000002 1.0000000180025095e-35 1.0000000180025095e-35 1.0000000180025095e-35 1.0000000180025095e-35 1.8333333333333337 1.0000000180025095e-35 1.8333333333333337 2.5000000000000004
decision_type=2 2 2 2 2 2 2 2 2 2
left_child=1 5 -3 4 -2 7 -7 -1 -9 -4
right_child=3 2 9 -5 -6 6 -8 8 -10 -11
leaf_value=-0.00050540471325685667 -0.0095241946609748076 -0.027051441352905083 -0.00070412746826105171 -7.0622601427015817e-05 0 0 0.0062542990120101989 0.014688298001509786 -0.007128242972353164 0.0033270831517366812
leaf_weight=32.905356753617525 6.1439469405449909 0.81706539122387711 0.71764272032305576 4.5719027369050309 0.77657505928073067 6.1177041335031372 3.8445041421800852 2.9793154001235953 4.4820753112435341 0.83559536887332797
leaf_count=201 155 37 16 82 48 139 91 38 33 52
internal_value=-0.00103832 -3.62159e-05 -0.00901544 -0.00533477 -0.00833457 0.000344221 0.00243207 -0.000101647 0.00126534 0
internal_weight=64.1917 52.6993 2.3703 11.4924 6.92052 50.329 9.96221 40.3667 7.46139 1.55324
internal_count=892 607 105 285 203 502 230 272 71 68
is_linear=0
shrinkage=0.03


Tree=228
num_leaves=15
num_cat=0
split_feature=14 18 14 18 11 18 11 6 8 11 14 18 8 5
split_gain=0.272403 0.882714 0.94309 0.709335 0.299651 0.198254 0.189831 0.187286 0.632765 0.190134 0.434503 0.0562182 0.0449557 0.040347
threshold=2.5000000000000004 3.5000000000000004 1.5000000000000002 3.5000000000000004 1.0000000180025095e-35 1.5000000000000002 1.0000000180025095e-35 1.5000000000000002 1.0000000180025095e-35 1.0000000180025095e-35 1.5000000000000002 2.5000000000000004 1.0000000180025095e-35 2.7083333333333335
decision_type=2 2 2 2 2 2 2 2 2 2 2 2 2 2
left_child=1 7 12 5 -4 -2 11 9 -9 10 -1 -7 -3 -10
right_child=3 2 4 -5 -6 6 -8 8 13 -11 -12 -13 -14 -15
leaf_value=-0.00017969319139854968 -0.0018166026922297558 -0.0056820241201505275 -0.0065927641668579008 0.013372884729016772 -0.047250742563582547 -0.021542360455026825 -0.0024076978379646975 -0.026838323227623563 0 0.0068830464567579555 0.0091747831724939954 -0.0090596376395446054 0 0.0086602351297201865
leaf_weight=32.742443791590631 3.8942055663792381 4.1720332056283942 0.50671357149258234 1.4091139092342935 0.66070809261873364 1.7407322938088325 2.1483455962734297 0.79990122257731777 0.65157573344185948 6.022805528715252 4.9794828877784303 2.3209675459656864 1.4261623471975324 0.70517317485064268
leaf_count=241 39 31 36 78 11 53 47 37 22 52 92 68 48 37
internal_value=-0.00101072 -3.59081e-05 -0.0101244 -0.0051729 -0.0338829 -0.00815896 -0.0115689 0.00140464 -0.0067488 0.00188951 0.000996818 -0.0155193 -0.00413574 0.00406532
internal_weight=64.1804 52.667 6.76562 11.5134 1.16742 10.1043 6.21005 45.9014 2.15665 43.7447 37.7219 4.0617 5.5982 1.35675
internal_count=892 607 126 285 47 207 168 481 96 385 333 121 79 59
is_linear=0
shrinkage=0.03


Tree=229
num_leaves=22
num_cat=0
split_feature=14 18 13 18 2 11 2 18 11 6 8 11 13 18 2 2 2 8 2 2 18
split_gain=0.257265 0.838042 0.905293 0.67298 0.492955 1.00801 0.315943 0.302548 0.282279 0.177533 0.612411 0.179728 0.410912 0.177048 0.148761 0.172443 0.0979152 0.0424668 0.0415339 0.0816687 0.0221137
threshold=2.5000000000000004 3.5000000000000004 1.4166666666666667 3.5000000000000004 1.5000000000000002 1.0000000180025095e-35 1.5000000000000002 2.5000000000000004 1.0000000180025095e-35 1.5000000000000002 1.0000000180025095e-35 1.0000000180025095e-35 1.8333333333333337 1.5000000000000002 1.5000000000000002 3.5000000000000004 1.5000000000000002 1.0000000180025095e-35 4.5000000000000009 3.5000000000000004 2.5000000000000004
decision_type=2 2 2 2 2 2 2 2 2 2 2 2 2 2 2 2 2 2 2 2 2
left_child=1 9 17 4 5 7 -5 -2 -4 11 -11 12 18 -6 -14 -16 -12 -3 19 -1 -15
right_child=3 2 8 6 13 -7 -8 -9 -10 10 16 -13 14 20 15 -17 -18 -19 -20 -21 -22
leaf_value=-0.0006025207937181505 -0.030581692236124239 -0.0055092330278161293 -0.0064396004338812046 0.023665941957772926 0.0092740021832898468 0 -0.00036141313289353953 -0.0095532722813426278 -0.046301706539553102 -0.026625839302083669 0.012312063643295856 0.0067010285015183637 0.0039395288637617968 0 0.024107326055491558 0 -0.00030564259534673969 0 -0.0029058682596552836 0.0032073792767815116 -0.0076930438818133646
leaf_weight=22.049926746636633 2.1296826796606148 4.1768591143190852 0.50559830153360941 0.86540413275361128 1.524039261043072 3.5051471432670951 0.53536254924256355 1.7642229804769161 0.65614188532344997 0.78314822679385465 0.63026698958128691 6.0038180388510218 3.3842312842607489 0.43890512990765251 0.99967063963413216 0.57991957059130073 0.7238690450321883 1.4261623471975324 4.369452863931655 6.3252971507608882 0.7625038146506995
leaf_count=131 28 31 36 17 20 40 61 24 11 37 31 52 31 42 4 57 28 48 18 92 53
internal_value=-0.000990678 -4.03859e-05 -0.00987145 -0.00503316 -0.00793481 -0.0119781 0.0130717 -0.0222832 -0.0332164 0.00136315 -0.00660411 0.00183536 0.000965647 0.00201562 0.00893293 0.0169735 0.00394687 -0.00400747 -0.000174307 0.000149694 -0.00489186
internal_weight=64.1396 52.6144 6.76476 11.5253 10.1245 7.39905 1.40077 3.89391 1.16174 45.8496 2.13728 43.7123 37.7085 2.72545 4.96382 1.57959 1.35414 5.60302 32.7447 28.3752 1.20141
internal_count=892 607 126 285 207 92 78 52 47 481 96 385 333 115 92 61 59 79 241 223 95
is_linear=0
shrinkage=0.03


Tree=230
num_leaves=14
num_cat=0
split_feature=2 13 13 18 2 18 2 2 18 2 18 2 2
split_gain=0.654576 0.289833 1.10549 0.585359 0.802047 0.302146 0.201178 0.0979087 0.0808614 0.0412539 0.00645821 0.00605104 0.022951
threshold=4.5000000000000009 1.8333333333333337 2.4166666666666674 3.5000000000000004 1.5000000000000002 1.5000000000000002 1.5000000000000002 3.5000000000000004 1.5000000000000002 1.5000000000000002 2.5000000000000004 1.5000000000000002 2.5000000000000004
decision_type=2 2 2 2 2 2 2 2 2 2 2 2 2
left_child=1 7 11 4 8 -6 -5 9 -4 -1 -9 -3 -13
right_child=-2 2 3 6 5 -7 -8 10 -10 -11 -12 12 -14
leaf_value=-0.001346984811391139 -0.012233915900728125 0.011914347100920862 -0.018570057995373149 0.022890426080714933 0.016582330347596527 -0.0022732455759537987 0 0 -0.0081128025219620974 -0.0046714276215203149 0.0012679308710632138 0.0076707654430273877 0
leaf_weight=15.924257196020337 3.8834888122510156 7.018931289669128 1.8905536532402001 0.79152776859700746 1.3935554656200113 1.0449466184945775 0.43443093670066446 3.8212491190060955 4.7751664668321609 6.5751226204447439 7.7468088595196605 1.6760854888707402 0.91917897760868061
leaf_count=132 55 78 14 16 13 86 46 55 71 45 128 15 97
internal_value=-0.000476186 0.000334809 0.00324155 -0.00334374 -0.00623106 0.00754929 0.0146884 -0.00128361 -0.0117528 -0.00246762 0.000763547 0.0105877 0.00557765
internal_weight=57.8953 54.0118 19.9444 10.3302 9.10422 2.4385 1.22596 34.0674 6.66572 22.4994 11.5681 9.6142 2.59526
internal_count=851 796 436 246 184 99 62 360 85 177 183 190 112
is_linear=0
shrinkage=0.03


Tree=231
num_leaves=14
num_cat=0
split_feature=2 13 13 18 2 18 2 2 18 2 18 2 2
split_gain=0.616535 0.273949 1.04776 0.55631 0.7529 0.28862 0.196342 0.0924177 0.0723858 0.0382314 0.00613427 0.00417571 0.0212061
threshold=4.5000000000000009 1.8333333333333337 2.4166666666666674 3.5000000000000004 1.5000000000000002 1.5000000000000002 1.5000000000000002 3.5000000000000004 1.5000000000000002 1.5000000000000002 2.5000000000000004 1.5000000000000002 2.5000000000000004
decision_type=2 2 2 2 2 2 2 2 2 2 2 2 2
left_child=1 7 11 4 8 -6 -5 9 -4 -1 -9 -3 -13
right_child=-2 2 3 6 5 -7 -8 10 -10 -11 -12 12 -14
leaf_value=-0.0013060018836100131 -0.01186929911999066 0.011624264793913144 -0.017893017887148161 0.022658580155582048 0.016200971151061533 -0.0022117036500513007 0 0 -0.0078424508595566576 -0.0045248634006476249 0.0012307132974993728 0.0074561266167810303 0
leaf_weight=15.934240594506266 3.8857397221727288 6.9813388823531586 1.9067578595131598 0.77688383962959118 1.3860374665819111 1.0445901609491555 0.43443093670066446 3.8212491190060955 4.7947308560833335 6.5874994962941846 7.7447046004235744 1.6754926145076754 0.91917897760868061
leaf_count=132 55 78 14 16 13 86 46 55 71 45 128 15 97
internal_value=-0.00046115 0.000324625 0.00315447 -0.00323765 -0.00603869 0.00732773 0.0144418 -0.00124566 -0.0113642 -0.00239596 0.000738429 0.010331 0.00543576
internal_weight=57.8929 54.0071 19.9194 10.3434 9.13212 2.43063 1.21131 34.0877 6.70149 22.5217 11.566 9.57601 2.59467
internal_count=851 796 436 246 184 99 62 360 85 177 183 190 112
is_linear=0
shrinkage=0.03


Tree=232
num_leaves=14
num_cat=0
split_feature=2 13 13 18 2 18 2 2 18 2 18 2 2
split_gain=0.580743 0.258949 0.993027 0.52874 0.706876 0.275682 0.19157 0.0872473 0.0646926 0.0354136 0.00582736 0.00239245 0.0195701
threshold=4.5000000000000009 1.8333333333333337 2.4166666666666674 3.5000000000000004 1.5000000000000002 1.5000000000000002 1.5000000000000002 3.5000000000000004 1.5000000000000002 1.5000000000000002 2.5000000000000004 1.5000000000000002 2.5000000000000004
decision_type=2 2 2 2 2 2 2 2 2 2 2 2 2
left_child=1 7 11 4 8 -6 -5 9 -4 -1 -9 -3 -13
right_child=-2 2 3 6 5 -7 -8 10 -10 -11 -12 12 -14
leaf_value=-0.0012662891997632846 -0.011516311601296842 0.011339996856906686 -0.017246830567274715 0.022425538617131431 0.015826679967638507 -0.0021518026749038619 0 0 -0.0075820181968577795 -0.0043831855146208619 0.0011945781528683783 0.0072475266483792156 0
leaf_weight=15.943920546211304 3.8877308139344668 6.944724910892548 1.9223563885316215 0.76266370806843109 1.3787292125634851 1.0442479896591974 0.43443093670066446 3.8212491190060955 4.8137804064899683 6.5994617170654228 7.742661661002785 1.6748931962065401 0.91917897760868061
leaf_count=132 55 78 14 16 13 86 46 55 71 45 128 15 97
internal_value=-0.000446568 0.000314727 0.00306977 -0.00313497 -0.00585309 0.00711111 0.0141967 -0.00120888 -0.0109909 -0.00232656 0.000714046 0.0100801 0.00529789
internal_weight=57.89 54.0023 19.895 10.3562 9.15911 2.42298 1.19709 34.1073 6.73614 22.5434 11.5639 9.5388 2.59407
internal_count=851 796 436 246 184 99 62 360 85 177 183 190 112
is_linear=0
shrinkage=0.03


Tree=233
num_leaves=21
num_cat=0
split_feature=2 13 13 8 2 2 18 18 2 18 8 18 2 8 18 8 18 2 2 2
split_gain=0.547064 0.244785 0.941148 0.763731 2.75591 0.913184 0.957892 0.502569 0.663765 0.26331 0.40461 0.198194 0.186862 0.0921212 0.0577038 0.0920511 0.034047 0.0315295 0.00069988 0.0180363
threshold=4.5000000000000009 1.8333333333333337 2.4166666666666674 1.0000000180025095e-35 1.5000000000000002 1.5000000000000002 2.5000000000000004 3.5000000000000004 1.5000000000000002 1.5000000000000002 1.0000000180025095e-35 1.5000000000000002 1.5000000000000002 1.0000000180025095e-35 1.5000000000000002 1.0000000180025095e-35 1.5000000000000002 3.5000000000000004 1.5000000000000002 2.5000000000000004
decision_type=2 2 2 2 2 2 2 2 2 2 2 2 2 2 2 2 2 2 2 2
left_child=1 3 18 5 -5 6 11 8 14 -10 -11 -1 -9 -14 -4 -16 -7 -6 -3 -20
right_child=-2 2 7 4 17 16 -8 12 9 10 -12 -13 13 -15 15 -17 -18 -19 19 -21
leaf_value=-0.0045167275092346136 -0.011174507905397093 0.011061470682982506 -0.016629595857693222 -0.022423666666433442 0.00050642799489515936 -0.0054835075151049217 0.021315709412726862 0.02219131924003595 0.015459385146304254 -0.021007146406333579 0.012337388844719568 0.0050777922973780218 -0.012330209277251656 0.010364574007137025 -0.0011105666444148415 -0.011284038747607738 -0.0018612813949814863 0.023492583584538776 0.0070447858305710239 0
leaf_weight=2.6327096149325389 3.8894796872045836 6.9090706617571431 1.9373744609765671 4.7243755441159001 0.35170058021321859 6.3766148407012251 3.1730380104854694 0.74885730911046333 1.3716264227405193 0.52203638269565977 0.52188305300660431 5.4231837037950754 0.23077311168890446 0.20365782501176 2.2222780482843518 2.6100471625104547 10.104443675605578 1.3401932148262858 1.674288690555841 0.91917897760868061
leaf_count=28 55 78 14 46 10 35 24 16 13 35 51 34 12 34 38 33 78 105 15 97
internal_value=-0.000432427 0.000305105 0.00298737 -0.00117324 -0.0104535 0.000897587 0.00754438 -0.00303561 -0.00567399 0.00689935 -0.0020935 0.00155748 0.0139533 0 -0.0106322 -0.00733109 -0.00346829 0.0206835 0.00983484 0.0051639
internal_weight=57.8868 53.9973 19.8711 34.1263 6.41627 27.71 11.2289 10.3685 9.18525 2.41555 1.04392 8.05589 1.18329 0.434431 6.7697 4.83233 16.4811 1.69189 9.50254 2.59347
internal_count=851 796 436 360 161 199 86 246 184 99 86 62 62 46 85 71 113 115 190 112
is_linear=0
shrinkage=0.03


Tree=234
num_leaves=9
num_cat=0
split_feature=2 13 13 2 13 2 2 2
split_gain=0.515696 0.230768 0.892159 0.355873 0.504678 0.0766693 0.0366718 0.0298586
threshold=4.5000000000000009 1.8333333333333337 2.4166666666666674 1.5000000000000002 3.5833333333333335 3.5000000000000004 3.5000000000000004 1.5000000000000002
decision_type=2 2 2 2 2 2 2 2
left_child=1 5 -3 -4 6 7 -5 -1
right_child=-2 2 3 4 -6 -7 -8 -9
leaf_value=-0.0011818488984227603 -0.010843469189656882 0.0095951258588061437 -0.0065123954787656086 -0.010638087077113773 0.018984577575695615 0.00066173606543583579 0 -0.0040852098902165596
leaf_weight=15.977835352066906 3.8910032255807883 9.4672169778496045 7.5416542752645892 0.51095306791830797 1.3012550827115774 11.537084645591674 1.0115618850104511 6.6247102152556172
leaf_count=132 55 190 101 16 41 183 88 45
internal_value=-0.000415276 0.000299701 0.00290871 -0.00294497 0.00545361 -0.00113239 -0.0047193 -0.0021792
internal_weight=57.8633 53.9723 19.8326 10.3654 2.82377 34.1396 1.52251 22.6025
internal_count=851 796 436 246 145 360 104 177
is_linear=0
shrinkage=0.03


Tree=235
num_leaves=8
num_cat=0
split_feature=13 10 13 14 4 3 3
split_gain=1.34562 1.36412 0.181415 0.196088 0.0430762 0.0836416 0.00968029
threshold=3.5833333333333335 1.0000000180025095e-35 1.8333333333333337 2.5000000000000004 0.41666666666666669 1.5000000000000002 5.5000000000000009
decision_type=2 2 2 2 2 2 2
left_child=2 -2 -1 -4 -5 -6 -7
right_child=1 -3 3 4 5 6 -8
leaf_value=-0.0041627976848901925 0.024150668492097592 -0.0066641511100922843 0.002175049638094105 -0.0053882807656363118 0.012591785804735311 0 -0.0089594601154081473
leaf_weight=40.37582133745309 3.3179158736020318 1.8188243084587155 10.094086670316758 5.6795731413876629 0.2868067855015396 0.16224409046117216 0.18229372962377965
leaf_count=398 71 14 189 153 5 15 30
internal_value=-0.00169829 0.0127479 -0.00307804 -0.000217437 -0.00448632 0 -0.00560147
internal_weight=61.9176 5.13674 56.7808 16.405 6.31092 0.631345 0.344538
internal_count=875 85 790 392 203 50 45
is_linear=0
shrinkage=0.03


Tree=236
num_leaves=7
num_cat=0
split_feature=13 10 18 13 13 11
split_gain=1.27236 1.30904 0.208662 0.228473 0.288499 0.145108
threshold=3.5833333333333335 1.0000000180025095e-35 3.5000000000000004 1.8333333333333337 2.1666666666666674 1.0000000180025095e-35
decision_type=2 2 2 2 2 2
left_child=2 -2 3 -1 -5 -6
right_child=1 -3 -4 4 5 -7
leaf_value=-0.0035785092214237384 0.023758476069099022 -0.0064660786578858787 -0.0082383731879938273 0.0040250132635212847 -0.0088458516922088563 0
leaf_weight=35.301164776552469 3.2738310263957819 1.8213277189061043 6.3797404346987596 9.4842802408384141 2.990573007031343 2.6842452713754028
leaf_count=326 71 14 166 150 102 46
internal_value=-0.00164585 0.0124604 -0.00298269 -0.00224389 0.000670532 -0.00438891
internal_weight=61.9352 5.09516 56.84 50.4603 15.1591 5.67482
internal_count=875 85 790 624 298 148
is_linear=0
shrinkage=0.03


Tree=237
num_leaves=6
num_cat=0
split_feature=14 10 18 14 14
split_gain=1.10338 1.24293 0.195757 0.158834 0.264038
threshold=3.5000000000000004 1.0000000180025095e-35 3.5000000000000004 1.5000000000000002 2.5000000000000004
decision_type=2 2 2 2 2
left_child=2 -2 3 -1 -5
right_child=1 -3 -4 4 -6
leaf_value=-0.0032494112886634415 0.022543781925345924 -0.0067148187822732228 -0.0079415950041197472 0.003453385563315398 -0.0045883720038972222
leaf_weight=35.093568491516635 3.2830697324825442 1.8598903670208526 6.3805142556084311 9.5907445696648193 5.7394047230482093
leaf_count=314 81 25 160 156 139
internal_value=-0.00159628 0.0114643 -0.00284955 -0.00213139 0.000238009
internal_weight=61.9472 5.14296 56.8042 50.4237 15.3301
internal_count=875 106 769 609 295
is_linear=0
shrinkage=0.03


Tree=238
num_leaves=11
num_cat=0
split_feature=11 8 5 1 18 18 18 18 18 18
split_gain=0.368782 0.340089 0.330893 1.1147 0.520542 0.163639 0.11327 0.0853912 0.0265854 0.0178459
threshold=1.0000000180025095e-35 1.0000000180025095e-35 0.36666666666666675 1.5000000000000002 2.5000000000000004 3.5000000000000004 2.5000000000000004 3.5000000000000004 1.5000000000000002 1.5000000000000002
decision_type=2 2 2 2 2 2 2 2 2 2
left_child=1 6 4 -4 9 -6 -1 8 -2 -3
right_child=7 2 3 -5 5 -7 -8 -9 -10 -11
leaf_value=-0.002977065749842538 0.0016152445514816024 -0.0026110659218999762 0.026552396741478041 -0.020387227726639538 0.010886890420547425 0 -0.00715922728406229 -0.002178393936140745 0.006092154021026054 -0.0072528320711287781
leaf_weight=24.548491868190467 4.6845226644072646 4.7609731722623092 1.4013909874483932 0.49860230251215387 3.1590373981744042 1.67478981311433 10.47910025785677 1.5006833476945765 5.2212553503923118 4.034159442409873
leaf_count=169 52 44 43 47 100 108 113 30 84 85
internal_value=-0.00154899 -0.00268068 0.00085254 0.0123309 -0.000607285 0.00695997 -0.00433045 0.00318596 0.00431212 -0.00513502
internal_weight=61.963 50.5565 15.529 1.89999 13.629 4.83383 35.0276 11.4065 9.90578 8.79513
internal_count=875 709 427 90 337 208 282 166 136 129
is_linear=0
shrinkage=0.03


Tree=239
num_leaves=16
num_cat=0
split_feature=11 2 2 8 18 18 18 18 8 8 2 2 18 18 18
split_gain=0.348123 3.03055 0.511886 0.817599 1.37628 0.665417 0.312432 0.288546 1.21537 0.294052 0.974166 0.184762 0.155491 0.142326 0.0146461
threshold=1.0000000180025095e-35 1.5000000000000002 1.5000000000000002 1.0000000180025095e-35 1.5000000000000002 1.5000000000000002 1.5000000000000002 2.5000000000000004 1.0000000180025095e-35 1.0000000180025095e-35 3.5000000000000004 4.5000000000000009 3.5000000000000004 2.5000000000000004 2.5000000000000004
decision_type=2 2 2 2 2 2 2 2 2 2 2 2 2 2 2
left_child=2 6 3 4 -1 -5 -2 9 12 11 -11 -4 -9 -6 -7
right_child=1 -3 7 5 13 14 -8 8 -10 10 -12 -13 -14 -15 -16
leaf_value=-0.027794865693441553 0.0036008987767173072 -0.02951051347530402 0.0059262738184331825 0.010245890944304033 -0.0075487544917236492 -0.0068899504621361927 0.015734143375165262 -0.015316286502490716 0.014805671542581446 -0.019823745874664064 0.017902268358313711 -0.00071747519881391647 -0.0045774992201488909 0 -0.0018540229951470469
leaf_weight=3.2651204019784936 4.4295590426772815 1.9648343813605595 11.589796092361221 3.6829945296049118 5.289807391818611 4.2022450873628259 4.9972570976242423 3.4472688020905462 2.1104060590732843 1.7142329080961638 0.77327380306087423 4.4219932893756768 3.6592508850153536 3.3839236609637737 3.0100547317415476
leaf_count=25 40 68 85 34 40 60 58 45 198 20 73 19 41 27 42
internal_value=-0.00150461 0.00309591 -0.00260464 -0.00592196 -0.0113106 0 0.0104454 3.19525e-05 -0.0041658 0.00229585 -0.00669807 0.0039122 -0.0103433 -0.00451731 -0.00525257
internal_weight=61.942 11.3917 50.5504 22.8341 11.9389 10.8953 9.42682 27.7162 9.21693 18.4993 2.48751 16.0118 7.10652 8.67373 7.2123
internal_count=875 166 709 228 92 136 98 481 284 197 93 104 86 67 102
is_linear=0
shrinkage=0.03


Tree=240
num_leaves=12
num_cat=0
split_feature=10 18 8 13 18 18 4 1 13 13 13
split_gain=0.902577 0.780875 0.387092 0.684228 0.214547 0.248826 0.180271 0.922218 0.144787 0.0335299 0.00296989
threshold=1.0000000180025095e-35 1.5000000000000002 1.0000000180025095e-35 1.5833333333333337 2.5000000000000004 1.5000000000000002 0.83333333333333337 1.5000000000000002 3.5833333333333335 1.1666666666666667 2.8333333333333335
decision_type=2 2 2 2 2 2 2 2 2 2 2
left_child=2 -2 3 4 5 -1 8 -8 9 -4 -11
right_child=1 -3 6 -5 -6 -7 7 -9 -10 10 -12
leaf_value=0.0037776584350848207 -0.0019303078898949624 -0.028900281635304375 0.0036463867655247974 -0.0076991211096362295 0.0052705882219842935 -0.0028238047793997458 0.027305733556222133 -0.018313508399904085 0.012188224207746946 0 0.0011406287103612569
leaf_weight=8.479162000585351 2.8120344090275458 1.6437863851897416 6.0778990872204268 9.3222401664825139 9.3921493119560164 12.632466803304851 1.2943440787494171 0.39721720316447306 1.5651926891878254 4.4011018483433872 1.9544433047994969
leaf_count=61 22 53 141 153 61 71 44 41 35 113 72
internal_value=-7.14386e-05 -0.0129542 0.000930045 -0.000577534 0.00151891 -2.56867e-05 0.00492611 0.0144945 0.00346249 0.0020362 0
internal_weight=59.972 4.45582 55.5162 39.826 30.5038 21.1116 15.6902 1.69156 13.9986 12.4334 6.35555
internal_count=867 75 792 346 193 132 446 85 361 326 185
is_linear=0
shrinkage=0.03


Tree=241
num_leaves=15
num_cat=0
split_feature=8 14 18 2 6 15 2 18 2 18 13 13 2 13
split_gain=0.478665 0.628416 0.7575 0.548764 1.80083 0.577561 0.497362 0.408996 0.133523 0.0892226 0.0438724 0.00589433 0.00405389 0.0176811
threshold=1.0000000180025095e-35 3.5000000000000004 1.5000000000000002 3.5000000000000004 1.5000000000000002 1.0000000180025095e-35 2.5000000000000004 2.5000000000000004 4.5000000000000009 3.5000000000000004 2.8333333333333335 1.8333333333333337 1.5000000000000002 1.8333333333333337
decision_type=2 2 2 2 2 2 2 2 2 2 2 2 2 2
left_child=1 6 -3 5 -5 10 7 12 9 -8 11 -2 13 -1
right_child=3 2 -4 4 -6 -7 8 -9 -10 -11 -12 -13 -14 -15
leaf_value=0.00021490926327398185 -0.0029365431099551286 -0.00010760430250929342 -0.030115527691357485 0.027943328002163304 -0.024165544420818825 0.018180627133246339 -0.0091774430233551238 0.009535717863420435 0 -0.0015556080368019883 0.0018144528493664108 -7.0626122495245444e-05 0.00052236949378337201 -0.0017238727863706275
leaf_weight=9.1589541910216266 4.8992651626467687 1.9457927467301481 1.4037048075115306 2.4111821716651316 0.63919931300915767 1.514351526973768 6.7655253285774943 4.7949184146709731 3.9474826328223562 3.0983135420829058 2.8552309647202483 3.5053354576230049 7.2699376509990534 5.6618749909102908
leaf_count=68 38 15 38 251 46 68 81 46 24 40 31 27 46 48
internal_value=-6.78703e-05 -0.00172505 -0.0140615 0.00433823 0.0156513 0.00130314 -0.000604205 0.00168917 -0.00526429 -0.00712409 -0.000842712 -0.00210888 0 -0.000331275
internal_weight=59.8711 44.0465 3.3495 15.8246 3.05038 12.7742 40.697 26.8857 13.8113 9.86384 11.2598 8.4046 22.0908 14.8208
internal_count=867 406 53 461 297 164 353 208 145 121 96 65 162 116
is_linear=0
shrinkage=0.03


Tree=242
num_leaves=12
num_cat=0
split_feature=10 2 2 11 14 8 2 2 14 2 2
split_gain=0.853929 2.97478 0.491157 1.75738 0.380547 0.229783 1.37471 0.738213 0.107344 0.00339755 0.00855788
threshold=1.0000000180025095e-35 1.5000000000000002 1.5000000000000002 1.0000000180025095e-35 1.5000000000000002 1.0000000180025095e-35 3.5000000000000004 4.5000000000000009 2.5000000000000004 4.5000000000000009 2.5000000000000004
decision_type=2 2 2 2 2 2 2 2 2 2 2
left_child=2 -2 8 5 -3 9 -7 -8 -1 10 -4
right_child=1 4 3 -5 -6 6 7 -9 -10 -11 -12
leaf_value=0.0043315279656978706 -0.041421426496095558 -0.0061391798302897821 -3.6867860797474368e-05 -0.029556328893014513 0.015575374464011178 -0.016364579518883822 0.024625237790774652 -0.017254307182784027 0 0 -0.0022484550854938779
leaf_weight=24.454774339683357 1.8057495141401876 0.90349610918201539 5.6462993612513026 1.851352828554808 1.6970938004087655 1.362206503516062 2.4905373277142648 0.28389905346557487 7.0612907810136667 3.9317269121529526 8.2902694323565811
leaf_count=212 16 15 32 68 44 19 263 10 96 17 75
internal_value=-6.85887e-05 -0.0126731 0.000901388 -0.00226611 0.00697246 1.75141e-05 0.00642969 0.018845 0.00339352 -0.00132751 -0.00157282
internal_weight=59.7787 4.40634 55.3724 23.8563 2.60059 22.0049 4.13664 2.77444 31.5161 17.8683 13.9366
internal_count=867 75 792 484 59 416 292 273 308 124 107
is_linear=0
shrinkage=0.03


Tree=243
num_leaves=13
num_cat=0
split_feature=10 2 13 2 11 13 2 2 13 14 2 2
split_gain=0.811213 2.85884 0.58638 0.466591 1.70038 0.230349 0.717462 0.265527 0.101226 0.0301408 0.0171319 0.00617879
threshold=1.0000000180025095e-35 1.5000000000000002 1.8333333333333337 1.5000000000000002 1.0000000180025095e-35 1.1666666666666667 3.5000000000000004 4.5000000000000009 2.8333333333333335 3.5000000000000004 4.5000000000000009 3.5000000000000004
decision_type=2 2 2 2 2 2 2 2 2 2 2 2
left_child=3 -2 -3 8 5 10 -7 9 -1 -8 11 -5
right_child=1 2 -4 4 -6 6 7 -9 -10 -11 -12 -13
leaf_value=0.0042112038138835623 -0.040917766365822263 -0.0087523561405879035 0.018294145721600888 0.00033843385847407039 -0.029409505213368946 -0.024920505568059775 0.011225340734021422 -0.017097298482770036 0 0 0 0.0024567472317220144
leaf_weight=24.40256102336571 1.7748373171780247 1.0093897167826074 1.5897379475645719 5.849107644520708 1.8059634316014115 1.1865481152199202 1.2721274606883524 0.2817522914847358 7.0612907810136667 0.27110449969768513 3.9300963878631583 9.1699681419413537
leaf_count=212 16 17 42 36 68 19 151 11 96 25 16 158
internal_value=-7.53852e-05 -0.0124077 0.00674386 0.000867709 -0.00222505 0 -0.00742764 0.00309098 0.00329856 0.00941865 0.00136805 0.0018379
internal_weight=59.6045 4.37396 2.59913 55.2305 23.7667 21.9607 3.01153 1.82498 31.4639 1.54323 18.9492 15.0191
internal_count=867 75 59 792 484 416 206 187 308 176 210 194
is_linear=0
shrinkage=0.03


Tree=244
num_leaves=11
num_cat=0
split_feature=13 18 2 18 6 14 11 13 18 11
split_gain=0.215412 0.337415 0.387298 0.14207 0.640508 0.315344 0.153467 0.117783 0.0772509 0.0716164
threshold=1.1666666666666667 1.5000000000000002 1.5000000000000002 2.5000000000000004 1.5000000000000002 2.5000000000000004 1.0000000180025095e-35 3.5833333333333335 2.5000000000000004 1.0000000180025095e-35
decision_type=2 2 2 2 2 2 2 2 2 2
left_child=1 2 -1 5 6 9 7 -5 -3 -2
right_child=3 8 -4 4 -6 -7 -8 -9 -10 -11
leaf_value=0.012113175673943198 0.0021474979519361492 -0.0020140392951660648 0.00036189736478861535 0.01332228329820764 -0.024018611090502677 -0.008747612128864931 -0.00088193586392642078 0 0.0011091480156078068 -0.003290013912001856
leaf_weight=4.67262552725151 4.926937509095298 15.021850585937502 6.5641163559630513 2.1520838555879882 0.64171537791844446 6.9811033189762375 1.3802567254751918 1.1912910882383587 12.21477524191141 3.7129212054423988
leaf_count=53 89 122 49 136 52 113 35 30 157 31
internal_value=-7.69781e-05 0.00120358 0.00557686 -0.00256143 0.00122241 -0.0040514 0.00570024 0.00923552 -0.000504711 0
internal_weight=59.4597 38.4734 11.2367 20.9863 5.36535 15.621 4.72363 3.34337 27.2366 8.63986
internal_count=867 381 102 486 253 233 201 166 279 120
is_linear=0
shrinkage=0.03


Tree=245
num_leaves=12
num_cat=0
split_feature=2 18 8 2 13 13 2 8 18 8 8
split_gain=0.419239 0.294567 1.50025 0.0568787 0.879617 0.750252 0.271804 0.970637 0.120481 0.184681 0.00827771
threshold=4.5000000000000009 3.5000000000000004 1.0000000180025095e-35 1.5000000000000002 3.5833333333333335 3.5833333333333335 3.5000000000000004 1.0000000180025095e-35 1.5000000000000002 1.0000000180025095e-35 1.0000000180025095e-35
decision_type=2 2 2 2 2 2 2 2 2 2 2
left_child=1 3 -3 5 6 8 -5 -8 9 -1 -10
right_child=-2 2 -4 4 -6 -7 7 -9 10 -11 -12
leaf_value=-0.0040013894904504035 -0.0098556280795115379 -0.0013893954330599274 0.03030011898734283 -0.007368718915303895 0.022103998315485453 -0.013014350817728049 -0.0046207347978640687 0.020676426713053708 0.0041532783201814064 0.0042092515354892248 0.0013420021494142912
leaf_weight=5.9825684539973789 3.8817063559545195 5.3067288867896414 1.6317764502018688 8.9506421829573846 1.153151626465841 3.306801408994942 7.3605227407533675 1.5707791980821637 11.673736983211713 3.8992135059088469 5.1950866002589455
leaf_count=47 53 70 114 80 29 36 79 154 105 36 79
internal_value=-0.000433863 0.000181805 0.00596163 -0.000584562 -0.00187714 0.000138052 -0.00370477 0 0.00191804 -0.000451325 0.0034773
internal_weight=59.9127 56.031 6.93851 49.0925 19.0351 30.0574 17.8819 8.9313 26.7506 9.88178 16.8688
internal_count=882 829 184 645 342 303 313 233 267 83 184
is_linear=0
shrinkage=0.03


Tree=246
num_leaves=12
num_cat=0
split_feature=2 18 8 2 13 13 2 18 8 18 8
split_gain=0.395304 0.278097 1.44936 0.0531134 0.837372 0.704355 0.255299 0.113836 0.174096 0.0230252 0.00717424
threshold=4.5000000000000009 3.5000000000000004 1.0000000180025095e-35 1.5000000000000002 3.5833333333333335 3.5833333333333335 3.5000000000000004 1.5000000000000002 1.0000000180025095e-35 2.5000000000000004 1.0000000180025095e-35
decision_type=2 2 2 2 2 2 2 2 2 2 2
left_child=1 3 -3 5 6 7 -5 8 -1 -8 -9
right_child=-2 2 -4 4 -6 -7 9 10 -10 -11 -12
leaf_value=-0.0038763235162509102 -0.0095653198753961506 -0.0013483070196771553 0.030020403348126348 -0.0071363566843484372 0.021693156067570902 -0.012569393120447728 -0.0015060257213675269 0.0040365430607468313 0.0040974893807700684 0.0015105583522727129 0.0013035385081040592
leaf_weight=5.993381132371729 3.8825533454073584 5.307432106579653 1.5990009554661808 8.9678072629030829 1.1418088823556889 3.3244134555570772 4.4193571992218494 11.654189228545876 3.8882969990372658 4.4895157956052572 5.190939729101955
leaf_count=47 53 70 114 80 29 36 111 105 36 122 79
internal_value=-0.00041702 0.000179942 0.00581092 -0.000561796 -0.00181217 0.000133412 -0.00359269 0.00186624 -0.000428576 0 0.00338405
internal_weight=59.8587 55.9761 6.90643 49.0697 19.0185 30.0512 17.8767 26.7268 9.88168 8.90887 16.8451
internal_count=882 829 184 645 342 303 313 267 83 233 184
is_linear=0
shrinkage=0.03


Tree=247
num_leaves=12
num_cat=0
split_feature=2 18 13 13 2 2 13 13 2 18 18
split_gain=0.372688 0.262583 0.808406 1.31131 0.280831 0.0496668 0.797061 0.661369 0.239705 0.10756 0.0216939
threshold=4.5000000000000009 3.5000000000000004 1.4166666666666667 2.8333333333333335 3.5000000000000004 1.5000000000000002 3.5833333333333335 3.5833333333333335 3.5000000000000004 1.5000000000000002 2.5000000000000004
decision_type=2 2 2 2 2 2 2 2 2 2 2
left_child=1 5 -3 -4 -5 7 8 9 -7 -1 -10
right_child=-2 2 3 4 -6 6 -8 -9 10 -11 -12
leaf_value=-0.00040651484542160058 -0.0092839307870339876 0.012667596466940677 -0.033387479771732557 0.023268784633093679 -0.0012317220872033871 -0.0069118274720900092 0.021285643916327927 -0.012141606040260093 -0.0014614361938430249 0.0032933348353512627 0.0014666369349252905
leaf_weight=9.8815409028902703 3.8832438905956215 4.7762100473046294 0.97450151853263411 0.64445045590400674 0.48019981721881777 8.9843435976654327 1.1308412707876403 3.3415542757138601 4.4206024624872953 16.822112708818167 4.4882576470263302
leaf_count=83 53 72 46 14 52 80 29 36 111 184 122
internal_value=-0.000401454 0.000177036 0.00566319 -0.00876114 0.0111116 -0.0005406 -0.00175002 0.000128927 -0.0034828 0.00181589 0
internal_weight=59.8279 55.9446 6.87536 2.09915 1.12465 49.0693 19.024 30.0452 17.8932 26.7037 8.90886
internal_count=882 829 184 112 66 645 342 303 313 267 233
is_linear=0
shrinkage=0.03


Tree=248
num_leaves=13
num_cat=0
split_feature=2 8 2 2 3 13 13 11 11 2 13 13
split_gain=0.351037 0.250412 1.20836 1.03637 0.588696 0.442999 0.0454239 0.519336 0.0724002 0.145222 0.0308005 0.0165586
threshold=4.5000000000000009 1.0000000180025095e-35 3.5000000000000004 1.5000000000000002 2.5000000000000004 2.8333333333333335 2.8333333333333335 1.0000000180025095e-35 1.0000000180025095e-35 3.5000000000000004 1.5833333333333337 3.5833333333333335
decision_type=2 2 2 2 2 2 2 2 2 2 2 2
left_child=1 6 3 5 -4 -3 8 -8 9 -1 -10 -9
right_child=-2 2 4 -5 -6 -7 7 11 10 -11 -12 -13
leaf_value=-0.0024000800321778135 -0.0090111500301103403 0.0070955739220191945 0.027686618300131097 -0.02066936627688443 -0.011849429725378365 -0.0060039352727796124 -0.009705798816312115 0.00364519088124164 -0.00011189071887699752 0.0020979774395832374 -0.0057564049536423644 0.010972707891273137
leaf_weight=16.854411447653547 3.8837892448063931 7.9829222271218878 2.1932312780991192 1.8070601711515326 0.22525337082333852 2.9446181887760758 2.3646347171161315 2.878823307226412 2.4837337313219896 9.8219621523749101 4.6524739352753386 1.7017852280987424
leaf_count=118 53 96 250 28 19 38 54 43 35 82 40 26
internal_value=-0.000391016 0.00016923 0.00349394 -2.68371e-05 0.0224888 0.0032712 -0.000998941 0.000952074 -0.00148978 -0.000630253 -0.00423513 0.00718472
internal_weight=59.7947 55.9109 15.1531 12.7346 2.41848 10.9275 40.7578 6.94524 33.8126 26.6764 7.13621 4.58061
internal_count=882 829 431 162 269 134 398 123 275 200 75 69
is_linear=0
shrinkage=0.03


Tree=249
num_leaves=12
num_cat=0
split_feature=2 18 8 2 14 14 2 8 18 8 8
split_gain=0.33052 0.239159 1.38977 0.0451252 0.664961 0.621506 0.208023 0.968754 0.104306 0.153052 0.0100507
threshold=4.5000000000000009 3.5000000000000004 1.0000000180025095e-35 1.5000000000000002 3.5000000000000004 3.5000000000000004 3.5000000000000004 1.0000000180025095e-35 1.5000000000000002 1.0000000180025095e-35 1.0000000180025095e-35
decision_type=2 2 2 2 2 2 2 2 2 2 2
left_child=1 3 -3 5 6 8 -5 -8 9 -1 -10
right_child=-2 2 -4 4 -6 -7 7 -9 10 -11 -12
leaf_value=-0.003666395596759383 -0.0087466835500886724 -0.0015087920190149616 0.029657819041418308 -0.0064787985370939024 0.018949425772058208 -0.011765877296139721 -0.0045248662487195395 0.021399586412647296 0.0038896073441670987 0.0038097969986529627 0.0010794240825831489
leaf_weight=6.0096451556310111 3.8842002904275423 5.277345676906406 1.5393133717589078 9.0018250179709902 1.1731565941590805 3.3476413926109663 7.3569908032659441 1.4705050364136694 11.624558741692455 3.8603914231061935 5.1697111790999761
leaf_count=47 53 70 114 76 38 36 77 151 105 36 79
internal_value=-0.000382926 0.000159906 0.00542244 -0.000520447 -0.00167397 0.000113429 -0.00329642 0 0.00175533 -0.000432505 0.00321364
internal_weight=59.7153 55.8311 6.81666 49.0144 19.0025 30.0119 17.8293 8.8275 26.6643 9.87004 16.7943
internal_count=882 829 184 645 342 303 304 228 267 83 184
is_linear=0
shrinkage=0.03


Tree=250
num_leaves=18
num_cat=0
split_feature=17 13 13 18 18 18 2 11 2 13 13 1 2 2 18 2 2
split_gain=0.207822 0.196854 0.415327 0.601204 2.24008 0.303161 0.224387 0.202113 0.509396 0.567361 0.556557 0.15536 0.0928089 0.0721729 0.0291777 0.0607281 0.0308278
threshold=1.0000000180025095e-35 2.8333333333333335 1.1666666666666667 1.5000000000000002 3.5000000000000004 1.5000000000000002 1.5000000000000002 1.0000000180025095e-35 1.5000000000000002 3.5833333333333335 3.5833333333333335 1.5000000000000002 3.5000000000000004 1.5000000000000002 3.5000000000000004 3.5000000000000004 4.5000000000000009
decision_type=2 2 2 2 2 2 2 2 2 2 2 2 2 2 2 2 2
left_child=1 2 5 -4 -5 6 -1 8 9 -3 12 13 -10 -2 15 -7 -17
right_child=11 7 3 4 -6 14 -8 -9 10 -11 -12 -13 -14 -15 -16 16 -18
leaf_value=0.0104587342609649 0.0045193321254343253 0.005702897885669635 -0.012202724912548609 0.014819621692505522 -0.033836597093136869 -0.0027990269708936723 0.0012316685438889129 0.0096592760641354639 -0.013794653421631777 -0.015548561732626783 0.023101131745196651 -0.02140280692667924 0.00058456729576475766 -0.0081623325856949886 0.0012167874557074754 0.0015011491349461146 -0.0016735938011660995
leaf_weight=4.5677231848239881 0.53809185419231542 1.8221062328666429 5.5743814569432271 3.3028179246466607 1.0253915428183971 9.8507643202319795 6.68722587171942 3.9071894842199981 0.38558423239737749 2.2711331509053707 1.4498170055449009 0.57773343136068422 0.66939544305205345 0.68219934869557619 5.5755593040958038 7.6901280265301448 3.706008642911911
leaf_count=49 27 23 34 96 48 60 44 55 3 22 37 88 71 22 74 104 15
internal_value=0.000198899 0.000563562 -0.000194215 -0.00568791 0.00211125 0.00116708 0.00529972 0.00427659 0.000544591 -0.00546263 0.0113459 -0.00948682 -0.00281278 -0.000379327 -0.000468831 -0.00105533 0.000202192
internal_weight=60.2833 58.4852 47.98 9.90259 4.32821 38.0774 11.2549 10.5052 6.59804 4.09324 2.5048 1.79802 1.05498 1.22029 26.8225 21.2469 11.3961
internal_count=872 735 524 178 144 346 93 211 156 45 111 137 74 49 253 179 119
is_linear=0
shrinkage=0.03


Tree=251
num_leaves=17
num_cat=0
split_feature=17 8 13 13 18 18 18 8 11 18 13 18 15 17 18 15
split_gain=0.198793 0.431744 0.186703 0.392723 0.561516 2.13109 0.287228 0.195206 0.191123 0.0995634 0.396999 0.147098 0.0472197 0.0565133 0.0275615 0.000670537
threshold=1.0000000180025095e-35 1.0000000180025095e-35 2.8333333333333335 1.1666666666666667 1.5000000000000002 3.5000000000000004 1.5000000000000002 1.0000000180025095e-35 1.0000000180025095e-35 1.5000000000000002 3.5833333333333335 2.5000000000000004 1.1000000000000003 1.535714285714286 3.5000000000000004 2.0625000000000004
decision_type=2 2 2 2 2 2 2 2 2 2 2 2 2 2 2 2
left_child=2 -2 3 6 -5 7 -1 -6 9 -4 11 -11 -3 15 -8 -14
right_child=1 12 8 4 5 -7 14 -9 -10 10 -12 -13 13 -15 -16 -17
leaf_value=0.0051665887858893351 -0.02483871754316018 0.011006016919046818 0.0056256184755020533 -0.011802490120505934 0.005193103605045454 -0.033093964887654967 -0.0010236022065701572 0.023184965449813719 0.0094262769840189262 -0.0017670528787669599 -0.012833377487915141 0.010942962718474211 0 0.0064847057174551234 0.0011813337434028179 -0.0098382965445629033
leaf_weight=11.223206123337148 0.79100668989121803 0.26985374093055725 2.3852514158934337 5.5936045867856574 1.8242797062266618 1.0192875840002669 21.256487372796986 1.4515703679062426 3.8864458277821541 0.92508976021781597 1.7380505134351549 1.5418053446337578 0.20168237411417067 0.23433641111478209 5.573635669425129 0.28645872219931334
leaf_count=93 61 12 16 34 27 48 179 69 55 17 46 77 23 11 74 30
internal_value=0.000193188 -0.00931602 0.000550163 -0.000185879 -0.00553366 0.00203052 0.00113605 0.0145048 0.00417191 0.000530254 -0.00172675 0.0051248 0.00145217 0 -0.000451468 -0.00791041
internal_weight=60.2021 1.78334 58.4187 47.9421 9.88874 4.29514 38.0533 3.27585 10.4766 6.5902 4.20495 2.4669 0.992331 0.722478 26.8301 0.488141
internal_count=872 137 735 524 178 144 346 96 211 156 140 94 76 64 253 53
is_linear=0
shrinkage=0.03


Tree=252
num_leaves=12
num_cat=0
split_feature=17 8 6 10 18 8 18 18 18 8 18
split_gain=0.189132 0.420151 0.558179 0.108022 0.111072 0.342268 0.222364 0.206982 0.18813 0.105469 0.0103301
threshold=1.0000000180025095e-35 1.0000000180025095e-35 2.5000000000000004 1.0000000180025095e-35 1.5000000000000002 1.0000000180025095e-35 3.5000000000000004 2.5000000000000004 3.5000000000000004 1.0000000180025095e-35 2.5000000000000004
decision_type=2 2 2 2 2 2 2 2 2 2 2
left_child=3 -2 -3 4 9 8 7 -7 10 -1 -6
right_child=1 2 -4 -5 5 6 -8 -9 -10 -11 -12
leaf_value=0 -0.024665886124693458 0.021897670724871348 -0.018884880736043021 0.0053283971491149577 8.3690916124511247e-05 0.0084246025786687238 0.016479523480807806 -0.0012997051476606257 -0.0052864489640383379 -0.0050625158785805565 0.0017335562405050083
leaf_weight=12.157503869384529 0.77361696178559103 0.56088582240045071 0.42611425230279565 3.8832557522691777 15.306518065510323 3.529474751558153 1.6444868422113357 3.3155529429204762 5.6485073055373496 5.7218375832308075 7.1499871038831762
leaf_count=77 61 22 54 49 111 97 102 107 66 62 64
internal_value=0.00018807 -0.00914335 0.0014133 0.000536076 0.000130339 0.00112699 0.00638988 0.00333154 -0.000373393 -0.00173763 0.000747352
internal_weight=60.1177 1.76062 0.987 58.3571 54.4739 36.5945 8.48951 6.84503 28.105 17.8793 22.4565
internal_count=872 137 76 735 686 547 306 204 241 139 175
is_linear=0
shrinkage=0.03


Tree=253
num_leaves=14
num_cat=0
split_feature=17 6 13 13 18 18 18 2 2 13 18 2 2
split_gain=0.182715 0.22436 0.172044 0.367026 0.519212 2.02891 0.275167 0.217006 0.176416 0.0878019 0.0275822 0.0579901 0.0285612
threshold=1.0000000180025095e-35 2.5000000000000004 2.8333333333333335 1.1666666666666667 1.5000000000000002 3.5000000000000004 1.5000000000000002 1.5000000000000002 2.5000000000000004 3.5833333333333335 3.5000000000000004 3.5000000000000004 4.5000000000000009
decision_type=2 2 2 2 2 2 2 2 2 2 2 2 2
left_child=2 -2 3 6 -5 -6 7 -1 9 -4 11 -8 -13
right_child=1 -3 8 4 5 -7 10 -9 -10 -11 -12 12 -14
leaf_value=0.010130361789371834 0 -0.022010293613329741 0.0088330450002090336 -0.011355109523240302 0.014210203512423296 -0.032416546230014005 -0.0027332047650141418 0.0010458614277023281 -0.0047585227788282652 0.0018034104926207121 0.0011749938074347107 0.0014525678782336981 -0.001596800610052711
leaf_weight=4.5335384309291822 1.0971329743042577 0.62748506758362044 4.5008214805275166 5.6164446044713241 3.2426893191877753 1.0110803851857779 9.8583093830384367 6.6712596826255322 1.3452073754742748 4.5972496401518583 5.5702426303178063 7.6877732742577773 3.7070515751838684
leaf_count=49 39 98 52 34 96 48 60 44 115 44 74 104 15
internal_value=0.000181704 -0.00908226 0.000521958 -0.000181864 -0.00535876 0.00194841 0.00109365 0.00504398 0.00400571 0.00566535 -0.000457685 -0.00102959 0.000194276
internal_weight=60.0663 1.72462 58.3417 47.8984 9.87021 4.25377 38.0282 11.2048 10.4433 9.09807 26.8234 21.2531 11.3948
internal_count=872 137 735 524 178 144 346 93 211 96 253 179 119
is_linear=0
shrinkage=0.03


Tree=254
num_leaves=13
num_cat=0
split_feature=17 6 13 13 18 18 18 11 18 14 18 18
split_gain=0.174935 0.218538 0.162392 0.347063 0.485105 1.9295 0.260698 0.185499 0.0949819 0.408071 0.127442 0.026057
threshold=1.0000000180025095e-35 2.5000000000000004 2.8333333333333335 1.1666666666666667 1.5000000000000002 3.5000000000000004 1.5000000000000002 1.0000000180025095e-35 1.5000000000000002 3.5000000000000004 2.5000000000000004 3.5000000000000004
decision_type=2 2 2 2 2 2 2 2 2 2 2 2
left_child=2 -2 3 6 -5 -6 -1 8 -4 10 -10 -8
right_child=1 -3 7 4 5 -7 11 -9 9 -11 -12 -13
leaf_value=0.0049170889026463362 0 -0.02184921991101987 0.0053438852765986073 -0.010986311171899923 0.013902781127718259 -0.031693350712930231 -0.00099864310522241066 0.0090847093124712414 -0.0011226872803121403 -0.012945443398619777 0.010563065651912243 0.0011407421883946182
leaf_weight=11.174622365273533 1.0971329743042577 0.61408795265015204 2.3761002365499717 5.6339189937571046 3.2175581399351358 1.0054952282225711 21.262483313214037 3.8506192944478244 0.882555027958006 1.7744181249290703 1.5314351208508012 5.5683889677748075
leaf_count=93 39 98 16 34 96 48 179 55 15 48 77 74
internal_value=0.000174541 -0.00892313 0.000507895 -0.000173827 -0.00521325 0.00187054 0.0010647 0.0038979 0.000314603 -0.00189705 0.00522272 -0.000440659
internal_weight=59.9888 1.71122 58.2776 47.8625 9.85697 4.22305 38.0055 10.4151 6.56451 4.18841 2.41399 26.8309
internal_count=872 137 735 524 178 144 346 211 156 140 92 253
is_linear=0
shrinkage=0.03


Tree=255
num_leaves=14
num_cat=0
split_feature=18 10 13 18 10 13 13 18 6 18 18 13 18
split_gain=0.0651392 1.38848 0.362958 0.465523 0.296085 0.546766 0.267613 1.09351 0.184651 0.209532 0.138415 0.102519 0.00367351
threshold=1.5000000000000002 1.0000000180025095e-35 3.1666666666666674 2.5000000000000004 1.0000000180025095e-35 1.1666666666666667 1.8333333333333337 3.5000000000000004 1.5000000000000002 2.5000000000000004 3.5000000000000004 2.8333333333333335 2.5000000000000004
decision_type=2 2 2 2 2 2 2 2 2 2 2 2 2
left_child=4 2 6 -4 5 -1 10 8 9 -8 12 -7 -2
right_child=1 -3 3 -5 -6 11 7 -9 -10 -11 -12 -13 -14
leaf_value=0.0036921460935165859 -0.001278365506273114 -0.028269535949121613 -0.0260379367676646 0 0.0095563585344984551 -0.0092891133735705043 0.0060596469802979523 -0.019247813977115929 -0.0014633142481462076 0.019184203703158223 0.0033838828072159355 -0.00047552981298204814 -0.0029637669861680262
leaf_weight=9.8361877482384497 16.639643906964928 1.5737927032168944 0.99726653739344273 1.2485909666866062 2.7524124402552834 5.2244101278483859 4.1107152709737402 1.2295072437264023 0.66562992299441237 2.3758016461506486 4.9767096024006596 2.5180904800072312 7.5278913502115747
leaf_count=97 134 60 22 37 21 42 78 82 53 85 64 23 78
internal_value=-0.000780435 -0.00148275 -0.000279292 -0.0117694 0.000501221 -0.000792942 0.000358093 0.00510529 0.00991312 0.0115405 -0.000917366 -0.00684782 -0.00193702
internal_weight=61.6766 41.3455 39.7718 2.24586 20.3311 17.5787 37.5259 8.38165 7.15215 6.48652 29.1442 7.7425 24.1675
internal_count=876 693 633 59 183 162 574 298 216 163 276 65 212
is_linear=0
shrinkage=0.03


Tree=256
num_leaves=12
num_cat=0
split_feature=2 10 18 18 14 18 14 14 18 18 14
split_gain=0.0809663 0.578368 0.153455 0.0522478 0.263794 0.213717 0.70581 0.352357 0.0394799 0.0357027 0.00914071
threshold=2.5000000000000004 1.0000000180025095e-35 3.5000000000000004 3.5000000000000004 3.5000000000000004 2.5000000000000004 1.5000000000000002 2.5000000000000004 2.5000000000000004 1.5000000000000002 1.5000000000000002
decision_type=2 2 2 2 2 2 2 2 2 2 2
left_child=3 2 8 4 5 7 -7 -1 -2 -9 -4
right_child=1 -3 10 -5 -6 6 -8 9 -10 -11 -12
leaf_value=0.0012202737556861738 -0.0010518273114683717 -0.025096114167457897 0.0040012099608476197 -0.0043529015501480115 -0.0074348127634442764 -0.00068534560331174905 0.020457141420962929 -0.012289097550788889 -0.0051540042487528345 -0.0028237782141696715 0
leaf_weight=27.750596398022029 8.6569082440109977 0.87094926822464813 3.8581446474418035 2.2871720641851416 3.5112034251214927 3.7315734075382343 1.9678088516229761 1.8354514222592107 4.6647412923630318 1.8421885082498193 0.64273674285504956
leaf_count=237 158 47 54 27 37 26 37 13 121 31 88
internal_value=-0.000762408 -0.00240548 -0.000995408 0 0.000209701 0.00103127 0.00632404 0 -0.00273947 -0.00854217 0.00346195
internal_weight=61.6195 18.6935 17.8225 42.926 40.6388 37.1276 5.69938 31.4282 13.3216 3.67764 4.50088
internal_count=876 468 421 408 381 344 63 281 279 44 142
is_linear=0
shrinkage=0.03


Tree=257
num_leaves=8
num_cat=0
split_feature=14 4 1 15 14 10 13
split_gain=0.0398944 0.0186576 0.396122 0.097266 0.0152476 0.0283711 0.1635
threshold=3.5000000000000004 0.83333333333333337 1.5000000000000002 1.9000000000000001 2.5000000000000004 1.0000000180025095e-35 1.1666666666666667
decision_type=2 2 2 2 2 2 2
left_child=1 4 3 -3 5 6 -1
right_child=-2 2 -4 -5 -6 -7 -8
leaf_value=0.00020048077422321714 -0.0035615327003620276 0 -0.0193283979244094 0.015255278068158327 -0.0021939041221069972 0.0026009676519046158 -0.0042346455351104121
leaf_weight=37.818463737610728 4.4501312590437001 0.92422975227236681 0.44403254310600448 0.96906442660838366 5.7678717485396183 2.2862888388335696 8.9301146320067328
leaf_count=321 101 26 59 31 157 28 153
internal_value=-0.000747225 -0.000469794 0.0018107 0.00899443 -0.000624819 -0.000375105 -0.000589931
internal_weight=61.5902 57.1401 2.33733 1.89329 54.8027 49.0349 46.7486
internal_count=876 775 116 57 659 502 474
is_linear=0
shrinkage=0.03


Tree=258
num_leaves=10
num_cat=0
split_feature=2 10 2 13 13 13 13 13 13
split_gain=0.0777703 0.56237 0.0443006 0.402941 0.197186 0.00575384 0.0191475 0.00459135 0.00538886
threshold=2.5000000000000004 1.0000000180025095e-35 1.5000000000000002 3.5833333333333335 1.8333333333333337 1.8333333333333337 2.8333333333333335 1.1666666666666667 2.8333333333333335
decision_type=2 2 2 2 2 2 2 2 2
left_child=2 7 3 5 -4 -1 -7 -2 -9
right_child=1 -3 4 -5 -6 6 -8 8 -10
leaf_value=0.00081536648317877757 -0.00050252630876803273 -0.024942824384762429 -0.0010260310314752243 -0.010297497881787783 0.0080735349063927302 -0.00089826223197731142 0.0015307470692556525 -0.0042706855045420511 0
leaf_weight=18.669213559944186 15.572749531595042 0.85186946764588256 5.4863406075164658 3.3324164454825214 3.011836861493066 7.9471238957485166 4.4834006130695343 1.0695620243204751 1.1762028012890366
leaf_count=154 180 47 39 40 31 80 64 124 117
internal_value=-0.000724437 -0.00233539 0 -0.000499648 0.00190642 0.000483702 0 -0.000953974 -0.00265066
internal_weight=61.6007 18.6704 42.9303 34.4322 8.49818 31.0997 12.4305 17.8185 2.24576
internal_count=876 468 408 338 70 298 144 421 241
is_linear=0
shrinkage=0.03


Tree=259
num_leaves=11
num_cat=0
split_feature=18 14 18 18 13 18 18 13 18 18
split_gain=0.0605864 0.450285 0.483694 0.424094 0.191788 0.978302 0.0967247 0.0962412 0.0880741 0.00834945
threshold=1.5000000000000002 3.5000000000000004 2.5000000000000004 3.5000000000000004 1.8333333333333337 3.5000000000000004 2.5000000000000004 1.1666666666666667 3.5000000000000004 2.5000000000000004
decision_type=2 2 2 2 2 2 2 2 2 2
left_child=7 4 -3 -4 8 6 -6 -1 9 -2
right_child=1 2 3 -5 5 -7 -8 -9 -10 -11
leaf_value=0.0026200810001653918 -0.0017017241295787565 -0.025601309860272155 -0.014163075252824182 0.017686647220152781 0.0041682832337362639 -0.019127666420576867 0.013059997798710685 -0.0014039714784033241 0.0014875361262660716 -0.0037492608490551612
leaf_weight=10.485805517062547 16.874494077288553 1.2908081092173227 0.7612177003175018 0.56789805239532143 4.7941838621627522 1.3044007027056066 2.6252281735651195 9.851741749327628 5.2331956466659895 7.8005959623260415
leaf_count=101 138 33 22 27 129 87 101 82 70 86
internal_value=-0.00070794 -0.00138896 -0.0132324 0 -0.000476222 0.00330117 0.00784527 0.000526663 -0.00168533 -0.00248263
internal_weight=61.5896 41.252 2.61992 1.32912 38.6321 8.72381 7.41941 20.3375 29.9083 24.6751
internal_count=876 693 82 49 611 317 230 183 294 224
is_linear=0
shrinkage=0.03


Tree=260
num_leaves=16
num_cat=0
split_feature=2 2 13 18 10 13 2 13 14 13 18 18 18 18 14
split_gain=0.30344 0.666257 0.230272 0.130386 0.274806 0.725774 0.731214 0.170003 0.249679 0.0271299 0.480342 0.0255985 0.0213754 0.0606759 0.00740122
threshold=4.5000000000000009 3.5000000000000004 1.4166666666666667 1.5000000000000002 1.0000000180025095e-35 1.4166666666666667 1.5000000000000002 1.8333333333333337 3.5000000000000004 2.4166666666666674 2.5000000000000004 2.5000000000000004 2.5000000000000004 3.5000000000000004 3.5000000000000004
decision_type=2 2 2 2 2 2 2 2 2 2 2 2 2 2 2
left_child=1 3 12 4 5 6 -1 11 9 -9 -11 -5 -3 -14 -4
right_child=-2 2 14 7 -6 -7 -8 8 -10 10 -12 -13 13 -15 -16
leaf_value=0.013676098511911089 -0.0081439757768279018 0.0038563357995233024 0 -0.0032220405215349392 0.0089509027380988912 -0.008263936817382949 -0.0021731874392317196 0.0056862680726669302 -0.0075810187069187199 -0.010185316293029222 0.013352759095037534 -0.0074268502849235514 0.013841420867406522 0.0058603935092079408 -0.0050253854360354242
leaf_weight=4.1160663999617153 3.8731167396763331 3.0778506025671941 1.8226343307178461 7.9273210433311778 2.7767663565464309 7.380275484872981 6.2247266694903374 3.1130167725495976 2.4235507731791586 1.4932518812129276 1.3987932894378898 5.0613046484068036 3.0582712227478623 4.5199844613671303 0.32571362750604738
leaf_count=52 59 50 190 54 22 47 40 62 39 31 29 35 56 63 26
internal_value=-9.82984e-05 0.000430277 0.00643284 -0.00134296 0.000235348 -0.00100454 0.00391872 -0.00298702 0 0.00361263 0.000262446 -0.00513397 0.00827853 0.00961024 -0.00134876
internal_weight=58.5926 54.7195 12.8045 41.9151 20.4978 17.7211 10.3408 21.4172 8.42861 6.00506 2.89205 12.9886 10.6561 7.57826 2.14835
internal_count=855 796 385 411 161 139 92 250 161 122 60 89 169 119 216
is_linear=0
shrinkage=0.03


Tree=261
num_leaves=15
num_cat=0
split_feature=2 2 8 8 13 18 18 18 13 18 18 18 18 18
split_gain=0.285902 0.629477 0.738686 0.367009 0.762217 2.00113 0.686777 0.487831 0.367747 0.0712394 0.0665588 0.0515814 0.0379398 0.00468048
threshold=4.5000000000000009 3.5000000000000004 1.0000000180025095e-35 1.0000000180025095e-35 1.8333333333333337 2.5000000000000004 1.5000000000000002 2.5000000000000004 2.4166666666666674 2.5000000000000004 1.5000000000000002 2.5000000000000004 3.5000000000000004 1.5000000000000002
decision_type=2 2 2 2 2 2 2 2 2 2 2 2 2 2
left_child=1 3 9 8 5 6 -5 10 11 -3 -6 13 -11 -1
right_child=-2 2 -4 4 7 -7 -8 -9 -10 12 -12 -13 -14 -15
leaf_value=0.0018184386432898345 -0.0079055236019768028 -0.00033081457395020704 0.022060655532205171 0.012507466222068841 -0.0062473339754945392 -0.037640431823367092 -0.01293905647189237 0.013003576108836934 -0.0064696693439472239 0.0073280200610580703 0 0.0057041258767155665 0.0015720089807934661 0.00021692150511928274
leaf_weight=12.434561605565259 3.8732563892845056 3.2161288368515653 2.1536117461509994 1.7786963877733779 3.5504588517360389 1.933115513063967 1.8364679189398885 2.0150714935734868 5.2554204192711031 2.8617903767153621 1.958029046654701 3.6713977629551655 4.5561403948813677 7.4959166131447992
leaf_count=87 59 40 253 30 23 9 19 37 79 38 40 34 54 53
internal_value=-9.48063e-05 0.000416779 0.00625735 -0.00130377 -0.00547395 -0.0138247 0 0.00039138 0.00049403 0.00260167 -0.003837 0.00219196 0.00425962 0.00136996
internal_weight=58.5901 54.7168 12.7877 41.9291 13.0718 5.54828 3.61516 7.52356 28.8573 10.6341 5.50849 23.6019 7.41793 19.9305
internal_count=855 796 385 411 158 58 49 100 253 132 63 174 92 140
is_linear=0
shrinkage=0.03


Tree=262
num_leaves=15
num_cat=0
split_feature=2 2 11 18 11 13 13 18 13 13 2 2 13 13
split_gain=0.269704 0.595764 1.98103 0.11571 0.344639 0.204662 0.296878 0.197271 0.180044 0.156593 0.536916 0.353553 0.0792567 0.0132657
threshold=4.5000000000000009 3.5000000000000004 1.0000000180025095e-35 1.5000000000000002 1.0000000180025095e-35 1.8333333333333337 2.4166666666666674 2.5000000000000004 3.5833333333333335 1.4166666666666667 1.5000000000000002 1.5000000000000002 1.8333333333333337 3.5833333333333335
decision_type=2 2 2 2 2 2 2 2 2 2 2 2 2 2
left_child=1 3 12 9 5 -5 -7 -6 -8 11 -11 -1 -3 -14
right_child=-2 2 -4 4 7 6 8 -9 -10 10 -12 -13 13 -15
leaf_value=0.0094585702312908419 -0.0076742426524059023 0.01145161868543417 -0.027360013026902393 -0.0068937816291902154 0 0.011107819477099169 -0.010558547241276398 0.01252406767855296 0.0018681372692432748 -0.007372706208827998 0.0076247944859241289 -0.0011743761675918911 0.003351414717171472 0
leaf_weight=4.3097100630402583 3.8732990690041325 9.7623024503700382 1.2807073892327032 12.169511039508512 2.8610066608525804 1.488396641332655 1.9443404137855396 1.5501249372027812 1.4295350925531238 6.5905448598787171 2.9246028724592179 6.6533451862633228 1.4843845828436322 0.22391929943114508
leaf_count=53 59 156 40 80 36 48 40 26 20 39 26 43 169 20
internal_value=-8.66264e-05 0.00040918 0.0061019 -0.00126141 -0.00280922 -0.00482539 0 0.00424478 -0.00452747 0.000219316 -0.00241967 0.00278211 0.0103014 0.00179966
internal_weight=58.5457 54.6724 12.7513 41.9211 21.4429 17.0318 4.86227 4.41113 3.37388 20.4782 9.51515 10.9631 11.4706 1.7083
internal_count=855 796 385 411 250 188 108 62 60 161 65 96 345 189
is_linear=0
shrinkage=0.03


Tree=263
num_leaves=10
num_cat=0
split_feature=2 2 11 8 8 13 13 13 13
split_gain=0.254173 0.561244 1.89888 0.36642 0.345052 0.716957 0.349214 0.339695 0.123196
threshold=4.5000000000000009 3.5000000000000004 1.0000000180025095e-35 1.0000000180025095e-35 1.0000000180025095e-35 1.8333333333333337 2.4166666666666674 3.5833333333333335 2.4166666666666674
decision_type=2 2 2 2 2 2 2 2 2
left_child=1 4 3 -3 6 -6 -1 8 -7
right_child=-2 2 -4 -5 5 7 -8 -9 -10
leaf_value=0.0021792302713394564 -0.0074499001851085593 0.00686020401436278 -0.027213132166493802 0.021808646812715746 -0.013365290849379881 0 -0.0062537511426395843 0.012632995821282874 -0.0085738601620998361
leaf_weight=23.598910392960537 3.8732520125340661 9.333488724660123 1.2499958671396605 2.1000988399609932 5.5486243504565191 4.0111105465330184 5.2604141333140424 1.5858323127031324 1.9250280942069364
leaf_count=174 59 94 40 251 58 54 79 17 29
internal_value=-8.29361e-05 0.000397368 0.00594193 0.0100313 -0.0012186 -0.0052648 0.000522204 0.000413931 -0.00250858
internal_weight=58.4868 54.6135 12.6836 11.4336 41.9299 13.0706 28.8593 7.52197 5.93614
internal_count=855 796 385 345 411 158 253 100 83
is_linear=0
shrinkage=0.03


Tree=264
num_leaves=14
num_cat=0
split_feature=2 2 11 8 8 13 18 18 18 13 18 18 18
split_gain=0.239491 0.530898 1.82215 0.358213 0.323218 0.67058 1.85326 0.623091 0.45761 0.328524 0.0620212 0.0485914 0.00169062
threshold=4.5000000000000009 3.5000000000000004 1.0000000180025095e-35 1.0000000180025095e-35 1.0000000180025095e-35 1.8333333333333337 2.5000000000000004 1.5000000000000002 2.5000000000000004 2.4166666666666674 1.5000000000000002 2.5000000000000004 1.5000000000000002
decision_type=2 2 2 2 2 2 2 2 2 2 2 2 2
left_child=1 4 3 -3 9 6 7 -6 10 11 -7 12 -1
right_child=-2 2 -4 -5 5 8 -8 -9 -10 -11 -12 -13 -14
leaf_value=0.0016807846177589651 -0.0072322659217077109 0.0066651001541896283 -0.027065915749944727 0.02153747379866788 0.012375827736657519 -0.0059769580226355784 -0.035710118516949836 -0.011817964749354346 0.012702203488434611 -0.0060550405733829646 0 0.0055333966785492709 0.00029508014368345714
leaf_weight=12.413257849868396 3.8731232834979883 9.3216115855611807 1.2200875594280667 2.0645458558574328 1.7686372953467053 3.565037845633924 1.9485982172191141 1.8659941675141454 1.9946397715248165 5.2731402073986819 1.9593412406975401 3.6638957811519495 7.5043610229622564
leaf_count=87 59 94 40 251 30 23 9 19 37 79 40 34 53
internal_value=-8.01485e-05 0.000384959 0.00579915 0.00978698 -0.00118036 -0.00509087 -0.0128912 0 0.000400695 0.00050315 -0.00365438 0.00211571 0.00131264
internal_weight=58.4363 54.5631 12.6062 11.3862 41.9569 13.1022 5.58323 3.63463 7.51902 28.8547 5.52438 23.5815 19.9176
internal_count=855 796 385 345 411 158 58 49 100 253 63 174 140
is_linear=0
shrinkage=0.03


Tree=265
num_leaves=16
num_cat=0
split_feature=14 8 18 14 14 11 18 14 11 18 8 2 2 2 18
split_gain=0.690487 0.372768 0.497148 0.720554 0.487109 0.452028 0.353559 0.124559 0.113878 0.366869 0.666311 1.0591 0.590466 0.126759 0.0455888
threshold=1.5000000000000002 1.0000000180025095e-35 1.5000000000000002 3.5000000000000004 2.5000000000000004 1.0000000180025095e-35 1.5000000000000002 3.5000000000000004 1.0000000180025095e-35 1.5000000000000002 1.0000000180025095e-35 3.5000000000000004 1.5000000000000002 1.5000000000000002 1.5000000000000002
decision_type=2 2 2 2 2 2 2 2 2 2 2 2 2 2 2
left_child=8 4 -3 -4 14 6 -6 -7 9 13 12 -12 -11 -1 -2
right_child=1 2 3 -5 5 7 -8 -9 -10 10 11 -13 -14 -15 -16
leaf_value=-0.0060054963708550844 -0.0085821523389742263 -0.0092636483642076321 0.013235078508353601 -0.010993013623749172 -0.0012739554668019916 0.0084457885338396713 -0.025395916773070289 -0.0006925217142922178 -0.0031310095602612507 0.01368644376790483 -0.013054300268405429 0.020887979340855223 0.0027910704367793281 0.00052461172423642454 -0.018776009096395745
leaf_weight=4.0215650685131532 2.6646883105859178 2.8546360661275676 3.7151055982103571 1.342310394044034 1.7604192867875101 2.3055550454882905 0.96621019684243936 1.823887185542844 2.6127524138428262 7.7801229655742707 3.6062943735159925 0.9227284314110874 12.676819917978717 5.6124343783594668 2.7576629053801298
leaf_count=40 19 33 204 37 14 43 54 30 41 46 28 90 78 43 48
internal_value=-5.79884e-05 -0.00456265 0.000158159 0.00613444 -0.00782373 -0.00193543 -0.0114792 0.00377933 0.00231011 0.00281499 0.00476328 -0.00518908 0.00712712 -0.00192678 -0.0145558
internal_weight=57.4232 20.1905 7.91205 5.05742 12.2784 6.85607 2.72663 4.12944 37.2327 34.62 24.986 4.52902 20.4569 9.634 5.42235
internal_count=848 482 274 241 208 141 68 73 366 325 242 118 124 83 67
is_linear=0
shrinkage=0.03


Tree=266
num_leaves=10
num_cat=0
split_feature=10 2 2 11 2 18 2 18 18
split_gain=0.724261 2.53369 1.63501 0.616617 1.35881 0.757473 0.0733605 0.0979445 0.0473721
threshold=1.0000000180025095e-35 1.5000000000000002 2.5000000000000004 1.0000000180025095e-35 1.5000000000000002 1.5000000000000002 4.5000000000000009 3.5000000000000004 1.5000000000000002
decision_type=2 2 2 2 2 2 2 2 2
left_child=3 -2 -3 5 8 -1 7 -7 -5
right_child=1 2 -4 4 -6 6 -8 -9 -10
leaf_value=-0.0036238727566634621 -0.039948863856475905 0.02144355000233868 -0.025171830497604821 0.0016896255252406439 -0.028903750131793068 0.0066842466406106336 0.00054942601926657563 0.00092242450010948272 -0.0024205814532729788
leaf_weight=11.953504399396477 1.6651147799566377 1.8939000854734334 0.89402956957928825 4.0295310840010625 1.7384036693256337 21.243172504939146 4.0916970048565409 4.5079264212399712 5.3507612287066877
leaf_count=104 18 19 52 35 69 342 23 126 60
internal_value=-6.25884e-05 -0.0115922 0.00510219 0.000871126 -0.00529058 0.00259059 0.00518377 0.00579911 -0.000339299
internal_weight=57.368 4.45304 2.78793 52.915 11.1187 41.7963 29.8428 25.7511 9.38029
internal_count=848 89 71 759 164 595 491 468 95
is_linear=0
shrinkage=0.03


Tree=267
num_leaves=14
num_cat=0
split_feature=10 18 11 18 13 13 18 18 13 13 13 13 18
split_gain=0.693427 0.750801 0.583491 0.715615 0.673519 0.628292 0.430603 0.171052 0.170412 0.129712 0.0343645 0.1974 0.358795
threshold=1.0000000180025095e-35 1.5000000000000002 1.0000000180025095e-35 1.5000000000000002 2.8333333333333335 3.5833333333333335 1.5000000000000002 3.5000000000000004 1.8333333333333337 3.1666666666666674 1.8333333333333337 2.4166666666666674 2.5000000000000004
decision_type=2 2 2 2 2 2 2 2 2 2 2 2 2
left_child=2 -2 3 8 6 7 -4 10 -1 -6 -5 -12 -13
right_child=1 -3 4 5 9 -7 -8 -9 -10 -11 11 12 -14
leaf_value=-0.0010253828081395156 -0.0011564195269198926 -0.028031864346656023 -0.00093514489340858003 0.0062090826822898577 0.0087192242802276512 -0.012715772709098428 -0.017176766912516246 0 -0.0097315378676405117 -0.00064550250956608719 0.019831381504914498 -0.0083192755914193502 0.015135392018436694
leaf_weight=8.9835398118011636 2.8940824498422435 1.5012913274113087 2.9347415678203088 20.635204419959347 2.2712749550119042 1.4981895512901235 4.0494766302872449 4.1858515641652039 2.9895070586353532 1.8257838493445886 1.4553965232335024 0.92752377525903296 1.0826307961251587
leaf_count=79 26 63 36 175 40 39 58 112 25 30 87 31 47
internal_value=-6.34714e-05 -0.0114228 0.000844564 0.00251782 -0.00515862 0.00504505 -0.0108851 0.00613291 -0.00351028 0.00391526 0.00710489 0.0112737 0.00300989
internal_weight=57.2345 4.39537 52.8391 41.7578 11.0813 29.7848 6.98422 28.2866 11.973 4.09706 24.1008 3.46555 2.01015
internal_count=848 89 759 595 164 491 94 452 104 70 340 165 78
is_linear=0
shrinkage=0.03


Tree=268
num_leaves=18
num_cat=0
split_feature=10 2 2 13 13 11 13 2 2 2 11 11 11 2 2 11 2
split_gain=0.661742 2.44649 1.53586 0.556725 0.375053 0.447022 0.305245 0.302726 0.213626 0.305796 0.131351 0.115099 0.108412 0.0479784 0.0426269 0.0245757 0.0227827
threshold=1.0000000180025095e-35 1.5000000000000002 2.5000000000000004 1.1666666666666667 2.8333333333333335 1.0000000180025095e-35 3.1666666666666674 1.5000000000000002 1.5000000000000002 3.5000000000000004 1.0000000180025095e-35 1.0000000180025095e-35 1.0000000180025095e-35 3.5000000000000004 4.5000000000000009 1.0000000180025095e-35 1.5000000000000002
decision_type=2 2 2 2 2 2 2 2 2 2 2 2 2 2 2 2 2
left_child=3 -2 -3 11 5 8 7 12 -5 -10 -9 13 -6 16 -15 -8 -1
right_child=1 2 -4 4 6 -7 15 10 9 -11 -12 -13 -14 14 -16 -17 -18
leaf_value=0.0028627864045873237 -0.039495397216412188 0.020967163401444184 -0.024844983110479949 0.0031692970440567905 0.0022525218003098479 -0.014518994948862149 -0.0081334765153893204 0 -0.023222925703111751 0.0004189694168166502 -0.01900820265863731 -0.0024008857714494739 0.015729073984529045 0.0063651119683232867 0.0013688001141004336 -0.00062687563704286826 0
leaf_weight=14.957484940998258 1.6205264928285021 1.8853333392180505 0.85295382316689927 3.1671309955418128 1.6149705378338677 4.4106244128197432 1.7281665103510022 0.58924917830154289 0.70742692449130096 0.67632690421305597 0.34984025999438018 2.5867771590128532 1.9111525476910174 9.2289117099717242 3.9681034088134757 1.8265903405845165 5.0800964860245577
leaf_count=111 18 19 52 50 32 53 41 70 10 86 13 41 27 145 16 30 34
internal_value=-6.83037e-05 -0.0112142 0.0052675 0.000814531 -0.00356686 -0.00778687 0.00081694 0.006289 -0.000445302 -0.0103963 -0.00653068 0.00297924 0.0106165 0.00349393 0.00511002 -0.0052198 0.0022605
internal_weight=57.1617 4.35881 2.73829 52.8029 16.9815 8.96151 8.01997 4.46521 4.55088 1.38375 0.939089 35.8214 3.52612 33.2346 13.197 3.55476 20.0376
internal_count=848 89 71 759 412 199 213 142 146 96 83 347 59 306 161 71 145
is_linear=0
shrinkage=0.03


Tree=269
num_leaves=9
num_cat=0
split_feature=10 14 14 11 14 11 14 11
split_gain=0.633851 0.525903 0.337616 0.420533 0.313237 0.109418 0.076803 0.0271
threshold=1.0000000180025095e-35 1.5000000000000002 2.5000000000000004 1.0000000180025095e-35 3.5000000000000004 1.0000000180025095e-35 3.5000000000000004 1.0000000180025095e-35
decision_type=2 2 2 2 2 2 2 2
left_child=1 5 3 -3 -4 -1 -2 -6
right_child=6 2 4 -5 7 -7 -8 -9
leaf_value=0.0034016742522461111 -0.015223975150682467 -0.0003119705744412242 0.006281821998210908 -0.01397975616326296 -0.0083531192546224837 -0.0023305783070461839 -0.0038551657184389596 -0.00066106088304547918
leaf_weight=33.1958959242329 2.3887039190158239 4.5326460360083747 4.4193488883320224 4.419328723452054 1.7743909487035125 2.5878689066739744 1.9143587107537312 1.8308033965295181
leaf_count=306 60 139 151 44 45 41 29 33
internal_value=-6.68988e-05 0.000791322 -0.00346488 -0.00747068 0.000671589 0.00289818 -0.01105 -0.00537985
internal_weight=57.0633 52.7603 16.9765 8.95197 8.02454 35.7838 4.30306 3.60519
internal_count=848 759 412 183 229 347 89 78
is_linear=0
shrinkage=0.03


Tree=270
num_leaves=15
num_cat=0
split_feature=11 2 13 2 2 18 13 13 18 13 13 13 13 18
split_gain=0.431911 3.15547 0.355193 0.301865 0.545314 0.54177 0.5099 0.405457 0.392875 0.865547 0.24022 0.208641 0.162511 0.0515779
threshold=1.0000000180025095e-35 1.5000000000000002 2.8333333333333335 4.5000000000000009 1.5000000000000002 1.5000000000000002 3.5833333333333335 1.8333333333333337 2.5000000000000004 1.8333333333333337 1.8333333333333337 2.8333333333333335 1.8333333333333337 1.5000000000000002
decision_type=2 2 2 2 2 2 2 2 2 2 2 2 2 2
left_child=3 2 13 4 5 12 7 -6 10 -10 -7 -12 -1 -2
right_child=1 -3 -4 -5 6 8 -8 -9 9 -11 11 -13 -14 -15
leaf_value=-0.0036168789173387189 0.013352469604960573 -0.028500210791375061 0.023433205357683604 -0.0063335920316841526 0.005967949882953804 0.0083556984942377514 0.022856956266844926 -0.0048064230060802966 -0.012570910742423724 0.0096226093198426253 0.0056132971933113424 -0.01212697271555457 -0.014820753299324248 0.0044405458740304224
leaf_weight=4.082865760196003 2.36412515491247 1.6394976614974428 3.4576587220653892 4.2190399031387633 16.136554001132033 7.145106556825338 1.3715283893980075 3.5095312109915531 3.9753373544663182 2.3650825929362327 0.94294162932783354 1.0308000314980743 2.5217800443060696 2.8840397475287318
leaf_count=41 24 71 45 40 200 49 36 198 26 41 33 21 17 26
internal_value=0.00237172 0.0079408 0.0153898 0.00107621 0.00188432 -0.00130017 0.00535973 0.00387672 0.00161762 -0.00380568 0.00571428 -0.00234303 -0.00849943 0.00919061
internal_weight=57.6459 10.3453 8.70582 47.3006 43.0815 22.0639 21.0176 19.6461 15.4593 6.34042 9.11885 1.97374 6.60465 5.24816
internal_count=868 166 95 702 662 228 434 398 170 67 103 54 58 50
is_linear=0
shrinkage=0.03


Tree=271
num_leaves=13
num_cat=0
split_feature=11 2 14 2 2 10 14 14 14 14 14 14
split_gain=0.415324 3.03187 0.347291 0.284534 0.515666 0.447531 0.799944 0.191483 0.102634 0.309961 0.0837465 0.00157405
threshold=1.0000000180025095e-35 1.5000000000000002 2.5000000000000004 4.5000000000000009 1.5000000000000002 1.0000000180025095e-35 1.5000000000000002 3.5000000000000004 2.5000000000000004 3.5000000000000004 2.5000000000000004 1.5000000000000002
decision_type=2 2 2 2 2 2 2 2 2 2 2 2
left_child=3 2 -2 4 8 6 -6 -7 11 -10 -8 -1
right_child=1 -3 -4 -5 5 7 10 -9 9 -11 -12 -13
leaf_value=-0.00037030089880941264 0.0089809524471755123 -0.028363956853473832 0.02314900295710166 -0.006146604295033678 0.0061109956116967958 0.0065414606036963063 -0.015641943380058771 0.026949973495547019 0.0016852416329136595 -0.014567247655693082 -0.001771503393179412 0
leaf_weight=15.198953129816806 5.2251812499016506 1.5990445265779261 3.3972523654811084 4.2199946972541502 15.425727770663803 1.5798616656102231 1.5713387739378952 1.1094672330655158 1.7274891333654514 1.7889767279848456 1.2823983128182588 3.3418201718013725
leaf_count=116 50 71 45 40 185 33 95 15 31 25 106 56
internal_value=0.00230871 0.00780813 0.0151085 0.0010416 0.0018288 0.0052148 0.00328006 0.0167007 -0.00126373 -0.00592773 -0.0106956 -0.000191162
internal_weight=57.4675 10.2215 8.62243 47.246 43.026 20.9688 18.2795 2.68933 22.0572 3.51647 2.85374 18.5408
internal_count=868 166 95 702 662 434 386 48 228 56 201 172
is_linear=0
shrinkage=0.03


Tree=272
num_leaves=9
num_cat=0
split_feature=11 2 2 2 18 10 18 18
split_gain=0.398009 2.91218 0.268288 0.487116 0.510379 0.428895 0.366178 0.0827408
threshold=1.0000000180025095e-35 1.5000000000000002 4.5000000000000009 1.5000000000000002 1.5000000000000002 1.0000000180025095e-35 2.5000000000000004 1.5000000000000002
decision_type=2 2 2 2 2 2 2 2
left_child=2 7 3 4 -1 -5 -6 -2
right_child=1 -3 -4 5 6 -7 -8 -9
leaf_value=-0.0082030913074609569 0.019863323058567004 -0.028227598037037432 -0.0059652713840742146 0.0031758987167892433 0.0055757321654558937 0.016349809260108102 -0.0036085389603187361 0.01053688585359552
leaf_weight=6.6220778236165669 3.4363183090463263 1.5596449634758744 4.2208518385887137 18.246784338844012 9.0947230055462551 2.6757904165424398 6.3463395680300883 5.1004997100681067
leaf_count=58 34 71 40 386 103 48 67 61
internal_value=0.00224608 0.00766857 0.00100916 0.00177587 -0.00122439 0.00507317 0.00160899 0.0148249
internal_weight=57.303 10.0965 47.2066 42.9857 22.0631 20.9226 15.4411 8.53682
internal_count=868 166 702 662 228 434 170 95
is_linear=0
shrinkage=0.03


Tree=273
num_leaves=15
num_cat=0
split_feature=11 2 13 2 2 18 13 13 18 13 13 13 13 18
split_gain=0.380702 2.79561 0.351439 0.252956 0.460333 0.478573 0.465259 0.364473 0.345578 0.824189 0.225356 0.197359 0.150889 0.047615
threshold=1.0000000180025095e-35 1.5000000000000002 2.8333333333333335 4.5000000000000009 1.5000000000000002 1.5000000000000002 3.5833333333333335 1.8333333333333337 2.5000000000000004 1.8333333333333337 1.8333333333333337 2.8333333333333335 1.8333333333333337 1.5000000000000002
decision_type=2 2 2 2 2 2 2 2 2 2 2 2 2 2
left_child=3 2 13 4 5 12 7 -6 10 -10 -7 -12 -1 -2
right_child=1 -3 -4 -5 6 8 -8 -9 9 -11 11 -13 -14 -15
leaf_value=-0.0032364028951121222 0.012382483242623143 -0.028091073791582839 0.022689682919786822 -0.0057894107752058397 0.005524870397081931 0.0079971676173987618 0.021918600882495542 -0.0046764296842143746 -0.012045604439282823 0.0096049666517208383 0.0053265738541247772 -0.011890520374488182 -0.013993226452495736 0.0038085385678588266
leaf_weight=4.1116289384663132 2.3178266510367376 1.5212746822508041 3.3052559774369001 4.2216185315046451 16.055155812297023 7.1073923753574473 1.3268948125187296 3.5201826893026 3.988926642574369 2.3653061792720109 0.93976010312326241 1.0294328946620224 2.5354583915323019 2.8391850590705872
leaf_count=41 24 71 45 40 200 49 36 198 26 41 33 21 17 26
internal_value=0.00218379 0.00752251 0.0145285 0.000977671 0.00172388 -0.00118749 0.00493286 0.00352348 0.00155646 -0.00349761 0.00542114 -0.00236381 -0.0079307 0.00839502
internal_weight=57.1853 9.98354 8.46227 47.2018 42.9801 22.0779 20.9022 19.5753 15.4308 6.35423 9.07659 1.96919 6.64709 5.15701
internal_count=868 166 95 702 662 228 434 398 170 67 103 54 58 50
is_linear=0
shrinkage=0.03


Tree=274
num_leaves=15
num_cat=0
split_feature=11 2 13 2 2 18 13 13 18 13 13 13 13 18
split_gain=0.365803 2.68649 0.342821 0.238441 0.435274 0.451486 0.446278 0.344536 0.325224 0.777416 0.212881 0.186863 0.139956 0.0441582
threshold=1.0000000180025095e-35 1.5000000000000002 2.8333333333333335 4.5000000000000009 1.5000000000000002 1.5000000000000002 3.5833333333333335 1.8333333333333337 2.5000000000000004 1.8333333333333337 1.8333333333333337 2.8333333333333335 1.8333333333333337 1.5000000000000002
decision_type=2 2 2 2 2 2 2 2 2 2 2 2 2 2
left_child=3 2 13 4 5 12 7 -6 10 -10 -7 -12 -1 -2
right_child=1 -3 -4 -5 6 8 -8 -9 9 -11 11 -13 -14 -15
leaf_value=-0.0031358213061634245 0.012095447242575011 -0.027954316660199655 0.02240753868939243 -0.0056188458538842532 0.0053707322458567044 0.0077850672702222158 0.021529076821924845 -0.0045392940739567037 -0.011664843297393064 0.0093792605218998275 0.0051896749199628724 -0.011542334744414703 -0.013539515669060536 0.0037072583290495083
leaf_weight=4.1192940268665579 2.3042277898639423 1.4839099419186812 3.2485895804129541 4.2223008443834251 16.023809134727351 7.0850672265514714 1.312406382523476 3.5207458283985025 3.9986715633422127 2.3521675080992281 0.9382745272014289 1.0316545143723486 2.5450119683519006 2.8320898255333304
leaf_count=41 24 71 45 40 200 49 36 198 26 41 33 21 17 26
internal_value=0.00212538 0.00739373 0.0142587 0.000945856 0.00167284 -0.00115432 0.00479883 0.00341881 0.00151245 -0.00338109 0.00527172 -0.00225787 -0.00769379 0.00820237
internal_weight=57.0182 9.86882 8.38491 47.1494 42.9271 22.0701 20.857 19.5446 15.4058 6.35084 9.055 1.96993 6.66431 5.13632
internal_count=868 166 95 702 662 228 434 398 170 67 103 54 58 50
is_linear=0
shrinkage=0.03


Tree=275
num_leaves=11
num_cat=0
split_feature=2 10 18 13 18 18 13 13 13 13
split_gain=0.813409 1.11883 0.863626 0.401248 0.950298 0.519419 0.740181 0.376149 0.228781 0.00603792
threshold=3.5000000000000004 1.0000000180025095e-35 3.5000000000000004 3.5833333333333335 3.5000000000000004 2.5000000000000004 2.4166666666666674 1.1666666666666667 1.8333333333333337 1.8333333333333337
decision_type=2 2 2 2 2 2 2 2 2 2
left_child=3 2 7 4 5 6 9 -2 -7 -1
right_child=1 -3 -4 -5 -6 8 -8 -9 -10 -11
leaf_value=0.0005479422736192124 0.016901781435762913 -0.023966114813638632 -0.00047913657712407771 0.0096644894065499171 -0.019409590347848917 0.0036111345648367167 -0.014901358543880682 0 0.017881188440241769 0.0020251815500843392
leaf_weight=18.474695564480506 10.264173437608404 0.7331723788520329 3.9597853636369118 4.1530502017121753 2.0529394559562197 3.5231591955525792 2.7794210410211226 1.241945256711914 1.9824704820057375 7.4876723655033848
leaf_count=151 121 40 147 53 18 27 43 144 43 81
internal_value=0.00330933 0.00899064 0.0108896 0.000943784 0 0.00113423 -0.000393977 0.0150311 0.009512 0.00109523
internal_weight=56.6525 16.1991 15.4659 40.4534 36.3004 34.2474 28.7418 11.5061 5.50563 25.9624
internal_count=868 452 412 416 363 345 275 265 70 232
is_linear=0
shrinkage=0.03


Tree=276
num_leaves=11
num_cat=0
split_feature=2 18 13 13 18 18 13 13 13 14
split_gain=0.764088 0.840568 0.556969 0.379761 0.894713 0.493566 0.694368 0.218686 0.00549131 0.00197633
threshold=3.5000000000000004 3.5000000000000004 1.1666666666666667 3.5833333333333335 3.5000000000000004 2.5000000000000004 2.4166666666666674 1.8333333333333337 1.8333333333333337 2.5000000000000004
decision_type=2 2 2 2 2 2 2 2 2 2
left_child=3 2 -2 4 5 6 8 -7 -1 -4
right_child=1 -3 9 -5 -6 7 -8 -9 -10 -11
leaf_value=0.00053172979626295899 0.015250749528461395 -0.0021836442469689941 0 0.0094267942897281552 -0.018801589404821042 0.0035098556779960288 -0.014387414418280066 0.017535683814741392 0.0019667075541731772 -0.0035319905337766445
leaf_weight=18.470001216745011 10.496960051241333 4.1982196234166613 0.46034891239832976 4.1328677535057059 2.0588887608610085 3.5190265380078918 2.7956660012714556 1.963151892297901 7.482046414166688 0.99666817311663181
leaf_count=151 128 160 63 53 18 27 43 43 81 101
internal_value=0.00321557 0.00873242 0.0128013 0.00092093 0 0.00110708 -0.000376988 0.00929405 0.00106655 -0.00276482
internal_weight=56.5738 16.1522 11.954 40.4216 36.2888 34.2299 28.7477 5.48218 25.952 1.45702
internal_count=868 452 292 416 363 345 275 70 232 164
is_linear=0
shrinkage=0.03


Tree=277
num_leaves=11
num_cat=0
split_feature=18 10 18 13 13 13 13 18 14 13
split_gain=0.646594 0.543667 0.650272 0.418165 0.500878 0.331709 0.367777 0.477025 0.848669 0.0294737
threshold=3.5000000000000004 1.0000000180025095e-35 2.5000000000000004 2.8333333333333335 1.4166666666666667 1.1666666666666667 3.5833333333333335 1.5000000000000002 2.5000000000000004 3.5833333333333335
decision_type=2 2 2 2 2 2 2 2 2 2
left_child=1 2 5 4 -2 -1 7 -7 -9 -5
right_child=3 -3 -4 9 -6 6 -8 8 -10 -11
leaf_value=0.0052462427431913053 -0.0038032336465212255 -0.0071651644579170393 0.012043250758647503 0 -0.027954886056132368 -0.008667199613651512 0.01117845349578713 0.014051873699383679 -0.012175052051272284 0.014305769295746323
leaf_weight=24.333997964975424 4.7945741396397343 3.1532997839385635 10.029666185437234 0.39448511390946783 0.9605882471660151 5.9685569850262219 1.8144250686746097 2.8484923937357962 1.5951958852820096 0.62591296574100852
leaf_count=211 72 61 193 39 54 49 34 76 53 26
internal_value=0.0031243 0.0043429 0.00519972 -0.00531895 -0.00875532 0.00321277 -0.000600676 -0.00302549 0.00391593 0.0104365
internal_weight=56.5192 49.7436 46.5903 6.77556 5.75516 36.5607 12.2267 10.4122 4.44369 1.0204
internal_count=868 677 616 191 126 423 212 178 129 65
is_linear=0
shrinkage=0.03


Tree=278
num_leaves=11
num_cat=0
split_feature=2 10 18 14 18 10 18 14 14 14
split_gain=0.712235 1.03955 0.741818 0.351191 0.809131 0.618205 0.442733 0.611176 0.336567 0.211925
threshold=3.5000000000000004 1.0000000180025095e-35 3.5000000000000004 3.5000000000000004 3.5000000000000004 1.0000000180025095e-35 2.5000000000000004 2.5000000000000004 1.5000000000000002 1.5000000000000002
decision_type=2 2 2 2 2 2 2 2 2 2
left_child=3 2 8 4 6 -5 7 -1 -2 -8
right_child=1 -3 -4 5 -6 -7 9 -9 -10 -11
leaf_value=0.00094392740956040534 0.015839430822287368 -0.023763358764049426 -0.00026114242003384778 0.017902397116446339 -0.017927303244424569 -0.004609917812417574 0.0031022899120762815 -0.013500447762877522 0 0.01693284728530009
leaf_weight=25.883797512855384 10.187656854977829 0.71429576224181879 3.9697993280133241 2.5992391030304125 2.0628490368835619 1.5010771607048807 3.4981708079576483 2.817744718398898 1.2427189593436185 1.9329666369012555
leaf_count=232 121 40 147 41 18 14 26 41 144 44
internal_value=0.00303574 0.00836661 0.0101941 0.000814203 -5.65251e-05 0.00903313 0.000985095 -0.000411924 0.0140562 0.00878418
internal_weight=56.4103 16.1145 15.4002 40.2958 36.1955 4.10032 34.1327 28.7015 11.4304 5.43114
internal_count=868 452 412 416 361 55 343 273 265 70
is_linear=0
shrinkage=0.03


Tree=279
num_leaves=11
num_cat=0
split_feature=10 18 18 18 13 13 13 18 13 13
split_gain=0.578657 0.558099 0.534488 0.586822 0.360249 0.296928 0.324038 0.449137 0.779899 0.00934765
threshold=1.0000000180025095e-35 1.5000000000000002 3.5000000000000004 2.5000000000000004 2.8333333333333335 1.1666666666666667 3.5833333333333335 1.5000000000000002 2.1666666666666674 3.5833333333333335
decision_type=2 2 2 2 2 2 2 2 2 2
left_child=2 -2 3 5 -4 -1 7 -7 -9 -6
right_child=1 -3 4 -5 9 6 -8 8 -10 -11
leaf_value=0.0049575030189091037 0 -0.025981791782054401 -0.0073305394281422522 0.011455773630600439 0 -0.0083117376025588496 0.010576230945153647 0.013708270419385856 -0.011349003994890913 0.013818517486566538
leaf_weight=24.258469791500829 2.3681207243353124 1.0299299128819255 5.5187078431481487 9.9490281337639299 0.37707037525251497 5.9865915628615731 1.7826390311820439 2.8266090605175123 1.6136724665993822 0.6127583272755146
leaf_count=211 20 55 115 193 36 49 34 77 52 26
internal_value=0.00294719 -0.00862918 0.00376189 0.00492009 -0.00399356 0.00302857 -0.000569369 -0.00284224 0.00389189 0.0108243
internal_weight=56.3236 3.39805 52.9255 46.417 6.50854 36.468 12.2095 10.4269 4.44028 0.989829
internal_count=868 75 793 616 177 423 212 178 129 62
is_linear=0
shrinkage=0.03


Tree=280
num_leaves=14
num_cat=0
split_feature=18 14 2 8 2 14 14 14 2 2 14 14 14
split_gain=0.311785 0.327497 0.310573 0.304187 0.682076 0.821982 0.467792 0.236318 0.159263 0.284579 0.116364 0.109328 0.058886
threshold=2.5000000000000004 2.5000000000000004 1.5000000000000002 1.0000000180025095e-35 1.5000000000000002 1.5000000000000002 3.5000000000000004 1.5000000000000002 4.5000000000000009 2.5000000000000004 2.5000000000000004 1.5000000000000002 2.5000000000000004
decision_type=2 2 2 2 2 2 2 2 2 2 2 2 2
left_child=3 -2 -3 6 7 -6 8 -5 9 11 -7 -1 -13
right_child=1 2 -4 4 5 10 -8 -9 -10 -11 -12 12 -14
leaf_value=-0.00261613163543313 -0.0083783963864684091 0.0088807824624970496 -0.010131553592591522 0.0011736018396135265 0.018182983790684854 -0.027055647042837135 -0.01443153537481005 0.013007622663516669 0.0034610890599000715 -0.010684219969173176 -0.003267498220335111 0.0040557710087139156 -0.0011224819030728158
leaf_weight=15.147170736920097 13.85491344612092 2.0938933836296196 1.0180287018301895 3.5492879562079889 0.49857322126627002 1.1253186336252836 2.8258527221623799 3.7842144118621945 4.2071735988138235 3.3528528467286369 0.63146733050234605 4.286898798774927 2.2653997503221035
leaf_count=106 239 41 112 42 39 33 39 43 20 45 34 37 29
internal_value=-0.00290383 -0.00637281 0.00160531 -0.00140781 0.00311174 -0.0104689 -0.00285719 0.00777658 -0.00159182 -0.00257004 -0.0207573 -0.00113542 0.0018245
internal_weight=58.641 16.9668 3.11192 41.6742 9.58886 2.25536 32.0853 7.3335 29.2595 25.0523 1.75679 21.6995 6.5523
internal_count=859 392 153 467 191 106 276 85 237 217 67 172 66
is_linear=0
shrinkage=0.03


Tree=281
num_leaves=12
num_cat=0
split_feature=10 2 2 2 13 2 2 13 2 2 13
split_gain=0.271146 2.4341 1.47456 0.736142 0.64398 0.570897 0.344359 0.147815 0.139286 0.0609365 0.00531305
threshold=1.0000000180025095e-35 1.5000000000000002 2.5000000000000004 1.5000000000000002 1.1666666666666667 3.5000000000000004 4.5000000000000009 1.8333333333333337 3.5000000000000004 4.5000000000000009 3.5833333333333335
decision_type=2 2 2 2 2 2 2 2 2 2 2
left_child=3 -2 -3 7 6 -6 8 -1 -5 -7 -9
right_child=1 2 -4 4 5 9 -8 10 -10 -11 -12
leaf_value=-0.00086697023692783629 -0.037990479311505898 0.022302062102594736 -0.024112056117014113 -0.0013557540524146074 -0.029972993681597768 -3.9218635382089712e-05 0.0033870434501703825 0.0037412773061132991 -0.0079600347127634172 -0.016034312979832554 0.00054808433338458329
leaf_weight=17.068494555074725 1.64139407663606 1.8174317376688125 0.76886921178083856 5.7049237117171367 1.7525457135052414 1.7072286311304194 4.2022714931517831 10.314832170028238 10.375584816094488 0.26082576089538623 3.0264732148498288
leaf_count=141 19 20 49 40 30 191 18 123 167 22 39
internal_value=-0.00281945 -0.0102465 0.00700311 -0.00216962 -0.00610151 -0.0176367 -0.0037622 0.000845426 -0.00582528 -0.00428251 0.00324956
internal_weight=58.6409 4.2277 2.5863 54.4132 24.0034 3.7206 20.2828 30.4098 16.0805 1.96805 13.3413
internal_count=859 88 69 771 468 243 225 303 207 213 162
is_linear=0
shrinkage=0.03


Tree=282
num_leaves=10
num_cat=0
split_feature=18 8 2 2 2 2 18 2 2
split_gain=0.28182 0.294932 0.605918 0.649561 0.291795 0.220304 0.213303 0.143804 0.0256905
threshold=2.5000000000000004 1.0000000180025095e-35 1.5000000000000002 3.5000000000000004 1.5000000000000002 4.5000000000000009 1.5000000000000002 1.5000000000000002 1.5000000000000002
decision_type=2 2 2 2 2 2 2 2 2
left_child=1 5 -3 -4 -2 6 7 -1 -8
right_child=4 2 3 -5 -6 -7 8 -9 -10
leaf_value=-0.004129002460196509 -0.0012995057644884771 0.0075629072956372983 -0.019726926467696738 0.013075457469767841 -0.0097104329690517049 0.0032244124894631491 -0.0050066417631425726 0.0015277887403219179 -0.010124624053236723
leaf_weight=7.5059051574207842 7.8096816800534734 7.2973749702796322 1.6572254678467291 0.59239002969115961 9.1603382510947995 4.2090812076930879 9.3941386034712178 7.5987925506196916 3.3626245467457929
leaf_count=65 86 85 23 83 306 23 86 51 51
internal_value=-0.00274685 -0.00131853 0.00314443 -0.00962342 -0.00604572 -0.00274599 -0.00376354 -0.00109457 -0.00665732
internal_weight=58.5876 41.6175 9.54699 2.24962 16.97 32.0705 27.8615 15.1047 12.7568
internal_count=859 467 191 106 392 276 253 116 137
is_linear=0
shrinkage=0.03


Tree=283
num_leaves=4
num_cat=0
split_feature=10 8 6
split_gain=0.26344 0.0880642 0.0671893
threshold=1.0000000180025095e-35 1.0000000180025095e-35 1.5000000000000002
decision_type=2 2 2
left_child=1 -1 -3
right_child=-2 2 -4
leaf_value=-0.0027560649470000464 -0.010037605205099411 -0.00077864086587829792 0.0054435771007414306
leaf_weight=39.925438108853996 4.1649375180713823 12.831408159807323 1.6760977389058087
leaf_count=366 88 318 87
internal_value=-0.00266659 -0.00203021 0
internal_weight=58.5979 54.4329 14.5075
internal_count=859 771 405
is_linear=0
shrinkage=0.03


Tree=284
num_leaves=13
num_cat=0
split_feature=18 13 8 2 2 13 2 2 2 13 13 13
split_gain=0.267379 0.39646 0.2676 0.573076 0.617406 0.420069 0.177876 0.131052 0.241955 0.0977731 0.0549054 0.0256873
threshold=2.5000000000000004 2.8333333333333335 1.0000000180025095e-35 1.5000000000000002 3.5000000000000004 3.1666666666666674 1.5000000000000002 4.5000000000000009 2.5000000000000004 1.8333333333333337 2.8333333333333335 1.4166666666666667
decision_type=2 2 2 2 2 2 2 2 2 2 2 2
left_child=2 11 5 -4 -5 7 -3 8 9 -1 -11 -2
right_child=1 6 3 4 -6 -7 -8 -9 -10 10 -12 -13
leaf_value=-0.002327071326197474 -0.0067682564478222032 0.0086854210838209385 0.0073817938413985691 -0.019180791769645898 0.012824192195738453 -0.013539676968806683 -0.0057495374194898013 0.0032109309494586149 -0.009721237299506422 0.0040292947073931832 -0.00089805617728077995 -0.013511733137050889
leaf_weight=15.194901793263861 12.215469820890577 2.08334594592452 7.2634312398731691 1.6591688845073806 0.5880162315443157 2.8148358351318157 0.85395130154211063 4.2088597718393421 3.3586942737456402 4.2802781511563799 2.2652301383204758 1.8377453085849982
leaf_count=106 155 41 85 23 83 36 92 23 45 37 29 104
internal_value=-0.0025874 -0.00579608 -0.0011953 0.0030629 -0.00933842 -0.00255472 0.00344994 -0.00135522 -0.00224967 -0.000918802 0.00188478 -0.00795131
internal_weight=58.6239 16.9905 41.6334 9.51062 2.24719 32.1228 2.9373 29.308 25.0991 21.7404 6.54551 14.0532
internal_count=859 392 467 191 106 276 133 240 217 172 66 259
is_linear=0
shrinkage=0.03


Tree=285
num_leaves=13
num_cat=0
split_feature=13 18 10 2 2 18 13 2 2 13 18 18
split_gain=0.946272 0.417273 0.280289 0.928088 0.82133 0.386565 0.442162 0.243009 0.31652 0.0194148 0.340314 0.000924642
threshold=1.1666666666666667 1.5000000000000002 1.0000000180025095e-35 1.5000000000000002 3.5000000000000004 1.5000000000000002 3.5833333333333335 4.5000000000000009 1.5000000000000002 2.8333333333333335 2.5000000000000004 3.5000000000000004
decision_type=2 2 2 2 2 2 2 2 2 2 2 2
left_child=1 -1 3 5 -5 -2 9 8 -3 -7 -11 -6
right_child=2 7 -4 4 11 6 -8 -9 -10 10 -12 -13
leaf_value=0.00038493884319083078 0.0053090831480273578 0.0092689900219951223 0.006987748750060239 -0.029344035296789427 -0.00083286954930234555 -0.0020724082518345688 -0.017492691959641028 0.014906743071819155 0.0018980721165801359 -0.0066681568160126123 0.013900166273498306 0
leaf_weight=11.336875713663174 6.3015284826979094 13.173253261018548 2.2119481854606411 2.0255724427406672 1.1992100851493885 3.0643734382465482 1.7477643052116034 3.9508059024810782 10.768286166712642 1.525367090944201 1.1313158469274638 0.63577390852151427
leaf_count=105 40 92 55 33 131 49 26 16 173 22 25 88
internal_value=0.00280953 0.00552885 -0.0024169 -0.00379874 -0.0165983 0 -0.0047039 0.00750358 0.00610021 -4.82011e-05 0.00118885 -0.000188901
internal_weight=59.0721 39.2292 19.8429 17.6309 3.86056 13.7703 7.46882 27.8923 23.9415 5.72106 2.65668 1.83498
internal_count=855 386 469 414 252 162 122 281 265 96 47 219
is_linear=0
shrinkage=0.03


Tree=286
num_leaves=10
num_cat=0
split_feature=13 2 2 13 2 2 2 2 13
split_gain=0.896247 0.384336 0.256679 0.0679304 0.415135 0.372066 0.139205 0.0345116 0.0230088
threshold=1.1666666666666667 4.5000000000000009 1.5000000000000002 3.5833333333333335 1.5000000000000002 1.5000000000000002 3.5000000000000004 4.5000000000000009 2.8333333333333335
decision_type=2 2 2 2 2 2 2 2 2
left_child=1 2 -1 5 -5 8 -7 -8 -2
right_child=3 -3 -4 4 -6 6 7 -9 -10
leaf_value=0.0067601677527682246 0.00060898317393763687 0.014480641723278752 0.0013609233667980021 -0.0044796743508581979 0.016038456590922134 -0.014727458473251411 0 -0.010914322748214949 -0.0021519401827773746
leaf_weight=18.142572555225343 7.3765955374110508 3.9453748841769984 17.077537633944303 3.1220896649174383 1.1042809642385689 2.7932897477294309 1.4737505104858426 0.18750286143040273 3.7854927903972566
leaf_count=152 78 17 217 41 42 43 175 36 54
internal_value=0.0027301 0.0053808 0.00423838 -0.00235208 0.000434751 -0.00329514 -0.0105346 -0.0013453 -7.17653e-05
internal_weight=59.0085 39.1655 35.2201 19.843 4.22637 15.6166 4.45454 1.66125 11.1621
internal_count=855 386 369 469 83 386 254 211 132
is_linear=0
shrinkage=0.03


Tree=287
num_leaves=15
num_cat=0
split_feature=13 18 18 14 11 18 11 18 2 2 11 14 2 18
split_gain=0.848082 0.388452 0.268386 0.4302 0.491838 0.422051 0.450152 0.22116 0.210365 0.286665 0.20786 1.09401 0.100774 0.016844
threshold=1.1666666666666667 1.5000000000000002 1.5000000000000002 3.5000000000000004 1.0000000180025095e-35 3.5000000000000004 1.0000000180025095e-35 2.5000000000000004 4.5000000000000009 1.5000000000000002 1.0000000180025095e-35 2.5000000000000004 1.5000000000000002 2.5000000000000004
decision_type=2 2 2 2 2 2 2 2 2 2 2 2 2 2
left_child=1 -1 12 5 13 7 -7 10 9 -3 11 -4 -2 -5
right_child=2 8 3 4 -6 6 -8 -9 -10 -11 -12 -13 -14 -15
leaf_value=0.00026266445953531298 0.0033341249733719147 0.0088500371983170727 0.010368506839460809 0 -0.034107649212989664 0 -0.031032277056413968 0.0090572517378904472 0.014095996516575294 0.0018028863451663305 0.0024336139129948037 -0.032003420421614533 -0.002751125506413361 -0.0056426007534263484
leaf_weight=11.311844224925151 6.524883040692659 13.088127665687356 0.93182434584013918 0.52750667138025187 0.8657032306655309 0.49488124845083781 0.7351829883409664 2.0831063638906926 3.93711233139038 10.758396791759878 2.4228099554311484 0.94622342684306204 3.3625227073207498 0.94321700115688145
leaf_count=105 42 92 56 22 21 67 19 97 16 173 37 33 38 37
internal_value=0.00265245 0.00523521 -0.0022878 -0.0057884 -0.016936 -0.00180357 -0.0173233 0.000945138 0.00714394 0.00581679 -0.00241878 -0.0100019 0.000957441 -0.00339042
internal_weight=58.9333 39.0955 19.8379 9.95046 2.33643 7.61403 1.23006 6.38396 27.7836 23.8465 4.30086 1.87805 9.88741 1.47072
internal_count=855 386 469 389 80 309 86 223 281 265 126 89 80 59
is_linear=0
shrinkage=0.03


Tree=288
num_leaves=13
num_cat=0
split_feature=13 18 18 14 18 13 18 18 2 2 2 14
split_gain=0.803052 0.366991 0.252626 0.403457 0.398809 0.326267 0.230977 0.208296 0.196988 0.270787 0.09522 0.0287381
threshold=1.1666666666666667 1.5000000000000002 1.5000000000000002 3.5000000000000004 3.5000000000000004 2.8333333333333335 2.5000000000000004 2.5000000000000004 4.5000000000000009 1.5000000000000002 1.5000000000000002 2.5000000000000004
decision_type=2 2 2 2 2 2 2 2 2 2 2 2
left_child=1 -1 10 4 7 -6 -5 11 9 -3 -2 -4
right_child=2 8 3 6 5 -7 -8 -9 -10 -11 -12 -13
leaf_value=0.00025488516705608646 0.0032403324400244048 0.0086178309708224692 0 -0.025060092972840935 -0.02620365627808734 0.00046630563001308519 -0.0024885551204790668 0.0088223654297607222 0.013708221913665235 0.0017501936686526226 -0.0026705337923292002 -0.0051030031147572949
leaf_weight=11.310446099494582 6.5153760663233715 13.040981623809788 2.5087212927173805 1.2663556805346163 0.87575982220005222 0.35209612362086773 1.092112173209898 2.0771639468148351 3.9299678802490225 10.752924327738583 3.3630863450234756 1.7988607836887238
leaf_count=105 42 92 75 38 51 35 42 97 16 173 38 51
internal_value=0.00257746 0.00509511 -0.00222387 -0.00561538 -0.00173032 -0.0168374 -0.0163548 0.000927158 0.00695393 0.00566008 0.000920756 -0.00231314
internal_weight=58.8839 39.0343 19.8495 9.97107 7.6126 1.22786 2.35847 6.38475 27.7239 23.7939 9.87846 4.30758
internal_count=855 386 469 389 309 86 80 223 281 265 80 126
is_linear=0
shrinkage=0.03


end of trees

feature_importances:
Column_18=824
Column_13=740
Column_2=739
Column_8=278
Column_11=233
Column_14=196
Column_10=164
Column_6=139
Column_9=92
Column_1=84
Column_7=75
Column_17=50
Column_3=47
Column_4=25
Column_5=20
Column_0=19
Column_15=13
Column_16=12
Column_12=4

parameters:
[boosting: gbdt]
[objective: binary]
[metric: binary_logloss]
[tree_learner: serial]
[device_type: cpu]
[data_sample_strategy: bagging]
[data: ]
[valid: ]
[num_iterations: 300]
[learning_rate: 0.03]
[num_leaves: 25]
[num_threads: 0]
[seed: 0]
[deterministic: 0]
[force_col_wise: 0]
[force_row_wise: 0]
[histogram_pool_size: -1]
[max_depth: -1]
[min_data_in_leaf: 20]
[min_sum_hessian_in_leaf: 0.001]
[bagging_fraction: 0.75]
[pos_bagging_fraction: 1]
[neg_bagging_fraction: 1]
[bagging_freq: 5]
[bagging_seed: 3]
[bagging_by_query: 0]
[feature_fraction: 0.75]
[feature_fraction_bynode: 1]
[feature_fraction_seed: 2]
[extra_trees: 0]
[extra_seed: 6]
[early_stopping_round: 0]
[early_stopping_min_delta: 0]
[first_metric_only: 0]
[max_delta_step: 0]
[lambda_l1: 0.1]
[lambda_l2: 0.1]
[linear_lambda: 0]
[min_gain_to_split: 0]
[drop_rate: 0.1]
[max_drop: 50]
[skip_drop: 0.5]
[xgboost_dart_mode: 0]
[uniform_drop: 0]
[drop_seed: 4]
[top_rate: 0.2]
[other_rate: 0.1]
[min_data_per_group: 100]
[max_cat_threshold: 32]
[cat_l2: 10]
[cat_smooth: 10]
[max_cat_to_onehot: 4]
[top_k: 20]
[monotone_constraints: ]
[monotone_constraints_method: basic]
[monotone_penalty: 0]
[feature_contri: ]
[forcedsplits_filename: ]
[refit_decay_rate: 0.9]
[cegb_tradeoff: 1]
[cegb_penalty_split: 0]
[cegb_penalty_feature_lazy: ]
[cegb_penalty_feature_coupled: ]
[path_smooth: 0]
[interaction_constraints: ]
[verbosity: -1]
[saved_feature_importance_type: 0]
[use_quantized_grad: 0]
[num_grad_quant_bins: 4]
[quant_train_renew_leaf: 0]
[stochastic_rounding: 1]
[linear_tree: 0]
[max_bin: 255]
[max_bin_by_feature: ]
[min_data_in_bin: 3]
[bin_construct_sample_cnt: 200000]
[data_random_seed: 1]
[is_enable_sparse: 1]
[enable_bundle: 1]
[use_missing: 1]
[zero_as_missing: 0]
[feature_pre_filter: 1]
[pre_partition: 0]
[two_round: 0]
[header: 0]
[label_column: ]
[weight_column: ]
[group_column: ]
[ignore_column: ]
[categorical_feature: ]
[forcedbins_filename: ]
[precise_float_parser: 0]
[parser_config_file: ]
[objective_seed: 5]
[num_class: 1]
[is_unbalance: 0]
[scale_pos_weight: 1]
[sigmoid: 1]
[boost_from_average: 1]
[reg_sqrt: 0]
[alpha: 0.9]
[fair_c: 1]
[poisson_max_delta_step: 0.7]
[tweedie_variance_power: 1.5]
[lambdarank_truncation_level: 30]
[lambdarank_norm: 1]
[label_gain: ]
[lambdarank_position_bias_regularization: 0]
[eval_at: ]
[multi_error_top_k: 1]
[auc_mu_weights: ]
[num_machines: 1]
[local_listen_port: 12400]
[time_out: 120]
[machine_list_filename: ]
[machines: ]
[gpu_platform_id: -1]
[gpu_device_id: -1]
[gpu_use_dp: 0]
[num_gpu: 1]

end of parameters

pandas_categorical:null
