tree
version=v4
num_class=1
num_tree_per_iteration=1
label_index=0
max_feature_idx=33
objective=binary sigmoid:1
feature_names=Column_0 Column_1 Column_2 Column_3 Column_4 Column_5 Column_6 Column_7 Column_8 Column_9 Column_10 Column_11 Column_12 Column_13 Column_14 Column_15 Column_16 Column_17 Column_18 Column_19 Column_20 Column_21 Column_22 Column_23 Column_24 Column_25 Column_26 Column_27 Column_28 Column_29 Column_30 Column_31 Column_32 Column_33
feature_infos=[2:6] [2:23] [1:4.5] [1:4] [1:8] [0:4] [1:4] [1:5] [0:4] [0:4] [0:5] [0:4] [0:4] [0:5] [0:4] [0:3] [0:6] none [0:4] [0:5] none [1:6] [0:4] [0:2] [0:3] [0:2] [0:2] [2:6] [1:3.5] [1:4] [0:1.5] [0:3] [0:3] [1:4]
tree_sizes=1667 1716 1710 1723 1718 1722 1715 1722 1730 1718 1725 1725 1738 1718 1725 1728 1724 1738 1717 1725 1716 1739 1717 1727 1722 1722 1719 1719 1726 1724 1731 1726 1728 1725 1728 1719 1721 1716 1728 1731 1740 1732 1732 1733 1733 1728 1726 1725 1724 1732 1742 1721 1735 1724 1730 1719 1719 1732 1737 1742 1704 1713 1736 1713 1715 1719 1728 1727 1722 1723 1722 1714 1726 1731 1722 1723 1733 1707 1719 1732 1721 1722 1730 1727 1741 1705 1705 1725 1733 1718 1712 1727 1709 1724 1728 1714 1708 1715 1716 1725 1704 1715 1712 1711 1724 1717 1735 1726 1724 1723 1737 1735 1716 1731 1740 1704 1713 1721 1724 1715 1726 1714 1693 1714 1708 1726 1718 1719 1727 1727 1718 1704 1708 1733 1712 1682 1708 1716 1717 1721 1693 1715 1732 1723 1725 1729 1725 1713 1723 1727 1719 1726 1714 1721 1719 1722 1730 1718 1711 1715 1724 1728 1729 1722 1729 1693 1740 1704 1723 1710 1722 1716 1728 1723 1723 1735 1732 1735 1732 1716 1721 1725 1710 1712 1698 1726 1683 1712 1701 1735 1707 1704 1710 1718 1708 1709 1694 1707 1730 1714 1696 1696 1732 1714 1716 1731 1699 1706 1685 1733 1729 1736 1726 1725 1740 1710 1720 1701 1735 1722 1728 1708 1728 1696 1727 1723 1728 1739 1725 1726 1713 1717 1727 1714 1724 1733 1735 1725 1743 1712 1710 1716 1728 1725 1712 1723 1720 1703 1707 1739 1707 1712 1717 1728 1729 1715 1719 1731 1725 1729 1720 1732 1727 1715 1727 1715 1733 1723 1736 1731 1718 1722 1724 1727 1737 1682 1710 1726 1724 1742 1717 1742 1726 1709 1699 1737 1720 1730 1737 1719 1713 1726 1724 1727 1741 1735 1731 1730 1700 1740

Tree=0
num_leaves=15
num_cat=0
split_feature=26 23 28 10 7 11 14 5 2 1 29 2 1 11
split_gain=167.102 95.9104 67.8453 48.828 34.9829 45.5849 37.6979 31.2657 23.4563 19.9651 17.7116 16.8793 9.42336 13.7374
threshold=1.0000000180025095e-35 1.0000000180025095e-35 1.5833333333333337 2.5000000000000004 2.5000000000000004 1.5000000000000002 1.5000000000000002 1.0000000180025095e-35 3.4166666666666674 4.5000000000000009 3.5000000000000004 2.7083333333333335 8.5000000000000018 1.5000000000000002
decision_type=2 2 2 2 2 2 2 2 2 2 2 2 2 2
left_child=1 3 7 4 5 10 9 -3 -5 -6 11 -1 -11 -14
right_child=-2 2 -4 8 6 -7 -8 -9 -10 12 -12 -13 13 -15
leaf_value=0.47551972833133105 0.31879659821537776 0.51236683041143494 0.32346290525654298 0.50425788786112435 0.39721493355197302 0.40547744223322757 0.40114206998146307 0.39869396180541278 0.38216668055632447 0.51508648397221113 0.37855591208770623 0.41062291530448586 0.51067875830501452 0.39721493355197302
leaf_weight=75.907199442386627 24.033313930034637 9.9940513372421282 21.653777897357941 77.334921061992645 4.521118462085723 60.202261626720428 12.135633766651152 14.991077005863188 4.0452112555503836 46.162999033927917 5.9488400816917411 11.421772956848143 6.1867936849594098 4.5211184620857239
leaf_count=319 101 42 91 325 19 253 51 63 17 194 25 48 26 19
internal_value=0.446117 0.454762 0.388025 0.464879 0.452945 0.439371 0.481284 0.444345 0.498087 0.497215 0.46124 0.466972 0.505281 0.46253
internal_weight=379.06 355.027 46.6389 308.388 227.008 153.48 73.5277 24.9851 81.3801 61.392 93.2778 87.329 56.8709 10.7079
internal_count=1593 1492 196 1296 954 645 309 105 342 258 392 367 239 45
is_linear=0
shrinkage=1


Tree=1
num_leaves=15
num_cat=0
split_feature=23 5 4 28 10 11 5 30 21 7 1 22 7 1
split_gain=84.8568 76.9995 58.4197 56.5869 40.648 31.7282 31.0212 28.9538 35.503 22.5199 24.9758 20.686 17.107 14.0014
threshold=1.0000000180025095e-35 3.5000000000000004 1.5000000000000002 1.5833333333333337 2.5000000000000004 1.5000000000000002 1.0000000180025095e-35 0.48570226039551589 3.5000000000000004 2.5000000000000004 8.5000000000000018 1.0000000180025095e-35 1.5000000000000002 4.5000000000000009
decision_type=2 2 2 2 2 2 2 2 2 2 2 2 2 2
left_child=1 2 13 6 5 7 -2 8 12 -7 -11 -9 -4 -1
right_child=3 -3 4 -5 -6 9 -8 11 -10 10 -12 -13 -14 -15
leaf_value=0.023276894792862088 0.059437106978464466 -0.11752947703892647 0.0077774525596476622 -0.11443204289907608 0.038902014445302953 -0.048249824168142538 -0.051253945185511129 -0.1115006930383981 -0.095866498473607606 0.052377376559421512 -0.079857177992377043 -0.0082628066468728844 0.062763485099278857 0.075218230628217655
leaf_weight=19.545709639787674 10.083706453442575 11.456442877650259 23.189163610339165 24.6026930809021 61.406405076384544 57.64116083085537 16.602847784757614 5.2961232066154471 4.9932723343372336 12.896105736494066 4.8177472651004782 49.231729343533516 36.753665253520012 40.20777490735054
leaf_count=82 43 47 98 101 261 240 69 22 21 55 20 207 156 171
internal_value=-0.000145955 0.00921972 0.0138589 -0.0598876 0.00345786 -0.00771544 -0.00926946 0.00829373 0.0308432 -0.033106 0.016026 -0.0185215 0.0415819 0.058337
internal_weight=378.725 327.435 315.979 51.2892 256.225 194.819 26.6866 119.464 64.9361 75.355 17.7139 54.5279 59.9428 59.7535
internal_count=1593 1380 1333 213 1080 819 112 504 275 315 75 229 254 253
is_linear=0
shrinkage=0.05


Tree=2
num_leaves=15
num_cat=0
split_feature=23 5 4 28 2 4 5 2 4 2 9 2 13 10
split_gain=76.1224 68.7096 53.7834 49.7989 38.2738 41.2161 28.0837 18.9345 17.454 25.4616 15.6575 13.528 14.1184 12.6633
threshold=1.0000000180025095e-35 3.5000000000000004 1.5000000000000002 1.5833333333333337 1.7083333333333337 2.5000000000000004 1.0000000180025095e-35 1.4166666666666667 4.5000000000000009 2.4166666666666674 2.5000000000000004 2.2916666666666674 1.5000000000000002 1.5000000000000002
decision_type=2 2 2 2 2 2 2 2 2 2 2 2 2 2
left_child=1 2 -1 6 7 11 -2 -4 9 -7 13 12 -6 -10
right_child=3 -3 4 -5 5 8 -8 -9 10 -11 -12 -13 -14 -15
leaf_value=0.056284114978674062 0.05739617430308102 -0.10998706541491599 0.034008436646224868 -0.10706338190153258 0.040061723259743144 -0.020892161188035406 -0.048247560186632413 -0.061257044019659902 -0.04249641600724742 0.02626100543767923 -0.091837683318267735 0.060965958161879774 -0.024024981233387685 0.046478319100387258
leaf_weight=58.872293546795845 9.9276905357837695 11.631805360317228 6.2247447222471228 24.977367326617241 26.253108948469162 54.913988545536995 16.757562652230263 29.56124921143055 11.790859639644625 59.559193357825279 9.6145017594099063 39.246867999434471 12.620865687727926 5.9119093269109717
leaf_count=253 43 47 26 101 112 230 69 123 49 253 40 169 53 25
internal_value=-0.000125445 0.00880394 0.013238 -0.0564626 0.00329903 0.0111165 -0.00878413 -0.044568 -0.00493834 0.00362082 -0.0407791 0.0402572 0.0191829 -0.0125484
internal_weight=377.864 326.201 314.57 51.6626 255.697 219.911 26.6853 35.786 141.79 114.473 27.3173 78.1208 38.874 17.7028
internal_count=1593 1380 1333 213 1080 931 112 149 597 483 114 334 165 74
is_linear=0
shrinkage=0.05


Tree=3
num_leaves=15
num_cat=0
split_feature=26 4 8 22 29 28 22 13 13 4 2 10 28 1
split_gain=126.577 60.5678 36.9344 37.9595 25.9149 22.0811 19.6305 18.7912 16.2877 16.17 27.6195 17.6428 16.0965 17.9301
threshold=1.0000000180025095e-35 1.5000000000000002 1.5000000000000002 1.0000000180025095e-35 3.5000000000000004 1.2916666666666667 1.0000000180025095e-35 1.5000000000000002 2.5000000000000004 4.5000000000000009 2.4166666666666674 2.5000000000000004 2.4166666666666674 4.5000000000000009
decision_type=2 2 2 2 2 2 2 2 2 2 2 2 2 2
left_child=1 12 4 5 6 -4 -3 -5 -9 10 11 -8 -1 -14
right_child=-2 2 3 7 -6 -7 9 8 -10 -11 -12 -13 13 -15
leaf_value=0.063273601419930256 -0.10853418025601876 -0.10880763710373278 0.012979253913986466 0.047433568248016172 -0.074448817071300091 -0.10690026435698795 -0.02685110625679887 -0.056782105818394706 0.057425223559899388 -0.045754678595989501 0.025106347579335303 0.04095489414793993 -0.077916016969685586 0.062841223329573551
leaf_weight=52.432835027575493 25.025513783097267 4.6890383660793296 7.3411305397748929 68.240532726049423 16.418970957398415 7.8385065197944641 76.528463378548622 8.8297306895256025 4.6897583305835715 22.297931626439095 62.641009539365768 10.849739715456961 4.5479362010955793 4.3009468019008636
leaf_count=229 101 19 31 293 68 32 319 37 20 92 267 47 19 19
internal_value=-0.000107916 0.00762997 -0.00190053 0.0232646 -0.0145311 -0.0490554 -0.00892013 0.0367657 -0.0168506 -0.00612599 -0.00019262 -0.0183659 0.0527576 -0.00928471
internal_weight=376.672 351.647 290.365 96.9397 193.425 15.1796 177.006 81.76 13.5195 172.317 150.019 87.3782 61.2817 8.84888
internal_count=1593 1492 1225 413 812 63 744 350 57 725 633 366 267 38
is_linear=0
shrinkage=0.05


Tree=4
num_leaves=15
num_cat=0
split_feature=23 5 4 28 1 5 4 8 30 10 4 1 32 9
split_gain=64.5645 55.618 46.5217 42.1842 29.1271 24.493 17.9859 15.2187 14.6631 17.3926 10.6445 22.5762 18.3164 15.3029
threshold=1.0000000180025095e-35 3.5000000000000004 2.5000000000000004 1.5833333333333337 5.5000000000000009 1.0000000180025095e-35 1.5000000000000002 3.5000000000000004 0.9714045207910319 1.5000000000000002 4.5000000000000009 7.5000000000000009 1.0000000180025095e-35 2.5000000000000004
decision_type=2 2 2 2 2 2 2 2 2 2 2 2 2 2
left_child=1 2 4 5 6 -2 -1 10 9 -8 11 12 -4 -12
right_child=3 -3 7 -5 -6 -7 8 -9 -10 -11 13 -13 -14 -15
leaf_value=0.033577667690150963 0.055043684699929478 -0.098096987149178 0.012557024978879143 -0.098057062735952424 0.047473055739877916 -0.044098418370110616 0.013468195840949333 -0.10320613175210816 -0.10632993771757893 -0.074273984179233005 -0.0044986290757834868 0.02848465502931323 -0.0383041865212305 -0.082974545152610657
leaf_weight=28.368331283330917 9.7149467170238513 11.749125257134436 31.034990951418877 25.219422683119774 99.939228370785713 16.92904232442379 23.252374932169918 3.9829265326261512 4.2123360782861701 7.3422790169715872 16.820935398340225 46.066978350281715 40.81215937435627 9.8302473276853579
leaf_count=124 43 47 131 101 439 69 98 16 17 30 70 198 170 40
internal_value=-9.3469e-05 0.00820948 0.0122552 -0.0518336 0.0306853 -0.00778504 0.00405555 -0.00797221 -0.0199612 -0.0076806 -0.00526161 0.00117703 -0.0163126 -0.0337398
internal_weight=375.275 323.412 311.663 51.8634 163.115 26.644 63.1753 148.548 34.807 30.5947 144.565 117.914 71.8472 26.6512
internal_count=1593 1380 1333 213 708 112 269 625 145 128 609 499 301 110
is_linear=0
shrinkage=0.05


Tree=5
num_leaves=15
num_cat=0
split_feature=26 4 23 29 11 29 13 4 1 4 7 10 25 6
split_gain=114.769 60.8082 41.8866 39.8716 34.6129 22.2645 19.9851 18.5487 27.3405 18.2019 15.9166 15.5896 9.64726 9.92184
threshold=1.0000000180025095e-35 1.5000000000000002 1.0000000180025095e-35 1.5000000000000002 1.5000000000000002 3.5000000000000004 2.5000000000000004 3.5000000000000004 7.5000000000000009 4.5000000000000009 2.5000000000000004 1.5000000000000002 1.0000000180025095e-35 1.5000000000000002
decision_type=2 2 2 2 2 2 2 2 2 2 2 2 2 2
left_child=1 12 4 -4 5 9 7 8 10 -3 -6 -11 -1 -14
right_child=-2 2 3 -5 6 -7 -8 -9 -10 11 -12 -13 13 -15
leaf_value=0.06481181224559257 -0.098659749142759143 0.037413304116374106 0.028149694096348977 -0.077483216999397725 -0.036303580264990656 -0.045498746230725466 0.063992665867789164 -0.061907406838975512 0.046289280942779384 -0.040817803696126018 0.041744976206261886 0.067262556061456202 0.072577116653143078 -0.02661416219846853
leaf_weight=47.973891288042068 26.621172100305557 108.71357423067093 12.58813665807247 30.067508518695831 48.408709198236465 10.58884061872959 7.3727582097053519 21.262006506323814 17.075811237096786 14.394782379269602 7.4350410252809516 4.2262102514505377 3.9859031736850721 6.4522816240787506
leaf_count=216 107 471 53 122 201 44 32 88 76 59 33 18 18 28
internal_value=0.00111553 0.00894919 -0.000662266 -0.0462584 0.00746478 0.0237756 -0.0146644 -0.0209097 -0.00885288 0.0295871 -0.0258115 -0.0159261 0.0553376 0.0113549
internal_weight=367.167 340.545 282.133 42.6556 239.478 137.923 101.554 94.1816 72.9196 127.335 55.8438 18.621 58.4121 10.4382
internal_count=1566 1459 1197 175 1022 592 430 398 310 548 234 77 262 46
is_linear=0
shrinkage=0.05


Tree=6
num_leaves=15
num_cat=0
split_feature=23 5 28 29 10 8 2 8 6 10 32 22 28 21
split_gain=51.9979 51.0717 38.2522 35.5053 28.7027 22.268 20.7796 19.2798 38.6827 19.5048 13.6509 19.3374 18.1253 12.0795
threshold=1.0000000180025095e-35 3.5000000000000004 1.1250000000000002 3.5000000000000004 2.5000000000000004 3.5000000000000004 3.4166666666666674 1.5000000000000002 2.5000000000000004 1.5000000000000002 1.0000000180025095e-35 1.5000000000000002 2.0833333333333335 3.5000000000000004
decision_type=2 2 2 2 2 2 2 2 2 2 2 2 2 2
left_child=1 3 -2 4 5 7 -6 10 -9 -10 13 -12 -13 -1
right_child=2 -3 -4 -5 6 -7 -8 8 9 -11 11 12 -14 -15
leaf_value=0.018598440279125172 0.02204805395562737 -0.089458948680903205 -0.073020822923329162 -0.049620802584919438 0.051953482627546378 -0.095011517433817513 -0.065761740898040003 0.050566512412007582 -0.059633475086920934 0.027640429637381836 -0.054372515992755492 -0.017210911725646951 0.072841812107709999 -0.067454199680748866
leaf_weight=61.641675427556038 14.78500649333 12.605117574334143 36.464371681213379 21.024561002850533 66.056133836507797 4.9834722131490699 3.8724554330110541 60.830229133367538 14.829013735055923 11.083643645048141 23.873338431119919 21.115890040993694 7.4791138023138037 4.2591366022825232
leaf_count=264 63 51 148 87 299 20 16 270 62 49 98 89 32 18
internal_value=0.00107894 0.00871891 -0.0455561 0.0128663 0.0175829 0.00832363 0.0453144 0.0108916 0.0287862 -0.0222449 -0.0022141 -0.0212401 0.00642731 0.0129052
internal_weight=364.903 313.654 51.2494 301.049 280.024 210.096 69.9286 205.112 86.7429 25.9127 118.369 52.4683 28.595 65.9008
internal_count=1566 1355 211 1304 1217 902 315 882 381 111 501 219 121 282
is_linear=0
shrinkage=0.05


Tree=7
num_leaves=15
num_cat=0
split_feature=26 4 11 29 4 28 5 4 1 22 28 23 1 7
split_gain=96.3062 53.8995 36.0721 26.9793 21.9148 18.4165 17.0037 16.4766 20.5984 15.6663 13.2573 10.445 10.1541 9.87413
threshold=1.0000000180025095e-35 1.5000000000000002 1.0000000180025095e-35 3.5000000000000004 4.5000000000000009 2.4166666666666674 1.0000000180025095e-35 3.5000000000000004 5.5000000000000009 1.5000000000000002 2.2916666666666674 1.0000000180025095e-35 4.5000000000000009 2.5000000000000004
decision_type=2 2 2 2 2 2 2 2 2 2 2 2 2 2
left_child=1 5 3 4 11 -1 7 8 -4 -8 -6 -3 -7 -13
right_child=-2 2 6 -5 10 12 9 -9 -10 -11 -12 13 -14 -15
leaf_value=0.065178524245361275 -0.09086318658263523 0.035030554017062794 -0.056426165614199775 -0.051522892745636817 -0.044772511659227361 -0.059265768622119235 -0.049169899372089446 -0.048524735866002616 0.026715419526719072 0.053689620664358277 0.055197250443800597 0.018797008059064743 0.045828597260263698 -0.058495436277266027
leaf_weight=47.506390452384949 26.327419117093086 106.66109375655651 9.1196108162403089 13.94473050534725 17.312423899769787 5.0349338799715024 51.583709180355072 15.484954521059988 38.541081741452217 3.8837013989686957 3.9870309084653845 13.290546998381616 4.047006368637085 5.8683099597692481
leaf_count=222 107 471 37 57 71 21 213 64 171 17 17 55 19 24
internal_value=0.00103571 0.0082631 -0.000738861 0.0146581 0.0209787 0.0527205 -0.0216621 -0.00386067 0.0106696 -0.0418393 -0.0257719 0.028927 -0.0121733 -0.00492847
internal_weight=362.593 336.266 279.677 161.064 147.119 56.5883 118.613 63.1456 47.6607 55.4674 21.2995 125.82 9.08194 19.1589
internal_count=1566 1459 1197 695 638 262 502 272 208 230 88 550 40 79
is_linear=0
shrinkage=0.05


Tree=8
num_leaves=15
num_cat=0
split_feature=26 4 11 4 30 28 5 4 2 23 9 4 28 9
split_gain=87.9499 49.9142 32.6389 19.7373 18.6341 17.2612 15.2142 14.8115 19.6143 13.913 12.0907 12.4107 11.4199 15.5828
threshold=1.0000000180025095e-35 1.5000000000000002 1.0000000180025095e-35 4.5000000000000009 0.9714045207910319 2.4166666666666674 1.0000000180025095e-35 3.5000000000000004 2.1250000000000004 1.0000000180025095e-35 1.5000000000000002 2.5000000000000004 1.5833333333333337 2.5000000000000004
decision_type=2 2 2 2 2 2 2 2 2 2 2 2 2 2
left_child=1 5 3 4 -3 -1 7 8 -4 10 -8 -12 -5 -14
right_child=-2 2 6 12 -6 -7 9 -9 -10 -11 11 -13 13 -15
leaf_value=0.063559111791987546 -0.087327489563990029 0.027307063770602848 -0.019710267104966199 -0.10782960597687208 -0.035209876524482507 -0.011581025394776966 -0.054520048248434608 -0.045851357821215688 0.044612225853515527 -0.090941943653688753 0.051981238002763865 -0.026367025408959535 0.024632687163508263 -0.065238325056383203
leaf_weight=46.313850119709969 26.034908324480057 123.60675594210625 25.346342831850052 3.6986276954412487 13.071109116077421 9.0513194948434812 21.301081746816635 15.571875929832457 22.050060197710991 10.621092423796652 7.1438562870025661 16.601570025086403 11.451404869556427 8.1637527495622635
leaf_count=222 107 545 107 15 54 40 87 64 101 43 31 69 48 33
internal_value=0.000997719 0.00791428 -0.00069939 0.0140241 0.0212886 0.0512311 -0.0205715 -0.00367804 0.0101925 -0.0395949 -0.0272582 -0.00257182 -0.0283669 -0.0127857
internal_weight=360.028 333.993 278.628 159.992 136.678 55.3652 118.636 62.9683 47.3964 55.6676 45.0465 23.7454 23.3138 19.6152
internal_count=1566 1459 1197 695 599 262 502 272 208 230 187 100 96 81
is_linear=0
shrinkage=0.05


Tree=9
num_leaves=15
num_cat=0
split_feature=4 11 29 24 5 4 5 7 24 23 6 9 7 4
split_gain=51.8432 33.0469 26.1574 21.9636 26.7568 20.5819 16.9926 15.0073 12.623 12.0779 11.0962 10.3837 8.58405 15.0331
threshold=1.5000000000000002 1.0000000180025095e-35 3.5000000000000004 1.5000000000000002 1.0000000180025095e-35 4.5000000000000009 3.5000000000000004 3.5000000000000004 1.0000000180025095e-35 1.0000000180025095e-35 1.5000000000000002 1.5000000000000002 1.5000000000000002 2.5000000000000004
decision_type=2 2 2 2 2 2 2 2 2 2 2 2 2 2
left_child=8 2 5 7 -5 6 9 -3 10 -2 -1 -6 -13 -14
right_child=1 3 -4 4 11 -7 -8 -9 -10 -11 -12 12 13 -15
leaf_value=0.054992337997528777 0.031565336461258711 -0.053914916936697282 -0.052988774112008363 0.038289791161319892 -0.054931998052757995 -0.029036218803726511 -0.078395789831659984 0.035139270659937126 0.058739473032914449 -0.010425650407916869 -0.034106832683969468 0.048036223519266341 0.046775073962900086 -0.051099914058044142
leaf_weight=5.9978383034467688 105.62683521211147 59.475785478949547 16.158958047628403 22.519948393106461 20.150302410125732 23.700645267963409 4.0151898711919776 5.036653295159339 42.040037021040916 20.283842876553535 8.0719441622495633 5.4908352047204998 5.4348894059658077 13.297777503728865
leaf_count=29 475 249 66 100 82 98 17 23 206 84 35 23 24 55
internal_value=0.000955455 -0.00726179 0.0072964 -0.0260822 -0.00594748 0.013684 0.0215124 -0.0468799 0.0450437 0.024778 0.00381906 -0.02849 -0.006256 -0.0224732
internal_weight=357.301 301.192 169.785 131.406 66.8938 153.627 129.926 64.5124 56.1098 125.911 14.0698 44.3738 24.2235 18.7327
internal_count=1566 1296 740 556 284 674 576 272 270 559 64 184 102 79
is_linear=0
shrinkage=0.05


Tree=10
num_leaves=15
num_cat=0
split_feature=26 23 4 28 24 1 28 2 4 5 4 10 9 30
split_gain=75.4828 40.254 30.7688 28.1257 19.3249 17.9522 15.7611 13.3165 18.5187 11.9494 10.8828 13.3259 14.2808 10.3289
threshold=1.0000000180025095e-35 1.0000000180025095e-35 2.5000000000000004 1.5833333333333337 1.0000000180025095e-35 5.5000000000000009 2.5833333333333335 2.4166666666666674 4.5000000000000009 1.0000000180025095e-35 1.5000000000000002 1.5000000000000002 1.5000000000000002 0.92016825471890717
decision_type=2 2 2 2 2 2 2 2 2 2 2 2 2 2
left_child=1 2 5 4 9 6 10 -4 -9 -3 -1 12 13 -12
right_child=-2 3 7 -5 -6 -7 -8 8 -10 -11 11 -13 -14 -15
leaf_value=0.040207135432028918 -0.08335184038719741 0.067958964551674078 -0.022289516553243113 -0.079694127267382467 -0.098459502962152237 0.043689786438569522 -0.090185694095273716 0.02555165198967059 -0.02643435868451793 -0.012265978675813813 0.0096511857842973836 -0.066276805286600252 0.079235587110452005 -0.079309074728367887
leaf_weight=24.326113194227219 24.998744413256645 7.9620865732431456 56.373618364334106 20.937945961952209 3.9557885378599158 87.579193636775017 3.7027675807476035 55.126632317900658 24.70445904135704 10.787229984998703 16.546004876494415 6.6873742491006842 6.0228110253810874 3.9520305544137946
leaf_count=118 105 36 236 86 16 415 15 246 101 44 73 27 26 16
internal_value=0.000219035 0.0066066 0.013463 -0.0380422 0.00043927 0.0291736 0.0083349 -0.00369267 0.00941989 0.0218495 0.0148643 -0.00369008 0.0121873 -0.00768079
internal_weight=353.663 328.664 285.021 43.6431 22.7051 148.816 61.2371 136.205 79.8311 18.7493 57.5343 33.2082 26.5208 20.498
internal_count=1560 1455 1273 182 96 690 275 583 347 80 260 142 115 89
is_linear=0
shrinkage=0.05


Tree=11
num_leaves=15
num_cat=0
split_feature=22 4 28 7 11 24 22 21 28 33 28 8 14 32
split_gain=46.4564 35.303 30.1769 25.6408 21.8698 21.9681 16.7405 16.2862 16.1394 14.6882 18.0499 17.1431 13.647 13.3652
threshold=1.0000000180025095e-35 1.5000000000000002 1.2916666666666667 3.5000000000000004 1.0000000180025095e-35 1.5000000000000002 1.5000000000000002 3.5000000000000004 2.0833333333333335 2.5000000000000004 2.2916666666666674 1.0000000180025095e-35 1.5000000000000002 1.0000000180025095e-35
decision_type=2 2 2 2 2 2 2 2 2 2 2 2 2 2
left_child=2 -2 -1 4 7 -6 -7 9 -9 10 11 -3 -5 -12
right_child=1 3 -4 12 5 6 -8 8 -10 -11 13 -13 -14 -15
leaf_value=0.012951081230028742 0.046001123419430065 -0.00045211815047524625 -0.087044491929294518 0.060767659864174241 -0.044838590765357685 -0.011168864246655292 0.069038384138583028 -0.090409637539250409 -0.0010690034523492416 0.061450043503458542 0.0019827888232393262 0.047565664545952402 -0.026150524935167358 -0.092703407446128275
leaf_weight=11.035384446382521 47.316250622272491 48.564491853117943 23.32504315674305 23.0652568936348 55.099186137318611 46.60059979557991 7.4583896696567527 7.4631666094064739 15.426515713334082 15.039770260453222 7.8985668122768384 29.909922674298286 5.504120171070098 6.8653948605060577
leaf_count=51 237 211 98 109 232 197 34 31 67 69 34 137 24 29
internal_value=0.000208906 0.00622191 -0.0549124 -0.000783053 -0.00612157 -0.0226512 0 0.00762214 -0.0305738 0.0157405 0.00828259 0.0178549 0.0439022 -0.0422065
internal_weight=350.572 316.212 34.3604 268.895 240.326 109.158 54.059 131.168 22.8897 108.278 93.2384 78.4744 28.5694 14.764
internal_count=1560 1411 149 1174 1041 463 231 578 98 480 411 348 133 63
is_linear=0
shrinkage=0.05


Tree=12
num_leaves=15
num_cat=0
split_feature=26 4 7 29 11 10 21 30 22 5 24 5 8 22
split_gain=66.4448 34.0158 24.8698 21.5697 20.9326 13.481 18.6369 11.6828 11.6549 10.5638 10.4692 14.9597 10.4566 10.4476
threshold=1.0000000180025095e-35 1.5000000000000002 3.5000000000000004 3.5000000000000004 1.0000000180025095e-35 2.5000000000000004 3.5000000000000004 0.48570226039551589 1.0000000180025095e-35 2.5000000000000004 1.5000000000000002 1.0000000180025095e-35 1.0000000180025095e-35 1.5000000000000002
decision_type=2 2 2 2 2 2 2 2 2 2 2 2 2 2
left_child=1 -1 3 4 5 6 7 12 -6 13 -10 -12 -3 -9
right_child=-2 2 -4 -5 8 -7 -8 9 10 -11 11 -13 -14 -15
leaf_value=0.044435259052821946 -0.079437728867092161 0.01005814018456065 0.044485404412854583 -0.05500794148407822 -0.087235317648879721 0.045651649483418912 -0.053548002544146447 -0.04559053495296099 -0.032012836637600663 0.032648174671794809 0.037715831387430981 -0.018885888192818161 0.055077916083083427 0.035140735157395069
leaf_weight=49.218965172767639 24.251823380589485 37.033810585737228 27.35210819542408 20.237565502524376 5.7061159610748282 24.261575073003769 12.174996480345724 19.180625498294834 43.605316027998924 9.6814367175102216 18.091659814119339 32.464273348450661 19.890441805124283 4.9441352039575568
leaf_count=252 105 163 130 83 24 114 51 82 183 41 82 135 93 22
internal_value=0.000206715 0.00620149 -0.00065546 -0.00567481 -0.00124403 0.0121945 0.00424554 0.0120787 -0.0183762 -0.0111311 -0.0140887 0.0013544 0.0259018 -0.0288655
internal_weight=348.095 323.843 274.624 247.272 227.034 127.167 102.905 90.7304 99.8674 33.8062 94.1612 50.5559 56.9243 24.1248
internal_count=1560 1455 1203 1073 990 566 452 401 424 145 400 217 256 104
is_linear=0
shrinkage=0.05


Tree=13
num_leaves=15
num_cat=0
split_feature=26 23 4 28 24 2 4 2 4 2 9 3 7 7
split_gain=61.3323 32.9426 25.5773 24.4872 15.9858 15.0221 15.0825 10.8238 16.2706 9.22459 7.65486 7.21988 11.1094 7.90066
threshold=1.0000000180025095e-35 1.0000000180025095e-35 2.5000000000000004 1.5833333333333337 1.0000000180025095e-35 1.7083333333333337 1.5000000000000002 2.4166666666666674 4.5000000000000009 1.4166666666666667 2.5000000000000004 1.5000000000000002 2.5000000000000004 1.5000000000000002
decision_type=2 2 2 2 2 2 2 2 2 2 2 2 2 2
left_child=1 2 5 4 -3 6 -1 -4 11 -8 -10 -9 13 -13
right_child=-2 3 7 -5 -6 -7 9 8 10 -11 -12 12 -14 -15
leaf_value=0.03958641946359711 -0.077196826990786241 0.020677292091939012 -0.020107145475449114 -0.074592526379727436 -0.089400470699494694 0.037932797607367785 0.029113168948143101 0.052392409363269048 -0.0023212950096488244 -0.036067825428342776 -0.059469150270874509 0.038872715899272957 0.043816857744683392 -0.028219598490062409
leaf_weight=17.472701579332352 23.724257111549377 18.496095210313801 56.363843873143196 20.261226788163185 3.9085983783006659 97.973926395177841 7.1764500588178661 15.713797107338904 14.906975716352463 21.053568810224533 9.6685882657766342 5.8369101285934475 15.983110770583151 16.582429394125938
leaf_count=90 105 80 236 86 16 481 31 72 62 88 39 27 74 73
internal_value=0.000203013 0.00594635 0.0122184 -0.0349028 0.00105073 0.0268975 0.00315522 -0.00338754 0.00856664 -0.0193654 -0.0250558 0.0238996 0.01207 -0.0105459
internal_weight=345.122 321.398 278.732 42.6659 22.4047 143.677 45.7027 135.056 78.6918 28.23 24.5756 54.1162 38.4025 22.4193
internal_count=1560 1455 1273 182 96 690 209 583 347 119 101 246 174 100
is_linear=0
shrinkage=0.05


Tree=14
num_leaves=15
num_cat=0
split_feature=26 22 8 28 6 10 30 28 11 0 6 14 33 30
split_gain=56.7248 23.2801 30.8772 26.9047 26.4076 18.4787 11.358 11.1627 10.2844 12.3682 14.0473 9.87972 14.7328 9.0968
threshold=1.0000000180025095e-35 1.0000000180025095e-35 1.0000000180025095e-35 1.2916666666666667 2.5000000000000004 2.5000000000000004 0.9714045207910319 2.4166666666666674 1.5000000000000002 3.5000000000000004 1.5000000000000002 1.5000000000000002 2.5000000000000004 0.88177643582009468
decision_type=2 2 2 2 2 2 2 2 2 2 2 2 2 2
left_child=1 3 6 -1 7 11 8 -4 13 10 -10 12 -6 -3
right_child=-2 2 4 -5 5 -7 -8 -9 9 -11 -12 -13 -14 -15
leaf_value=0.023554374999315966 -0.075178322639132447 0.008466588218672088 0.057295385895656074 -0.084957723198662738 -0.029319735247058266 0.067752272305843825 -0.042151758131868916 -0.006673010808619941 0.0074756540394428708 0.042110691687209406 -0.035781894575889497 -0.076422740557148483 0.061329605364952015 0.066647597304011125
leaf_weight=9.373515799641611 23.160141915082932 81.498056203126907 59.693832099437714 14.26957021653652 16.913561582565315 7.2948135435581198 16.29622945189476 7.5979091823101035 32.160474389791489 9.6459062099456769 44.598160430788994 6.1611608266830435 5.9800552278757086 7.2507324516773215
leaf_count=45 105 366 303 61 73 37 68 35 141 45 190 26 30 35
internal_value=0.000194803 0.00570134 0.0095377 -0.0419138 0.0315074 -0.0027689 -0.00235278 0.0500364 0.00135778 -0.010899 -0.0176391 -0.0207321 -0.0053687 0.0133177
internal_weight=341.894 318.734 295.091 23.6431 103.641 36.3496 191.45 67.2917 175.153 86.4045 76.7586 29.0548 22.8936 88.7488
internal_count=1560 1455 1349 106 504 166 845 338 777 376 331 129 103 401
is_linear=0
shrinkage=0.05


Tree=15
num_leaves=15
num_cat=0
split_feature=26 7 29 4 11 5 23 6 14 2 2 7 30 21
split_gain=51.1353 26.7566 27.946 21.3176 17.4269 18.6774 10.6379 10.5827 10.301 9.39146 11.9323 9.18683 6.06362 6.51283
threshold=1.0000000180025095e-35 3.5000000000000004 3.5000000000000004 4.5000000000000009 1.0000000180025095e-35 1.0000000180025095e-35 1.0000000180025095e-35 1.5000000000000002 1.5000000000000002 2.8750000000000004 3.1250000000000004 1.5000000000000002 0.9714045207910319 3.5000000000000004
decision_type=2 2 2 2 2 2 2 2 2 2 2 2 2 2
left_child=1 2 3 4 9 11 -7 -5 -3 12 -11 -6 13 -1
right_child=-2 8 -4 7 5 6 -8 -9 -10 10 -12 -13 -14 -15
leaf_value=0.032070136310375905 -0.073559558680865778 0.059063217375284111 -0.053423467967532973 -0.07302464217507805 -0.015374458887092504 -0.017531044496568109 -0.080170719399353982 -0.009899319347633169 -0.017511014090144241 -0.061252023985564542 0.053158634951080842 0.027145036839709997 -0.031913433236416149 -0.010941595017553117
leaf_weight=99.90598452091217 22.4007807970047 27.774257138371468 22.83518448472023 11.839541509747505 18.385725915431976 43.071787029504776 8.0167437791824323 15.282749399542809 5.1100034713745108 6.8684720844030362 3.2758907228708267 40.234004020690918 4.2280846685171118 9.5104618072509748
leaf_count=478 104 145 96 49 80 184 35 64 24 31 16 193 18 43
internal_value=-0.000722561 0.00444893 -0.000501829 0.00414423 0.00903111 -0.00545871 -0.0275466 -0.0377139 0.0470713 0.021887 -0.0239034 0.013763 0.0260138 0.0283022
internal_weight=338.74 316.339 283.455 260.619 233.497 109.708 51.0885 27.1223 32.8843 123.789 10.1444 58.6197 113.645 109.416
internal_count=1560 1456 1287 1191 1078 492 219 113 169 586 47 273 539 521
is_linear=0
shrinkage=0.05


Tree=16
num_leaves=15
num_cat=0
split_feature=26 4 7 29 10 2 6 2 2 2 28 32 14 1
split_gain=47.4683 24.8539 20.4386 19.1448 15.0992 20.2882 14.2223 12.5496 20.2007 12.791 9.16812 10.8938 9.12172 8.69411
threshold=1.0000000180025095e-35 1.5000000000000002 3.5000000000000004 3.5000000000000004 2.5000000000000004 2.8750000000000004 2.5000000000000004 2.7083333333333335 2.4166666666666674 1.4166666666666667 1.7083333333333337 1.0000000180025095e-35 1.5000000000000002 4.5000000000000009
decision_type=2 2 2 2 2 2 2 2 2 2 2 2 2 2
left_child=1 13 3 4 7 -6 -7 8 9 -3 -9 -12 -4 -1
right_child=-2 2 12 -5 5 6 -8 10 -10 -11 11 -13 -14 -15
leaf_value=0.0084071107533132093 -0.071883816630443617 0.060069673210431711 0.055363785518913793 -0.052240119374268715 0.046755947326216421 -0.054581190519077227 0.033725017790649847 -0.10247925687345943 0.031797963637738159 -0.017158960849711909 0.012548901552645415 -0.061178168575417448 -0.025822226892971891 0.052361426552973336
leaf_weight=17.678554594516754 21.794532641768456 5.5337515920400611 20.316465109586719 20.596265494823456 31.318010285496712 11.165736287832262 7.5385219156742087 4.923117175698283 31.695311307907104 107.45739835500717 9.3945561796426791 10.457171946763991 4.0581285357475272 31.790459722280502
leaf_count=90 104 25 107 86 152 50 36 20 144 464 40 44 18 180
internal_value=-0.000695934 0.00425973 -0.00182057 -0.00626448 -0.00191693 0.0221796 -0.0188674 -0.00905346 -0.00339209 -0.0133048 -0.0418691 -0.0262745 0.0416947 0.0367527
internal_weight=335.718 313.923 264.454 240.08 219.484 50.0223 18.7043 169.461 144.686 112.991 24.7748 19.8517 24.3746 49.469
internal_count=1560 1456 1186 1061 975 238 86 737 633 489 104 84 125 270
is_linear=0
shrinkage=0.05


Tree=17
num_leaves=15
num_cat=0
split_feature=26 7 29 10 11 5 4 7 7 24 13 14 30 22
split_gain=44.1442 23.0414 23.3124 18.5577 15.8023 16.7929 14.6492 14.217 13.873 22.9815 9.52849 9.24183 9.20106 11.1966
threshold=1.0000000180025095e-35 3.5000000000000004 3.5000000000000004 2.5000000000000004 1.0000000180025095e-35 1.0000000180025095e-35 4.5000000000000009 2.5000000000000004 2.5000000000000004 1.5000000000000002 3.5000000000000004 1.5000000000000002 0.48570226039551589 1.0000000180025095e-35
decision_type=2 2 2 2 2 2 2 2 2 2 2 2 2 2
left_child=1 2 3 4 6 7 12 -6 10 -10 -5 -3 -1 -14
right_child=-2 11 -4 8 5 -7 -8 -9 9 -11 -12 -13 13 -15
leaf_value=0.026835627840568577 -0.070356861635369736 0.056606410125305331 -0.049022398768617241 0.050740305136319032 -0.014312465032095626 -0.041668624542035293 -0.037165532792657954 0.053581815668345238 -0.068167258964600616 0.048256048440771915 -0.021717470692793919 -0.016113290565217611 -0.084371785033514446 0.0049835563609149413
leaf_weight=63.648257419466972 21.172114849090576 26.270210251212124 22.61960281431675 39.372761636972427 29.822697386145592 43.415974393486977 15.071814984083174 10.281238764524458 8.5034836530685425 8.2430781424045563 5.0187429487705222 5.1302251368761054 3.8593933582305899 30.276011407375336
leaf_count=308 104 145 96 202 128 182 62 52 38 43 25 24 16 135
internal_value=-0.00066176 0.00408782 -0.000462275 0.00381084 -0.00367017 -0.020154 0.00851376 0.00312104 0.0278474 -0.0107661 0.0424619 0.0446326 0.0156108 -0.00526299
internal_weight=332.706 311.533 280.133 257.513 196.375 83.5199 112.855 40.1039 61.1381 16.7466 44.3915 31.4004 97.7837 34.1354
internal_count=1560 1456 1287 1191 883 362 521 180 308 81 227 169 459 151
is_linear=0
shrinkage=0.05


Tree=18
num_leaves=15
num_cat=0
split_feature=26 4 22 8 14 29 6 4 28 2 6 1 1 28
split_gain=41.1108 21.9665 18.267 25.6176 29.1986 13.2716 16.647 16.0971 9.7681 9.10267 8.99763 13.4689 8.05369 8.87421
threshold=1.0000000180025095e-35 1.5000000000000002 1.0000000180025095e-35 1.0000000180025095e-35 1.5000000000000002 3.5000000000000004 2.5000000000000004 4.5000000000000009 1.2916666666666667 1.8750000000000002 2.5000000000000004 7.5000000000000009 4.5000000000000009 2.4166666666666674
decision_type=2 2 2 2 2 2 2 2 2 2 2 2 2 2
left_child=1 12 8 5 10 6 7 -4 -3 -8 -5 -12 13 -1
right_child=-2 2 3 4 -6 -7 9 -9 -10 -11 11 -13 -14 -15
leaf_value=0.028483534912964566 -0.06896090794447407 0.0077609515904099704 -0.0055577409681789348 0.051993259537500558 -0.065896462398819661 -0.053754679151540058 -0.032396320266081823 -0.059988619860409813 -0.078592450134656475 0.043553958379755918 -0.015665026077879538 0.062402176263873545 0.05060606164905497 -0.052833311655318405
leaf_weight=13.146877110004427 20.538746997714043 4.5102054178714743 115.66223774850368 40.498113572597504 7.5003224313259116 14.908742755651472 4.6425166279077557 15.32084186375141 11.23816269636154 23.001239120960236 14.943090558052065 8.6125579923391324 30.31898507475853 4.3841388225555411
leaf_count=71 104 21 510 212 32 62 19 64 50 106 65 45 180 19
internal_value=-0.000633096 0.0039259 -0.00178211 0.00157141 0.026733 -0.00879849 -0.00452627 -0.0119844 -0.0538109 0.0306379 0.0377041 0.0129158 0.0350321 0.00782178
internal_weight=329.227 308.688 260.838 245.09 71.5541 173.536 158.627 130.983 15.7484 27.6438 64.0538 23.5556 47.85 17.531
internal_count=1560 1456 1186 1115 354 761 699 574 71 125 322 110 270 90
is_linear=0
shrinkage=0.05


Tree=19
num_leaves=15
num_cat=0
split_feature=26 23 24 10 7 4 29 28 9 28 1 0 2 24
split_gain=38.3341 20.7494 21.6149 18.6015 18.7816 17.0265 15.0192 14.6506 13.4866 13.2832 12.4284 9.11817 7.03823 6.85033
threshold=1.0000000180025095e-35 1.0000000180025095e-35 1.0000000180025095e-35 2.5000000000000004 2.5000000000000004 4.5000000000000009 3.5000000000000004 2.4166666666666674 2.5000000000000004 1.5833333333333337 4.5000000000000009 3.5000000000000004 2.4166666666666674 1.5000000000000002
decision_type=2 2 2 2 2 2 2 2 2 2 2 2 2 2
left_child=1 3 9 4 6 7 10 -6 -5 -3 -1 -12 -9 -10
right_child=-2 2 -4 8 5 -7 -8 12 13 -11 11 -13 -14 -15
leaf_value=0.023919900090768352 -0.067680872198964001 0.017230821646873666 -0.076715985312899013 0.047268494281496924 0.050787447768314342 -0.04424971815621262 -0.064180964925311806 -0.056421961468251916 -0.04247877283608522 -0.066737288974919054 -0.018487877310862242 0.024064557653757493 0.020551962660955894 0.019517729286577138
leaf_weight=31.106497257947922 19.898950576782227 20.628783211112026 15.023460000753401 45.034715816378593 38.607338577508926 7.5201782286167136 11.01396659016609 5.0948902964591962 6.8600138574838647 5.9926877468824378 85.280712962150574 14.631449505686758 6.7902134507894516 12.257213041186333
leaf_count=150 104 94 69 243 213 31 46 23 31 27 366 67 34 62
internal_value=-0.000607365 0.00376915 -0.0289771 0.00894935 0.001418 0.0253759 -0.00836086 0.035862 0.0323567 -0.00175647 -0.00360396 -0.0122135 -0.012432 -0.00270425
internal_weight=325.741 305.842 41.6449 264.197 200.045 58.0126 142.033 50.4924 64.1519 26.6215 131.019 99.9122 11.8851 19.1172
internal_count=1560 1456 190 1266 930 301 629 270 336 121 583 433 57 93
is_linear=0
shrinkage=0.05


Tree=20
num_leaves=15
num_cat=0
split_feature=26 22 8 14 1 4 8 7 6 1 4 6 19 10
split_gain=34.4394 19.6207 18.2648 21.8305 12.6103 9.96024 9.18771 14.5485 9.29483 10.3052 11.9259 8.3057 7.72619 7.5024
threshold=1.0000000180025095e-35 1.0000000180025095e-35 1.0000000180025095e-35 1.5000000000000002 4.5000000000000009 1.5000000000000002 2.5000000000000004 3.5000000000000004 2.5000000000000004 7.5000000000000009 2.5000000000000004 1.5000000000000002 2.5000000000000004 1.5000000000000002
decision_type=2 2 2 2 2 2 2 2 2 2 2 2 2 2
left_child=1 4 5 6 11 -3 8 -8 -4 10 -10 -1 -7 -5
right_child=-2 2 3 13 -6 12 7 -9 9 -11 -12 -13 -14 -15
leaf_value=0.02364509998117309 -0.066227043467674163 0.038344327620567609 0.054695286844468727 -0.069923675512279793 -0.085544471522586707 -0.0060354326793827925 -0.045312519588705746 0.061638068525732947 0.044702485567824995 0.060570422686380257 -0.038604978717533586 -0.065671329280879182 0.067692054343449964 0.020864808579660013
leaf_weight=7.5109257400035876 18.058600440621376 14.661791086196898 45.999183371663094 7.2625150978565198 9.2010206431150419 167.24907112121582 8.1643105000257474 5.0639126151800147 7.1057226657867494 8.9996642619371396 10.519317641854284 3.8472149968147278 3.5266057699918738 3.1848471015691757
leaf_count=38 98 85 257 31 43 740 40 31 38 50 44 17 18 17
internal_value=0.000643693 0.00466727 0.00812091 0.0257758 -0.0423497 -0.00104292 0.034101 -0.00402778 0.0410764 0.017337 -0.00481493 -0.00669897 -0.00445957 -0.0420746
internal_weight=320.355 302.296 281.737 96.2995 20.5592 185.437 85.8521 13.2282 72.6239 26.6247 17.625 11.3581 170.776 10.4474
internal_count=1547 1449 1351 508 98 843 460 71 389 132 82 55 758 48
is_linear=0
shrinkage=0.05


Tree=21
num_leaves=15
num_cat=0
split_feature=4 11 14 9 28 24 28 7 10 5 8 32 7 33
split_gain=19.2512 16.2365 16.0138 11.7175 11.604 10.5115 10.9465 10.6245 10.2449 10.0878 9.74581 9.49193 10.1692 9.91475
threshold=1.5000000000000002 1.0000000180025095e-35 1.0000000180025095e-35 1.5000000000000002 2.4166666666666674 1.5000000000000002 1.5833333333333337 2.5000000000000004 2.5000000000000004 1.0000000180025095e-35 1.0000000180025095e-35 1.0000000180025095e-35 1.5000000000000002 1.5000000000000002
decision_type=2 2 2 2 2 2 2 2 2 2 2 2 2 2
left_child=4 2 3 8 -1 6 7 -3 11 -7 -11 12 13 -2
right_child=1 5 -4 -5 -6 9 -8 -9 -10 10 -12 -13 -14 -15
leaf_value=0.043011620567752748 -0.01908631022751052 -0.028518209904401404 -0.031999637141020422 0.04031929936282002 -0.022740521079574277 0.02879424807988722 -0.049658589464033231 0.048455665178393864 0.044548548155709029 -0.0070530155423036596 -0.076945920406587001 -0.026002199753692459 0.032121510807229629 0.062289820926402353
leaf_weight=36.574973165988922 29.625859722495079 14.048155739903452 23.16966225206852 30.129377469420433 8.0922550410032255 17.014184847474098 37.318918362259865 6.4554419070482245 13.919686883687971 36.802812740206718 5.6973055750131598 27.162136524915695 27.303156301379204 4.1751074343919745
leaf_count=225 133 63 105 156 39 85 170 33 74 157 27 129 132 19
internal_value=0.000622325 -0.00435476 0.00622848 0.0129606 0.0310194 -0.0183934 -0.0335621 -0.00404453 0.00483791 -0.00358245 -0.0166397 -0.00143953 0.00946292 -0.00880687
internal_weight=317.489 272.822 155.485 132.315 44.6672 117.337 57.8225 20.5036 102.186 59.5143 42.5001 88.2663 61.1041 33.801
internal_count=1547 1283 748 643 264 535 266 96 487 269 184 413 284 152
is_linear=0
shrinkage=0.05


Tree=22
num_leaves=15
num_cat=0
split_feature=26 22 4 2 28 4 28 6 2 28 2 28 10 21
split_gain=31.4358 17.3682 15.8524 14.5768 17.1202 15.3826 13.7105 11.5795 9.97265 16.05 10.6967 11.9632 7.9337 7.74495
threshold=1.0000000180025095e-35 1.0000000180025095e-35 4.5000000000000009 2.4166666666666674 2.5833333333333335 1.5000000000000002 1.2916666666666667 1.5000000000000002 2.8750000000000004 1.7083333333333337 3.1250000000000004 2.4166666666666674 2.5000000000000004 3.5000000000000004
decision_type=2 2 2 2 2 2 2 2 2 2 2 2 2 2
left_child=1 6 3 4 5 -3 -1 -4 -5 -10 11 -11 13 -7
right_child=-2 2 7 8 -6 12 -8 -9 9 10 -12 -13 -14 -15
leaf_value=0.0096154454299695723 -0.064863324246593301 0.037933831803750949 -0.065548611436595197 0.039052397369370759 -0.075531813105577619 -0.0027642438186000914 -0.0742875804946556 -0.00089669915020816463 -0.10115992179472884 0.022638583379067614 0.045808613458475589 -0.07242942269145021 0.034880624052922672 -0.054247635718993242
leaf_weight=8.0621024519205111 17.225458830595016 29.870773538947105 11.680605769157411 61.662217691540718 6.6442171782255164 99.030767470598221 11.934131711721419 17.007156476378441 3.130983546376231 8.1267956048250216 14.736535504460333 5.4193946272134772 12.81613966822624 7.8025835752487174
leaf_count=41 98 182 51 322 28 438 57 73 14 41 80 24 65 33
internal_value=0.000601773 0.00441573 0.00766649 0.0117271 0.00236975 0.00589634 -0.0404556 -0.0274437 0.0273808 0.00434006 0.0164226 -0.0154639 -0.00210602 -0.00659493
internal_weight=315.15 297.924 277.928 249.24 156.164 149.52 19.9962 28.6878 93.0759 31.4137 28.2827 13.5462 119.649 106.833
internal_count=1547 1449 1351 1227 746 718 98 124 481 159 145 65 536 471
is_linear=0
shrinkage=0.05


Tree=23
num_leaves=15
num_cat=0
split_feature=26 22 8 14 29 28 24 3 4 4 13 22 1 0
split_gain=29.3953 15.9237 15.3686 16.5689 14.2227 12.8008 11.3644 9.43156 9.54161 9.13823 8.63663 6.97652 10.1671 6.52075
threshold=1.0000000180025095e-35 1.0000000180025095e-35 1.5000000000000002 1.5000000000000002 3.5000000000000004 1.2916666666666667 1.0000000180025095e-35 1.5000000000000002 2.5000000000000004 1.5000000000000002 2.5000000000000004 1.5000000000000002 6.5000000000000009 2.5000000000000004
decision_type=2 2 2 2 2 2 2 2 2 2 2 2 2 2
left_child=1 5 4 6 9 -1 -4 8 -8 -3 -5 12 -10 -11
right_child=-2 2 3 10 -6 -7 7 -9 11 13 -12 -13 -14 -15
leaf_value=0.0091776520022753497 -0.063899977194988952 0.040539406550956836 -0.014332008005962316 -0.068246406572601809 -0.050188556874500523 -0.072381925003298805 0.051030838297394979 0.059662419515956758 -0.063034802286276045 0.018041921507178742 0.032087942660864018 0.050380572374339662 0.024417132372244969 -0.0057362211253781997
leaf_weight=8.0299578756093997 16.627556502819061 14.900586783885954 10.800530284643171 6.6040503084659559 13.317358016967772 11.645870327949522 14.557354882359503 32.771774709224701 6.9534079581499117 37.375454366207123 3.043077826499939 4.3609065264463416 6.1561910808086395 124.87516495585442
leaf_count=41 98 93 57 29 58 57 88 200 29 165 16 22 29 565
internal_value=0.000572457 0.00423046 0.00734418 0.0249765 -0.000543316 -0.0390919 0.0328711 0.0407873 0.0212703 0.00320087 -0.0363361 -0.00353484 -0.0219047 -0.000235638
internal_weight=312.019 295.392 275.716 85.2473 190.469 19.6758 75.6002 64.7996 32.0279 177.151 9.64713 17.4705 13.1096 162.251
internal_count=1547 1449 1351 470 881 98 425 368 168 823 45 80 58 730
is_linear=0
shrinkage=0.05


Tree=24
num_leaves=15
num_cat=0
split_feature=26 22 8 14 28 29 8 7 6 1 4 4 6 2
split_gain=27.5184 14.6116 14.2623 17.2995 11.9743 10.7073 8.10133 13.0517 8.64047 8.90495 9.55986 7.45972 10.0167 14.8989
threshold=1.0000000180025095e-35 1.0000000180025095e-35 1.0000000180025095e-35 1.5000000000000002 1.2916666666666667 3.5000000000000004 2.5000000000000004 3.5000000000000004 2.5000000000000004 7.5000000000000009 2.5000000000000004 1.5000000000000002 2.5000000000000004 2.7083333333333335
decision_type=2 2 2 2 2 2 2 2 2 2 2 2 2 2
left_child=1 4 5 6 -1 11 8 -8 -4 10 -10 -3 13 -13
right_child=-2 2 3 -5 -6 -7 7 -9 9 -11 -12 12 -14 -15
leaf_value=0.0087584813802049459 -0.063006625670240679 0.038826841913254861 0.051773505831196477 -0.037539059886197663 -0.070620315646936493 -0.046163330572741607 -0.043203490154174851 0.060240344494990328 0.040958305173386639 0.057323259397484755 -0.03520128911673634 0.0015749022115182322 0.02565685011436147 -0.041380308065213339
leaf_weight=7.9991414695978191 16.036547288298607 12.777118206024168 42.340881198644638 10.26535479724407 11.349581405520437 12.147507235407828 8.1968370825052244 4.7158132046461096 6.599674776196486 8.1609447598457319 10.573271781206129 103.78417354822159 29.152725219726562 24.930960059165955
leaf_count=41 98 82 257 48 57 53 40 31 38 50 44 462 134 112
internal_value=0.000552185 0.00405981 0.00704138 0.0232219 -0.0377987 -0.000995429 0.0310297 -0.00506016 0.03795 0.0146355 -0.00572025 0.0022304 -0.000738433 -0.00675139
internal_weight=309.031 292.994 273.645 90.8528 19.3487 182.792 80.5874 12.9127 67.6748 25.3339 17.1729 170.645 157.868 128.715
internal_count=1547 1449 1351 508 98 843 460 71 389 132 82 790 708 574
is_linear=0
shrinkage=0.05


Tree=25
num_leaves=15
num_cat=0
split_feature=26 4 11 21 1 33 28 24 14 4 5 1 28 1
split_gain=27.0006 19.7195 11.8942 10.4157 20.4654 16.761 9.91488 9.52788 10.5693 8.66304 9.2221 10.6727 8.28091 8.78628
threshold=1.0000000180025095e-35 1.5000000000000002 1.0000000180025095e-35 3.5000000000000004 19.000000000000004 2.5000000000000004 2.2916666666666674 1.5000000000000002 1.5000000000000002 4.5000000000000009 1.0000000180025095e-35 5.5000000000000009 2.4166666666666674 4.5000000000000009
decision_type=2 2 2 2 2 2 2 2 2 2 2 2 2 2
left_child=1 12 3 5 7 6 -3 -5 -9 10 11 -4 -1 -14
right_child=-2 2 9 4 -6 -7 -8 8 -10 -11 -12 -13 13 -15
leaf_value=0.045325946250751002 -0.062199868684338327 0.013138194287734859 -0.042783044766198292 -0.091486911185902978 0.071554502269742332 0.060771992728417761 -0.030544361338448602 0.062132285500599044 -0.036871899533715911 -0.058815980823415728 -0.024580021074674448 0.015774493889665037 -0.060652659610755583 0.046806104464676986
leaf_weight=34.108860641717911 16.682048797607422 83.431717827916145 9.4134411513805372 6.136958956718451 5.0558073967695227 16.442913010716438 15.261800721287726 3.1583013832569131 15.311700165271759 9.8575812727212888 52.943641841411591 42.435663729906082 4.1392656713724127 3.337223544716835
leaf_count=233 106 408 39 27 27 90 70 19 67 45 232 206 18 20
internal_value=-0.000468674 0.00296342 -0.00215535 0.00735748 -0.0189832 0.0141759 0.00633381 -0.0379008 -0.0195645 -0.0141874 -0.00991345 0.00503309 0.0348878 -0.0123724
internal_weight=317.717 301.035 259.45 144.799 29.6628 115.136 98.6935 24.607 18.47 114.65 104.793 51.8491 41.5853 7.47649
internal_count=1607 1501 1230 708 140 568 478 113 86 522 477 245 271 38
is_linear=0
shrinkage=0.05


Tree=26
num_leaves=15
num_cat=0
split_feature=26 4 22 8 6 10 6 2 2 2 2 11 3 2
split_gain=25.34 18.296 12.9623 13.4874 23.2509 14.7109 10.75 14.6694 16.0627 12.3612 9.35568 8.13097 7.90599 6.65427
threshold=1.0000000180025095e-35 1.5000000000000002 1.0000000180025095e-35 1.5000000000000002 2.5000000000000004 2.5000000000000004 2.5000000000000004 2.8750000000000004 2.4166666666666674 3.1250000000000004 1.8750000000000002 1.0000000180025095e-35 2.5000000000000004 1.5833333333333337
decision_type=2 2 2 2 2 2 2 2 2 2 2 2 2 2
left_child=1 -1 -3 6 -5 -6 7 8 13 -9 -8 -11 -12 -4
right_child=-2 2 3 4 5 -7 10 9 -10 11 12 -13 -14 -15
leaf_value=0.034032981688577824 -0.061429451362197345 -0.046156701219506796 0.026001525893019961 0.048525720541038257 -0.030673060889056476 0.061455754328876358 -0.041287488606724543 -0.077144175321687325 0.026424337526191007 0.026851233545642755 0.049280298187741621 -0.047529086514365416 -0.0028887682423800452 -0.020220186935071039
leaf_weight=40.535950295627117 16.063628166913986 15.554001376032828 8.5384708791971189 34.10759437084198 22.488803893327717 5.2527675479650489 5.4477004110813132 14.211206600070001 31.090279892086983 7.0322165787219983 18.712929099798203 7.4446007311344147 11.669113948941233 76.359317034482956
leaf_count=271 106 80 37 204 102 33 23 63 146 33 86 34 55 334
internal_value=-0.000447324 0.00284611 -0.00205718 0.000780621 0.020921 -0.0129809 -0.00611427 -0.012197 -0.00424011 -0.044154 0.018343 -0.0112905 0.0292175 -0.015517
internal_weight=314.509 298.445 257.909 242.355 61.8492 27.7416 180.506 144.676 115.988 28.688 35.8297 14.4768 30.382 84.8978
internal_count=1607 1501 1230 1150 339 135 811 647 517 130 164 67 141 371
is_linear=0
shrinkage=0.05


Tree=27
num_leaves=15
num_cat=0
split_feature=26 4 22 7 2 2 6 14 28 1 10 2 1 1
split_gain=23.7994 16.858 11.7846 8.19102 8.90927 21.4411 13.8648 8.98996 7.95557 8.07187 7.27508 6.83807 6.44654 6.18122
threshold=1.0000000180025095e-35 1.5000000000000002 1.0000000180025095e-35 3.5000000000000004 2.7083333333333335 2.4166666666666674 2.5000000000000004 1.5000000000000002 2.4166666666666674 4.5000000000000009 2.5000000000000004 3.1250000000000004 4.5000000000000009 12.500000000000002
decision_type=2 2 2 2 2 2 2 2 2 2 2 2 2 2
left_child=1 8 12 4 5 10 11 -8 -1 -10 -4 -6 -3 -9
right_child=-2 2 3 -5 6 -7 7 13 9 -11 -12 -13 -14 -15
leaf_value=0.043619028124801569 -0.060710934949725251 -0.01115043405222757 -0.010793413168382249 0.030309221750471644 -0.064383113129389852 0.033693550820012214 0.03727058045947388 -0.05449202893978599 -0.059305321276146843 0.044971462728764428 0.031745226769162221 -0.014351124967273199 -0.076126865027375978 0.027704722825898892
leaf_weight=32.421652100980282 15.457592174410818 7.7165738344192487 114.57516174018383 21.27419039607048 16.490139663219455 43.330423459410667 12.40127569437027 6.532947838306427 4.1426388323307028 3.1843743622303009 10.896479710936545 11.983595311641691 7.7433561533689499 3.3695309609174728
leaf_count=233 106 37 507 127 74 222 60 30 18 20 58 56 43 16
internal_value=-0.000425288 0.00273326 -0.00196038 0.000753593 -0.00211105 0.00340241 -0.0204595 0.00895428 0.0329912 -0.0136539 -0.00705693 -0.0435378 -0.0441357 -0.0262755
internal_weight=311.52 296.062 256.314 240.854 219.58 168.802 50.7775 22.3038 39.7487 7.32701 125.472 28.4737 15.4599 9.90248
internal_count=1607 1501 1230 1150 1023 787 236 106 271 38 565 130 80 46
is_linear=0
shrinkage=0.05


Tree=28
num_leaves=15
num_cat=0
split_feature=26 4 23 24 2 2 2 28 1 4 1 2 2 28
split_gain=22.3651 15.6409 9.91663 14.8462 10.9001 8.19113 7.62726 7.43841 7.36456 6.72236 6.65153 9.88475 14.8436 10.6564
threshold=1.0000000180025095e-35 1.5000000000000002 1.0000000180025095e-35 1.0000000180025095e-35 1.7083333333333337 1.4166666666666667 2.8750000000000004 2.4166666666666674 4.5000000000000009 4.5000000000000009 12.500000000000002 2.8750000000000004 2.4166666666666674 1.8750000000000002
decision_type=2 2 2 2 2 2 2 2 2 2 2 2 2 2
left_child=1 7 4 6 5 -3 -4 -1 -9 10 11 12 -6 -13
right_child=-2 2 3 -5 9 -7 -8 8 -10 -11 -12 13 -14 -15
leaf_value=0.042676413793184889 -0.060039657752671484 0.028794195503882077 0.0082288878312434099 -0.070575594984818343 0.0020570879013618029 -0.035725623488265072 -0.072901326802995825 -0.056363826886534567 0.043955184275932355 -0.01679388303843565 0.052806672821837514 -0.10319087446472197 0.038676892565583598 -0.0074957064348723824
leaf_weight=31.506509862840176 14.865023888647555 5.8716868162155142 20.684028163552288 12.265424787998198 89.321351796388626 27.3359454870224 3.2632392942905417 4.1459970176219931 3.0995817631483078 25.687357693910599 8.780096694827078 3.3800775557756451 40.107067100703716 18.329666450619698
leaf_count=233 106 27 94 66 413 118 16 18 20 114 49 15 225 93
internal_value=-0.000407325 0.00262094 -0.00187137 -0.026075 0.00213289 -0.0241901 -0.00297976 0.0321777 -0.0130939 0.00686643 0.0106907 0.0081942 0.0134452 -0.0229143
internal_weight=308.643 293.778 255.026 36.2127 218.813 33.2076 23.9473 38.7521 7.24558 185.606 159.918 151.138 129.428 21.7097
internal_count=1607 1501 1230 176 1054 145 110 271 38 909 795 746 638 108
is_linear=0
shrinkage=0.05


Tree=29
num_leaves=15
num_cat=0
split_feature=26 4 22 8 6 6 2 2 28 2 21 2 0 14
split_gain=21.0295 14.5132 10.1855 11.7756 21.4701 9.19354 11.3807 12.5693 10.6466 11.0074 10.1906 9.8854 8.69587 8.02293
threshold=1.0000000180025095e-35 1.5000000000000002 1.0000000180025095e-35 1.5000000000000002 2.5000000000000004 2.5000000000000004 2.8750000000000004 2.4166666666666674 2.7083333333333335 1.8750000000000002 3.5000000000000004 3.1250000000000004 3.5000000000000004 1.5000000000000002
decision_type=2 2 2 2 2 2 2 2 2 2 2 2 2 2
left_child=1 -1 -3 5 -5 6 7 10 9 -7 12 -8 -4 -6
right_child=-2 2 3 4 13 8 11 -9 -10 -11 -12 -13 -14 -15
leaf_value=0.031383081058092364 -0.059411465303301117 -0.041517703607858218 -0.014136976694440513 0.047122031252518369 0.0011340490431305627 -0.034950031851778293 -0.069496352902690559 0.023275357243713313 -0.03407583394610611 0.046681937659253214 -0.08670404893260901 -0.010108794097008444 0.055668817783126927 -0.064936881781285316
leaf_weight=37.781828112900257 14.286792226135729 15.071144282817839 75.680873796343803 32.74959147721529 21.589613877236847 4.941092491149905 13.978072717785837 30.235794946551323 7.7696120142936698 22.474648594856262 4.4959730058908454 14.256168082356451 4.6311851143836966 5.7120054662227622
leaf_count=271 106 80 328 204 110 21 63 146 36 107 19 67 24 25
internal_value=-0.000392491 0.00251223 -0.00179006 0.000726096 0.0198686 -0.0057087 -0.011343 -0.00432369 0.0171311 0.0318051 -0.0142086 -0.0397398 -0.0100163 -0.0127845
internal_weight=305.654 291.368 253.586 238.515 60.0512 178.463 143.278 115.044 35.1854 27.4157 84.808 28.2342 80.3121 27.3016
internal_count=1607 1501 1230 1150 339 811 647 517 164 128 371 130 352 135
is_linear=0
shrinkage=0.05


Tree=30
num_leaves=15
num_cat=0
split_feature=26 23 29 5 11 13 10 10 7 24 7 24 4 10
split_gain=17.5356 12.8634 13.8746 14.452 11.2303 11.4844 8.74175 7.2803 14.3982 12.4808 15.9242 8.40488 7.86087 6.20479
threshold=1.0000000180025095e-35 1.0000000180025095e-35 2.5000000000000004 1.0000000180025095e-35 1.5000000000000002 2.5000000000000004 1.0000000180025095e-35 2.5000000000000004 2.5000000000000004 1.5000000000000002 2.5000000000000004 1.0000000180025095e-35 3.5000000000000004 1.5000000000000002
decision_type=2 2 2 2 2 2 2 2 2 2 2 2 2 2
left_child=1 4 3 -3 13 7 -5 8 -6 10 11 -9 -10 -1
right_child=-2 2 -4 6 5 -7 -8 9 12 -11 -12 -13 -14 -15
leaf_value=0.0056011831580172738 -0.058761822886079965 0.054302830822907426 -0.065899830930584199 0.011934254659008766 -0.031157911481786722 0.054874150435129034 -0.060669013204372395 0.068137616634062606 0.037766828977481806 0.043709799433785335 -0.090630075767126839 -0.033634222315543076 -0.056617802493370763 0.027095812970644013
leaf_weight=88.25049951672554 12.935693524777887 7.3940939530730274 14.009705074131487 7.1974271237850216 58.897524684667587 6.8047074452042571 9.4387536719441396 4.2267543226480484 13.343657106161116 13.754611007869244 5.2730356082320213 3.6989345327019691 2.5291450023651114 54.552094459533691
leaf_count=445 100 42 76 32 256 39 42 22 82 84 24 19 11 326
internal_value=-0.00203237 0.000514382 -0.0265337 -0.00330153 0.00462709 -0.00747795 -0.0292252 -0.0117233 -0.0197591 0.0104669 -0.0240563 0.0205017 0.0223109 0.0138431
internal_weight=302.307 289.371 38.04 24.0303 251.331 108.528 16.6362 101.724 74.7703 26.9533 13.1987 7.92569 15.8728 142.803
internal_count=1600 1500 192 116 1308 537 74 498 349 149 65 41 93 771
is_linear=0
shrinkage=0.05


Tree=31
num_leaves=15
num_cat=0
split_feature=26 23 29 5 10 9 11 21 9 28 0 33 11 30
split_gain=16.5414 11.81 13.0743 13.291 10.3062 12.4646 11.3561 9.88941 16.1155 10.0774 9.85606 9.22269 7.36927 5.44806
threshold=1.0000000180025095e-35 1.0000000180025095e-35 2.5000000000000004 1.0000000180025095e-35 2.5000000000000004 2.5000000000000004 1.5000000000000002 3.5000000000000004 1.5000000000000002 2.0833333333333335 3.5000000000000004 1.5000000000000002 2.5000000000000004 0.45220861134162554
decision_type=2 2 2 2 2 2 2 2 2 2 2 2 2 2
left_child=1 4 3 -3 6 -6 7 8 13 -9 -8 -5 -7 -1
right_child=-2 2 -4 11 5 12 10 9 -10 -11 -12 -13 -14 -15
leaf_value=0.019039361023097379 -0.058209360578573913 0.053015358122567836 -0.064610339061793531 0.017199859361236983 0.040620552875550067 0.0037573877553785892 -0.020539615013639392 -0.066527265794210519 0.050447836746742115 0.0072440365895584009 0.052506771779909471 -0.058229358067748239 -0.082506154970827916 -0.008014786440257984
leaf_weight=32.554964132606983 12.419558458030222 7.202306121587756 13.587571509182451 6.6713235080242166 36.164898745715618 15.26333460211754 72.129296325147152 8.0083958059549349 24.230432324111462 10.626783654093741 4.8217382282018653 9.925637349486351 2.8437002152204505 43.037339188158512
leaf_count=174 100 42 76 29 234 83 337 36 141 52 25 45 13 213
internal_value=-0.00194868 0.000496077 -0.0256635 -0.00314596 0.00443189 0.0236878 -0.00091275 0.00878631 0.0150457 -0.0245113 -0.0158679 -0.0278386 -0.0100317 0.00361322
internal_weight=299.487 287.068 37.3868 23.7993 249.681 54.2719 195.409 118.458 99.8227 18.6352 76.951 16.597 18.107 75.5923
internal_count=1600 1500 192 116 1308 330 978 616 528 88 362 74 96 387
is_linear=0
shrinkage=0.05


Tree=32
num_leaves=15
num_cat=0
split_feature=26 23 29 5 24 8 30 10 33 6 4 2 30 6
split_gain=15.6116 10.8541 12.3252 12.2381 9.81229 11.4121 11.9705 12.7847 8.38947 7.38163 9.92928 8.0282 7.84058 6.77793
threshold=1.0000000180025095e-35 1.0000000180025095e-35 2.5000000000000004 1.0000000180025095e-35 2.5000000000000004 1.5000000000000002 0.48570226039551589 2.5000000000000004 1.5000000000000002 2.5000000000000004 1.5000000000000002 1.8750000000000002 0.45220861134162554 1.5000000000000002
decision_type=2 2 2 2 2 2 2 2 2 2 2 2 2 2
left_child=1 4 3 -3 5 9 -7 13 -5 10 -1 -11 -13 -8
right_child=-2 2 -4 8 -6 6 7 -9 -10 11 -12 12 -14 -15
leaf_value=0.039169513282160187 -0.057689749746744283 0.051775762763895054 -0.063400627668771678 0.016397473312536798 -0.084797838295020966 0.038389448052536912 0.036115458712033276 0.059352259115261367 -0.055674125455917892 -0.043884873247571544 -0.012281531948546859 -0.027626188983377188 0.042462458051503116 -0.02017224694157306
leaf_weight=10.087051391601561 11.918436147272585 7.0132315829396275 13.167083851993082 6.65324990451336 2.9529568254947653 43.464985944330692 6.3347672745585433 7.8280680626630774 9.8681687340140343 4.2127418220043209 115.84104692935944 4.7745863795280483 21.524379104375839 31.118846632540226
leaf_count=77 100 42 76 29 14 293 38 60 45 21 525 24 105 151
internal_value=-0.00186721 0.000479192 -0.0248516 -0.00300152 0.00424438 0.00536111 0.0196757 0.00161274 -0.0265761 -0.00275085 -0.00811257 0.0192506 0.0295867 -0.0105146
internal_weight=296.76 284.841 36.7017 23.5347 248.139 245.186 88.7467 45.2817 16.5214 156.44 125.928 30.5117 26.299 37.4536
internal_count=1600 1500 192 116 1308 1294 542 249 74 752 602 150 129 189
is_linear=0
shrinkage=0.05


Tree=33
num_leaves=15
num_cat=0
split_feature=22 8 30 1 10 6 28 22 33 1 28 8 6 4
split_gain=11.3821 13.5083 14.6346 9.16049 9.04279 8.69731 7.35138 5.43558 6.83641 7.38078 9.95669 5.39273 5.38194 10.133
threshold=1.0000000180025095e-35 1.0000000180025095e-35 0.48570226039551589 4.5000000000000009 2.5000000000000004 1.5000000000000002 1.4166666666666667 1.5000000000000002 1.5000000000000002 6.5000000000000009 2.2083333333333335 2.5000000000000004 2.5000000000000004 4.5000000000000009
decision_type=2 2 2 2 2 2 2 2 2 2 2 2 2 2
left_child=3 12 11 6 5 -4 -1 8 -7 -10 -11 -3 13 -2
right_child=1 2 4 -5 -6 7 -8 -9 9 10 -12 -13 -14 -15
leaf_value=0.023199829888603706 -0.006497702109148195 0.047745804269853906 0.045105190458191217 -0.073996810218960679 0.045329213908313105 0.033380461766849445 -0.055983028393701853 0.0087787465316965969 -0.066799379922640345 0.041060736621459634 -0.07671385939287706 -0.0011717168398909723 0.011563575571929344 -0.050644751918823977
leaf_weight=7.3475656881928462 137.34192427247763 33.082839652895927 5.7153202667832366 9.2712622806429845 8.4307796508073789 3.1351138949394253 4.7193006202578545 10.496703147888182 13.272092923521997 4.5530305057764044 2.8174585029482841 6.6611081063747397 32.846970416605473 14.296141050755976
leaf_count=42 670 238 36 63 65 18 29 56 61 23 16 49 164 70
internal_value=-0.00178924 0.000959739 0.0170559 -0.0368717 -0.00136005 -0.0113541 -0.00776838 -0.0209454 -0.0341537 -0.0446425 -0.00404962 0.0395021 -0.00672406 -0.0107069
internal_weight=293.988 272.649 88.1644 21.3381 48.4205 39.9897 12.0669 34.2744 23.7777 20.6426 7.37049 39.7439 184.485 151.638
internal_count=1600 1466 562 134 275 210 71 174 118 100 39 287 904 740
is_linear=0
shrinkage=0.05


Tree=34
num_leaves=15
num_cat=0
split_feature=26 11 1 2 5 1 9 9 10 6 3 8 28 2
split_gain=14.404 10.0127 8.13346 7.39902 7.23864 6.14804 8.79046 14.6793 9.09371 5.34771 4.60898 6.56526 4.74949 14.091
threshold=1.0000000180025095e-35 1.0000000180025095e-35 5.5000000000000009 3.4166666666666674 2.5000000000000004 19.000000000000004 2.5000000000000004 1.5000000000000002 2.5000000000000004 2.5000000000000004 2.5000000000000004 1.5000000000000002 1.8750000000000002 2.7083333333333335
decision_type=2 2 2 2 2 2 2 2 2 2 2 2 2 2
left_child=1 5 9 4 -4 6 7 8 10 -3 12 -12 13 -1
right_child=-2 2 3 -5 -6 -7 -8 -9 -10 -11 11 -13 -14 -15
leaf_value=0.0030175604294083291 -0.057042752581543413 -0.024304845139646831 0.0024058291106454875 -0.077045654630481908 -0.054632371723111299 0.066892962955820062 -0.020768484339940264 0.047074641016304493 0.040812904412874891 -0.083833335706153603 -0.073530235068197419 -0.0025435746543812439 0.021351132376525434 -0.084047181953136818
leaf_weight=50.210679367184639 11.206776067614554 19.036110557615761 86.517387166619301 3.2380479350686064 5.842034474015235 4.3163690045475951 24.015721201896667 24.301595941185951 14.525320477783678 4.7379586026072493 4.9521931037306777 9.4080041944980604 24.649201296269894 5.0166007131338111
leaf_count=261 100 91 452 16 26 26 122 154 102 25 23 50 129 23
internal_value=-0.00170974 0.000509493 -0.0104553 -0.00390212 -0.00123017 0.00863618 0.0069779 0.0120163 0.00412386 -0.0365745 -0.00154203 -0.0275358 0.00312846 -0.00498344
internal_weight=291.974 280.767 119.372 95.5975 92.3594 161.396 157.079 133.064 108.762 23.7741 94.2367 14.3602 79.8765 55.2273
internal_count=1600 1500 610 494 478 890 864 742 588 116 486 73 413 284
is_linear=0
shrinkage=0.05


Tree=35
num_leaves=15
num_cat=0
split_feature=26 11 21 0 33 28 13 2 7 2 28 11 24 9
split_gain=14.668 8.5714 8.65507 15.7109 12.6176 9.71394 8.60275 9.58391 9.67083 8.08005 13.7251 8.07444 6.96015 8.79044
threshold=1.0000000180025095e-35 1.0000000180025095e-35 3.5000000000000004 5.0000000000000009 2.5000000000000004 2.2916666666666674 2.5000000000000004 2.8750000000000004 2.5000000000000004 2.8750000000000004 1.8750000000000002 2.5000000000000004 1.5000000000000002 2.5000000000000004
decision_type=2 2 2 2 2 2 2 2 2 2 2 2 2 2
left_child=1 2 4 12 5 9 7 8 11 -1 -11 -3 -4 -14
right_child=-2 6 3 -5 -6 -7 -8 -9 -10 10 -12 -13 13 -15
leaf_value=0.02072531481108392 -0.05672980054257476 -0.020004628689405189 -0.078540213231433259 0.067080743568597681 0.056404047606069624 -0.024189511611659147 0.037925032565779837 -0.052106646136506889 0.026423607395614342 -0.082414780273583177 0.024608805354230309 0.040660637865705847 0.032918785399918098 -0.040805263223230165
leaf_weight=78.67569226026535 11.541714735329149 70.660273730754852 6.0721143782138887 4.620563142001628 15.32582578063011 19.138014748692513 8.6582285985350591 13.945007637143133 16.834227256476879 5.3121711835265142 6.5822083726525307 5.8288746923208228 5.8945879042148599 12.225232139229774
leaf_count=459 107 332 29 28 102 94 52 71 109 24 36 34 37 58
internal_value=-0.00177689 0.000585053 0.00832803 -0.0162975 0.0140311 0.00804304 -0.00966744 -0.0135639 -0.00772824 0.0149007 -0.0232694 -0.0153019 -0.0325359 -0.0166357
internal_weight=281.315 269.773 153.846 28.8125 125.034 109.708 115.927 107.268 93.3234 90.5701 11.8944 76.4891 24.1919 18.1198
internal_count=1572 1465 867 152 715 613 598 546 475 519 60 366 124 95
is_linear=0
shrinkage=0.05


Tree=36
num_leaves=15
num_cat=0
split_feature=26 4 1 21 28 22 8 30 28 6 0 4 1 13
split_gain=13.8627 12.2425 7.12259 10.9224 9.71794 6.02115 6.50902 6.19768 6.01119 4.99572 4.59639 4.43514 5.17091 4.34032
threshold=1.0000000180025095e-35 2.5000000000000004 9.5000000000000018 3.5000000000000004 2.5833333333333335 1.0000000180025095e-35 1.0000000180025095e-35 0.48570226039551589 1.2916666666666667 1.5000000000000002 3.5000000000000004 1.5000000000000002 4.5000000000000009 4.5000000000000009
decision_type=2 2 2 2 2 2 2 2 2 2 2 2 2 2
left_child=1 2 3 4 5 8 10 -8 -1 -9 11 -7 -13 -3
right_child=-2 13 -4 -5 -6 6 7 9 -10 -11 -12 12 -14 -15
leaf_value=0.014036776423999182 -0.056299130254380561 -0.010950391775845726 0.060157007681533342 -0.045891286445986099 -0.047952834114503878 0.035262051637204146 0.056431125468043741 0.058904377885845738 -0.062439878307393337 -0.0017268267858380688 0.053652071607539646 0.030870242149136182 -0.010473888003337838 0.047108518150978405
leaf_weight=5.6944866776466352 11.061422057449816 137.46087400615215 7.1087285727262488 8.346607990562914 6.0577263683080664 10.151009596884249 19.412655241787434 4.5467063486576107 4.4837821051478386 12.342980004847048 5.4317298233509055 9.6159758716821653 33.951571986079216 3.1841021925210944
leaf_count=32 107 680 53 41 33 79 161 37 26 74 33 42 159 15
internal_value=-0.00170013 0.000566005 0.011814 0.00888255 0.0130356 0.0165989 0.0205111 0.0371774 -0.0196896 0.0146986 0.0101948 0.00566262 -0.0012416 -0.00958568
internal_weight=278.85 267.789 127.144 120.035 111.689 105.631 95.4526 36.3023 10.1783 16.8897 59.1503 53.7186 43.5675 140.645
internal_count=1572 1465 770 717 676 643 585 272 58 111 313 280 201 695
is_linear=0
shrinkage=0.05


Tree=37
num_leaves=15
num_cat=0
split_feature=4 1 28 2 2 28 30 22 9 24 4 2 22 28
split_gain=10.7362 7.51624 8.92956 6.89403 14.3287 10.3162 6.90422 7.46671 8.25221 5.70889 7.18622 5.90554 5.69443 5.58976
threshold=2.5000000000000004 9.5000000000000018 2.5833333333333335 2.4166666666666674 2.7083333333333335 1.7083333333333337 1.0000000180025095e-35 1.5000000000000002 2.5000000000000004 1.5000000000000002 3.5000000000000004 2.2916666666666674 1.0000000180025095e-35 1.2916666666666667
decision_type=2 2 2 2 2 2 2 2 2 2 2 2 2 2
left_child=1 2 12 9 -5 -6 -7 -8 -9 11 -11 -2 13 -1
right_child=3 -3 -4 4 5 6 7 8 -10 10 -12 -13 -14 -15
leaf_value=0.009100625735091579 -0.022502432799561493 0.05949268880420984 -0.047145420103560105 0.024979493768764363 -0.076877882866114911 0.038179607141446102 -0.04603407110491476 0.03483013993937898 -0.024725115991462262 -0.016081238074882324 0.057523056712893074 -0.066179090703860882 0.013038155996998089 -0.059815263544790213
leaf_weight=6.0385211855173093 26.105754412710667 6.8367114886641493 7.3348291441798201 31.691791385412216 6.3657796606421462 6.4542517438530913 14.093183793127535 9.783676452934742 14.034023813903332 22.893098138272766 3.768908128142356 11.20927147567272 104.63480449467897 5.5028117522597313
leaf_count=36 129 53 43 166 33 36 80 55 76 102 16 61 647 39
internal_value=-0.00161884 0.00880387 0.00593201 -0.0109155 -0.00131818 -0.0178124 -0.0091273 -0.0173262 -0.000113537 -0.0232195 -0.00540715 -0.0358313 0.00934224 -0.0237747
internal_weight=276.747 130.348 123.511 146.4 82.4227 50.7309 44.3651 37.9109 23.8177 63.977 26.662 37.315 116.176 11.5413
internal_count=1572 818 765 754 446 280 247 211 131 308 118 190 722 75
is_linear=0
shrinkage=0.05


Tree=38
num_leaves=15
num_cat=0
split_feature=10 2 11 21 3 9 5 7 7 6 13 12 7 30
split_gain=11.2971 11.1827 8.36966 7.98201 13.9482 8.75643 7.13687 8.61258 6.29193 5.564 10.4595 6.40927 5.32823 7.80829
threshold=2.5000000000000004 2.8750000000000004 1.0000000180025095e-35 3.5000000000000004 2.5000000000000004 1.5000000000000002 1.0000000180025095e-35 2.5000000000000004 3.5000000000000004 2.5000000000000004 3.5000000000000004 1.0000000180025095e-35 1.5000000000000002 0.45220861134162554
decision_type=2 2 2 2 2 2 2 2 2 2 2 2 2 2
left_child=2 -2 3 5 -5 12 7 -4 9 11 -11 -3 -1 -14
right_child=1 8 6 4 -6 -7 -8 -9 -10 10 -12 -13 13 -15
leaf_value=-0.014053986443080597 0.037198432412625805 -0.081206941397712146 -0.017579747173056479 -0.050782533020588397 0.04787943734461677 0.036782763363599758 -0.032280172587333948 0.033458446384916345 0.048415104955900089 0.05838007116588715 -0.046997925251410777 -0.0062054702244339352 0.03395266220863765 -0.0055273708525062012
leaf_weight=38.653040274977684 32.848482586443424 5.3286487311124837 30.161767050623894 15.267013236880304 4.5604171082377425 19.566230773925781 45.998972348868847 11.259698770940302 4.1278882175683966 5.0549560710787773 4.2225771695375443 6.1967427730560303 20.932706378400326 30.695918664336205
leaf_count=199 225 26 141 80 25 130 239 76 32 33 22 39 127 178
internal_value=-0.00155067 0.0180669 -0.00678925 0.00125526 -0.0278379 0.00654983 -0.0187385 -0.00359853 -0.00708846 -0.0184005 0.010162 -0.0414969 -8.17412e-06 0.0104661
internal_weight=274.875 57.7793 217.096 129.675 19.8274 109.848 87.4204 41.4215 24.9308 20.8029 9.27753 11.5254 90.2817 51.6286
internal_count=1572 377 1195 739 105 634 456 217 152 120 55 65 504 305
is_linear=0
shrinkage=0.05


Tree=39
num_leaves=15
num_cat=0
split_feature=26 23 28 10 11 21 3 33 12 28 9 8 5 7
split_gain=12.6385 9.50076 12.9631 8.98165 7.06012 7.52116 12.6132 7.89826 6.17939 6.10595 8.74145 5.41038 5.24266 4.55429
threshold=1.0000000180025095e-35 1.0000000180025095e-35 1.5833333333333337 2.5000000000000004 1.5000000000000002 3.5000000000000004 2.5000000000000004 2.5000000000000004 1.0000000180025095e-35 2.2916666666666674 2.5000000000000004 1.5000000000000002 1.0000000180025095e-35 1.5000000000000002
decision_type=2 2 2 2 2 2 2 2 2 2 2 2 2 2
left_child=1 3 12 4 5 7 -7 13 9 10 -6 -5 -3 -1
right_child=-2 2 -4 11 8 6 -8 -9 -10 -11 -12 -13 -14 -15
leaf_value=-0.0058425783013104377 -0.055672575052323404 0.040426036481194264 -0.061562705511040365 0.01243518055760642 -0.020177297252621306 -0.04713174836778166 0.05050567161274936 0.057341097459414583 0.043354693296663846 -0.052974550738450567 0.027456630301784898 0.049009352168688715 -0.015143307817655965 0.018295168367950414
leaf_weight=33.477384351193905 10.251049093902109 5.963890545070174 13.616368867456911 35.246346920728683 46.904980406165123 13.061102420091631 4.3065864369273177 9.0280625671148282 4.4698433130979529 9.8128065764904004 11.984772838652132 14.311855547130106 14.019979119300841 46.316810362040997
leaf_count=167 107 39 90 201 223 62 23 62 24 45 60 130 64 275
internal_value=-0.00147855 0.000648518 -0.0241275 0.00430492 -0.000891211 0.00732609 -0.0226274 0.01323 -0.0128442 -0.0165946 -0.0104107 0.0231252 0.00143478 0.00814233
internal_weight=272.772 262.521 33.6002 228.921 179.362 106.19 17.3677 88.8223 73.1724 68.7026 58.8898 49.5582 19.9839 79.7942
internal_count=1572 1465 193 1272 941 589 85 504 352 328 283 331 103 442
is_linear=0
shrinkage=0.05


Tree=40
num_leaves=15
num_cat=0
split_feature=10 26 9 25 11 7 2 28 30 21 9 7 25 23
split_gain=12.3339 9.32215 9.31223 7.93542 7.07825 9.37269 9.86328 7.15044 5.94709 7.43221 6.60903 5.21169 10.3516 7.52144
threshold=2.5000000000000004 1.0000000180025095e-35 2.5000000000000004 1.0000000180025095e-35 1.0000000180025095e-35 2.5000000000000004 2.7083333333333335 2.7083333333333335 0.48570226039551589 3.5000000000000004 1.5000000000000002 1.5000000000000002 1.0000000180025095e-35 1.0000000180025095e-35
decision_type=2 2 2 2 2 2 2 2 2 2 2 2 2 2
left_child=1 4 -2 -4 7 -6 -7 8 9 10 11 -1 13 -13
right_child=2 -3 3 -5 5 6 -8 -9 -10 -11 -12 12 -14 -15
leaf_value=-0.0058107191104128444 0.035374449453629761 -0.055199828643946361 0.009507858154131776 -0.068907296239876112 -0.022554980236605543 0.038217581775661029 -0.049340737939849888 -0.046150970809669928 -0.0049531544961661476 -0.049026905314509657 0.05246370439564009 0.055300185831343135 -0.051002324146292702 -0.0082459875697110559
leaf_weight=21.153303228318691 37.20918969810009 8.8813460841774923 14.188200958073141 4.0581186935305587 69.03758729249239 13.785021044313909 4.0733389407396308 6.5548573061823836 55.675860233604908 3.8699726313352576 13.398222118616102 17.869207106530673 3.5787913873791686 6.1658314689993849
leaf_count=104 269 97 86 21 319 90 22 34 286 18 98 121 19 34
internal_value=-3.67188e-05 -0.00527289 0.0210441 -0.00807653 -0.00317574 -0.0141922 0.0179435 0.00427329 0.00704511 0.0171911 0.0214256 0.0127572 0.0270409 0.0389282
internal_weight=279.499 224.043 55.4555 18.2463 215.162 86.8959 17.8584 128.266 121.711 66.0353 62.1654 48.7671 27.6138 24.035
internal_count=1618 1242 376 107 1145 431 112 714 680 394 376 278 174 155
is_linear=0
shrinkage=0.05


Tree=41
num_leaves=15
num_cat=0
split_feature=26 10 12 32 11 8 22 2 22 21 8 30 3 21
split_gain=11.5729 10.1706 6.57702 7.69829 6.74168 6.21063 5.39029 4.58122 4.34769 9.37718 4.10366 10.0553 4.90373 4.13834
threshold=1.0000000180025095e-35 2.5000000000000004 2.5000000000000004 1.0000000180025095e-35 1.5000000000000002 1.5000000000000002 1.0000000180025095e-35 2.5833333333333335 1.5000000000000002 3.5000000000000004 1.5000000000000002 0.48570226039551589 2.5000000000000004 2.5000000000000004
decision_type=2 2 2 2 2 2 2 2 2 2 2 2 2 2
left_child=1 2 3 4 8 7 -5 -3 -1 -10 13 -12 -13 -8
right_child=-2 5 -4 6 -6 -7 10 -9 9 -11 11 12 -14 -15
leaf_value=0.0066566529956275716 -0.05494696960911441 0.035168619705917795 0.045261107665348965 -0.067863556891010521 -0.016058706089044607 0.05049290804708001 -0.055463198133399727 -0.00042090607639766302 0.054353854216817446 -0.046526717869588181 0.036485051276219767 -0.032118713529480626 0.012497121024430489 -0.014994703579979238
leaf_weight=59.39943765848875 9.1767838373780233 13.345422275364397 6.7166634798049918 4.3941385075449935 27.337654270231724 13.52140838652849 7.1744134277105323 27.191603682935238 12.787435680627821 2.6976971328258506 13.098078534007071 17.722580447793007 9.2453756704926509 53.292360305786133
leaf_count=330 104 87 37 29 135 128 32 154 85 12 94 86 55 250
internal_value=-3.40825e-05 0.00185723 -0.00303259 -0.00463163 0.00511392 0.0212184 -0.0141456 0.0112919 0.0128877 0.0364331 -0.0117077 0.000644438 -0.0167411 -0.0199212
internal_weight=277.101 267.924 213.866 207.149 102.222 54.0584 104.927 40.537 74.8846 15.4851 100.533 40.066 26.968 60.4668
internal_count=1618 1514 1145 1108 562 369 546 241 427 97 517 235 141 282
is_linear=0
shrinkage=0.05


Tree=42
num_leaves=15
num_cat=0
split_feature=26 23 24 5 1 24 4 28 13 5 1 7 31 8
split_gain=10.9327 7.49427 14.5905 8.93247 8.50142 7.28317 5.06237 5.93466 4.64112 6.88878 4.5667 4.40362 3.94822 3.29579
threshold=1.0000000180025095e-35 1.0000000180025095e-35 1.0000000180025095e-35 1.0000000180025095e-35 5.5000000000000009 2.5000000000000004 1.5000000000000002 2.5833333333333335 2.5000000000000004 1.5000000000000002 4.5000000000000009 2.5000000000000004 1.0000000180025095e-35 1.5000000000000002
decision_type=2 2 2 2 2 2 2 2 2 2 2 2 2 2
left_child=1 5 3 -3 -5 6 7 10 13 -10 11 12 -1 -8
right_child=-2 2 -4 4 -6 -7 8 -9 9 -11 -12 -13 -14 -15
leaf_value=0.051353077467073585 -0.054605487555055579 0.045115607063790447 -0.069826809086030922 0.022159047236377544 -0.052247448097746875 -0.073467715939926626 -0.0041919983894864081 -0.057559482529083432 0.060829579663430458 0.0011708228083306235 0.047805449517994744 -0.036063241175305252 -0.017481189521827405 0.010366308572243839
leaf_weight=5.7768158018589073 8.7830459624528867 7.7547109201550493 10.205281451344488 6.6030819863080987 8.8249398171901685 2.8180295079946509 121.71210920065641 1.9407336637377728 8.1661268845200539 11.892174772918224 16.438992835581303 3.8625988438725463 3.0958500578999519 56.975807957351208
leaf_count=45 104 50 69 31 45 15 576 10 51 59 162 20 21 360
internal_value=-3.02736e-05 0.00178173 -0.0203203 0.00157192 -0.0203034 0.00497134 0.00597538 0.0247064 0.00301939 0.0257644 0.0304423 0.00763686 0.0271297 0.000439231
internal_weight=274.85 266.067 33.388 23.1827 15.428 232.679 229.861 31.115 198.746 20.0583 29.1743 12.7353 8.87267 178.688
internal_count=1618 1514 195 126 76 1319 1304 258 1046 110 248 86 66 936
is_linear=0
shrinkage=0.05


Tree=43
num_leaves=15
num_cat=0
split_feature=10 9 25 22 1 2 4 31 2 1 2 31 5 4
split_gain=10.1599 8.40357 7.00766 6.54112 7.64596 6.99026 10.4539 6.31436 5.33583 5.88282 8.23076 7.86104 6.13543 4.98093
threshold=2.5000000000000004 2.5000000000000004 1.0000000180025095e-35 1.0000000180025095e-35 4.5000000000000009 2.4166666666666674 4.5000000000000009 1.0000000180025095e-35 1.5833333333333337 5.5000000000000009 2.1250000000000004 1.0000000180025095e-35 2.5000000000000004 2.5000000000000004
decision_type=2 2 2 2 2 2 2 2 2 2 2 2 2 2
left_child=3 -2 -3 4 -1 8 7 -7 -5 -10 11 -11 -12 -13
right_child=1 2 -4 5 -6 6 -8 -9 9 10 12 13 -14 -15
leaf_value=-0.0045022142272460198 0.033564705450301373 0.0086115825422291622 -0.065156757621487316 0.015096318769970347 -0.06938165661881858 0.0081794244705465109 -0.018796531004920285 0.045402722090119814 -0.030455721943074478 0.029662480047839081 -0.015258281372820318 0.014235622213375258 -0.073832435890410317 -0.028056651478874241
leaf_weight=10.441046744585039 35.503397740423679 13.869909532368185 4.0727310329675666 19.689014732837677 8.0810605175793153 27.401530608534813 20.471547067165375 19.723927572369576 33.820355817675591 21.464515335857868 24.388457298278812 11.816270485520365 5.4563660100102416 16.512547083199024
leaf_count=68 269 86 21 120 70 168 102 118 172 112 123 76 36 77
internal_value=-3.04999e-05 0.0194868 -0.00826257 -0.00480593 -0.0331635 -0.0021618 0.0109064 0.023875 -0.00881832 -0.013 -0.00552674 0.00687868 -0.0262614 -0.0103401
internal_weight=272.713 53.446 17.9426 219.267 18.5221 200.745 67.597 47.1255 133.148 113.459 79.6382 49.7933 29.8448 28.3288
internal_count=1618 376 107 1242 138 1104 388 286 716 596 424 265 159 153
is_linear=0
shrinkage=0.05


Tree=44
num_leaves=15
num_cat=0
split_feature=26 23 24 24 2 2 30 24 2 6 21 13 9 4
split_gain=10.0582 6.81514 13.568 6.43036 6.76457 8.32737 7.70558 4.72202 4.62833 4.47006 9.23472 6.7221 4.18213 4.07049
threshold=1.0000000180025095e-35 1.0000000180025095e-35 1.0000000180025095e-35 2.5000000000000004 3.1250000000000004 2.8750000000000004 0.8228263892582881 1.0000000180025095e-35 3.5833333333333335 1.5000000000000002 3.5000000000000004 2.5000000000000004 2.5000000000000004 1.5000000000000002
decision_type=2 2 2 2 2 2 2 2 2 2 2 2 2 2
left_child=1 3 -3 4 5 9 7 -7 12 10 13 -11 -6 -1
right_child=-2 2 -4 -5 8 6 -8 -9 -10 11 -12 -13 -14 -15
leaf_value=0.051236714584319436 -0.054171074231924257 0.0013992280966214762 -0.068768671138421306 -0.07077089599679455 0.060269686664574884 -0.0084697356722235034 0.015791077067076907 -0.068364796972253464 -0.032568317307922638 -0.0028074975243760018 -0.043545318250507954 0.050767653907609123 0.014060680486708756 0.016203095719194077
leaf_weight=9.8658813163638097 8.2181021310389024 22.735852554440498 9.7409504652023298 2.6830367520451537 10.948088228702549 5.2573061063885715 7.1274016052484503 9.3379469737410528 2.3947544917464247 107.22484546154737 5.8060511574149123 6.0925053656101218 9.2378098145127296 54.090586617588997
leaf_count=98 104 126 69 15 76 27 37 42 12 609 28 38 52 285
internal_value=-3.08495e-05 0.00167431 -0.0197164 0.00471199 0.00564437 0.00276028 -0.0264161 -0.0471648 0.0315648 0.00624827 0.016196 9.31492e-05 0.0394195 0.0217179
internal_weight=270.761 262.543 32.4768 230.066 227.383 204.803 21.7227 14.5953 22.5807 183.08 69.7625 113.317 20.1859 63.9565
internal_count=1618 1514 195 1319 1304 1164 106 69 140 1058 411 647 128 383
is_linear=0
shrinkage=0.05


Tree=45
num_leaves=15
num_cat=0
split_feature=26 7 9 10 32 11 8 29 6 9 11 9 8 1
split_gain=9.60329 7.14185 7.05865 7.80313 6.04327 6.3781 5.54696 6.02646 4.88137 7.21532 4.84144 4.55083 4.36304 4.32111
threshold=1.0000000180025095e-35 3.5000000000000004 2.5000000000000004 2.5000000000000004 1.0000000180025095e-35 1.5000000000000002 1.5000000000000002 2.5000000000000004 2.5000000000000004 1.5000000000000002 2.5000000000000004 1.5000000000000002 1.0000000180025095e-35 6.5000000000000009
decision_type=2 2 2 2 2 2 2 2 2 2 2 2 2 2
left_child=1 2 3 4 5 11 8 -8 13 -10 -4 -1 -5 -6
right_child=-2 -3 10 12 6 -7 7 -9 9 -11 -12 -13 -14 -15
leaf_value=0.011207765564144066 -0.054050933338866472 0.028531159952022128 -0.01258614290868414 0.014509793530676485 -0.017260076002549897 -0.020987136038178474 0.038934141100944265 -0.0083194173531869892 -0.021688208159681838 0.068629327244288288 -0.073727660536877723 0.051607585158985919 0.055836439926340277 -0.054191338553180063
leaf_weight=53.200471848249435 7.6943652592599383 23.439676679670811 47.022141382098198 21.436373353004456 24.132040776312351 13.682030253112314 9.4854838997125608 22.559935972094536 6.0820577442646009 3.3305317535996437 3.4114269614219657 8.0090265497565252 9.2279731482267398 12.052887901663778
leaf_count=288 99 180 251 136 111 66 65 118 31 16 18 58 98 57
internal_value=0.000613558 0.00227981 -0.000354297 0.00419623 -0.00042038 0.00968938 -0.010204 0.00566753 -0.021401 0.0103923 -0.0169091 0.0166103 0.0271688 -0.0297459
internal_weight=264.766 257.072 233.632 183.199 152.534 74.8915 77.6429 32.0454 45.5975 9.41259 50.4336 61.2095 30.6643 36.1849
internal_count=1592 1493 1313 1044 810 412 398 183 215 47 269 346 234 168
is_linear=0
shrinkage=0.05


Tree=46
num_leaves=15
num_cat=0
split_feature=26 9 28 7 1 28 4 1 31 9 2 2 6 8
split_gain=9.0715 6.57244 7.49988 6.7828 3.78498 4.13693 4.21326 4.69054 4.03043 5.12459 3.82072 6.66767 3.84365 9.44326
threshold=1.0000000180025095e-35 2.5000000000000004 1.7083333333333337 3.5000000000000004 12.500000000000002 2.8750000000000004 1.5000000000000002 5.5000000000000009 1.0000000180025095e-35 1.5000000000000002 1.4166666666666667 1.7083333333333337 2.5000000000000004 1.0000000180025095e-35
decision_type=2 2 2 2 2 2 2 2 2 2 2 2 2 2
left_child=1 3 -3 4 5 6 7 8 -1 -10 -8 -12 13 -13
right_child=-2 2 -4 -5 -6 -7 10 -9 9 -11 11 12 -14 -15
leaf_value=0.025536211578492736 -0.053745701216036737 0.051518642578930289 -0.017235670733613425 0.040212918679387463 0.052054320474410803 -0.057517549337506128 0.04727709633249904 0.054786176660200983 -0.062473340210979757 0.033716692953421938 -0.02627511104549124 -0.0092673176527107801 0.019649247270573548 0.028778706456530689
leaf_weight=10.926217325031763 7.3601775132119647 4.1598507910966864 55.471040323376656 13.873458050191401 3.9179097339510909 2.6819295659661284 4.1890665814280501 7.8395123183727256 3.5328246727585784 2.1198876202106476 21.477494478225708 75.208213835954666 29.260032989084721 20.712636135518551
leaf_count=79 99 23 306 120 29 15 23 92 24 17 104 359 153 149
internal_value=0.000589643 0.00218589 -0.0123193 0.00662161 0.0040247 0.00292454 0.00389596 0.0231228 0.00776191 -0.0260064 0.000753784 -0.000589356 0.00381509 -0.00100441
internal_weight=262.73 255.37 59.6309 195.739 181.866 177.948 175.266 24.4184 16.5789 5.65271 150.847 146.658 125.181 95.9208
internal_count=1592 1493 329 1164 1044 1015 1000 212 120 41 788 765 661 508
is_linear=0
shrinkage=0.05


Tree=47
num_leaves=15
num_cat=0
split_feature=26 23 24 28 11 24 22 1 10 9 9 10 7 14
split_gain=8.57293 6.75274 10.8693 5.27459 5.04219 7.81512 12.41 8.33047 10.2462 5.88483 7.60032 7.29301 5.21153 5.14967
threshold=1.0000000180025095e-35 1.0000000180025095e-35 1.0000000180025095e-35 1.5833333333333337 1.5000000000000002 1.5000000000000002 1.5000000000000002 8.5000000000000018 2.5000000000000004 2.5000000000000004 1.5000000000000002 2.5000000000000004 2.5000000000000004 1.5000000000000002
decision_type=2 2 2 2 2 2 2 2 2 2 2 2 2 2
left_child=1 4 3 -3 9 -6 7 8 12 10 11 -1 -7 -11
right_child=-2 2 -4 -5 5 6 -8 -9 -10 13 -12 -13 -14 -15
leaf_value=0.0041601726367814628 -0.053453118914225467 0.012455250668180283 -0.064917492197297727 -0.048833895585326907 -0.020255140856753995 -0.012043005608965193 0.06307210033317398 -0.069752694871946602 0.061989966876286655 0.019039673994670131 0.045605819900415935 0.046474958973462717 0.0392634038162087 -0.028925029249188883
leaf_weight=69.342205561697483 7.0391060262918463 16.935558199882514 9.2279032319784147 4.3213326632976523 40.173469014465809 34.762518502771854 8.6983853727579099 3.9807958900928488 6.6022835150361052 8.9141618087887764 18.972305551171303 11.880655374377964 5.6573861986398688 14.53156553208828
leaf_count=384 99 93 70 27 205 158 64 19 51 56 145 112 40 69
internal_value=0.000571529 0.002099 -0.0199208 -5.75341e-05 0.00512097 -0.0032136 0.00822666 -0.00118324 0.00470435 0.0118708 0.0171544 0.0104299 -0.00472101 -0.0105791
internal_weight=261.04 254.001 30.4848 21.2569 223.516 99.8748 59.7014 51.003 47.0222 123.641 100.195 81.2229 40.4199 23.4457
internal_count=1592 1493 190 120 1303 537 332 268 249 766 641 496 198 125
is_linear=0
shrinkage=0.05


Tree=48
num_leaves=15
num_cat=0
split_feature=26 22 8 14 1 30 1 22 29 13 24 4 2 30
split_gain=8.10394 6.31064 7.53144 10.0407 6.41387 5.68672 6.8102 7.90147 5.19677 5.05761 4.72889 4.43179 4.90288 4.39434
threshold=1.0000000180025095e-35 1.0000000180025095e-35 1.0000000180025095e-35 1.5000000000000002 4.5000000000000009 0.48570226039551589 6.5000000000000009 1.5000000000000002 3.5000000000000004 2.5000000000000004 1.5000000000000002 1.5000000000000002 1.4166666666666667 0.48570226039551589
decision_type=2 2 2 2 2 2 2 2 2 2 2 2 2 2
left_child=1 4 8 5 -1 -4 7 -7 11 -5 -8 -3 -13 -14
right_child=-2 2 3 9 -6 6 10 -9 -10 -11 -12 12 13 -15
leaf_value=-0.0028663413623800866 -0.053172160695975551 0.031573370709921139 0.040672566565072087 -0.056266485706111827 -0.071986831135410642 -0.023255462595055228 -0.013305933477400623 0.055330462877689869 -0.032130366291761664 0.025874949528052527 0.052292017216394961 0.056956244415332959 -0.009853164488145735 0.0087440767099788239
leaf_weight=8.590611591935156 6.7308076471090308 10.674386471509932 28.929284203797579 6.2745285704731923 5.5033262446522704 16.493527941405777 3.513129293918607 3.8539568223059169 13.024083159863947 2.5372664779424667 11.168244529515505 3.3721008449792853 88.54179572314024 49.298485077917576
leaf_count=53 99 96 262 34 44 89 24 26 66 18 85 15 427 254
internal_value=0.000551522 0.00201821 0.00396 0.0173502 -0.0303493 0.0242708 0.0105767 -0.00805067 -0.00194047 -0.0323092 0.036442 0.000651264 -0.00168917 -0.00318223
internal_weight=258.506 251.775 237.681 72.7699 14.0939 63.9581 35.0289 20.3475 164.911 8.8118 14.6814 151.887 141.212 137.84
internal_count=1592 1493 1396 538 97 486 224 115 858 52 109 792 696 681
is_linear=0
shrinkage=0.05


Tree=49
num_leaves=15
num_cat=0
split_feature=26 7 2 2 28 9 10 2 7 28 2 30 25 1
split_gain=7.66142 6.20026 6.86726 6.19477 8.62311 9.70568 7.95416 6.83939 5.90756 5.67754 5.18869 4.20127 3.84235 4.89136
threshold=1.0000000180025095e-35 3.5000000000000004 2.2916666666666674 2.7083333333333335 1.7083333333333337 2.5000000000000004 2.5000000000000004 2.4166666666666674 2.5000000000000004 2.5833333333333335 1.5833333333333337 1.0000000180025095e-35 1.0000000180025095e-35 6.5000000000000009
decision_type=2 2 2 2 2 2 2 2 2 2 2 2 2 2
left_child=1 3 -3 6 -5 -6 7 9 -8 10 -1 -7 -12 -14
right_child=-2 2 -4 4 5 11 8 -9 -10 -11 12 -13 13 -15
leaf_value=0.019816018829257903 -0.052901868428682788 -0.047202306040087467 0.037244406763255966 -0.07503887013385839 0.017723024805784394 0.025321033535947553 0.040881283614965097 0.021726616277534288 -0.02377893178794192 -0.049495360139797842 -0.0035681713222076405 -0.041983454969081846 -0.010117470866425549 -0.071409138349738485
leaf_weight=20.738957710564137 6.434928096830844 2.6294622197747257 19.69735923409462 5.5830885618925086 17.891866851598024 2.5634101480245617 20.481437385082248 28.09781888127327 4.1433765999972811 6.8239686898887149 89.723209973424673 17.097849939018488 9.756765849888323 4.9104070812463751
leaf_count=130 99 16 164 27 108 16 169 155 30 38 470 97 49 24
internal_value=0.000529795 0.00193493 0.0270214 -0.000523489 -0.0175702 -0.00878319 0.00345206 -0.000609643 0.0298483 -0.00539765 -0.00293521 -0.0329981 -0.00749369 -0.0311511
internal_weight=256.574 250.139 22.3268 227.812 43.1362 37.5531 184.676 160.051 24.6248 131.953 125.129 19.6613 104.39 14.6672
internal_count=1592 1493 180 1313 248 221 1065 866 199 711 673 113 543 73
is_linear=0
shrinkage=0.05


Tree=50
num_leaves=15
num_cat=0
split_feature=22 26 4 2 10 28 28 2 23 6 8 28 24 2
split_gain=9.14451 5.20232 5.17426 8.14045 6.57173 5.59999 4.80207 5.01326 5.82338 4.57613 4.12845 4.08539 3.85784 3.79459
threshold=1.0000000180025095e-35 1.0000000180025095e-35 4.5000000000000009 2.4166666666666674 2.5000000000000004 2.2916666666666674 2.8750000000000004 1.5833333333333337 1.0000000180025095e-35 1.5000000000000002 1.0000000180025095e-35 1.2916666666666667 1.0000000180025095e-35 3.1250000000000004
decision_type=2 2 2 2 2 2 2 2 2 2 2 2 2 2
left_child=11 2 3 4 6 10 7 12 -9 -4 -5 -1 -2 -7
right_child=1 -3 9 5 -6 13 -8 8 -10 -11 -12 -13 -14 -15
leaf_value=-0.0064482737814630419 0.075438605668182834 -0.052077326724377232 -0.043348945078537329 0.022326328129984419 0.032557924892114232 -0.0060846175374606624 -0.066758911618300873 -0.0024575934819602279 -0.042757676815570536 0.00077595986782414707 0.056952182162087139 -0.056844616764538017 0.011704093033280995 0.038590731736088513
leaf_weight=7.4065829999744919 2.8145046085119274 3.9861475415527812 9.7330300211906433 34.267478585243225 13.72276398539543 22.816373452544216 2.8620466589927664 89.600574497133493 9.887258015573023 14.323536939918995 11.765867725014685 9.1095527149736863 13.993641465902327 5.8851037099957457
leaf_count=47 15 62 57 187 118 134 15 459 54 73 130 90 89 39
internal_value=0.00126641 0.0038022 0.00479651 0.00735022 -5.91254e-05 0.0205402 -0.00386056 -0.00223513 -0.0065267 -0.0170786 0.031335 -0.0345699 0.0229073 0.00309124
internal_weight=252.174 235.658 231.672 207.616 132.881 74.7348 119.158 116.296 99.4878 24.0566 46.0333 16.5161 16.8081 28.7015
internal_count=1569 1432 1370 1240 750 490 632 617 513 130 317 137 104 173
is_linear=0
shrinkage=0.05


Tree=51
num_leaves=15
num_cat=0
split_feature=26 24 29 7 8 24 2 28 6 2 28 2 3 10
split_gain=6.94513 5.91475 5.05434 3.80618 4.66554 3.60176 3.55631 3.5207 3.42777 3.42592 7.56643 6.38281 7.03589 4.5131
threshold=1.0000000180025095e-35 2.5000000000000004 3.5000000000000004 3.5000000000000004 2.5000000000000004 1.5000000000000002 2.2916666666666674 1.4166666666666667 2.5000000000000004 2.7083333333333335 1.7083333333333337 2.4166666666666674 1.5000000000000002 2.5000000000000004
decision_type=2 2 2 2 2 2 2 2 2 2 2 2 2 2
left_child=1 2 3 4 9 -4 -5 -8 -7 11 -11 13 -13 -1
right_child=-2 -3 5 6 -6 8 7 -9 -10 10 -12 12 -14 -15
leaf_value=-0.00070102593826943315 -0.05218402802397424 -0.065693975126809662 -0.040907409153995961 -0.034034299712125619 -0.03629129882143816 0.041990930106842975 -0.010775181591182804 0.046185089306045472 -0.026162921048633433 -0.068028800200685469 -6.7141614900057751e-05 0.047214278663062312 0.0037690303990667931 0.030331788267489987
leaf_weight=110.83616001531482 5.8410918377339831 3.0337349697947493 10.435538314282896 1.999292947351935 7.0063976198434821 3.2786995172500601 3.2760874256491688 13.296107601374386 3.9416448846459389 4.60620342940092 32.133708883076906 19.171904057264328 18.342352733016014 12.983415529131888
leaf_count=590 102 20 63 14 39 17 26 117 20 23 191 123 109 115
internal_value=0.00121223 0.00251975 0.00341455 0.00545983 0.00347632 -0.0222376 0.0270934 0.0347778 0.00459452 0.00491322 -0.00881711 0.00805899 0.026105 0.00255468
internal_weight=250.182 244.341 241.308 223.652 205.08 17.6559 18.5715 16.5722 7.22034 198.074 36.7399 161.334 37.5143 123.82
internal_count=1569 1467 1447 1347 1190 100 157 143 37 1151 214 937 232 705
is_linear=0
shrinkage=0.05


Tree=52
num_leaves=15
num_cat=0
split_feature=22 26 4 2 10 28 7 28 2 23 6 8 1 7
split_gain=7.96351 4.61876 4.65069 7.01643 5.57818 4.98928 4.88952 4.36001 4.56448 5.29913 4.30054 4.14412 3.94031 4.64899
threshold=1.0000000180025095e-35 1.0000000180025095e-35 4.5000000000000009 2.4166666666666674 2.5000000000000004 2.2916666666666674 3.5000000000000004 2.8750000000000004 1.5833333333333337 1.0000000180025095e-35 1.5000000000000002 1.0000000180025095e-35 4.5000000000000009 1.5000000000000002
decision_type=2 2 2 2 2 2 2 2 2 2 2 2 2 2
left_child=12 2 3 4 7 11 -7 8 -2 -10 -4 -5 13 -1
right_child=1 -3 10 5 -6 6 -8 -9 9 -11 -12 -13 -14 -15
leaf_value=-0.036473187367622957 0.022160825617182731 -0.051518810927989427 -0.042159322946687325 0.020753418453051661 0.030704862445799785 -0.0066273914296390794 0.047603075943396959 -0.064826733864581321 -0.0021525694168767037 -0.040723612346423271 0.00086840187440790468 0.056364883656077641 -0.064058334849834225 0.035906860129890757
leaf_weight=6.6568255051970464 16.674603782594204 3.6445902734994879 9.5681241676211357 33.627798527479172 13.18576383218169 23.554564788937572 4.9357175417244425 2.7277758568525305 89.611473310738802 9.8139068707823736 14.25639770179987 11.007192354649304 6.1427501775324336 3.1829547546803951
leaf_count=48 104 62 57 187 118 126 47 15 459 54 73 130 66 23
internal_value=0.00115395 0.00351488 0.00442392 0.00686269 -3.62663e-06 0.0192757 0.00281381 -0.00345518 -0.00193719 -0.00602198 -0.0164114 0.0296976 -0.0328594 -0.0126826
internal_weight=248.59 232.608 228.963 205.139 132.014 73.1253 28.4903 118.828 116.1 99.4254 23.8245 44.635 15.9825 9.83978
internal_count=1569 1432 1370 1240 750 490 173 632 617 513 130 317 137 71
is_linear=0
shrinkage=0.05


Tree=53
num_leaves=15
num_cat=0
split_feature=22 28 7 2 8 8 6 10 30 21 6 2 2 28
split_gain=7.32303 3.89451 3.84014 5.67752 4.26798 4.09238 12.1893 5.60091 4.08287 5.24832 5.06827 7.06566 6.04759 7.20222
threshold=1.0000000180025095e-35 1.2916666666666667 3.5000000000000004 2.2916666666666674 2.5000000000000004 1.0000000180025095e-35 2.5000000000000004 2.5000000000000004 1.0000000180025095e-35 3.5000000000000004 2.5000000000000004 2.8750000000000004 1.8750000000000002 2.7083333333333335
decision_type=2 2 2 2 2 2 2 2 2 2 2 2 2 2
left_child=1 -1 4 -4 5 8 -7 -8 9 -2 11 -10 -12 -14
right_child=2 -3 3 -5 -6 6 7 -9 10 -11 12 -13 13 -15
leaf_value=-0.0048814790718503835 0.01865285744628653 -0.055103372592867475 -0.041335363263460045 0.035835236324828629 -0.033651099029101975 0.038509730998103966 -0.022304842810123841 0.052945326786878015 -0.0054341083329258683 -0.040078723417838559 -0.032584859008759244 -0.04370811988073043 0.037684488705246093 -0.034149122423694063
leaf_weight=7.3896314576268187 36.5357601121068 8.314297214150427 2.6699738353490856 16.453010879456997 8.2280212081968767 26.175076872110367 18.533890519291166 2.7402252443134776 72.654033619910479 4.1275181770324698 5.7935608662664917 14.425620704889296 18.39803491905332 4.1823013275861731
leaf_count=47 201 90 18 150 54 237 97 32 387 20 34 82 100 20
internal_value=0.00110374 -0.0318096 0.00336569 0.0247716 0.00141037 0.00285563 0.0157016 -0.0122929 -0.00104023 0.0125463 -0.00585382 -0.0118461 0.0124258 0.0241774
internal_weight=246.621 15.7039 230.917 19.123 211.794 203.566 47.4492 21.2741 156.117 40.6633 115.454 87.0797 28.3739 22.5803
internal_count=1569 137 1432 168 1264 1210 366 129 844 221 623 469 154 120
is_linear=0
shrinkage=0.05


Tree=54
num_leaves=15
num_cat=0
split_feature=22 4 2 10 8 6 1 7 2 1 3 24 2 23
split_gain=6.74159 4.12203 6.70889 5.39295 4.04128 3.88893 3.85152 4.24377 3.77216 5.77478 4.54138 3.73554 2.90321 5.08243
threshold=1.0000000180025095e-35 4.5000000000000009 2.4166666666666674 2.5000000000000004 1.0000000180025095e-35 1.5000000000000002 4.5000000000000009 1.5000000000000002 2.5833333333333335 12.500000000000002 1.5000000000000002 1.0000000180025095e-35 1.5833333333333337 1.0000000180025095e-35
decision_type=2 2 2 2 2 2 2 2 2 2 2 2 2 2
left_child=6 2 3 12 8 -3 7 -1 -4 10 -10 -12 -2 -14
right_child=1 5 4 -5 -6 -7 -8 -9 9 -11 11 -13 13 -15
leaf_value=-0.03395619155460506 0.014029858245687539 -0.040942935625011653 0.032898128555216462 0.029573041239668359 0.038688483974428318 3.8446065167626101e-05 -0.063147319471142757 0.035697151372166828 0.024852829139458493 0.046931085063661358 -0.051585184154867347 -0.0054241504128237222 -0.0038791843330916913 -0.040616352451125222
leaf_weight=6.5841777361929399 17.979964107275009 9.542057104408741 14.356831736862658 12.82146682217717 17.522409107536077 14.181992303580046 5.7079534828662863 3.1303611509501934 9.0902681834995729 6.2198962159454814 5.6616763100028065 19.120606109499931 92.333123594522476 10.422728668898342
leaf_count=48 116 61 77 118 197 75 66 23 54 44 28 97 503 62
internal_value=0.00105447 0.00322219 0.00551111 -0.00110487 0.0178075 -0.0164424 -0.0308205 -0.0111217 0.0109834 0.00301129 -0.00509436 -0.0162354 -0.00440516 -0.00766568
internal_weight=244.676 229.253 205.529 133.557 71.9717 23.724 15.4225 9.71454 54.4493 40.0924 33.8726 24.7823 120.736 102.756
internal_count=1569 1432 1296 799 497 136 137 71 300 223 179 125 681 565
is_linear=0
shrinkage=0.05


Tree=55
num_leaves=15
num_cat=0
split_feature=7 2 29 10 7 24 13 1 2 22 11 11 24 28
split_gain=5.37654 6.64832 5.38016 4.88643 5.27247 10.3804 7.11577 3.88637 3.66062 3.38048 3.36136 4.0144 12.9965 2.97476
threshold=3.5000000000000004 2.2916666666666674 3.5000000000000004 2.5000000000000004 2.5000000000000004 1.5000000000000002 3.5000000000000004 9.5000000000000018 1.5833333333333337 1.0000000180025095e-35 1.5000000000000002 2.5000000000000004 1.5000000000000002 2.5833333333333335
decision_type=2 2 2 2 2 2 2 2 2 2 2 2 2 2
left_child=2 -2 3 8 6 7 10 -6 9 -1 -5 12 -12 -10
right_child=1 -3 -4 4 5 -7 -8 -9 13 -11 11 -13 -14 -15
leaf_value=-0.020667690167138056 -0.048405830475888451 0.035707684775565025 -0.030155261352234654 0.059207065931849004 -0.079566391008737067 0.044945676909037557 -0.037093785744172068 -0.008635860973146222 -0.0055995075264301166 0.027661645657627312 -0.10590785240329235 0.059356581621935883 0.037425608266732947 -0.058440334978013077
leaf_weight=4.6012193150818375 2.5964671634137657 17.622013911604881 15.952077593654392 10.748591408133512 4.0523231439292413 5.0622108764946461 3.4495389685034743 3.8246332854032516 142.98128630965948 15.173434406518934 2.0613347589969617 4.1319496296346188 5.7922319732606411 2.627914171665906
leaf_count=34 17 170 100 108 22 48 21 24 804 96 11 29 52 14
internal_value=-3.51598e-06 0.0245977 -0.00228118 -8.10302e-05 0.015774 -0.0101432 0.0286665 -0.0459797 -0.00385403 0.016243 0.0388728 0.0200912 -0.000739537 -0.00660977
internal_weight=240.677 20.2185 220.459 204.507 39.1228 12.9392 26.1836 7.87696 165.384 19.7747 22.7341 11.9855 7.85357 145.609
internal_count=1550 187 1363 1263 315 94 221 46 948 130 200 92 63 818
is_linear=0
shrinkage=0.05


Tree=56
num_leaves=15
num_cat=0
split_feature=23 30 26 1 28 4 1 7 3 7 3 30 3 24
split_gain=7.3251 9.30204 4.60609 4.2421 4.361 4.28048 3.19912 4.14056 2.81629 2.40739 2.15867 1.88421 2.49718 1.87831
threshold=1.0000000180025095e-35 1.0000000180025095e-35 1.0000000180025095e-35 12.500000000000002 2.5833333333333335 1.5000000000000002 4.5000000000000009 2.5000000000000004 1.5000000000000002 2.5000000000000004 1.5000000000000002 0.60355339059327384 2.5000000000000004 1.0000000180025095e-35
decision_type=2 2 2 2 2 2 2 2 2 2 2 2 2 2
left_child=2 9 3 4 5 6 7 10 -5 -2 -1 -8 -13 -3
right_child=1 13 -4 8 -6 -7 11 -9 -10 -11 -12 12 -14 -15
leaf_value=-0.0068597436897429188 0.024542221015359165 -0.031315567385090858 -0.05105614877534901 -0.0026321778846379123 -0.024917112561831607 0.0015884681117200963 0.05536865546323827 -0.044271380863633844 0.047508710210147451 -0.019037487181569276 0.048097369474911694 -0.023729253068004708 0.051178552794607771 -0.065989125511259614
leaf_weight=2.9736065492033976 8.4200358763337153 9.5479653924703616 3.7149060219526282 3.9159699380397788 13.384982511401175 156.35156572982669 8.3338934145867807 3.0234901383519173 8.907777972519396 4.8993471264839163 4.0517518445849419 2.1258638501167288 2.0900153256952763 7.6055765002965918
leaf_count=23 45 68 74 24 76 876 101 15 67 28 35 20 31 67
internal_value=-6.63235e-08 -0.0228696 0.00333379 0.00435522 0.00247653 0.00455223 0.02485 0.00348049 0.0321019 0.00830333 0.0247151 0.0416005 0.0131523 -0.0471275
internal_weight=239.347 30.4729 208.874 205.159 192.335 178.95 22.5986 10.0488 12.8237 13.3194 7.02536 12.5498 4.21588 17.1535
internal_count=1550 208 1342 1268 1177 1101 225 73 91 73 58 152 51 135
is_linear=0
shrinkage=0.05


Tree=57
num_leaves=15
num_cat=0
split_feature=23 24 26 2 2 28 10 2 9 32 2 2 11 6
split_gain=6.70934 7.56528 4.34165 4.64249 5.9656 6.75122 5.78339 5.64444 5.36084 3.52479 4.33653 3.8698 4.49974 3.10391
threshold=1.0000000180025095e-35 1.0000000180025095e-35 1.0000000180025095e-35 3.1250000000000004 2.8750000000000004 1.8750000000000002 2.5000000000000004 3.5833333333333335 2.5000000000000004 1.0000000180025095e-35 2.4166666666666674 1.4166666666666667 1.5000000000000002 1.5000000000000002
decision_type=2 2 2 2 2 2 2 2 2 2 2 2 2 2
left_child=2 -2 3 4 6 -6 9 13 -7 10 11 -1 -13 -5
right_child=1 -3 -4 7 5 8 -8 -9 -10 -11 -12 12 -14 -15
leaf_value=0.04092155103335543 -0.0073067281175703104 -0.065081552807273249 -0.050815762718536987 0.0080762303917334948 -0.080232919458705032 0.012493523977197515 0.028862078364647565 -0.042748915228420475 -0.049181692898161045 -0.0059530633072692662 0.034841445665482834 0.0091655466202106625 -0.024538740629138387 0.051672863829053534
leaf_weight=5.8286004066467276 22.543112039566044 7.5417173355817786 3.5504855643957844 6.5438341423869195 4.1583147048950222 10.057347033172844 21.478216372430325 2.464998595416545 5.27224227041006 79.17198272049427 13.545809052884577 29.47285408526659 14.768418043851851 11.666393488645552
leaf_count=44 139 69 74 40 20 53 209 13 27 432 94 166 75 95
internal_value=-5.00324e-07 -0.0220403 0.00318466 0.00415914 0.00161082 -0.0244524 0.00473108 0.0265706 -0.00873743 0.00106612 0.00983661 0.00296606 -0.00205905 0.0362726
internal_weight=238.064 30.0848 207.979 204.429 183.754 19.4879 164.266 20.6752 15.3296 142.788 63.6157 50.0699 44.2413 18.2102
internal_count=1550 208 1342 1268 1120 100 1020 148 80 811 379 285 241 135
is_linear=0
shrinkage=0.05


Tree=58
num_leaves=15
num_cat=0
split_feature=23 30 26 2 2 28 10 2 28 5 7 32 28 2
split_gain=6.12523 8.42909 4.09476 4.26218 5.44692 6.3124 5.34234 5.17494 3.37399 3.28357 3.31528 3.10835 3.75192 3.52392
threshold=1.0000000180025095e-35 1.0000000180025095e-35 1.0000000180025095e-35 3.1250000000000004 2.8750000000000004 1.8750000000000002 2.5000000000000004 3.5833333333333335 2.5833333333333335 1.0000000180025095e-35 2.5000000000000004 1.0000000180025095e-35 2.4166666666666674 1.4166666666666667
decision_type=2 2 2 2 2 2 2 2 2 2 2 2 2 2
left_child=2 9 3 4 6 -6 8 -5 11 -2 -11 12 13 -1
right_child=1 -3 -4 7 5 -7 -8 -9 -10 10 -12 -13 -14 -15
leaf_value=0.046426828430521615 0.048861201686051334 -0.044917151490329391 -0.050579438834215854 0.035052398771416367 -0.07815670121289954 -0.0083480992885178081 0.027960915473409887 -0.040572382368141743 -0.035600748132524319 0.015655724967489036 -0.043843465606595897 -0.0040733163742586792 0.065205306896000889 0.0041146050130778031
leaf_weight=5.3626889400184146 3.5486911311745652 16.524899683892727 3.3931655604392281 17.922888550907377 4.0604785829782513 15.253656737506388 21.075553867965937 2.4725345671176902 5.9151299074292174 6.0979625359177589 3.6414119303226471 75.805977422744036 2.9572253823280326 52.327173434197903
leaf_count=42 26 135 74 135 20 80 209 13 34 31 16 413 15 307
internal_value=-2.8969e-06 -0.0211603 0.00304763 0.00398008 0.00153995 -0.02348 0.00452439 0.0256092 0.00102021 0.00831162 -0.00655559 0.00265092 0.0110899 0.00816462
internal_weight=236.359 29.813 206.546 203.153 182.758 19.3141 163.444 20.3954 142.368 13.2881 9.73937 136.453 60.6471 57.6899
internal_count=1550 208 1342 1268 1120 100 1020 148 811 73 47 777 364 349
is_linear=0
shrinkage=0.05


Tree=59
num_leaves=15
num_cat=0
split_feature=23 30 26 2 2 28 2 31 2 28 9 10 5 5
split_gain=5.59929 7.7614 3.86202 3.88822 5.00282 7.26599 5.5551 7.13225 4.72547 4.06938 3.50413 3.47383 3.10645 3.05947
threshold=1.0000000180025095e-35 1.0000000180025095e-35 1.0000000180025095e-35 3.1250000000000004 2.7083333333333335 1.8750000000000002 2.4166666666666674 1.0000000180025095e-35 3.5833333333333335 2.5833333333333335 2.5000000000000004 2.5000000000000004 1.0000000180025095e-35 1.0000000180025095e-35
decision_type=2 2 2 2 2 2 2 2 2 2 2 2 2 2
left_child=2 13 3 4 6 -6 9 -8 -5 11 -7 -1 -3 -2
right_child=1 12 -4 8 5 10 7 -9 -10 -11 -12 -13 -14 -15
leaf_value=-0.00098913182963660581 0.047794105843097748 -0.0086738753002239179 -0.05034657114139629 0.033697005152820751 -0.073667622782502704 0.013339859619986849 -0.0011864466007582598 0.045779822253616119 -0.038528165605807095 -0.048217104661875981 -0.028207142734494536 0.028132271951802585 -0.057455040639657409 -0.0062484210286032141
leaf_weight=109.61685296148062 3.4512510485947141 4.7798940390348461 3.2426841184496871 17.720886729657654 4.8351095430552986 10.850440818816423 15.335886731743811 16.746555380523205 2.4786754474043837 4.1243421435356131 9.307273156940937 11.182894729077814 11.476098667830227 9.7090569660067558
leaf_count=592 26 35 74 135 25 63 116 130 13 23 55 116 100 47
internal_value=-3.5737e-06 -0.0203784 0.00291014 0.00380105 0.00147057 -0.0192419 0.0047937 0.0233176 0.024565 1.62756e-06 -0.00576447 0.00170711 -0.0434051 0.00798909
internal_weight=234.858 29.4163 205.442 202.199 181.999 24.9928 157.007 32.0824 20.1996 124.924 20.1577 120.8 16.256 13.1603
internal_count=1550 208 1342 1268 1120 143 977 246 148 731 118 708 135 73
is_linear=0
shrinkage=0.05


Tree=60
num_leaves=15
num_cat=0
split_feature=4 13 21 7 11 7 9 33 1 2 28 30 6 8
split_gain=6.23059 4.94173 7.81635 7.17469 5.04723 10.197 3.81881 5.77509 8.23847 3.2158 6.47128 3.13538 2.69257 2.6718
threshold=2.5000000000000004 2.5000000000000004 3.5000000000000004 1.5000000000000002 2.5000000000000004 2.5000000000000004 1.5000000000000002 1.5000000000000002 5.5000000000000009 1.4166666666666667 1.4166666666666667 0.48570226039551589 2.5000000000000004 1.5000000000000002
decision_type=2 2 2 2 2 2 2 2 2 2 2 2 2 2
left_child=1 2 3 9 6 -6 7 -5 13 -1 -11 -12 -8 -9
right_child=-2 -3 -4 4 5 -7 12 8 -10 10 11 -13 -14 -15
leaf_value=0.014164797884137496 -0.0091026219982584186 0.05767676263177967 -0.036627925955369151 0.049326106545640895 0.053783992658358093 -0.095903211918544257 0.051121758600710415 -0.062381482947929334 0.025168200978257466 0.02167217471518898 -0.057528126785615009 -0.012370279509621324 -0.0042510691897140003 -0.011044745919943023
leaf_weight=9.8122762404382211 126.67987551540136 4.5604819618165484 10.066432699561117 9.1408651024103147 1.9071507602930058 2.5126285329461098 15.008150674402716 3.8600963875651377 17.835736494511366 6.487730540335181 8.5800114944577199 7.3225790448486796 2.4554953351616851 7.6419890932738781
leaf_count=67 753 48 64 74 17 17 128 20 141 51 46 57 23 50
internal_value=-0.00159005 0.00726528 0.00494691 0.00952982 0.0196994 -0.0309986 0.0237976 0.0148315 0.00386799 -0.00945708 -0.0199372 -0.037098 0.0432138 -0.028878
internal_weight=233.871 107.192 102.631 92.5647 60.3621 4.41978 55.9423 38.4787 29.3378 32.2026 22.3903 15.9026 17.4636 11.5021
internal_count=1556 803 755 691 470 34 436 285 211 221 154 103 151 70
is_linear=0
shrinkage=0.05


Tree=61
num_leaves=15
num_cat=0
split_feature=4 1 21 7 11 7 9 33 1 5 29 22 5 28
split_gain=5.64998 4.83527 7.74843 6.59637 4.63791 9.35085 3.21226 5.20773 7.8963 6.68388 3.96454 2.74469 2.55169 2.48245
threshold=2.5000000000000004 9.5000000000000018 3.5000000000000004 1.5000000000000002 2.5000000000000004 2.5000000000000004 1.5000000000000002 1.5000000000000002 5.5000000000000009 1.0000000180025095e-35 2.5000000000000004 1.0000000180025095e-35 1.5000000000000002 2.4166666666666674
decision_type=2 2 2 2 2 2 2 2 2 2 2 2 2 2
left_child=1 2 3 -1 6 -6 7 -5 -9 -10 -11 -2 -8 -4
right_child=11 -3 13 4 5 -7 12 8 9 10 -12 -13 -14 -15
leaf_value=-0.0089849864231614611 -0.047024302780177836 0.056266895852790481 -0.058095439069526002 0.048279224904143922 0.052498601652267496 -0.092051455804760013 0.022471543801085479 -0.027522326803510827 0.055545245535322453 -0.024402147156762241 0.049661961149683034 -0.0071992005182470236 0.062633880750717894 -0.0058966391192922622
leaf_weight=32.187369897961617 4.4191068429499856 4.6639764085412017 5.7938375324010831 8.8809406086802465 1.8598173037171353 2.4915879853069782 8.9807045347988623 11.484610762447121 9.0130306184291857 6.7662684209644777 2.3447396606206894 122.32347453199327 7.6718220189213744 3.9392139334231615
leaf_count=221 51 55 33 74 17 17 74 70 82 41 21 702 74 24
internal_value=-0.00151194 0.00698541 0.00464116 0.009178 0.0190451 -0.0299168 0.0230013 0.0148953 0.00466898 0.0252438 -0.00473793 -0.00864346 0.041387 -0.0374983
internal_weight=232.821 106.078 101.414 91.6809 59.4935 4.35141 55.1421 38.4896 29.6086 18.124 9.11101 126.743 16.6525 9.73305
internal_count=1556 803 748 691 470 34 436 288 214 144 62 753 148 57
is_linear=0
shrinkage=0.05


Tree=62
num_leaves=15
num_cat=0
split_feature=26 23 24 28 2 31 2 28 33 11 14 9 22 2
split_gain=4.20805 3.89477 7.80006 4.57438 3.51168 3.26168 3.05875 2.82903 5.43719 2.92442 3.41475 4.01595 6.18139 3.54977
threshold=1.0000000180025095e-35 1.0000000180025095e-35 1.0000000180025095e-35 1.5833333333333337 3.5833333333333335 1.5000000000000002 2.4166666666666674 2.5833333333333335 2.5000000000000004 1.5000000000000002 1.5000000000000002 1.5000000000000002 2.5000000000000004 3.4166666666666674
decision_type=2 2 2 2 2 2 2 2 2 2 2 2 2 2
left_child=1 4 3 6 5 7 -3 9 -9 10 11 13 -13 -1
right_child=-2 2 -4 -5 -6 -7 -8 8 -10 -11 -12 12 -14 -15
leaf_value=0.0038442785692261263 -0.050805041168090696 -0.011833368722039883 -0.064223113595473696 -0.051232473482340446 -0.05639517297672178 0.028337419448416112 0.031730481261805964 -0.067372096133526113 -0.00055904652766059838 -0.0047238980560993316 -0.01859969650566741 0.045324021239902396 -0.041744759098843273 0.055950124399748183
leaf_weight=68.425217792391777 4.1383718326687804 8.0803655907511764 6.8093235343694678 3.7570450827479354 2.4507298842072478 11.513271190226076 7.7623316906392565 4.1887058466672888 10.773194439709185 73.105234652757645 10.297163430601357 14.730851102620365 2.2534624487161627 3.3469300493597975
leaf_count=439 97 40 70 28 12 75 50 23 65 424 58 133 15 27
internal_value=-0.00143588 -0.000504887 -0.0185284 -0.00228083 0.0018578 0.00261711 0.00941963 0.00100694 -0.019753 0.00283606 0.00843995 0.0116225 0.0334488 0.00638337
internal_weight=231.632 227.494 26.4091 19.5997 201.085 198.634 15.8427 187.121 14.9619 172.159 99.0536 88.7565 16.9843 71.7721
internal_count=1556 1459 188 118 1271 1259 90 1184 88 1096 672 614 148 466
is_linear=0
shrinkage=0.05


Tree=63
num_leaves=15
num_cat=0
split_feature=4 1 28 13 7 1 2 28 30 2 31 1 8 28
split_gain=5.13985 4.5673 3.99782 3.09568 5.09284 4.98884 3.90648 4.33044 3.80489 3.71721 3.75485 5.65165 3.43379 3.21151
threshold=2.5000000000000004 9.5000000000000018 2.5833333333333335 1.5000000000000002 1.5000000000000002 7.5000000000000009 1.4166666666666667 1.4166666666666667 0.48570226039551589 2.8750000000000004 1.0000000180025095e-35 4.5000000000000009 1.0000000180025095e-35 1.5833333333333337
decision_type=2 2 2 2 2 2 2 2 2 2 2 2 2 2
left_child=1 2 3 4 6 -5 -1 -8 -9 10 12 -12 13 -6
right_child=-2 -3 -4 5 9 -7 7 8 -10 -11 11 -13 -14 -15
leaf_value=0.021525045704815237 -0.008183129390363357 0.055814320600138391 -0.037936070778339374 0.035720016678721149 -0.021861023813334012 -0.03617207649761519 0.017842958573490591 -0.053717952545630415 -0.0026543631313423865 -0.033639931478551592 -0.045103956042332201 0.047929159303932038 0.030027981539746174 0.023094617236264846
leaf_weight=8.8520652689039725 125.97316247224808 4.4575402103364459 5.1324812211096278 3.1922941356897345 9.8159565813839489 8.7873414140194637 5.9411831367760923 8.593441214412449 6.4890717379748812 2.9580955356359473 1.6858821772038961 18.281474016606808 13.638158809393643 6.5037950426340094
leaf_count=62 753 55 37 21 50 56 48 44 50 28 14 168 129 41
internal_value=-0.00137939 0.0068119 0.00454613 0.00691154 0.0103713 -0.0166704 -0.00605481 -0.0178326 -0.0320753 0.0196921 0.0229629 0.039764 0.0115866 -0.00376138
internal_weight=230.302 104.329 99.8712 94.7388 82.7591 11.9796 29.8758 21.0237 15.0825 52.8834 49.9253 19.9674 29.9579 16.3198
internal_count=1556 803 748 711 634 77 204 142 94 430 402 182 220 91
is_linear=0
shrinkage=0.05


Tree=64
num_leaves=15
num_cat=0
split_feature=4 13 21 7 11 9 5 1 1 10 6 7 22 31
split_gain=4.65971 4.50249 6.26235 5.54702 4.09637 3.07447 3.67691 6.87642 6.38286 6.47229 2.63586 2.53624 2.53363 2.08074
threshold=2.5000000000000004 2.5000000000000004 3.5000000000000004 1.5000000000000002 2.5000000000000004 1.5000000000000002 1.0000000180025095e-35 4.5000000000000009 4.5000000000000009 2.5000000000000004 2.5000000000000004 2.5000000000000004 1.0000000180025095e-35 1.5000000000000002
decision_type=2 2 2 2 2 2 2 2 2 2 2 2 2 2
left_child=1 2 3 -1 5 6 7 11 -8 -10 -7 -5 -2 -14
right_child=12 -3 -4 4 -6 10 8 -9 9 -11 -12 -13 13 -15
leaf_value=-0.0080827008761573688 -0.045414228734219221 0.057115029435656363 -0.03330283471783349 0.023994375832729387 -0.02881174775679481 0.048086201600900408 0.048677593844634208 0.047482636647063647 -0.040960444238215273 0.046501314968387442 -0.0080502749411885729 -0.038157393103704779 -0.0081168217678738129 0.018556627207834388
leaf_weight=31.954857958480716 4.2408018931746474 4.1298058833926907 9.8153999969363195 2.5649859979748753 4.2269100956618777 13.865487363189461 4.1635884791612652 13.927991591393946 9.7308590747416002 2.5820669718086711 2.3414985574781886 4.0867935046553612 114.12038689851761 7.6665843874216071
leaf_count=221 51 48 64 21 34 128 32 131 54 26 23 21 653 49
internal_value=-0.00131035 0.00654042 0.0043557 0.00854871 0.0178344 0.0216301 0.0135201 0.0275764 -0.00394628 -0.0221911 0.039823 -0.0138204 -0.00777084 -0.00640335
internal_weight=229.418 103.39 99.2604 89.445 57.4902 53.2633 37.0563 20.5798 16.4765 12.3129 16.207 6.65178 126.028 121.787
internal_count=1556 803 755 691 470 436 285 173 112 80 151 42 753 702
is_linear=0
shrinkage=0.05


Tree=65
num_leaves=15
num_cat=0
split_feature=26 2 7 2 8 8 6 10 22 22 2 28 2 6
split_gain=4.46479 3.70167 3.04199 4.11228 3.08152 4.45887 9.73773 4.21276 4.11444 2.91879 5.87254 7.46512 2.55855 2.5077
threshold=1.0000000180025095e-35 3.5833333333333335 3.5000000000000004 2.2916666666666674 2.5000000000000004 1.5000000000000002 2.5000000000000004 2.5000000000000004 1.0000000180025095e-35 1.5000000000000002 2.2916666666666674 1.8750000000000002 2.2916666666666674 2.5000000000000004
decision_type=2 2 2 2 2 2 2 2 2 2 2 2 2 2
left_child=1 2 4 -4 5 13 8 9 -7 10 -8 -12 -6 -1
right_child=-2 -3 3 -5 12 6 7 -9 -10 -11 11 -13 -14 -15
leaf_value=-0.0059164328399877366 -0.050644169475680838 -0.058610797917668433 -0.037694586385233701 0.03339173191585345 -0.0083108272756677558 0.0021433151983028644 -0.056026442125027477 0.051769001348715808 0.046229744983084964 0.013969946241020867 0.064291096584879762 -0.04383608581317941 -0.06948200948094925 0.010107987612334451
leaf_weight=123.12774270772934 4.128242513164877 2.4550901278853408 2.271470643579959 13.629692256450651 4.8651380315423003 7.3711215406656292 8.4353966191411072 2.3445169515907756 19.928941547870636 5.2107995823025695 2.9498439207673064 3.2370709553360939 2.6629145070910454 30.268567487597466
leaf_count=688 103 14 16 147 29 47 46 33 209 30 13 23 17 177
internal_value=0.000253695 0.00120486 0.00189043 0.0229087 0.000279962 0.00146408 0.014508 -0.00999534 0.0344687 -0.0176451 -0.0290997 0.00752256 -0.030904 -0.00273364
internal_weight=232.887 228.758 226.303 15.9012 210.402 202.874 49.4777 22.1776 27.3001 19.8331 14.6223 6.18691 7.52805 153.396
internal_count=1592 1489 1475 163 1312 1266 401 145 256 112 82 36 46 865
is_linear=0
shrinkage=0.05


Tree=66
num_leaves=15
num_cat=0
split_feature=23 24 5 7 31 2 9 10 3 2 9 12 3 25
split_gain=4.70537 6.39789 6.78327 6.32857 4.22952 3.95985 5.29085 7.64204 5.51463 4.29073 3.50317 5.63481 4.18473 7.08199
threshold=1.0000000180025095e-35 1.0000000180025095e-35 1.0000000180025095e-35 2.5000000000000004 1.0000000180025095e-35 1.7083333333333337 1.5000000000000002 1.5000000000000002 2.5000000000000004 3.5833333333333335 2.5000000000000004 1.5000000000000002 2.5000000000000004 1.0000000180025095e-35
decision_type=2 2 2 2 2 2 2 2 2 2 2 2 2 2
left_child=5 2 -2 4 -4 6 8 -8 -1 10 11 12 -7 -14
right_child=1 -3 3 -5 -6 9 7 -9 -10 -11 -12 -13 13 -15
leaf_value=-0.032395506272300041 0.038735650423613918 -0.061901119884861223 0.018491427628544794 -0.068333214550756832 -0.052687322852935675 0.012827381718578536 0.050911584712689098 -0.030545209122001413 0.035714580659960325 -0.055658928110621897 -0.0056060849080807095 0.046168730363127075 0.010446938856498392 -0.048526584036427262
leaf_weight=23.391081558540467 6.0669375918805661 6.5271976068615905 7.6489628721028549 5.0797180309891692 2.7553156763315201 91.220048889517784 6.702516555786131 4.8676162119954824 3.2847203128039828 2.6428432725369921 39.390085596591234 10.621566241607068 13.43016448803246 8.0285560935735703
leaf_count=150 52 77 43 28 18 614 46 32 22 20 241 93 106 50
internal_value=0.000242792 -0.0188958 -0.00552937 -0.023171 -0.000442634 0.00290268 -0.0115535 0.01646 -0.0238134 0.00626686 0.00732175 0.0114732 0.00814244 -0.0116242
internal_weight=231.657 28.0781 21.5509 15.484 10.4043 203.579 38.2459 11.5701 26.6758 165.333 162.69 123.3 112.679 21.4587
internal_count=1592 218 141 89 61 1374 250 78 172 1124 1104 863 770 156
is_linear=0
shrinkage=0.05


Tree=67
num_leaves=15
num_cat=0
split_feature=23 5 31 7 26 2 9 10 3 2 10 9 12 3
split_gain=4.33131 4.8102 3.82353 5.97578 3.69973 3.4989 4.60703 7.03119 5.19148 3.66952 3.41945 3.25374 5.40358 3.82101
threshold=1.0000000180025095e-35 1.0000000180025095e-35 1.0000000180025095e-35 2.5000000000000004 1.0000000180025095e-35 1.7083333333333337 1.5000000000000002 1.5000000000000002 2.5000000000000004 3.5833333333333335 1.0000000180025095e-35 2.5000000000000004 1.5000000000000002 2.5000000000000004
decision_type=2 2 2 2 2 2 2 2 2 2 2 2 2 2
left_child=4 -2 3 -3 5 6 8 -8 10 11 -1 12 13 -7
right_child=1 2 -4 -5 -6 9 7 -9 -10 -11 -12 -13 -14 -15
leaf_value=-0.0038376432790974066 0.015345544594148219 0.010728240527922178 -0.05822142144223777 -0.063414530138116751 -0.04997280344363414 0.013076234562452119 0.049632338186984037 -0.028915838179262344 0.037107240547371308 -0.053485053865872323 -0.044524488467785367 -0.0047502109485961811 0.046488936550087824 -0.010449518085614817
leaf_weight=8.1935437321662956 7.5444371253252056 8.281579880043866 7.8501690682023755 3.9023611284792414 3.1658831108361474 89.72304679453373 6.5791849941015226 4.8413347974419594 3.164531920105218 2.3748662993311873 14.652973391115664 38.936104003340006 10.217380337417124 21.166740737855434
leaf_count=54 65 52 83 18 83 582 45 31 20 12 80 229 89 149
internal_value=0.000227889 -0.0183156 -0.0311292 -0.0131381 0.00276701 0.00363956 -0.0100965 0.0161556 -0.0217363 0.00682488 -0.0301221 0.00776826 0.0118142 0.00855772
internal_weight=230.594 27.5785 20.0341 12.1839 203.016 199.85 37.4316 11.4205 26.011 162.418 22.8465 160.043 121.107 110.89
internal_count=1592 218 153 70 1374 1291 230 76 154 1061 134 1049 820 731
is_linear=0
shrinkage=0.05


Tree=68
num_leaves=15
num_cat=0
split_feature=19 2 21 12 7 13 13 2 28 2 3 3 5 1
split_gain=3.56664 4.33874 3.46213 9.32738 8.47416 4.83394 3.09229 2.94335 11.9916 6.11612 4.94317 4.64171 4.59048 5.68634
threshold=2.5000000000000004 3.5833333333333335 3.5000000000000004 1.0000000180025095e-35 1.5000000000000002 1.5000000000000002 4.5000000000000009 2.8750000000000004 1.8750000000000002 2.4166666666666674 1.5000000000000002 2.5000000000000004 2.5000000000000004 6.5000000000000009
decision_type=2 2 2 2 2 2 2 2 2 2 2 2 2 2
left_child=1 2 3 7 -4 -6 -7 9 -9 12 -11 -10 -1 -14
right_child=-2 -3 4 -5 5 6 -8 8 11 10 -12 -13 13 -15
leaf_value=0.00038680136248259362 0.058386767313095736 -0.066689050272938005 0.046071033645423691 0.051736178337537513 0.043569816011277289 -0.038099172847081031 0.022308305183589578 -0.076392598758934505 0.024457189076342745 0.039110152264705544 0.0025817117006697687 -0.03483993779698201 -0.00046527545202991271 -0.070779641541593705
leaf_weight=113.73397592827678 2.5054162964224806 2.3454684801399699 4.6880950592458275 9.1639328077435476 2.1712624765932587 22.323056859895591 2.2205772362649432 6.0059031751006868 10.72021180577576 18.033723954111338 19.281699065119028 4.6323662400245658 6.4425084386020881 5.2025249227881432
leaf_count=730 23 20 29 77 22 157 14 39 75 143 138 34 48 43
internal_value=0.000211583 -0.00044502 0.000264941 0.0027805 -0.0150932 -0.0260517 -0.032464 0.000302671 -0.0170883 0.00261021 0.0203593 0.00629388 -0.00266438 -0.0324269
internal_weight=229.471 226.965 224.62 193.217 31.403 26.7149 24.5436 184.053 21.3585 162.694 37.3154 15.3526 125.379 11.645
internal_count=1592 1569 1549 1327 222 193 171 1250 148 1102 281 109 821 91
is_linear=0
shrinkage=0.05


Tree=69
num_leaves=15
num_cat=0
split_feature=23 24 5 7 31 2 9 28 4 5 1 4 28 33
split_gain=4.0348 5.96152 5.84668 5.30859 3.53963 3.26325 4.32335 3.6789 3.36042 3.86585 6.8956 8.01377 3.75419 5.26627
threshold=1.0000000180025095e-35 1.0000000180025095e-35 1.0000000180025095e-35 2.5000000000000004 1.0000000180025095e-35 1.7083333333333337 1.5000000000000002 2.2916666666666674 4.5000000000000009 2.5000000000000004 6.5000000000000009 3.5000000000000004 2.4166666666666674 2.5000000000000004
decision_type=2 2 2 2 2 2 2 2 2 2 2 2 2 2
left_child=5 2 -2 4 -4 6 -1 -8 9 12 -11 -12 -7 -14
right_child=1 -3 3 -5 -6 8 7 -9 -10 10 11 -13 13 -15
leaf_value=-0.021517268759648569 0.036732711733670563 -0.061172217189496753 0.016614095805421961 -0.063621792044966721 -0.050087320226403387 0.015621335222374029 0.029579295728153012 -0.039471029766812084 -0.013237202437778949 0.021839739318437308 -0.091024351939596404 0.0026204476625126434 -0.04391758919292154 0.0079149603408071919
leaf_weight=26.666165875270963 5.8770459815859857 6.0604317113757125 7.5385358463972789 4.92757898941636 2.5879179686307907 102.15222742035985 9.0784700587391836 2.3245505951344958 20.223224690183997 7.0979354418814209 4.3922197129577381 4.5356335565447807 6.6110634356737163 17.927613444626331
leaf_count=172 52 77 43 28 18 742 63 15 126 43 30 34 35 114
internal_value=0.000204613 -0.0178979 -0.00501799 -0.0216171 -0.000510758 0.00265554 -0.0104834 0.015065 0.00574519 0.00845992 -0.0145452 -0.0436708 0.0113988 -0.00606956
internal_weight=228.001 26.9915 20.9311 15.054 10.1265 201.009 38.0692 11.403 162.94 142.717 16.0258 8.92785 126.691 24.5387
internal_count=1592 218 141 89 61 1374 250 78 1124 998 107 64 891 149
is_linear=0
shrinkage=0.05


Tree=70
num_leaves=15
num_cat=0
split_feature=26 24 8 6 10 10 7 6 28 5 1 5 4 12
split_gain=3.59511 3.65923 3.60906 6.42564 7.73773 6.2388 4.61755 4.5834 7.19188 4.13953 4.01805 6.27544 3.46849 6.25558
threshold=1.0000000180025095e-35 2.5000000000000004 1.5000000000000002 2.5000000000000004 1.5000000000000002 1.0000000180025095e-35 1.5000000000000002 2.5000000000000004 2.7083333333333335 2.5000000000000004 5.5000000000000009 2.5000000000000004 4.5000000000000009 1.5000000000000002
decision_type=2 2 2 2 2 2 2 2 2 2 2 2 2 2
left_child=1 2 7 5 -5 -4 -6 9 10 12 11 -9 13 -1
right_child=-2 -3 3 4 6 -7 -8 8 -10 -11 -12 -13 -14 -15
leaf_value=-0.0037894383587885878 -0.049904952472673181 -0.060474508575660557 0.0012280652013735595 -0.032172727005025978 -0.045798224811926767 0.042769670364115983 0.04278316452561691 -0.026320139206045479 -0.02691123314252597 -0.033331788601549409 0.047298994746150853 0.063793085414752773 -0.032249610036729263 0.048619400968637705
leaf_weight=98.585737839341164 3.4290918372571459 2.2948595210909835 16.004662003368139 13.878139950335028 1.7000753879547099 21.067095961421728 7.7195849344134331 5.7881256714463287 7.3166261352598658 12.806919537484644 13.124843616038559 2.7715467363595963 9.4529079273343068 5.9408417865633956
leaf_count=565 101 18 121 77 10 244 79 33 42 65 87 16 62 37
internal_value=0.000144705 0.00096426 0.00165576 0.0120305 -0.0084456 0.0249541 0.0262201 -0.00235368 0.0155197 -0.00647075 0.0300089 0.00296877 -0.00340411 -0.000743228
internal_weight=221.881 218.452 216.157 60.3696 23.2978 37.0718 9.41966 155.788 29.0011 126.786 21.6845 8.55967 113.979 104.527
internal_count=1557 1456 1438 531 166 365 89 907 178 729 136 49 664 602
is_linear=0
shrinkage=0.05


Tree=71
num_leaves=15
num_cat=0
split_feature=26 24 8 6 10 0 6 28 2 5 4 12 30 2
split_gain=3.40808 3.43345 3.30398 5.90695 7.03925 5.89656 4.1777 6.59133 7.56526 3.75209 3.17463 5.73705 4.0306 3.92803
threshold=1.0000000180025095e-35 2.5000000000000004 1.5000000000000002 2.5000000000000004 1.5000000000000002 2.5000000000000004 2.5000000000000004 2.7083333333333335 1.8750000000000002 2.5000000000000004 4.5000000000000009 1.5000000000000002 0.45220861134162554 2.8750000000000004
decision_type=2 2 2 2 2 2 2 2 2 2 2 2 2 2
left_child=1 2 6 5 -5 -4 9 8 -8 10 11 13 -12 -1
right_child=-2 -3 3 4 -6 -7 7 -9 -10 -11 12 -13 -14 -15
leaf_value=-0.00063507818075844876 -0.049707513094456125 -0.05961412519764029 0.0011676861585886197 -0.03065058385566732 0.025370954617585102 0.041805207818880308 -0.02498944334089262 -0.025567526938818853 0.045222201744457478 -0.031769768319132072 0.019612779884910642 0.046947914103279746 -0.051684049161650508 -0.0374967908577317
leaf_weight=90.872375912964344 3.2748717609792939 2.2150504738092414 15.996021546423433 13.844803504645826 9.2482234165072423 20.492517299950123 4.8730649650096955 7.3212250936776391 16.454493161290884 12.770619638264177 2.6797994710504991 5.8506241478025904 6.6706967651844025 7.767462281510233
leaf_count=521 101 18 121 77 89 244 29 42 107 65 14 37 48 44
internal_value=0.000138595 0.00092471 0.00158795 0.0115936 -0.0080948 0.0241105 -0.00224066 0.0149437 0.0290213 -0.00615748 -0.003237 -0.000701878 -0.0309949 -0.00359813
internal_weight=220.332 217.057 214.842 59.5816 23.093 36.4885 155.26 28.6488 21.3276 126.612 113.841 104.49 9.3505 98.6398
internal_count=1557 1456 1438 531 166 365 907 178 136 729 664 602 62 565
is_linear=0
shrinkage=0.05


Tree=72
num_leaves=15
num_cat=0
split_feature=26 11 13 21 9 0 9 28 4 12 1 1 33 5
split_gain=3.23066 2.33823 6.04746 4.62891 9.70926 7.77543 3.41001 7.42901 3.05088 3.39553 4.06149 2.92204 4.07988 2.72272
threshold=1.0000000180025095e-35 1.0000000180025095e-35 2.5000000000000004 3.5000000000000004 1.5000000000000002 5.0000000000000009 2.5000000000000004 1.8750000000000002 4.5000000000000009 1.5000000000000002 8.5000000000000018 7.5000000000000009 2.5000000000000004 2.5000000000000004
decision_type=2 2 2 2 2 2 2 2 2 2 2 2 2 2
left_child=1 3 8 4 -1 6 7 -5 9 10 11 13 -13 -3
right_child=-2 2 -4 5 -6 -7 -8 -9 -10 -11 -12 12 -14 -15
leaf_value=0.0027460474483139551 -0.049510946512049098 -0.0063378625213597458 0.045514282587296534 -0.040357933922222256 0.043334095636399519 0.063229965111920444 -0.039698867663075649 0.06084578878300391 -0.046127048003020844 0.04880222961206334 -0.046646127877562379 0.040078376559766343 -0.016251769923152092 -0.050616415239800761
leaf_weight=80.046289142221212 3.1275993455201379 58.393391007557511 5.4597303550690404 4.1515392512083098 18.009542472660542 2.730146173387765 13.530809283256531 3.0582544878125191 4.9240591935813418 2.634896181523799 6.1141737774014464 7.6892654374241811 5.3220776319503784 3.6215538606047621
leaf_count=541 101 347 51 19 158 25 78 36 35 21 38 59 27 21
internal_value=0.000129376 0.000883393 -0.00501413 0.00547373 0.0102627 -0.0143862 -0.0249774 0.00247382 -0.00820022 -0.00588886 -0.00775352 -0.00449286 0.0168986 -0.00904122
internal_weight=218.813 215.686 94.1591 121.527 98.0558 23.4707 20.7406 7.20979 88.6994 83.7754 81.1405 75.0263 13.0113 62.0149
internal_count=1557 1456 599 857 699 158 133 55 548 513 492 454 86 368
is_linear=0
shrinkage=0.05


Tree=73
num_leaves=15
num_cat=0
split_feature=26 11 13 0 28 5 8 6 28 9 1 30 30 4
split_gain=3.06338 2.12854 5.55782 3.64349 3.69121 4.33617 2.84062 4.44505 3.74686 3.28774 3.24414 3.39104 3.20639 2.93937
threshold=1.0000000180025095e-35 1.0000000180025095e-35 2.5000000000000004 5.0000000000000009 2.4166666666666674 2.5000000000000004 1.0000000180025095e-35 2.5000000000000004 1.7083333333333337 1.0000000180025095e-35 3.5000000000000004 0.45220861134162554 0.8228263892582881 2.5000000000000004
decision_type=2 2 2 2 2 2 2 2 2 2 2 2 2 2
left_child=1 3 -3 4 6 -6 8 9 13 -8 -10 -12 -9 -1
right_child=-2 2 -4 -5 5 -7 7 12 10 -11 11 -13 -14 -15
leaf_value=0.0062998986858792396 -0.049314819155398981 -0.0078335328571772188 0.044124751763360573 0.062392679997225448 -0.022754844526200885 0.034679297820345165 0.01306491073811325 0.043852536610617103 -0.033763673020739231 0.05011677031129335 0.047044165973950808 0.0053831007266505748 -0.019317442622812434 -0.02248520430651053
leaf_weight=16.780187480151653 2.9869879744946948 88.29368569329381 5.3559133708477011 2.6322715245187274 20.286140728741888 3.7966307811439028 12.499040424823763 2.4432689361274234 2.6135641708970097 12.001874275505541 8.9314972683787364 11.039287146180866 9.3148698061704618 18.394239105284214
leaf_count=105 101 548 51 25 122 21 117 23 13 163 52 68 56 92
internal_value=0.000125462 0.00084864 -0.00479142 0.00524454 0.00389794 -0.0134911 0.00838831 0.0193424 0.00144697 0.0314465 0.0173346 0.0242812 -0.00572117 -0.00870328
internal_weight=217.369 214.382 93.6496 120.733 118.101 24.0828 94.0178 36.2591 57.7588 24.5009 22.5843 19.9708 11.7581 35.1744
internal_count=1557 1456 599 857 832 143 689 359 330 280 133 120 79 197
is_linear=0
shrinkage=0.05


Tree=74
num_leaves=15
num_cat=0
split_feature=24 26 8 30 10 30 6 28 30 1 5 4 12 6
split_gain=3.02506 2.96213 2.77476 5.14299 4.12037 3.64699 3.48065 5.91522 3.68029 3.27147 5.40735 3.04612 6.79272 2.78317
threshold=2.5000000000000004 1.0000000180025095e-35 1.5000000000000002 0.48570226039551589 1.5000000000000002 0.45220861134162554 2.5000000000000004 2.7083333333333335 0.9714045207910319 5.5000000000000009 2.5000000000000004 4.5000000000000009 1.5000000000000002 1.5000000000000002
decision_type=2 2 2 2 2 2 2 2 2 2 2 2 2 2
left_child=1 2 6 5 13 -4 8 9 11 10 -8 12 -1 -5
right_child=-2 -3 3 4 -6 -7 7 -9 -10 -11 -12 -13 -14 -15
leaf_value=-0.0043156364770466889 -0.058212523380044151 -0.049109235612653006 0.0077630579879913626 0.02900375529708199 0.02403297705376152 0.046872208311361512 -0.024177383151193277 -0.024660535385214823 -0.044922744916204543 0.043530310849758606 0.061603550300344992 -0.032158641455789949 0.052643597851368962 -0.020594951837816334
leaf_weight=105.86335342377424 2.098232412710785 2.8365668440237632 11.665757520124316 3.16345286369324 10.439593808725474 12.588716227561235 5.7032074257731491 7.2442725598812094 5.6022314690053454 12.464448750019072 2.5842693895101547 8.6512232702225429 5.4037845619022837 20.031389605253935
leaf_count=600 19 100 109 26 117 165 33 42 36 87 16 58 35 114
internal_value=0.000129281 0.000739221 0.00144279 0.0107681 -0.00182765 0.0282735 -0.0020621 0.013823 -0.00563321 0.027431 0.00268903 -0.00374099 -0.00148213 -0.0136276
internal_weight=216.341 214.242 211.406 57.8889 33.6344 24.2545 153.517 27.9962 125.521 20.7519 8.28748 119.918 111.267 23.1948
internal_count=1557 1538 1438 531 257 274 907 178 729 136 49 693 635 140
is_linear=0
shrinkage=0.05


Tree=75
num_leaves=15
num_cat=0
split_feature=22 28 28 30 29 8 4 1 31 1 21 28 1 32
split_gain=3.15102 3.31948 2.11209 3.51536 2.97693 3.63892 2.64886 5.10828 4.76368 2.4148 5.57648 2.2896 2.20357 1.90902
threshold=1.0000000180025095e-35 1.5833333333333337 2.5833333333333335 0.60355339059327384 3.5000000000000004 1.5000000000000002 1.5000000000000002 4.5000000000000009 1.0000000180025095e-35 9.5000000000000018 3.5000000000000004 2.4166666666666674 7.5000000000000009 1.5000000000000002
decision_type=2 2 2 2 2 2 2 2 2 2 2 2 2 2
left_child=1 -1 4 9 6 -6 7 8 11 -4 -11 -2 -5 -8
right_child=2 -3 3 12 5 -7 13 -9 -10 10 -12 -13 -14 -15
leaf_value=-0.0066250090192341562 0.047456623658232361 -0.058460212624234356 -0.05951695099122313 -0.01932432826186076 -0.055892863509502379 0.019694542280009927 -0.00072014343674819481 0.042796152141283822 -0.049487309312564724 0.046802638156367905 -0.051738407130064647 -0.013158221367801801 0.040166221748439299 0.024857782152030595
leaf_weight=9.1627584844827634 3.4172629304230231 4.6879412140697232 4.9683042597025651 2.7199691180139771 4.6084574926644555 2.2821774072945118 154.30825463682413 10.947001839056609 3.8397067934274673 2.321276418864727 3.4000387713313103 2.6437541395425797 3.3069625832140446 7.5526367537677279
leaf_count=78 42 68 31 18 30 16 996 167 26 23 18 11 20 57
internal_value=-0.00164318 -0.0246418 -7.59008e-05 -0.0170703 0.00141749 -0.0305771 0.00265387 0.0193872 -0.00641463 -0.0342379 -0.0112113 0.0208268 0.0130328 0.000472531
internal_weight=220.167 13.8507 206.316 16.7166 189.599 6.89063 182.709 20.8477 9.90072 10.6896 5.72132 6.06102 6.02693 161.861
internal_count=1601 146 1455 110 1345 46 1299 246 79 72 41 53 38 1053
is_linear=0
shrinkage=0.05


Tree=76
num_leaves=15
num_cat=0
split_feature=19 4 6 31 23 22 30 2 31 2 7 24 10 4
split_gain=2.90607 2.95011 3.68025 2.94723 5.17634 3.51736 2.887 3.10976 6.27373 6.00022 3.98037 6.97389 2.84263 2.36618
threshold=2.5000000000000004 4.5000000000000009 1.5000000000000002 1.0000000180025095e-35 1.0000000180025095e-35 1.5000000000000002 1.0000000180025095e-35 2.4166666666666674 1.0000000180025095e-35 2.8750000000000004 3.5000000000000004 1.0000000180025095e-35 2.5000000000000004 1.5000000000000002
decision_type=2 2 2 2 2 2 2 2 2 2 2 2 2 2
left_child=1 2 3 12 5 -5 -4 -8 10 -10 11 -9 13 -1
right_child=-2 -3 6 4 -6 -7 7 8 9 -11 -12 -13 -14 -15
leaf_value=0.028749482455014783 0.056321965675473457 -0.020725992045354257 0.012466049371692475 0.054316906306501538 -0.036666524993072568 0.013257619927779183 -0.015404706256379172 -0.1069784379921359 0.036718011853296317 -0.018603874741590792 0.033521680340168919 -0.01116386592361298 0.033346228010016694 -0.0064231864006289085
leaf_weight=5.2546645291149607 2.0436534434556952 19.364518458023667 17.877390617504716 9.2124338038265758 3.1365799307823172 12.548533033579586 67.316084174439311 2.7471499815583211 14.872691040858628 7.1444385666400185 2.0280858427286139 6.0011056214570999 6.1067285593599072 43.73667418397963
leaf_count=54 23 142 144 75 25 89 450 14 131 59 29 36 63 267
internal_value=-0.00156858 -0.00215006 -0.000310992 0.00794902 0.0221957 0.0309232 -0.00593447 -0.00925451 0.00330261 0.0186504 -0.0277077 -0.0424033 0.00143744 -0.00254887
internal_weight=219.391 217.347 197.983 79.9956 24.8975 21.761 117.987 100.11 32.7935 22.0171 10.7763 8.74826 55.0981 48.9913
internal_count=1601 1578 1436 573 189 164 863 719 269 190 79 50 384 321
is_linear=0
shrinkage=0.05


Tree=77
num_leaves=15
num_cat=0
split_feature=22 1 29 28 30 12 29 2 10 28 30 16 2 1
split_gain=2.9169 3.21645 2.4744 1.956 3.28107 3.47876 2.69486 2.52365 2.42129 2.48535 2.33888 2.23474 2.72557 2.08199
threshold=1.0000000180025095e-35 4.5000000000000009 2.5000000000000004 2.5833333333333335 0.60355339059327384 2.5000000000000004 3.5000000000000004 2.4166666666666674 2.5000000000000004 1.5833333333333337 1.3566258340248767 4.5000000000000009 3.4166666666666674 3.5000000000000004
decision_type=2 2 2 2 2 2 2 2 2 2 2 2 2 2
left_child=1 2 -1 6 5 -5 8 -6 13 -10 -8 12 -11 -2
right_child=3 -3 -4 4 7 -7 10 -9 9 11 -12 -13 -14 -15
leaf_value=0.0049910224808918614 0.028775182914603195 -0.060442085341027088 -0.05791337370792269 -0.058802929224624483 -0.020545770427522456 -0.00065833812622607534 -0.056228552141086664 0.043176992071413622 0.039830900251818749 0.0075732717527333855 0.0016125696828993609 0.063013925597298417 -0.060465731988487537 -0.0011552562947681701
leaf_weight=7.691455774009226 5.9516144301742306 4.0862117558717719 1.8431759625673292 5.8027630504220742 2.8393504638224831 4.7196461521089077 3.6073544416576615 3.1437383200973272 7.7403428722173002 19.520499303936965 3.142179898917675 1.5492589864879835 1.488374389708041 145.45507681928575
leaf_count=55 41 70 21 37 19 35 27 19 86 210 19 11 12 939
internal_value=-0.00148968 -0.0238084 -0.00738467 0 -0.0164469 -0.0332102 0.00145324 0.0126849 0.00262504 0.0155029 -0.0293058 0.00690593 0.002371 2.29884e-05
internal_weight=218.581 13.6208 9.53463 204.96 16.5055 10.5224 188.455 5.98309 181.705 30.2985 6.74953 22.5581 21.0089 151.407
internal_count=1601 146 76 1455 110 72 1345 38 1299 319 46 233 222 980
is_linear=0
shrinkage=0.05


Tree=78
num_leaves=15
num_cat=0
split_feature=22 28 6 21 10 7 31 5 16 9 7 8 12 31
split_gain=2.69934 3.05795 2.35435 5.93309 5.41205 5.3479 3.75031 7.51241 3.56722 3.15681 4.65747 2.84901 2.62656 2.4941
threshold=1.0000000180025095e-35 1.5833333333333337 1.5000000000000002 3.5000000000000004 1.5000000000000002 1.5000000000000002 1.0000000180025095e-35 1.0000000180025095e-35 1.0000000180025095e-35 2.5000000000000004 3.5000000000000004 2.5000000000000004 2.5000000000000004 1.5000000000000002
decision_type=2 2 2 2 2 2 2 2 2 2 2 2 2 2
left_child=1 -1 3 4 5 -2 7 -6 9 10 11 -4 -11 -5
right_child=2 -3 8 13 6 -7 -8 -9 -10 12 -12 -13 -14 -15
leaf_value=-0.0061071285300464467 -0.026347062292502794 -0.057335489610373672 -0.00079568768533333956 -0.034251196526989651 0.059350883190271181 0.014078859690742219 0.052557121365459092 -0.006965572451197416 0.059696730878097272 -0.025064560088435352 0.051695814967462977 -0.041637238038823729 0.010948493671852112 0.025231261525255951
leaf_weight=9.064174195751546 12.544957660138605 4.3088866360485545 83.018071424216032 10.526662493124602 6.289218736812475 23.069804394617677 10.575005106627943 12.669511878862975 2.0421430282294741 27.307175632566214 3.9832149501889935 4.411531835794448 6.042803391814231 1.9873077385127533
leaf_count=78 62 68 572 73 64 161 91 84 22 170 68 28 42 18
internal_value=-0.00142435 -0.0231018 0 0.00685476 0.0129406 -0.000124684 0.0287276 0.0150985 -0.0041938 -0.00530657 -0.000468772 -0.00293025 -0.0184513 -0.0244816
internal_weight=217.84 13.3731 204.467 77.6625 65.1485 35.6148 29.5337 18.9587 126.805 124.763 91.4128 87.4296 33.35 12.514
internal_count=1601 146 1455 553 462 223 239 148 902 880 668 600 212 91
is_linear=0
shrinkage=0.05


Tree=79
num_leaves=15
num_cat=0
split_feature=16 26 4 6 5 9 1 4 30 4 22 9 32 7
split_gain=3.12463 2.53235 2.40389 2.88145 2.5699 7.87029 3.42112 4.76878 2.40509 2.69567 7.59329 2.82566 2.32545 2.2918
threshold=4.5000000000000009 1.0000000180025095e-35 4.5000000000000009 1.5000000000000002 1.0000000180025095e-35 1.5000000000000002 7.5000000000000009 2.5000000000000004 1.0000000180025095e-35 3.5000000000000004 1.5000000000000002 1.5000000000000002 1.0000000180025095e-35 2.5000000000000004
decision_type=2 2 2 2 2 2 2 2 2 2 2 2 2 2
left_child=1 2 3 4 6 13 7 -1 -5 -10 11 -11 -8 -6
right_child=-2 -3 -4 8 5 -7 12 -9 9 10 -12 -13 -14 -15
leaf_value=0.052056532778301884 0.060383951826154872 -0.049012753691323643 -0.018342342001600755 0.012305711836010442 -0.0045692676817093072 0.034996430343607492 0.013887438879742246 -0.0076824128625835918 -0.011168010479645739 0.0080140091509099207 0.059454684564338625 -0.046847326409468516 -0.039925367279215383 -0.039028577275181636
leaf_weight=11.385538926348092 1.9278591293841589 2.7234395630657664 18.776432333514094 17.570978123694658 33.965180248022079 13.08676830306649 5.9770976677536947 4.5814175903797141 83.749437265098095 5.4614533931016904 5.2750409115105859 3.9090981036424637 2.8847519084811211 5.5863212756812564
leaf_count=110 16 101 127 141 196 99 48 25 589 29 42 18 25 35
internal_value=-0.00135396 -0.00194717 -0.00130857 0.000340596 0.00781348 0.00149622 0.0210464 0.0348188 -0.0046323 -0.00769182 0.0119578 -0.0148614 -0.00360104 -0.00958556
internal_weight=216.861 214.933 212.21 193.433 77.4671 52.6383 24.8288 15.967 115.966 98.395 14.6456 9.37055 8.86185 39.5515
internal_count=1601 1585 1484 1357 538 330 208 135 819 678 89 47 73 231
is_linear=0
shrinkage=0.05


Tree=80
num_leaves=15
num_cat=0
split_feature=23 29 11 13 21 0 21 1 2 32 4 3 0 5
split_gain=3.26363 4.57964 2.73532 4.71726 4.40225 5.90424 5.63851 3.57313 2.77531 2.6155 4.3088 3.15662 2.61116 4.29876
threshold=1.0000000180025095e-35 2.5000000000000004 1.5000000000000002 2.5000000000000004 3.5000000000000004 5.0000000000000009 2.5000000000000004 10.500000000000002 2.8750000000000004 1.0000000180025095e-35 1.5000000000000002 1.5000000000000002 2.5000000000000004 1.0000000180025095e-35
decision_type=2 2 2 2 2 2 2 2 2 2 2 2 2 2
left_child=2 12 4 8 6 7 9 -6 -4 11 -11 -1 -2 -14
right_child=1 -3 3 -5 5 -7 -8 -9 -10 10 -12 -13 13 -15
leaf_value=-0.0014280461569608856 0.020996845514704432 -0.051159908821927461 -0.00198857767715521 0.053944810902269796 0.0004462387043077875 0.058296297544814683 0.029540258097582872 -0.043007699780325613 -0.030870016701623749 0.015962704563057952 -0.047768289068442792 0.029403963928808247 0.024113157088694562 -0.038100090681387491
leaf_weight=23.272866372019053 7.1271241474896714 6.4883779203519216 69.74133940692991 3.3820398952811948 9.4260038463398867 2.5782751478254786 35.347493158653378 9.1714727040380222 9.3893175143748504 4.7203968130052072 5.725085829384625 12.677466742694376 4.0847697630524644 8.0252765063196403
leaf_count=146 48 93 457 39 57 31 332 64 66 33 38 92 29 52
internal_value=0.00147606 -0.0151586 0.00380425 -0.00295333 0.00924383 -0.0109684 0.0145174 -0.0209651 -0.00548172 0.00297925 -0.0188524 0.00942656 -0.00268493 -0.0168849
internal_weight=211.157 25.7255 185.432 82.5127 102.919 21.1758 81.7433 18.5975 79.1307 46.3958 10.4455 35.9503 19.2372 12.11
internal_count=1577 222 1355 562 793 152 641 121 523 309 71 238 129 81
is_linear=0
shrinkage=0.05


Tree=81
num_leaves=15
num_cat=0
split_feature=23 24 5 26 33 10 11 13 21 33 0 2 9 28
split_gain=2.98784 5.5238 4.02259 2.58101 2.4832 3.17746 2.38819 4.48831 4.04499 6.4307 5.4274 3.25394 2.71823 5.2891
threshold=1.0000000180025095e-35 1.0000000180025095e-35 1.0000000180025095e-35 1.0000000180025095e-35 1.5000000000000002 2.5000000000000004 1.5000000000000002 2.5000000000000004 3.5000000000000004 2.5000000000000004 5.0000000000000009 2.7083333333333335 1.5000000000000002 2.2916666666666674
decision_type=2 2 2 2 2 2 2 2 2 2 2 2 2 2
left_child=3 2 -2 6 -4 -6 8 -8 9 12 11 -10 -1 -14
right_child=1 -3 4 -5 5 -7 7 -9 10 -11 -12 -13 13 -15
leaf_value=0.0049581986380809757 0.036172788993904428 -0.059479941081735016 0.0053327241562435047 -0.048368556118331241 -0.060026506713978613 0.0042233025655512672 -0.0044918037428273924 0.054993699764866955 0.00080575272294615473 0.05079582465669677 0.057705012358202745 -0.040925870422705429 0.05340923651305543 -0.034472542662589596
leaf_weight=60.18970956094563 4.9442301522940459 5.3101639691740266 7.3014444224536401 2.2480712346732608 4.7444965410977602 3.0571974962949753 77.873692205175757 3.2024281956255427 9.3559458516538196 10.55098359659314 2.4780261963605872 8.998361222445963 7.4487669337540847 2.1023690104484558
leaf_count=408 48 76 45 88 37 16 475 38 54 109 31 59 83 10
internal_value=0.0014135 -0.0146254 -0.00238397 0.00363877 -0.0153254 -0.0347982 0.00432036 -0.00204654 0.00944668 0.0145501 -0.0100789 -0.019629 0.00896583 0.0336492
internal_weight=209.806 25.3575 20.0474 184.448 15.1031 7.80169 182.2 81.0761 101.124 80.2918 20.8323 18.3543 69.7408 9.55114
internal_count=1577 222 146 1355 98 53 1267 513 754 610 144 113 501 93
is_linear=0
shrinkage=0.05


Tree=82
num_leaves=15
num_cat=0
split_feature=26 23 24 5 31 1 2 4 24 2 2 6 28 9
split_gain=2.84621 2.63827 5.43446 3.92299 3.77063 2.24234 2.01433 3.30027 4.03405 2.96842 2.78002 2.20668 2.04325 2.72064
threshold=1.0000000180025095e-35 1.0000000180025095e-35 1.0000000180025095e-35 1.0000000180025095e-35 1.0000000180025095e-35 5.5000000000000009 1.7083333333333337 1.5000000000000002 1.5000000000000002 1.4166666666666667 1.8750000000000002 1.5000000000000002 1.2916666666666667 2.5000000000000004
decision_type=2 2 2 2 2 2 2 2 2 2 2 2 2 2
left_child=1 6 3 -3 5 -5 7 8 -1 -9 -8 -11 -12 -14
right_child=-2 2 -4 4 -6 -7 10 9 -10 11 12 -13 13 -15
leaf_value=0.052238892378266448 -0.048845367619206104 0.038065470355738595 -0.059055168815315674 0.023847693027025649 -0.055764501036676496 -0.021235530671822076 0.05502958883086783 0.018599497885734086 -0.013135968456200721 0.00086185511730938044 -0.01200287717620758 -0.034507289971875799 0.012312197095140488 -0.0037023082656724641
leaf_weight=4.5036165025085193 2.6818487206473938 4.7010361663997218 5.0376018639653912 5.4089100025594217 3.8511351943016061 5.4120839685201645 2.8317168578505507 4.9033742584288147 4.6837030164897442 6.0729574412107494 14.437200441956518 14.745493080466984 92.210386080667377 36.861152648925781
leaf_count=54 109 43 71 26 33 28 23 30 37 29 90 78 692 234
internal_value=0.00135653 0.00204674 -0.0133271 -0.00106591 -0.0139459 0.00108257 0.0041373 -0.00660536 0.018859 -0.0158353 0.00671976 -0.0241154 0.00571145 0.00771998
internal_weight=208.342 205.66 24.4108 19.3732 14.6721 10.821 181.25 34.9091 9.18732 25.7218 146.34 20.8185 143.509 129.072
internal_count=1577 1468 201 130 87 54 1267 228 91 137 1039 107 1016 926
is_linear=0
shrinkage=0.05


Tree=83
num_leaves=15
num_cat=0
split_feature=26 23 29 33 2 7 1 2 33 32 29 13 2 2
split_gain=2.69351 2.42101 4.18777 2.32215 1.82067 3.49289 2.71473 2.60364 2.22949 1.96052 1.83079 1.67862 2.52304 5.11148
threshold=1.0000000180025095e-35 1.0000000180025095e-35 2.5000000000000004 1.5000000000000002 1.7083333333333337 1.5000000000000002 4.5000000000000009 1.8750000000000002 1.5000000000000002 1.0000000180025095e-35 1.5000000000000002 4.5000000000000009 2.7083333333333335 3.1250000000000004
decision_type=2 2 2 2 2 2 2 2 2 2 2 2 2 2
left_child=1 4 3 -3 5 6 8 -6 10 -10 -1 12 -9 -14
right_child=-2 2 -4 -5 7 -7 -8 11 9 -11 -12 -13 13 -15
leaf_value=0.0030088844765394037 -0.04864846619895722 0.02196318878556645 -0.049906546859536098 -0.014730312346154096 0.053768667581063481 0.022769282422674824 -0.0330742899926443 0.0086071215643665211 0.040375585759623266 -0.008369116120402675 -0.046167365402263828 0.043094743355472857 -0.021703162035612462 0.016485756179680889
leaf_weight=3.7342842742800713 2.5615150369703761 6.7402360886335417 5.708896010182797 11.535623531788588 2.7574651539325705 7.8264941852539769 11.583152273669839 103.99529145844281 4.192066665738821 3.7845555283129215 3.5406524613499641 2.8161903936415902 22.135810760781169 14.30653698183596
leaf_count=20 109 43 81 77 23 66 65 724 31 21 25 22 141 129
internal_value=0.00129249 0.00195322 -0.0129154 -0.00101562 0.00394696 -0.00630557 -0.0149313 0.00640054 -0.000863626 0.0171216 -0.0208873 0.00543445 0.00463133 -0.00663846
internal_weight=207.219 204.657 23.9848 18.2759 180.673 34.6612 26.8347 146.011 15.2516 7.97662 7.27494 143.254 140.438 36.4423
internal_count=1577 1468 201 120 1267 228 162 1039 97 52 45 1016 994 270
is_linear=0
shrinkage=0.05


Tree=84
num_leaves=15
num_cat=0
split_feature=26 23 29 5 33 10 13 9 28 22 31 3 21 6
split_gain=2.54951 2.20855 3.96749 2.17301 3.58045 3.42437 1.67585 1.57849 3.88256 4.43648 3.86296 2.66598 2.53473 4.61347
threshold=1.0000000180025095e-35 1.0000000180025095e-35 2.5000000000000004 1.0000000180025095e-35 1.5000000000000002 2.5000000000000004 4.5000000000000009 2.5000000000000004 1.8750000000000002 1.0000000180025095e-35 1.0000000180025095e-35 2.5000000000000004 3.5000000000000004 1.5000000000000002
decision_type=2 2 2 2 2 2 2 2 2 2 2 2 2 2
left_child=1 6 3 -3 -5 -6 7 8 -1 -10 11 -11 13 -9
right_child=-2 2 -4 4 5 -7 -8 12 9 10 -12 -13 -14 -15
leaf_value=-0.0010882605405152978 -0.048450204335534826 0.028683498106381711 -0.049203199535961264 0.017443894438761948 -0.059417515107165579 0.0079371976914382313 0.041788022755220991 0.038796660386020858 -0.056538797793402387 0.023977875720032418 0.035255376735928337 -0.0054362731730967064 -0.02277740954316318 -0.0085396087869028369
leaf_weight=82.374908812344074 2.4467088729143134 4.4967788998037639 5.5075349910184732 6.0328114628791791 4.7494429927319288 2.9565332233905792 2.7635256852954617 6.7929456159472492 1.912815187126397 13.609493646770717 21.355056010186672 17.293064266443253 13.851313687860964 20.113454096019268
leaf_count=571 109 40 81 30 36 14 22 43 16 109 176 121 87 122
internal_value=0.00123267 0.00186483 -0.0124127 -0.000957141 -0.0109765 -0.0334848 0.00376715 0.00313723 0.005723 0.0161096 0.0189194 0.00747264 -0.00545715 0.00341802
internal_weight=206.256 203.81 23.7431 18.2356 13.7388 7.70598 180.067 177.303 136.545 54.1704 52.2576 30.9026 40.7577 26.9064
internal_count=1577 1468 201 120 80 50 1267 1245 993 422 406 230 252 165
is_linear=0
shrinkage=0.05


Tree=85
num_leaves=15
num_cat=0
split_feature=22 1 2 2 10 2 6 10 2 6 30 32 4 1
split_gain=2.27768 3.51141 2.22423 4.57325 5.35674 4.63269 4.1892 3.83674 3.72562 4.76601 4.31894 3.71284 4.12195 3.51744
threshold=1.0000000180025095e-35 4.5000000000000009 3.1250000000000004 2.8750000000000004 2.5000000000000004 2.4166666666666674 2.5000000000000004 4.5000000000000009 2.1250000000000004 1.5000000000000002 0.76180168105713697 1.0000000180025095e-35 3.5000000000000004 5.5000000000000009
decision_type=2 2 2 2 2 2 2 2 2 2 2 2 2 2
left_child=1 -1 3 4 5 8 -5 -4 13 -10 -11 12 -7 -2
right_child=2 -3 7 6 -6 11 -8 -9 9 10 -12 -13 -14 -15
leaf_value=-0.0051350508034901376 -0.011977172688371604 -0.064576940739563715 0.031576327559931894 -0.045637625535247112 0.02468187055663314 0.053164222123439221 0.0019453506392951702 -0.025397502645592668 0 -0.07055671432062896 -0.013186792906593678 -0.0046423385064955081 0.0047295871116835239 0.0086042542536402845
leaf_weight=9.0857313964515907 43.691994119435549 3.388803018257021 12.192533908411859 10.488118775188923 21.008434895426035 8.9803739450871944 8.0273804273456335 3.7594289034605017 11.112711036577823 7.1860234718769771 6.2965486003085971 14.109362503513696 8.7896394729614258 39.279754959046841
leaf_count=75 272 65 113 77 227 82 53 37 68 47 37 112 53 249
internal_value=-0.00124104 -0.0218668 7.6678e-05 -0.00150879 0.00119726 -0.00233807 -0.0249741 0.0179189 -0.00731514 -0.0243742 -0.0442426 0.0143477 0.0295073 -0.00220497
internal_weight=207.397 12.4745 194.922 178.97 160.455 139.446 18.5155 15.952 107.567 24.5953 13.4826 31.8794 17.77 82.9717
internal_count=1567 140 1427 1277 1147 920 130 150 673 152 84 247 135 521
is_linear=0
shrinkage=0.05


Tree=86
num_leaves=15
num_cat=0
split_feature=22 1 2 2 10 2 6 10 32 2 6 30 1 3
split_gain=2.0877 3.37252 2.02428 4.16184 4.90623 4.21432 3.85774 3.50523 3.43376 3.38909 4.35543 4.00064 3.17527 4.68152
threshold=1.0000000180025095e-35 4.5000000000000009 3.1250000000000004 2.8750000000000004 2.5000000000000004 2.4166666666666674 2.5000000000000004 4.5000000000000009 1.0000000180025095e-35 2.1250000000000004 1.5000000000000002 0.76180168105713697 5.5000000000000009 2.5000000000000004
decision_type=2 2 2 2 2 2 2 2 2 2 2 2 2 2
left_child=1 -1 3 4 5 9 -5 -4 -7 12 -11 -12 -2 -14
right_child=2 -3 7 6 -6 8 -8 -9 -10 10 11 -13 13 -15
leaf_value=-0.0048760607957459975 -0.011371501824013397 -0.063951959581161233 0.030353620434077924 -0.04392706215912856 0.023794577277871605 0.028539996711110318 0.0018499439814054716 -0.024179271795552886 -0.0044075747164948149 0 -0.067927696075225238 -0.012538750166787644 0.0017918930101996928 0.05533433912044472
leaf_weight=9.0949698593467456 43.722683228552341 3.2551915608346453 12.057046938687561 10.35895324498415 20.713624712079763 17.47924124263227 8.0245376285165548 3.7565146684646598 14.122807890176775 11.112711036577823 7.0970955789089185 6.2960552107542753 34.681639330461621 4.5466775670647612
leaf_count=75 272 65 113 77 227 135 53 37 112 68 47 37 220 29
internal_value=-0.00118804 -0.0210364 7.30192e-05 -0.00143946 0.00114347 -0.00222725 -0.0239079 0.0171717 0.0137696 -0.00696344 -0.0232701 -0.0423608 -0.0020937 0.00818611
internal_weight=206.32 12.3502 193.97 178.156 159.773 139.059 18.3835 15.8136 31.602 107.457 24.5059 13.3932 82.951 39.2283
internal_count=1567 140 1427 1277 1147 920 130 150 247 673 152 84 521 249
is_linear=0
shrinkage=0.05


Tree=87
num_leaves=15
num_cat=0
split_feature=22 1 7 8 2 8 31 10 7 2 7 22 28 31
split_gain=1.9133 3.23729 2.69379 3.47091 3.23281 2.77305 3.16889 2.8409 2.41913 2.31456 3.17872 3.11625 3.55247 1.57288
threshold=1.0000000180025095e-35 4.5000000000000009 3.5000000000000004 2.5000000000000004 2.2916666666666674 1.0000000180025095e-35 1.0000000180025095e-35 2.5000000000000004 1.5000000000000002 2.7083333333333335 2.5000000000000004 1.5000000000000002 1.8750000000000002 1.5000000000000002
decision_type=2 2 2 2 2 2 2 2 2 2 2 2 2 2
left_child=1 8 3 5 -4 13 -7 9 -1 10 11 12 -8 -2
right_child=2 -3 4 -5 -6 6 7 -9 -10 -11 -12 -13 -14 -15
leaf_value=-0.020610549335748407 -0.0049607521481677685 -0.063335481528152174 -0.037684666287118473 -0.037218566604136062 0.030232567203037138 0.038202997848195523 -0.0017539914751813425 0.04306493725626373 0.036247528720316932 -0.047837076972420157 0.042934563877047485 0.028122443993834581 -0.057476235843354866 0.017914889119648478
leaf_weight=6.624715803191064 126.64321224857122 3.1267637629061928 1.9179574856534589 6.487831760197877 12.476408045738934 8.6203609947115165 10.038265427574528 3.8652593232691279 2.4790257476270199 2.4283460192382327 3.9268259443342677 4.827051179483532 3.9604917690157881 7.8517910130321971
leaf_count=54 776 65 19 52 158 121 58 75 21 19 41 28 23 57
internal_value=-0.00113717 -0.0202332 6.95886e-05 -0.0015985 0.020813 -0.000220832 0.0117364 0.00369178 -0.00463038 -0.00239952 0.00252866 -0.00594973 -0.017992 -0.00359438
internal_weight=205.274 12.2305 193.044 178.649 14.3944 172.162 37.6666 29.0462 9.10374 25.181 22.7526 18.8258 13.9988 134.495
internal_count=1567 140 1427 1250 177 1198 365 244 75 169 150 109 81 833
is_linear=0
shrinkage=0.05


Tree=88
num_leaves=15
num_cat=0
split_feature=22 1 7 8 2 4 8 6 10 6 4 9 24 32
split_gain=1.75391 3.10525 2.46814 3.13352 2.97382 2.92795 2.53334 3.66108 3.08653 2.24484 3.56979 4.08976 3.24794 4.95044
threshold=1.0000000180025095e-35 4.5000000000000009 3.5000000000000004 2.5000000000000004 2.2916666666666674 3.5000000000000004 1.0000000180025095e-35 2.5000000000000004 2.5000000000000004 2.5000000000000004 3.5000000000000004 2.5000000000000004 1.5000000000000002 1.0000000180025095e-35
decision_type=2 2 2 2 2 2 2 2 2 2 2 2 2 2
left_child=1 -1 3 6 -4 -6 9 -8 -9 12 11 -11 13 -2
right_child=2 -3 4 -5 5 -7 7 8 -10 10 -12 -13 -14 -15
leaf_value=-0.0043807826750413637 -0.0025123264708751167 -0.062726895702246752 -0.036031477080174394 -0.035338470828549573 0.042091739101126222 -0.01614213857469594 0.027219530524502929 -0.011433951133334124 0.051017654534739325 0.011827383883948417 0.031839228401622684 -0.045057720867661785 0.0067328124097554053 -0.028919165937978764
leaf_weight=9.086119417101143 49.382706222124398 3.0033464119769624 1.9104452319443215 6.4964392241090527 9.6018174914643151 2.6466155536472789 18.283752918243408 16.750904569402341 2.1354842707514754 9.8196683768183011 10.667260594666002 4.5185030177235594 32.317023724317551 27.835856610909104
leaf_count=75 309 65 19 52 138 20 228 101 36 72 64 25 172 191
internal_value=-0.00108305 -0.0194763 6.94237e-05 -0.00151833 0.0200991 0.0292774 -0.000204416 0.0113167 -0.00400936 -0.003412 0.0100395 -0.00611404 -0.00651194 -0.0120889
internal_weight=204.456 12.0895 192.366 178.208 14.1589 12.2484 171.711 37.1701 18.8864 134.541 25.0054 14.3382 109.536 77.2186
internal_count=1567 140 1427 1250 177 158 1198 365 137 833 161 97 672 500
is_linear=0
shrinkage=0.05


Tree=89
num_leaves=15
num_cat=0
split_feature=10 2 7 24 2 2 2 28 31 2 5 28 30 3
split_gain=1.67324 3.77318 3.18105 6.88535 2.77539 3.05664 5.06 4.48078 3.52329 3.28348 3.50144 2.95933 3.38352 2.89576
threshold=2.5000000000000004 2.8750000000000004 2.5000000000000004 1.0000000180025095e-35 3.1250000000000004 2.7083333333333335 2.4166666666666674 1.8750000000000002 1.0000000180025095e-35 2.1250000000000004 2.5000000000000004 2.2083333333333335 0.92016825471890717 1.5000000000000002
decision_type=2 2 2 2 2 2 2 2 2 2 2 2 2 2
left_child=4 2 -2 -4 5 6 9 -7 13 -1 11 12 -11 -8
right_child=1 -3 3 -5 -6 7 8 -9 -10 10 -12 -13 -14 -15
leaf_value=-0.0024460061731393112 0.032239191712202242 -0.010261301499084009 -0.082458687508468922 0.050617532295006464 0.025587549014950431 -0.067784787345422093 0.025025449577211381 -0.0082807380647600178 0.036541789616913636 -0.020296295666947184 -0.06600547970952296 -0.062841982318175435 0.027443887075468534 -0.018270331349082142
leaf_weight=92.366083791479468 16.57017434202135 14.668143700808285 1.9165546745061866 1.764265988022089 7.9026438985019913 4.3951493408530942 6.8095523212105045 11.222402991726993 12.421010727062821 13.317417664453396 3.9029323612339786 2.667268866673111 5.005137972533702 8.6457808129489404
leaf_count=613 185 143 8 34 74 31 53 93 101 83 41 19 25 64
internal_value=-0.0010338 0.00889441 0.0228743 -0.0183605 -0.00310825 -0.00454951 -0.00226076 -0.0255104 0.0168237 -0.00682955 -0.02292 -0.014515 -0.00704132 0.000683132
internal_weight=203.575 34.9191 20.251 3.68082 168.655 160.753 145.135 15.6176 27.8763 117.259 24.8928 20.9898 18.3226 15.4553
internal_count=1567 370 227 42 1197 1123 999 124 218 781 168 127 108 117
is_linear=0
shrinkage=0.05


Tree=90
num_leaves=15
num_cat=0
split_feature=4 28 7 7 11 24 30 9 32 28 9 2 4 2
split_gain=2.50371 2.08292 4.0263 1.8326 6.58356 3.36065 3.2324 2.73661 2.71549 2.65972 2.66603 3.83451 4.46051 2.47124
threshold=4.5000000000000009 1.5833333333333337 2.5000000000000004 2.5000000000000004 2.5000000000000004 1.0000000180025095e-35 0.9714045207910319 1.5000000000000002 1.0000000180025095e-35 1.2916666666666667 2.5000000000000004 2.5833333333333335 3.5000000000000004 2.8750000000000004
decision_type=2 2 2 2 2 2 2 2 2 2 2 2 2 2
left_child=3 -2 -3 6 5 7 13 -5 -8 -7 -11 -12 -13 -1
right_child=1 2 -4 4 -6 9 8 -9 -10 10 11 12 -14 -15
leaf_value=0.0036847337118540951 -0.060506582887653516 0.013121573557563963 -0.036310905978779305 -0.016124069230139711 -0.076337755940446894 -0.040288270120482611 0.0034941251090593291 0.03691356132738232 -0.049356925131386356 0.042402230367723781 -0.022111781791682904 0.059911077586282641 -0.028528616926519687 -0.023109925584212737
leaf_weight=119.26146869175136 2.2986479094252017 8.6046152152121085 7.6605286188423625 11.017372304573653 1.940063977614044 1.3547084666788602 3.954504853114484 3.001310756430029 5.8318015770055354 15.488415069878101 5.0219348883256316 4.8919123187661171 1.8824708135798571 9.1600799262523633
leaf_count=833 18 57 75 83 16 16 33 30 46 202 42 47 18 61
internal_value=0.000673168 -0.0167548 -0.0100869 0.00246482 0.0112672 0.0154791 -0.000363631 -0.00441095 -0.0279284 0.0252835 0.0287657 0.0104451 0.0349142 0.00173757
internal_weight=201.37 18.5638 16.2651 182.806 44.5982 42.6581 138.208 14.0187 9.78631 28.6394 27.2847 11.7963 6.77438 128.422
internal_count=1577 150 132 1427 454 438 973 113 79 325 309 107 65 894
is_linear=0
shrinkage=0.05


Tree=91
num_leaves=15
num_cat=0
split_feature=4 28 9 28 13 33 2 11 28 2 2 31 30 4
split_gain=2.2915 1.98564 3.13667 1.66766 3.32197 3.11523 3.10466 1.82063 2.59744 2.21895 2.18883 3.54665 1.97634 4.52347
threshold=4.5000000000000009 1.5833333333333337 2.5000000000000004 3.1250000000000004 2.5000000000000004 3.5000000000000004 3.1250000000000004 1.5000000000000002 1.2916666666666667 2.8750000000000004 2.4166666666666674 1.0000000180025095e-35 1.0000000180025095e-35 3.5000000000000004
decision_type=2 2 2 2 2 2 2 2 2 2 2 2 2 2
left_child=3 -2 -3 4 7 -6 -7 12 -9 10 -10 -12 -1 -14
right_child=1 2 -4 -5 5 6 -8 8 9 -11 11 -13 13 -15
leaf_value=0.014228470812782779 -0.05966405679715292 0.0096594790356440696 -0.034363968763109563 -0.043220535418907712 0.0597817293759354 -0.019561715134483397 0.054558093943672094 -0.050247680608153905 -0.0041290193087735036 -0.033783284761356884 -0.018141957606753648 0.044503161439150091 -0.0061174394671451486 0.033110620381391474
leaf_weight=39.372492016293108 2.2180113280192044 9.0256616808474082 7.1041895933449259 1.8794296700507391 4.7073912229388934 4.0445643682032824 2.033313874155283 2.9281995724886647 54.490356004331261 5.2490670238621524 3.4205270484089834 6.0863843336701393 49.31373736448586 8.5315108695067448
leaf_count=298 18 63 69 16 51 29 27 22 363 38 24 51 435 73
internal_value=0.000637155 -0.0161383 -0.00966832 0.00234946 0.00286238 0.0296464 0.00531165 0.00112579 -0.00486796 -0.00284325 -0.000217798 0.0217494 0.00560167 -0.00024145
internal_weight=200.405 18.3479 16.1299 182.057 180.178 10.7853 6.07788 169.392 72.1745 69.2463 63.9973 9.50691 97.2177 57.8452
internal_count=1577 150 132 1427 1411 107 56 1304 498 476 438 75 806 508
is_linear=0
shrinkage=0.05


Tree=92
num_leaves=15
num_cat=0
split_feature=4 6 7 10 1 7 24 28 9 2 4 2 10 10
split_gain=2.09895 3.37584 2.03119 2.02577 1.97804 1.67586 5.37928 2.37352 2.74568 3.1729 3.66586 1.9971 4.20607 4.64921
threshold=4.5000000000000009 1.5000000000000002 2.5000000000000004 1.5000000000000002 6.5000000000000009 2.5000000000000004 1.0000000180025095e-35 1.2916666666666667 2.5000000000000004 2.5833333333333335 3.5000000000000004 2.8750000000000004 2.5000000000000004 1.5000000000000002
decision_type=2 2 2 2 2 2 2 2 2 2 2 2 2 2
left_child=5 -2 4 -4 -3 11 -7 -8 -9 -10 -11 12 13 -1
right_child=1 2 3 -5 -6 6 7 8 9 10 -12 -13 -14 -15
leaf_value=0.006000784154096341 -0.042626871144722994 -0.010581332465301021 -0.058991405954970655 0.013918843535551811 0.039933068012889872 -0.012667249141916033 -0.037461645259405256 0.041176754136647106 -0.020818141846781168 0.054184729980083696 -0.026642819067961815 -0.022338240574832111 0.024918581767778693 -0.014807600587191945
leaf_weight=67.336876986548305 6.9596957927569756 3.4739116271957755 2.1425987696275119 1.5217683911323545 4.031800290569663 15.58684542076662 1.3837485797703291 15.151230389717966 5.0420807478949428 4.7862595454789698 1.8500891299918292 9.6021516891196352 16.20857154391706 44.426227213814855
leaf_count=433 63 22 25 12 28 124 16 205 42 49 18 68 189 283
internal_value=0.000606149 -0.0155501 0.00132721 -0.0284831 0.0163928 0.00224255 0.0107507 0.0237756 0.0271542 0.0085543 0.0312194 -0.000453935 0.00118476 -0.00225412
internal_weight=199.504 18.1298 11.1701 3.66437 7.50571 181.374 43.8003 28.2134 26.8297 11.6784 6.63635 137.574 127.972 111.763
internal_count=1577 150 87 37 50 1427 454 330 314 109 67 973 905 716
is_linear=0
shrinkage=0.05


Tree=93
num_leaves=15
num_cat=0
split_feature=4 28 7 30 9 23 5 11 4 1 30 30 21 4
split_gain=1.92337 1.86503 3.35816 1.71186 1.59795 3.61636 2.62652 3.20588 4.09818 10.3236 3.95171 2.93466 2.51058 2.42312
threshold=4.5000000000000009 1.5833333333333337 2.5000000000000004 0.48570226039551589 1.5000000000000002 1.0000000180025095e-35 1.0000000180025095e-35 1.0000000180025095e-35 2.5000000000000004 6.5000000000000009 0.92016825471890717 0.48570226039551589 3.5000000000000004 2.5000000000000004
decision_type=2 2 2 2 2 2 2 2 2 2 2 2 2 2
left_child=4 -2 -3 -4 6 -6 11 -8 10 -10 -9 12 -1 -13
right_child=1 2 3 -5 5 -7 7 8 9 -11 -12 13 -14 -15
leaf_value=0.029617572612729726 -0.058358077944344201 0.012342547164234052 0.01468363438010107 -0.045134525511062562 0.010841408257775969 -0.037774506729533627 -0.00078574100945135263 -0.06589758893181942 0.06692583576729956 -0.039816136336104146 0.0069332313254019595 0.0070443616555008279 -0.017793686025323788 -0.03489189862771376
leaf_weight=17.10478527657688 2.1006707381457117 8.5051230685785395 1.368619774468242 5.9188902257010341 66.390196190215647 3.9426279314793637 55.631101188249886 7.1689759436994809 3.4399561304599029 6.1860246360301971 2.3998702117241919 10.101180218160151 3.1942082326859227 5.0618021972477427
leaf_count=188 18 57 10 65 545 50 382 44 21 48 15 88 16 30
internal_value=0.000577467 -0.0149952 -0.00873901 -0.0335154 0.00214146 0.0080309 -0.00159558 -0.00692466 -0.0244908 -0.0011177 -0.0474902 0.0095665 0.0219838 -0.00692815
internal_weight=198.514 17.8933 15.7926 7.28751 180.621 70.3328 110.288 74.8259 19.1948 9.62598 9.56885 35.462 20.299 15.163
internal_count=1577 150 132 75 1427 595 832 510 128 69 59 322 204 118
is_linear=0
shrinkage=0.05


Tree=94
num_leaves=15
num_cat=0
split_feature=26 28 13 2 28 29 10 32 21 7 11 4 30 2
split_gain=2.00722 1.79201 1.92666 1.86548 6.34488 2.81287 2.27584 2.47796 2.49531 3.30627 3.02097 2.71166 4.13283 3.87989
threshold=1.0000000180025095e-35 3.1250000000000004 4.5000000000000009 2.8750000000000004 1.7083333333333337 2.5000000000000004 2.5000000000000004 1.0000000180025095e-35 3.5000000000000004 1.5000000000000002 1.5000000000000002 2.5000000000000004 0.45220861134162554 2.5833333333333335
decision_type=2 2 2 2 2 2 2 2 2 2 2 2 2 2
left_child=1 2 3 6 -5 -6 7 8 9 -1 -11 12 -12 -13
right_child=-2 -3 -4 4 5 -7 -8 -9 -10 10 11 13 -14 -15
leaf_value=-0.00087959956782485246 -0.047722721237733523 -0.044311000874546529 0.047899636869366866 -0.063661882720336224 0.040239191915649897 -0.0072780322906000035 0.019119189242307332 -0.0055182627798898744 -0.028243057610467505 0.033022177520849585 -0.028601863646883344 -0.054235836451501887 0.062528901910619952 0.020475566447742694
leaf_weight=33.169134331867099 2.0285839647985986 2.0467803785577408 2.1232658494263879 4.6142330328002599 3.5393606666475561 21.457057785242796 19.565616030246019 72.342316740192473 4.3982466310262671 20.574258853681386 1.8739578817039708 3.6083542853593826 3.211402703076601 3.1326728500425816
leaf_count=194 104 17 21 31 29 195 227 461 21 196 13 17 32 19
internal_value=0.000543628 0.00108095 0.00159635 0.00104515 -0.010453 -0.0003167 0.00316899 0.000946632 0.00766492 0.0101509 0.021488 0.00110382 0.0285611 -0.0193589
internal_weight=197.685 195.657 193.61 191.487 29.6107 24.9964 161.876 142.31 69.968 65.5698 32.4006 11.8264 5.08536 6.74103
internal_count=1577 1473 1456 1435 255 224 1180 953 492 471 277 81 45 36
is_linear=0
shrinkage=0.05


Tree=95
num_leaves=15
num_cat=0
split_feature=22 1 7 1 5 5 13 29 28 10 5 30 28 30
split_gain=1.73251 3.0128 2.29617 1.78113 3.8534 2.68953 6.49395 5.12297 2.90875 2.77796 4.50386 3.16632 3.54404 3.08098
threshold=1.0000000180025095e-35 4.5000000000000009 1.5000000000000002 3.5000000000000004 1.5000000000000002 1.5000000000000002 2.5000000000000004 2.5000000000000004 1.2916666666666667 1.5000000000000002 2.5000000000000004 0.48570226039551589 1.8750000000000002 0.88177643582009468
decision_type=2 2 2 2 2 2 2 2 2 2 2 2 2 2
left_child=1 2 -1 4 -2 6 7 -5 -7 11 13 -10 -13 -11
right_child=3 -3 -4 5 -6 8 -8 -9 9 10 -12 12 -14 -15
leaf_value=-0.019800032902483795 0.069344280334824066 -0.059954081674248184 0.037327712323638206 0.00466854351654455 -0.0036794824446365632 -0.022939119282783735 0.052892550251493212 -0.019616227083946353 0.0381536327288605 0.002474883589391145 -0.029343201950147418 -0.022158260955818233 0.021221285579458266 0.036234823870572364
leaf_weight=5.3235758552327734 2.9968991838395587 2.9469035663641989 2.4994407445192337 43.148484224453568 4.169468879699707 7.0450469749048343 4.5905793197453013 43.302664643153548 15.082719655707477 33.266398329287767 9.0037586577236635 6.5603432804346111 15.752055577002464 8.4518022537231428
leaf_count=47 24 69 21 345 23 47 66 325 110 250 67 38 98 68
internal_value=0.00163598 -0.0177582 -0.000991517 0.00273769 0.0270483 0.00177462 -0.00434919 -0.00747522 0.00765794 0.0101558 0.00246582 0.0204852 0.00831323 0.00944448
internal_weight=204.14 10.7699 7.82302 193.37 7.16637 186.204 91.0417 86.4511 95.1621 88.1171 50.722 37.3951 22.3124 41.7182
internal_count=1598 137 68 1461 47 1414 736 670 678 631 385 246 136 318
is_linear=0
shrinkage=0.05


Tree=96
num_leaves=15
num_cat=0
split_feature=4 12 14 4 21 0 11 28 33 5 2 33 28 28
split_gain=1.82158 2.10912 3.33783 3.14905 1.94817 3.36753 2.57295 2.12167 4.52138 3.16456 2.52708 3.0097 1.97511 2.38544
threshold=4.5000000000000009 1.5000000000000002 1.5000000000000002 3.5000000000000004 3.5000000000000004 3.5000000000000004 1.5000000000000002 2.2916666666666674 2.5000000000000004 1.0000000180025095e-35 1.8750000000000002 1.5000000000000002 1.4166666666666667 1.8750000000000002
decision_type=2 2 2 2 2 2 2 2 2 2 2 2 2 2
left_child=1 4 -3 -4 5 6 7 9 10 12 -9 -12 -1 -14
right_child=-2 2 3 -5 -6 -7 -8 8 -10 -11 11 -13 13 -15
leaf_value=0.056848383419691333 -0.013588283043370345 0.049114131779269925 -0.0077110232583263681 0.063762960755444062 -0.024543355283046232 0.054328361850013322 -0.0055385391732889365 0.016014818414671211 0.052544989175708483 0.0060796484867581373 0.011961489402542864 -0.047698789531205606 -0.015800292300350693 0.042035277190206569
leaf_weight=5.34611067175865 17.920536429621279 6.0908575654029855 9.7495545865967852 1.7226100340485579 6.8715930599719277 2.9694935940206042 72.008287572301924 3.5410209055990007 2.4405955616384736 57.223788529168814 2.7517634928226453 7.8337798425927758 3.1413570530712605 3.7837225329130888
leaf_count=68 153 63 86 11 48 38 486 30 39 417 24 44 31 60
internal_value=0.00156451 0.00304858 0.019494 0.00326342 0.00130298 0.0024359 0.00141152 0.00725534 -0.00870061 0.0111021 -0.0197525 -0.031989 0.0340825 0.0155926
internal_weight=203.395 185.475 17.563 11.4722 167.912 161.04 158.07 86.0621 16.5672 69.495 14.1266 10.5855 12.2712 6.92508
internal_count=1598 1445 160 97 1285 1237 1199 713 137 576 98 68 159 91
is_linear=0
shrinkage=0.05


Tree=97
num_leaves=15
num_cat=0
split_feature=4 6 4 11 9 2 21 13 30 4 2 13 11 2
split_gain=1.65208 1.96262 2.53894 4.90526 2.19659 3.75723 2.71445 2.33428 2.1519 2.40421 3.26247 2.43255 2.41018 3.35493
threshold=4.5000000000000009 1.5000000000000002 3.5000000000000004 1.0000000180025095e-35 2.5000000000000004 2.8750000000000004 3.5000000000000004 1.0000000180025095e-35 1.0000000180025095e-35 2.5000000000000004 1.8750000000000002 2.5000000000000004 1.5000000000000002 2.4166666666666674
decision_type=2 2 2 2 2 2 2 2 2 2 2 2 2 2
left_child=1 4 8 -4 5 6 7 -1 -3 11 -11 -10 -12 -14
right_child=-2 2 3 -5 -6 -7 -8 -9 9 10 12 -13 13 -15
leaf_value=0.0089437986106261184 -0.01293465524783205 0.013675148057017869 0.040652605727714675 -0.012837290470859415 0.030300761351598704 -0.049184530660186437 -0.027190181570767843 0.05424077919576447 -0.002575324081845882 -0.072845700582042844 -0.024849353048320932 0.053070580418341673 -0.011545066088121152 0.044509017718720414
leaf_weight=53.430837789550424 17.890649416483939 13.595248686149715 9.3170820819214004 7.7017133454792193 10.52375238155946 2.8700383473187676 4.8171398099511853 2.9418809860944739 42.427635179832578 2.3995644375681868 18.706986826844513 1.9590609204024065 10.482062922790645 3.4631479829549781
leaf_count=403 153 128 74 48 77 28 25 35 365 18 122 36 56 30
internal_value=0.00150474 0.00292365 -0.00130082 0.0163666 0.00918398 0.00563413 0.00832218 0.0114438 -0.00457369 -0.00774153 -0.0175099 0 -0.013157 0.00241517
internal_weight=202.527 184.636 110.053 17.0188 74.5836 64.0599 61.1899 56.3727 93.0337 79.4385 35.0518 44.3867 32.6522 13.9452
internal_count=1598 1445 877 122 568 491 463 438 755 627 226 401 208 86
is_linear=0
shrinkage=0.05


Tree=98
num_leaves=15
num_cat=0
split_feature=22 1 1 5 5 13 29 28 10 5 30 8 30 28
split_gain=1.61388 2.76068 1.53972 3.66345 2.47425 5.99576 4.29424 2.69278 2.53345 4.00316 2.833 4.11312 2.82381 3.11473
threshold=1.0000000180025095e-35 4.5000000000000009 3.5000000000000004 1.5000000000000002 1.5000000000000002 2.5000000000000004 2.5000000000000004 1.2916666666666667 1.5000000000000002 2.5000000000000004 0.88177643582009468 1.5000000000000002 0.48570226039551589 1.8750000000000002
decision_type=2 2 2 2 2 2 2 2 2 2 2 2 2 2
left_child=1 -1 3 -2 5 6 -4 -6 12 10 11 -10 -9 -14
right_child=2 -3 4 -5 7 -7 -8 8 9 -11 -12 -13 13 -15
leaf_value=-0.0015396164365912956 0.067844870406465793 -0.059043416703187461 0.0039396249942587223 -0.0042861032357155481 -0.02218970699044899 0.051997807232778914 -0.018406205848876721 0.036548040983776092 -0.0038962358702433102 -0.02786867864550617 0.034773913052403786 0.052258628950529018 -0.020507045268991095 0.020288345543304508
leaf_weight=7.7586969314143044 2.8662284910678855 2.8075195355340838 42.52563140168786 4.1578741446137428 7.0266889175400129 4.3834919501096001 43.026920247823 14.769007649272679 29.456366235390306 8.8842997942119819 8.3531133215874416 3.5609530117362729 6.5175719056278494 15.633750990033148
leaf_count=68 24 69 345 23 47 66 325 110 185 67 68 65 38 98
internal_value=0.0014369 -0.0174635 0.00250325 0.0253356 0.00160543 -0.00430652 -0.00727794 0.00727477 0.00970109 0.00232799 0.00892457 0.00222415 0.0196362 0.00813457
internal_weight=201.728 10.5662 191.162 7.0241 184.138 89.936 85.5526 94.2018 87.1751 50.2547 41.3704 33.0173 36.9203 22.1513
internal_count=1598 137 1461 47 1414 736 670 678 631 385 318 250 246 136
is_linear=0
shrinkage=0.05


Tree=99
num_leaves=15
num_cat=0
split_feature=22 1 28 1 5 5 13 29 1 9 32 28 10 5
split_gain=1.47981 2.6396 1.48102 1.41405 3.46047 2.24233 5.57311 3.87463 2.44056 4.54055 2.57784 2.43636 2.30299 3.63492
threshold=1.0000000180025095e-35 4.5000000000000009 1.4166666666666667 3.5000000000000004 1.5000000000000002 1.5000000000000002 2.5000000000000004 2.5000000000000004 4.5000000000000009 1.5000000000000002 1.0000000180025095e-35 1.2916666666666667 1.5000000000000002 2.5000000000000004
decision_type=2 2 2 2 2 2 2 2 2 2 2 2 2 2
left_child=1 2 -1 4 -2 6 7 8 -5 -10 -11 -7 -13 -14
right_child=3 -3 -4 5 -6 11 -8 -9 9 10 -12 12 13 -15
leaf_value=0.011281458067365718 0.066652281716080758 -0.058504704298426691 -0.037348118909339145 -0.034870476134197657 -0.0040734671614525535 -0.020991166413593089 0.051111072752501263 -0.017480216952300464 0.018416118233163307 -0.0063043317922336153 -0.065056365997985963 0.018783143875898824 0.0085387855805647058 -0.026587700859553538
leaf_weight=5.7263992801308614 2.7757272440940133 2.6954648070968688 2.0348406201228499 3.6149475537240496 4.1612999215722084 7.0612932583317152 4.2419160753488532 43.045696621760726 27.623826075345278 8.9294986780732852 2.3139342032372943 36.686488198116422 41.156738528981805 8.8523739818483573
leaf_count=42 24 69 26 29 23 47 66 325 229 70 17 246 318 67
internal_value=0.00137522 -0.0168187 -0.00146313 0.00239551 0.0244159 0.00153671 -0.00409169 -0.00691526 0.00374702 0.00748317 -0.019083 0.00695102 0.00927726 0.00223032
internal_weight=200.92 10.4567 7.76124 190.464 6.93703 183.527 89.7698 85.5279 42.4822 38.8673 11.2434 93.7569 86.6956 50.0091
internal_count=1598 137 68 1461 47 1414 736 670 345 316 87 678 631 385
is_linear=0
shrinkage=0.05


Tree=100
num_leaves=15
num_cat=0
split_feature=2 28 33 4 22 31 1 8 30 30 1 28 21 1
split_gain=1.78766 1.65541 3.52853 1.7748 3.66799 3.53488 5.37391 1.54627 1.50231 1.49494 1.58552 1.53402 1.03197 2.39613
threshold=3.5833333333333335 2.5833333333333335 2.5000000000000004 1.5000000000000002 1.5000000000000002 1.0000000180025095e-35 5.5000000000000009 1.0000000180025095e-35 0.60355339059327384 0.9714045207910319 4.5000000000000009 2.2083333333333335 3.5000000000000004 10.500000000000002
decision_type=2 2 2 2 2 2 2 2 2 2 2 2 2 2
left_child=1 3 7 4 5 -1 -7 -3 12 -5 -11 -12 13 -4
right_child=-2 2 8 9 -6 6 -8 -9 -10 10 11 -13 -14 -15
leaf_value=0.019407001082852305 -0.046660504357945269 -0.07535324104919397 -0.026634950701644219 0.0010351473017311851 0.046357303044575041 -0.070491957697882954 0.04660184156461427 -0.010505329957269601 0.033442027743110697 -0.053512524880333145 0.0052317335672115257 -0.036601102228717146 -0.028237888973691783 0.051918253582979502
leaf_weight=8.2530070748180169 1.9714715909212817 2.7726603783667079 2.0875865444540964 146.36305639892817 6.3772023804485789 3.1383244805037966 1.297212468460202 1.5486123589798806 2.4438171861693263 2.3291872777044764 6.7752498127520067 3.0760463397018611 4.0022743828594685 1.6281076818704603
leaf_count=96 21 19 17 1070 108 28 37 23 17 17 50 28 23 20
internal_value=-0.000459425 2.57673e-05 -0.0161556 0.00136769 0.0157421 0 -0.0354232 -0.0534424 0 -0.000353991 -0.0171222 -0.0078158 -0.0107938 0.00758815
internal_weight=194.064 192.092 14.4831 177.609 19.0657 12.6885 4.43554 4.32127 10.1618 158.544 12.1805 9.8513 7.71797 3.71569
internal_count=1574 1553 119 1434 269 161 65 42 77 1165 95 78 60 37
is_linear=0
shrinkage=0.05


Tree=101
num_leaves=15
num_cat=0
split_feature=10 5 2 5 28 32 28 13 1 24 9 21 3 0
split_gain=1.71768 5.00198 3.23436 2.89851 2.86891 2.68875 4.09689 1.9895 1.6925 1.6308 2.58796 1.59203 4.41006 3.90821
threshold=2.5000000000000004 2.5000000000000004 2.8750000000000004 1.5000000000000002 2.8750000000000004 1.0000000180025095e-35 2.4166666666666674 3.5000000000000004 9.5000000000000018 1.5000000000000002 1.5000000000000002 3.5000000000000004 2.5000000000000004 3.5000000000000004
decision_type=2 2 2 2 2 2 2 2 2 2 2 2 2 2
left_child=4 2 3 9 7 -4 8 11 -7 10 -2 13 -13 -1
right_child=1 -3 5 -5 -6 6 -8 -9 -10 -11 -12 12 -14 -15
leaf_value=-0.0019165604991363376 0.025995550022792815 -0.072107208573681969 -0.036335956983999176 0.050056875317632879 -0.04350870861298984 -0.010486899621103411 -0.034999141297566656 0.036019870679319325 0.055368249860783106 0.049602126426655666 -0.029963630742988186 -0.033814142495341169 0.031895561341912328 0.056215522330289258
leaf_weight=137.27847622381523 4.2713321056217008 1.6419813688844431 4.3147108498960716 8.2096421346068382 4.0693188579753032 1.182606848888099 2.7869551442563534 3.3574709706008425 3.81187186203897 1.9374458845704801 3.8162228539586067 10.730837870389221 3.2181283906102172 2.8523677103221408
leaf_count=996 49 11 37 102 38 12 25 27 58 45 30 89 26 29
internal_value=-0.000440151 0.0101141 0.0148697 0.0281329 -0.00254997 -0.00498606 0.0123203 -0.00144848 0.0393844 0.00961507 -0.000147672 -0.00230398 -0.0183574 -0.000676208
internal_weight=193.479 31.9728 30.3308 18.2346 161.507 12.0961 7.78143 157.437 4.99448 10.025 8.08755 154.08 13.949 140.131
internal_count=1574 369 358 226 1205 132 95 1167 70 124 79 1140 115 1025
is_linear=0
shrinkage=0.05


Tree=102
num_leaves=15
num_cat=0
split_feature=4 1 6 24 1 9 8 4 30 3 9 13 33 7
split_gain=1.66212 2.6598 2.00509 4.97988 3.47992 3.03569 1.97525 2.3911 2.20118 3.74753 1.96371 3.2054 2.16676 3.71445
threshold=2.5000000000000004 9.5000000000000018 2.5000000000000004 1.5000000000000002 5.5000000000000009 2.5000000000000004 1.0000000180025095e-35 1.5000000000000002 0.48570226039551589 1.5000000000000002 1.0000000180025095e-35 1.5000000000000002 1.5000000000000002 1.5000000000000002
decision_type=2 2 2 2 2 2 2 2 2 2 2 2 2 2
left_child=1 2 6 -4 -5 -6 7 -1 9 -9 12 -12 13 -8
right_child=-2 -3 3 4 5 -7 10 8 -10 -11 11 -13 -14 -15
leaf_value=0.029795113859748364 -0.0045151284702532714 0.054254809913463237 0.019014481767551071 -0.088020552877219882 0.019949166565370043 -0.066607045874523957 -0.015102890939384918 0.0080109142216530978 0.017770865628235179 -0.026380582634128982 0.047206282332290933 -0.037768652372431474 -0.019579595060008569 0.050274816315096532
leaf_weight=5.9885924700647584 108.50196362985298 2.544552947394549 5.5918806185945851 2.6386299459263682 2.4737770156934857 1.5523961549624798 3.7635680940002221 14.843328271061184 9.0036498419940454 16.60220704972744 8.2002981165423972 1.1717734448611725 5.0113342572003594 4.7897833064198494
leaf_count=81 766 51 58 18 33 11 31 100 57 95 164 8 40 61
internal_value=-0.00041464 0.00484028 0.00320488 -0.0152989 -0.0443135 -0.0136244 0.00652733 0.000532596 -0.00380093 -0.0100935 0.0185007 0.0360315 0.00603044 0.0213769
internal_weight=192.678 84.1758 81.6312 12.2567 6.6648 4.02617 69.3745 46.4378 40.4492 31.4455 22.9368 9.37207 13.5647 8.55335
internal_count=1574 808 757 120 62 44 637 333 252 195 304 172 132 92
is_linear=0
shrinkage=0.05


Tree=103
num_leaves=15
num_cat=0
split_feature=26 10 5 28 8 7 14 5 7 5 12 21 3 0
split_gain=1.64453 1.45558 4.50526 2.6602 2.2632 2.76598 3.16289 2.89372 2.52378 4.83097 1.99484 1.78635 4.70862 3.95258
threshold=1.0000000180025095e-35 2.5000000000000004 2.5000000000000004 2.8750000000000004 1.5000000000000002 2.5000000000000004 1.5000000000000002 1.5000000000000002 1.5000000000000002 1.0000000180025095e-35 2.5000000000000004 3.5000000000000004 2.5000000000000004 3.5000000000000004
decision_type=2 2 2 2 2 2 2 2 2 2 2 2 2 2
left_child=1 3 4 10 5 6 8 -7 9 -3 11 13 -13 -1
right_child=-2 2 -4 -5 -6 7 -8 -9 -10 -11 -12 12 -14 -15
leaf_value=-0.0012658151438050503 -0.04714347235509847 -0.053359709195768351 -0.067793529276410566 -0.041818016943456382 0.044047274545903653 -0.035078890226388632 -0.016868138193646732 0.033002816022507292 0.052411982256675496 0.042261693459393887 0.036727806901635081 -0.036150190096479844 0.032129226381306102 0.055963711110776582
leaf_weight=135.52214080002159 1.7628066139295686 2.004319973289979 1.6517030298709858 3.9634637646377078 5.2775491047650567 5.6426267232745877 4.28616864606738 2.0207314845174551 6.8347460199147463 3.4260864518582821 3.3554962761700144 10.011003262363372 3.242887506261467 2.9856752678751937
leaf_count=917 102 12 10 33 138 47 34 21 68 33 29 73 26 31
internal_value=-0.000390771 5.38918e-05 0.00993368 -0.00186964 0.0145856 0.00790695 0.0194405 -0.0166107 0.0323648 0.00618987 -0.00080651 -0.00167651 -0.0191413 0
internal_weight=191.987 190.225 31.1439 159.081 29.4922 24.2147 16.5513 7.66336 12.2652 5.43041 155.117 151.762 13.2539 138.508
internal_count=1574 1472 363 1109 353 215 147 68 113 45 1076 1047 99 948
is_linear=0
shrinkage=0.05


Tree=104
num_leaves=15
num_cat=0
split_feature=2 10 5 28 13 5 7 24 8 7 8 12 21 0
split_gain=1.61077 1.67234 4.26493 2.47621 2.43167 3.75076 3.24655 3.46579 3.41573 2.31134 2.27547 1.76904 1.80983 3.73122
threshold=3.5833333333333335 2.5000000000000004 2.5000000000000004 2.8750000000000004 3.5000000000000004 1.5000000000000002 2.5000000000000004 1.0000000180025095e-35 1.5000000000000002 2.5000000000000004 1.5000000000000002 2.5000000000000004 3.5000000000000004 3.5000000000000004
decision_type=2 2 2 2 2 2 2 2 2 2 2 2 2 2
left_child=1 3 4 11 5 6 7 -3 -9 -5 -8 12 13 -1
right_child=-2 2 -4 9 -6 -7 10 8 -10 -11 -12 -13 -14 -15
leaf_value=-0.0012382856408373892 -0.044766829557538752 0.060018606170078939 -0.063870894978862183 -0.070431754488573847 -0.018577333748113569 0.045924139415370664 -0.038972962452544085 -0.041866288779779548 0.048082683018056085 0.0050361212389779713 0.030734119855809091 0.034475464680565615 -0.01938518615989257 0.055435175561568628
leaf_weight=136.27717542788014 1.9215983413159836 3.8220753520727229 1.6790162213146675 2.3977801357395943 4.2075131935998789 9.6541728470474482 4.6320684980601072 2.4915360547602177 1.6725663254037497 1.5889817504212258 1.4333140570670364 3.3503231396898618 13.128157638944684 2.8673853240907183
leaf_count=986 21 34 11 22 43 134 37 20 53 16 27 31 108 31
internal_value=-0.000369404 9.17148e-05 0.0110006 -0.00192081 0.0158054 0.0220654 0.00528787 0.0262336 -0.00487049 -0.040354 -0.0218636 -0.000894891 -0.00171164 -1.34754e-05
internal_weight=191.124 189.202 29.5923 159.61 27.9132 23.7057 14.0516 7.98618 4.1641 3.98676 6.06538 155.623 152.273 139.145
internal_count=1574 1553 359 1194 348 305 171 107 73 38 64 1156 1125 1017
is_linear=0
shrinkage=0.05


Tree=105
num_leaves=15
num_cat=0
split_feature=7 1 4 10 4 14 1 7 28 21 1 4 30 5
split_gain=2.53376 1.51137 1.66309 1.60105 1.39087 1.36274 1.19342 1.43078 1.18687 2.88621 2.58351 2.49048 3.75203 4.85084
threshold=3.5000000000000004 19.000000000000004 4.5000000000000009 1.5000000000000002 3.5000000000000004 1.5000000000000002 10.500000000000002 1.5000000000000002 1.4166666666666667 3.5000000000000004 7.5000000000000009 3.5000000000000004 0.48570226039551589 1.5000000000000002
decision_type=2 2 2 2 2 2 2 2 2 2 2 2 2 2
left_child=1 2 8 6 5 -2 7 -4 9 10 -1 -10 -13 -14
right_child=4 -3 3 -5 -6 -7 -8 -9 11 -11 -12 12 13 -15
leaf_value=0.0020637519369720151 0.039163338623018969 0.031685926409830582 -0.03562288579895713 0.009544861248923394 -0.013217547894634935 -0.0026699036661651451 -0.057801262929447053 0.0096829894070813525 -0.0086171651648930883 -0.038529216885767659 0.033305027319215086 -0.014601895324857096 -0.019125700259826527 0.054419297549902039
leaf_weight=40.678766005672514 7.4564788546413165 2.9717198256403199 4.4762370744720084 3.1515591880306593 2.3252035286277524 2.4592618653550744 2.8528381367214024 2.6408102987334132 89.630486735142767 3.5982593186199656 7.859571097418665 7.5425130352377918 3.1434590471908432 7.0502129988744855
leaf_count=305 134 34 32 32 21 26 34 20 689 19 78 50 19 54
internal_value=-0.00145114 -0.00300104 -0.00363065 -0.0206953 0.0204238 0.0286154 -0.0305026 -0.0185643 -0.00219909 0.00395814 0.00723197 -0.00521316 0.0118008 0.0315316
internal_weight=187.837 175.596 172.625 13.1214 12.2409 9.91574 9.96989 7.11705 159.503 52.1366 48.5383 107.367 17.7362 10.1937
internal_count=1547 1366 1332 118 181 160 86 52 1214 402 383 812 123 73
is_linear=0
shrinkage=0.05


Tree=106
num_leaves=15
num_cat=0
split_feature=1 2 28 2 3 31 33 22 29 33 10 24 24 23
split_gain=1.9376 2.8861 3.88017 2.39516 3.62535 2.75667 2.32588 2.50045 3.03752 1.7017 5.89545 3.1137 1.64969 1.64141
threshold=12.500000000000002 2.8750000000000004 1.8750000000000002 2.4166666666666674 1.5000000000000002 1.0000000180025095e-35 3.5000000000000004 1.5000000000000002 2.5000000000000004 1.5000000000000002 1.5000000000000002 1.0000000180025095e-35 1.0000000180025095e-35 1.0000000180025095e-35
decision_type=2 2 2 2 2 2 2 2 2 2 2 2 2 2
left_child=1 3 -3 13 -5 9 7 8 -4 -6 -11 -12 -10 -1
right_child=-2 2 6 4 5 -7 -8 -9 12 10 11 -13 -14 -15
leaf_value=-0.001625488180197663 0.021750870085866108 -0.05982039323073618 0.033554797026261712 0.029842960710003572 0.023537567313561214 0.019273839561816004 -0.054417939296053541 0.026453744532911268 -0.0041025841341833557 -0.086888783849823931 -0.046068119281055003 0.017538654865626075 -0.048300177025848615 -0.021909388487716109
leaf_weight=107.12890771077946 8.5154764326289278 4.5605765366926816 2.3814201988279864 15.059358688071368 2.1150511913001546 9.0998620069585741 2.3096013013273469 5.2286912854760876 3.9818033771589398 2.7115844003856173 2.7541205100715143 5.7699469327926636 4.7951778098940849 10.952380440197883
leaf_count=785 98 43 23 150 13 84 16 52 34 21 15 63 43 107
internal_value=-0.00138112 -0.00250801 -0.0188969 -3.16308e-05 0.0109419 -0.00170171 -0.0085165 -0.00160468 -0.0150928 -0.0162215 -0.0240681 -0.00301864 -0.028803 -0.00354498
internal_weight=187.364 178.848 23.2573 155.591 37.5099 22.4506 18.6967 16.3871 11.1584 13.3507 11.2357 8.52407 8.77698 118.081
internal_count=1547 1449 211 1238 346 196 168 152 100 112 99 78 77 892
is_linear=0
shrinkage=0.05


Tree=107
num_leaves=15
num_cat=0
split_feature=7 8 6 4 7 25 33 1 23 2 1 11 11 22
split_gain=2.31515 2.27326 1.90386 1.52638 2.20952 3.59382 2.34221 5.66876 2.93328 2.76252 4.85175 3.43393 2.32363 3.37914
threshold=3.5000000000000004 2.5000000000000004 1.5000000000000002 2.5000000000000004 1.5000000000000002 1.0000000180025095e-35 1.5000000000000002 4.5000000000000009 1.0000000180025095e-35 2.1250000000000004 7.5000000000000009 1.5000000000000002 1.0000000180025095e-35 1.0000000180025095e-35
decision_type=2 2 2 2 2 2 2 2 2 2 2 2 2 2
left_child=1 3 -3 4 12 6 -6 -8 9 10 11 -9 13 -1
right_child=-2 2 -4 -5 5 -7 7 8 -10 -11 -12 -13 -14 -15
leaf_value=-0.032327103580620971 0.0198546336752785 0.019042539782701762 -0.042575464530832711 -0.0056339129763841355 0.049691339015067726 -0.032127902759080992 -0.069738037705133329 0.059848816681384753 -0.01594745209685268 0.050689472147502856 -0.049327919876836927 0.0091415438598591893 -0.022713636325548306 0.020482808070800152
leaf_weight=4.0288651445880559 11.950131280347703 1.4614005368202914 5.8714740360155702 97.353315887972713 4.5146353160962454 4.1758999256417146 1.9175773095339526 4.6065981397405382 5.5635919794440261 6.8852158235386005 2.5362162068486205 12.215759178623557 12.585306546185164 11.135764241218565
leaf_count=31 181 31 55 650 48 34 19 65 32 110 15 86 86 104
internal_value=-0.00131911 -0.00279103 -0.029868 -0.00157375 0.00402408 0.0112128 0.0160824 0.0113758 0.0165475 0.0235656 0.0135791 0.0234465 -0.00687483 0.00616889
internal_weight=186.802 174.852 7.33287 167.519 70.1654 42.4155 38.2396 33.725 31.8074 26.2438 19.3586 16.8224 27.7499 15.1646
internal_count=1547 1366 86 1280 630 409 375 327 308 276 166 151 221 135
is_linear=0
shrinkage=0.05


Tree=108
num_leaves=15
num_cat=0
split_feature=7 8 6 4 7 11 11 23 2 4 12 21 6 9
split_gain=2.11109 2.06499 1.73922 1.4393 2.88667 6.1172 3.27348 3.2496 2.34462 2.58597 1.95205 2.09207 2.0162 5.30005
threshold=3.5000000000000004 2.5000000000000004 1.5000000000000002 4.5000000000000009 2.5000000000000004 2.5000000000000004 2.5000000000000004 1.0000000180025095e-35 2.8750000000000004 3.5000000000000004 1.5000000000000002 3.5000000000000004 1.5000000000000002 2.5000000000000004
decision_type=2 2 2 2 2 2 2 2 2 2 2 2 2 2
left_child=1 3 -3 4 6 7 8 -6 10 -10 11 12 13 -1
right_child=-2 2 -4 -5 5 -7 -8 -9 9 -11 -12 -13 -14 -15
leaf_value=-0.001699758241432775 0.019074961016960722 0.018198509998256531 -0.040749902968100341 -0.016374326521363478 0.033266192638454067 -0.063650958794005827 0.038412614884507257 -0.012129280427633237 -0.058277655699802561 -0.00084829646015432178 0.028465695149248654 -0.039366717301783302 -0.0088557965621280845 0.047128135101822739
leaf_weight=40.158765529282391 11.824028794653712 1.4574618451297272 5.8332564081065357 14.715470390394328 17.719330617226667 2.1122073624283066 4.4703785162419072 4.912518815137445 4.0455178357660762 3.8948979452252388 4.6691164411604396 3.9757787249982348 59.95577703975141 6.3349074870347968
leaf_count=291 181 31 55 136 182 15 41 34 33 29 41 21 426 31
internal_value=-0.0012543 -0.00265822 -0.0285407 -0.00149666 -3.24672e-05 0.0155439 -0.00308467 0.0232926 -0.00464272 -0.0307795 -0.00279268 -0.00416155 -0.0027875 0.00498641
internal_weight=186.079 174.255 7.29072 166.965 152.249 24.7441 127.505 22.6318 123.035 7.94042 115.094 110.425 106.449 46.4937
internal_count=1547 1366 86 1280 1144 231 913 216 872 62 810 769 748 322
is_linear=0
shrinkage=0.05


Tree=109
num_leaves=15
num_cat=0
split_feature=12 32 4 28 21 1 11 22 24 1 6 10 30 11
split_gain=1.74178 2.58576 1.52643 1.72476 1.86102 2.25474 1.82351 2.83778 2.37324 3.98114 1.80307 2.28167 2.54047 2.11735
threshold=2.5000000000000004 1.0000000180025095e-35 2.5000000000000004 2.5833333333333335 3.5000000000000004 8.5000000000000018 1.5000000000000002 1.5000000000000002 1.0000000180025095e-35 6.5000000000000009 2.5000000000000004 2.5000000000000004 0.60355339059327384 2.5000000000000004
decision_type=2 2 2 2 2 2 2 2 2 2 2 2 2 2
left_child=2 -2 3 4 6 -6 7 -1 9 -9 11 12 -8 -13
right_child=1 -3 -4 -5 5 -7 10 8 -10 -11 -12 13 -14 -15
leaf_value=0.0053674008195891774 -0.0089615533674307617 0.037603710662724069 -0.006818401458301696 -0.028437571233878123 -0.042114685583423704 0.019840223764185289 -0.0025261219676777197 -0.049991308285911897 0.054225982988084814 0.046376570222148153 -0.034568303593276041 -0.049109118793727168 0.033752983295743264 0.0050318381399683185
leaf_weight=27.677755345590413 5.134087701328097 6.6874307915568352 93.566979406401515 4.129200652241706 4.2438881434500209 2.0823938632383943 13.033645699266353 1.7462566569447497 6.5848113484680653 2.4395477874204516 3.6915066055953494 3.5093513689935198 7.4487447068095198 3.430603860411793
leaf_count=274 48 79 654 38 25 33 100 11 91 39 27 46 52 30
internal_value=-0.00119735 0.0172652 -0.0024783 0.00256767 0.00432281 -0.0213408 0.00671995 0.0139971 0.0356897 0.00536159 -0.00220854 0.00216656 0.0106458 -0.0222994
internal_weight=185.406 11.8215 173.585 80.0177 75.8885 6.32628 69.5622 38.4484 10.7706 4.1858 31.1139 27.4223 20.4824 6.93996
internal_count=1547 127 1420 766 728 58 670 415 141 50 255 228 152 76
is_linear=0
shrinkage=0.05


Tree=110
num_leaves=15
num_cat=0
split_feature=23 24 5 31 7 2 2 2 6 7 8 6 12 0
split_gain=1.82719 3.56075 3.11535 2.95111 2.09618 1.58331 2.21953 1.7427 2.71414 2.50422 2.07984 4.68983 3.835 3.48851
threshold=1.0000000180025095e-35 1.0000000180025095e-35 1.0000000180025095e-35 1.0000000180025095e-35 2.5000000000000004 3.5833333333333335 3.1250000000000004 2.7083333333333335 1.5000000000000002 1.5000000000000002 1.5000000000000002 2.5000000000000004 1.5000000000000002 2.5000000000000004
decision_type=2 2 2 2 2 2 2 2 2 2 2 2 2 2
left_child=5 2 -2 4 -4 6 7 10 -9 -10 12 13 -1 -12
right_child=1 -3 3 -5 -6 -7 -8 8 9 -11 11 -13 -14 -15
leaf_value=-0.0044219712500772378 0.032247275191230725 -0.058666282884892618 0.012554519882058343 -0.064457066463647836 -0.032958811551523561 -0.040726388389681858 0.022520011959364428 -0.055171589265105563 0.021454697067030661 -0.019927779244931377 0.0057160773170020426 -0.0085944061715985641 0.054779835170159621 0.041516755764401586
leaf_weight=86.534558040089905 4.1379208602011248 3.6882365155033758 6.4405661821365339 2.5283552836626777 3.9973440375179052 2.1464726189151397 11.585753408260642 3.2494684010744104 5.5024740612134346 10.30572324246168 13.903624281287193 18.859506043139845 2.7210120446979991 13.657078991644084
leaf_count=558 51 69 43 27 20 21 129 32 34 86 111 146 23 220
internal_value=-0.000784357 -0.0147387 -0.00483514 -0.0170168 -0.00478557 0.000930806 0.00150759 -6.31041e-05 -0.0141958 -0.00532201 0.00191263 0.0104954 -0.0025299 0.0236326
internal_weight=189.258 20.7924 17.1042 12.9663 10.4379 168.466 166.319 154.733 19.0577 15.8082 135.676 46.4202 89.2556 27.5607
internal_count=1570 210 141 90 63 1360 1339 1210 152 120 1058 477 581 331
is_linear=0
shrinkage=0.05


Tree=111
num_leaves=15
num_cat=0
split_feature=23 29 5 2 2 9 2 6 8 6 12 9 30 22
split_gain=1.68642 3.51237 2.05981 1.44394 2.01934 3.10595 1.58533 2.52955 1.89485 4.30879 3.56429 3.3136 2.6048 2.25939
threshold=1.0000000180025095e-35 2.5000000000000004 1.0000000180025095e-35 3.5833333333333335 3.1250000000000004 2.5000000000000004 2.7083333333333335 1.5000000000000002 1.5000000000000002 2.5000000000000004 1.5000000000000002 1.0000000180025095e-35 0.45220861134162554 1.5000000000000002
decision_type=2 2 2 2 2 2 2 2 2 2 2 2 2 2
left_child=3 2 -2 4 6 -6 8 -8 10 11 -1 -10 -13 -11
right_child=1 -3 -4 -5 5 -7 7 -9 9 13 -12 12 -14 -15
leaf_value=-0.004199444946259609 0.025714160256142204 -0.056149062957883779 -0.014330891676021112 -0.038999047388066921 0.047187303532050223 -0.0041216010593779938 -0.053594946247553225 -0.0050548300740470738 0.0054432092483389866 -0.019786027040779783 0.053648094936807646 -0.029269694640473621 0.047370795423803923 0.017269530052167477
leaf_weight=86.568386833183467 4.2125045228749558 3.9348807274363926 12.303137008100748 2.1342150643467894 5.764599912799893 5.7402844456955791 3.1824782844632873 15.782653573900461 13.876314649358394 13.033765470143409 2.6435829289257518 1.1109190061688412 12.167828424833713 5.8368160873651496
leaf_count=558 46 80 84 21 76 53 32 120 111 102 23 17 203 44
internal_value=-0.000750711 -0.0142775 -0.00387319 0.000890083 0.00144212 0.0215567 -5.54036e-05 -0.0135697 0.00182994 0.0100688 -0.00239913 0.022813 0.0406012 -0.00816206
internal_weight=188.292 20.4505 16.5156 167.842 165.708 11.5049 154.203 18.9651 135.238 46.0256 89.212 27.1551 13.2787 18.8706
internal_count=1570 210 130 1360 1339 129 1210 152 1058 477 581 331 220 146
is_linear=0
shrinkage=0.05


Tree=112
num_leaves=15
num_cat=0
split_feature=23 29 5 7 4 2 2 2 9 2 28 5 22 11
split_gain=1.54337 3.36454 1.8762 1.98607 2.07512 2.99271 1.31674 1.85068 2.9121 1.44178 3.39706 1.85734 1.7386 3.36875
threshold=1.0000000180025095e-35 2.5000000000000004 1.0000000180025095e-35 2.5000000000000004 3.5000000000000004 2.4166666666666674 3.5833333333333335 3.1250000000000004 2.5000000000000004 2.7083333333333335 1.8750000000000002 2.5000000000000004 1.5000000000000002 1.5000000000000002
decision_type=2 2 2 2 2 2 2 2 2 2 2 2 2 2
left_child=6 2 -2 4 5 -4 7 9 -9 -1 -11 12 -12 -14
right_child=1 -3 3 -5 -6 -7 -8 8 -10 10 11 -13 13 -15
leaf_value=0.0017517615160459821 0.024761892998132282 -0.05571815917260118 -0.010346170133592278 -0.038317254222432845 -0.041338657643990265 0.063243586467428198 -0.037340566625464387 0.046072638361502466 -0.0039179652919183973 -0.063402603673271579 -0.036774021281451588 0.02755555840624398 -0.021605667086124117 0.046326342261927195
leaf_weight=134.75618909811601 4.1609650030732199 3.7719457261264315 3.4524917346425354 4.8230919018387794 1.8891269350424407 2.1324399262666702 2.1223077280446878 5.6151204733178002 5.7418587533757091 2.7449804963544038 4.69537994079292 3.5129420831799498 5.3002570662647486 2.6536761866882443
leaf_count=1058 46 80 28 25 19 12 21 76 53 22 30 22 50 28
internal_value=-0.000716172 -0.0137315 -0.00367945 -0.0136269 0.00227157 0.0179304 0.000851456 0.0013801 0.0207666 -4.90394e-05 -0.012957 -0.00389842 -0.0129775 0.00104192
internal_weight=187.373 20.2301 16.4581 12.2972 7.47406 5.58493 167.143 165.02 11.357 153.663 18.9072 16.1623 12.6493 7.95393
internal_count=1570 210 130 84 59 40 1360 1339 129 1210 152 130 108 78
is_linear=0
shrinkage=0.05


Tree=113
num_leaves=15
num_cat=0
split_feature=23 24 5 31 8 6 6 10 9 28 28 28 4 22
split_gain=1.42029 3.36417 2.5508 2.74703 1.13217 3.6243 3.42798 2.99776 2.62766 2.8898 2.49387 2.73883 2.48339 2.32708
threshold=1.0000000180025095e-35 1.0000000180025095e-35 1.0000000180025095e-35 1.0000000180025095e-35 1.5000000000000002 2.5000000000000004 2.5000000000000004 2.5000000000000004 1.0000000180025095e-35 1.2916666666666667 2.5833333333333335 2.0833333333333335 1.5000000000000002 1.5000000000000002
decision_type=2 2 2 2 2 2 2 2 2 2 2 2 2 2
left_child=4 2 -2 -4 6 8 12 13 -6 -10 11 -8 -1 -7
right_child=1 -3 3 -5 5 7 10 -9 9 -11 -12 -13 -14 -15
leaf_value=0.024862998049516225 0.030828987875140081 -0.058127699598019389 -0.0031725015894430216 -0.062485513379999552 0.003518135066479449 -0.025883370013703961 0.0081658989970642155 0.049601809623412048 -0.050537555425278519 0.039272505675093917 -0.0090643898874861687 0.052521408270535454 -0.0082118514645641207 0.0089863894933714782
leaf_weight=5.9395838733762494 3.9204597547650382 3.3659891611896446 10.274481275118886 2.3455045507289478 14.963264120277019 13.583151848055428 8.1349139101803321 1.9415550353005517 0.85005070082843204 13.696124356240032 6.492885658517479 6.2632254082709542 87.712403611280024 7.1608360279351464
leaf_count=80 51 69 63 27 134 99 58 44 9 242 43 57 535 59
internal_value=-0.000687343 -0.013283 -0.00371234 -0.0147973 0.000808494 0.00691533 -0.00195607 -0.00801616 0.0184667 0.0335443 0.0162779 0.0278623 -0.00606323 -0.013741
internal_weight=186.644 19.9064 16.5404 12.62 166.738 52.195 114.543 22.6855 29.5094 14.5462 20.891 14.3981 93.652 20.744
internal_count=1570 210 141 90 1360 587 773 202 385 251 158 115 615 158
is_linear=0
shrinkage=0.05


Tree=114
num_leaves=15
num_cat=0
split_feature=26 23 24 5 31 7 2 2 9 2 28 24 6 21
split_gain=1.53411 1.26914 3.27287 2.47782 2.65996 1.8347 1.15652 1.66662 2.75252 1.38481 3.19311 1.9338 1.71021 3.45189
threshold=1.0000000180025095e-35 1.0000000180025095e-35 1.0000000180025095e-35 1.0000000180025095e-35 1.0000000180025095e-35 2.5000000000000004 3.5833333333333335 3.1250000000000004 2.5000000000000004 2.7083333333333335 1.8750000000000002 1.0000000180025095e-35 1.5000000000000002 3.5000000000000004
decision_type=2 2 2 2 2 2 2 2 2 2 2 2 2 2
left_child=1 6 3 -3 5 -5 7 9 -9 12 -11 -12 13 -1
right_child=-2 2 -4 4 -6 -7 -8 8 -10 10 11 -13 -14 -15
leaf_value=0.013024988456629895 -0.04691322211442036 0.032042629550917516 -0.057634007778828683 0.014098573035972593 -0.061600579748963526 -0.02913818023599854 -0.035457772397728619 0.045549569457109605 -0.0036006158105833922 -0.062497551350352065 0.023816531780780307 -0.014716374090540447 -0.002443826431920126 -0.03285268903646834
leaf_weight=48.27740590274334 1.6754892773460586 3.7562173139303967 3.2078150929883114 6.252111002802847 2.260771220549942 3.8812434449791908 2.0156033411622039 5.4110035961493832 5.6900762487202883 2.627507288008931 4.4297721646726123 11.334143926389514 80.496787568554282 4.3585899248719207
leaf_count=378 102 47 64 37 26 19 13 73 51 20 23 97 596 24
internal_value=-0.000652734 -0.000192655 -0.0122804 -0.00281914 -0.0137565 -0.00234043 0.00122002 0.00171148 0.0203263 0.00031872 -0.0124841 -0.00364889 0.00211415 0.00912353
internal_weight=185.675 183.999 19.3582 16.1503 12.3941 10.1334 164.641 162.625 11.1011 151.524 18.3914 15.7639 133.133 52.636
internal_count=1570 1468 193 129 82 56 1275 1262 124 1138 140 120 998 402
is_linear=0
shrinkage=0.05


Tree=115
num_leaves=15
num_cat=0
split_feature=4 9 31 32 30 4 4 1 9 33 7 2 2 6
split_gain=3.37969 2.03186 1.48748 2.43414 1.39344 1.68748 1.20197 4.05977 2.96312 2.86548 3.92417 1.16917 1.41751 3.11482
threshold=5.5000000000000009 3.5000000000000004 1.5000000000000002 1.0000000180025095e-35 1.1713894300707421 2.5000000000000004 1.5000000000000002 4.5000000000000009 2.5000000000000004 1.5000000000000002 1.5000000000000002 1.4166666666666667 1.7083333333333337 1.5000000000000002
decision_type=2 2 2 2 2 2 2 2 2 2 2 2 2 2
left_child=1 2 4 -4 6 -6 7 9 -9 -1 -11 -8 13 -13
right_child=-2 -3 3 -5 5 -7 11 8 -10 10 -12 12 -14 -15
leaf_value=0.028618053111164832 -0.068340136760816336 -0.045084066524336712 -0.0029899224950312728 0.045776793968557015 0 -0.058402623576792483 0.025183168613208268 0.049021585270421268 -0.029503435474539111 0.024597397144765221 -0.051055642505365241 0.0065291024942967062 -0.0021413131339629225 -0.033033092365089826
leaf_weight=3.1947223525494355 1.8577828416600812 2.6306670927442601 6.1426625549793226 4.1692857183516026 2.3983428552746764 2.3460211912170053 3.3570215404033652 6.9841357087716442 1.3347905771806834 2.4030324667692184 5.230442700907588 8.3851291500031966 124.63006108812988 11.723232309333978
leaf_count=41 19 25 41 52 20 25 22 150 16 21 38 54 976 81
internal_value=-0.00294573 -0.00223869 -0.00158233 0.0167374 -0.00270435 -0.0291783 -0.00192141 0.00980156 0.0359243 -0.010184 -0.0269065 -0.00345952 -0.00415804 -0.0164614
internal_weight=186.787 184.93 182.299 10.3119 171.987 4.74436 167.243 19.1471 8.31893 10.8282 7.63348 148.095 144.738 20.1084
internal_count=1581 1562 1537 93 1444 45 1399 266 166 100 59 1133 1111 135
is_linear=0
shrinkage=0.05


Tree=116
num_leaves=15
num_cat=0
split_feature=4 9 2 2 2 3 28 22 33 33 24 10 4 0
split_gain=3.16948 1.88931 1.36357 2.08723 2.73344 5.7475 2.60697 2.05984 2.52004 1.62404 2.32013 2.2221 1.60809 1.47383
threshold=5.5000000000000009 3.5000000000000004 3.1250000000000004 2.7083333333333335 2.4166666666666674 1.5000000000000002 1.8750000000000002 1.5000000000000002 3.5000000000000004 1.5000000000000002 1.0000000180025095e-35 2.5000000000000004 4.5000000000000009 2.5000000000000004
decision_type=2 2 2 2 2 2 2 2 2 2 2 2 2 2
left_child=1 2 3 4 -1 -6 -5 13 12 -7 -11 -12 -9 -8
right_child=-2 -3 -4 6 5 9 7 8 -10 10 11 -13 -14 -15
leaf_value=-0.0042570426547138265 -0.067082076722710562 -0.043929629077517247 0.014588731271409347 -0.058740917373900463 0.036878607158458525 0.031015418250711718 -0.012094309679443679 0.050096322038674979 -0.02327605190617732 -0.037996350461445699 -0.0081196740115554358 0.050524819768615663 -0.009621571840790202 -0.06027889907844014
leaf_weight=117.56745589384809 1.8013050700537849 2.569022388663142 12.130769279319791 3.2094566049054292 13.558304053731261 2.5224115364253548 4.9792668023146662 3.2884927717968822 3.7295869514346123 5.35634867101908 9.6083143353462201 1.8345851255580772 1.5522007253021 2.41684401454404
leaf_count=895 19 25 146 33 138 20 33 40 29 35 77 39 18 34
internal_value=-0.00281099 -0.0021333 -0.00150495 -0.00267855 -0.000676106 0.0120264 -0.0181744 -0.00954951 0.0068875 -0.00538419 -0.0111487 0.00142219 0.0306342 -0.0287673
internal_weight=186.124 184.323 181.754 169.623 150.447 32.88 19.1758 15.9664 8.57028 19.3217 16.7992 11.4429 4.84069 7.39611
internal_count=1581 1562 1537 1391 1204 309 187 154 87 171 151 116 58 67
is_linear=0
shrinkage=0.05


Tree=117
num_leaves=15
num_cat=0
split_feature=4 9 31 32 4 1 6 7 9 2 2 6 2 21
split_gain=2.97383 1.7557 1.36019 2.28115 1.18319 3.08844 2.99441 3.69649 2.40576 1.13617 1.47966 2.672 1.27157 1.32646
threshold=5.5000000000000009 3.5000000000000004 1.5000000000000002 1.0000000180025095e-35 1.5000000000000002 4.5000000000000009 1.5000000000000002 1.5000000000000002 2.5000000000000004 1.4166666666666667 1.7083333333333337 1.5000000000000002 1.8750000000000002 3.5000000000000004
decision_type=2 2 2 2 2 2 2 2 2 2 2 2 2 2
left_child=1 2 4 -4 5 6 -1 -8 -7 -6 11 -11 -12 -14
right_child=-2 -3 3 -5 9 8 7 -9 -10 10 12 -13 13 -15
leaf_value=0.032419019758950861 -0.065883237364105271 -0.042788629530406373 -0.0027445141339600683 0.044873842377431146 0.024280118165856502 0.043074001022741649 0.021099504427949049 -0.049299562047126329 -0.027117385071692552 0.003744107682929574 0.037808229205920064 -0.032280318138557279 -0.0011826854357895788 -0.016075408510323703
leaf_weight=3.0961759127676505 1.7456147307530034 2.5098408260382703 6.134310379624365 4.0482564875856042 3.3412722870707503 7.1747586363926512 2.74907161667943 5.1922788405790925 1.3498331718146799 8.7208392675966042 1.8047712296247471 12.012938584201036 108.22543279733509 17.351046598516405
leaf_count=33 19 25 41 52 22 154 29 41 16 56 15 87 828 163
internal_value=-0.00268613 -0.00203651 -0.00143497 0.0161962 -0.0025082 0.00899502 -0.00827618 -0.0246592 0.0314841 -0.00401541 -0.00468654 -0.0170628 -0.00264064 -0.00327148
internal_weight=185.456 183.711 181.201 10.1826 171.018 19.5621 11.0375 7.94135 8.52459 151.456 148.115 20.7338 127.381 125.576
internal_count=1581 1562 1537 93 1444 273 103 70 170 1171 1149 143 1006 991
is_linear=0
shrinkage=0.05


Tree=118
num_leaves=15
num_cat=0
split_feature=4 9 31 32 4 10 33 9 2 2 7 28 2 21
split_gain=2.79253 1.6314 1.23698 2.11544 1.07996 2.71062 4.64995 1.58061 1.03281 1.347 1.34381 2.92494 1.16354 1.19824
threshold=5.5000000000000009 3.5000000000000004 1.5000000000000002 1.0000000180025095e-35 1.5000000000000002 1.5000000000000002 1.5000000000000002 2.5000000000000004 1.4166666666666667 1.7083333333333337 1.5000000000000002 1.2916666666666667 1.8750000000000002 3.5000000000000004
decision_type=2 2 2 2 2 2 2 2 2 2 2 2 2 2
left_child=1 2 4 -4 5 6 -1 -7 -6 10 11 -10 -11 -14
right_child=-2 -3 3 -5 8 7 -8 -9 9 12 -12 -13 13 -15
leaf_value=0.032350481561784265 -0.064739298246380292 -0.041660489347037324 -0.0026089324366478472 0.043483857543629614 0.02323019072084942 0.037380480262059979 -0.035043384004057397 -0.022705989098722623 0.012533193587119157 0.036365402198220813 0.0088695270301100432 -0.034945037356769196 -0.0011233638951403295 -0.015281803187221586
leaf_weight=4.1162276687100547 1.6907980032265175 2.453084632754325 6.1356080099940282 3.9739006077870727 3.3226765133440486 7.6444519795477373 6.3639904297888279 1.1518186517059801 4.240174161270267 1.7869885340332974 4.0597960613667956 12.322573708370326 108.24816287122667 17.344861822668463
leaf_count=60 19 25 41 52 22 144 55 14 27 15 25 91 828 163
internal_value=-0.00255987 -0.00193724 -0.00136144 0.0155131 -0.00238453 0.00869324 -0.00828179 0.0290647 -0.00381699 -0.00445636 -0.0163018 -0.022638 -0.0025077 -0.00310919
internal_weight=184.855 183.164 180.711 10.1095 170.602 19.2765 10.4802 8.79627 151.325 148.003 20.6225 16.5627 127.38 125.593
internal_count=1581 1562 1537 93 1444 273 115 158 1171 1149 143 118 1006 991
is_linear=0
shrinkage=0.05


Tree=119
num_leaves=15
num_cat=0
split_feature=30 7 4 4 28 33 30 11 0 28 4 10 4 9
split_gain=1.72762 3.40415 3.36356 1.74653 1.07045 3.7309 2.60594 1.38996 3.92646 2.12528 1.66969 1.69128 3.3272 6.24352
threshold=0.9714045207910319 2.5000000000000004 3.5000000000000004 3.5000000000000004 2.5833333333333335 2.5000000000000004 0.60355339059327384 1.5000000000000002 3.5000000000000004 1.2916666666666667 1.5000000000000002 1.5000000000000002 2.5000000000000004 1.5000000000000002
decision_type=2 2 2 2 2 2 2 2 2 2 2 2 2 2
left_child=4 3 -3 -2 7 -6 -7 -1 9 -9 -11 12 -12 -14
right_child=1 2 -4 -5 5 6 -8 8 -10 10 11 -13 13 -15
leaf_value=0.0041917694914736705 -0.048501248800631086 0.064906684638121548 -0.03416367244170794 -0.0074605513524615965 -0.06775595636647426 -0.015448421832462625 0.044960278911639201 -0.057805128549179331 0.039568373438110579 0.020102125583848083 0.028893584063941821 -0.016140590209912885 0.027967973416983757 -0.038073105110514212
leaf_weight=89.484519297257066 6.6186138894408924 1.9868924859911197 1.3352034958079455 4.5494958977214992 2.5515068443492046 7.1599634010344726 2.2663219049572945 2.0269424133002749 4.441760995425283 5.1550761321559539 7.3199564712122109 34.620108403731138 5.7713550496846429 8.9969411818310601
leaf_count=828 65 22 18 32 25 56 13 19 66 70 48 234 33 52
internal_value=-0.00243937 -0.0189598 0.0245234 -0.0322192 -0.00100448 -0.0153521 -0.000342682 7.76674e-05 -0.00527168 -0.00848507 -0.00673808 -0.00925309 0.00145348 -0.012082
internal_weight=184.285 14.4902 3.3221 11.1681 169.794 11.9778 9.42629 157.817 68.3321 63.8904 61.8634 56.7084 22.0883 14.7683
internal_count=1581 137 40 97 1444 94 69 1350 522 456 437 367 133 85
is_linear=0
shrinkage=0.05


Tree=120
num_leaves=15
num_cat=0
split_feature=22 1 8 31 28 30 1 25 31 25 10 22 1 24
split_gain=1.47472 1.94923 1.49127 1.65322 2.50125 1.56881 1.71977 4.91679 4.07269 2.78737 2.24474 3.45257 3.88666 1.95058
threshold=1.0000000180025095e-35 4.5000000000000009 1.0000000180025095e-35 1.0000000180025095e-35 2.4166666666666674 1.0448623679425844 6.5000000000000009 1.0000000180025095e-35 1.0000000180025095e-35 1.0000000180025095e-35 2.5000000000000004 1.5000000000000002 7.5000000000000009 1.5000000000000002
decision_type=2 2 2 2 2 2 2 2 2 2 2 2 2 2
left_child=1 -1 5 4 -4 6 7 -2 9 10 11 13 -13 -8
right_child=2 -3 3 -5 -6 -7 8 -9 -10 -11 -12 12 -14 -15
leaf_value=-0.0044723269058052802 0 -0.056786099497901345 0.042079546082191978 0.0032738828308066896 0.00032373148719831626 -0.030857472458128418 -0.015732661383617171 0.036420687092309965 0.0060302095166372702 -0.055675377903795779 0.013873521757374236 0.048511340178323183 -0.029739006300443745 -0.068684578992905906
leaf_weight=7.5198376001790148 55.670533086173236 2.2960427706129849 8.2438758425414544 28.792537485249341 6.5065269442275158 3.9768142746761432 3.3019128832966143 11.027737166732548 31.065547262318432 4.6842328533530226 5.521310791373252 2.6815243847668171 3.5793233662843704 4.1785748228430748
leaf_count=68 343 66 185 318 53 38 30 67 266 29 40 29 24 21
internal_value=0.00130146 -0.0174105 0.00241122 0.0103759 0.0239553 -0.00033424 0.000667076 0.00607914 -0.00584839 -0.0213231 -0.0125959 -0.0234354 0.00361839 -0.0461571
internal_weight=179.046 9.81588 169.23 43.5429 14.7504 125.688 121.711 66.6983 55.0124 23.9469 19.2626 13.7413 6.26085 7.48049
internal_count=1577 134 1443 556 238 887 849 410 439 173 144 104 53 51
is_linear=0
shrinkage=0.05


Tree=121
num_leaves=15
num_cat=0
split_feature=9 2 2 24 10 2 21 29 3 2 5 0 28 22
split_gain=1.40348 2.92108 1.83403 3.08184 1.86226 1.73599 2.09858 2.27578 2.3111 2.00294 2.18651 1.98678 1.7141 5.99704
threshold=1.5000000000000002 1.4166666666666667 1.7083333333333337 1.0000000180025095e-35 1.5000000000000002 2.1250000000000004 3.5000000000000004 2.5000000000000004 1.5000000000000002 2.4166666666666674 2.5000000000000004 2.5000000000000004 1.4166666666666667 1.5000000000000002
decision_type=2 2 2 2 2 2 2 2 2 2 2 2 2 2
left_child=2 -2 3 -1 -5 6 7 8 11 10 12 -4 13 -7
right_child=1 -3 5 4 -6 9 -8 -9 -10 -11 -12 -13 -14 -15
leaf_value=0.031796441219419457 0.048787531844792342 0.0041653931420916083 -0.0092582126422019722 -0.029026786544804728 0.0036809740656195637 -0.075089058495643055 -0.035210418742844383 -0.0061365441031920121 0.043820063492565342 0.0014571785153827648 -0.060287064440867434 0.028317981909371234 0.01293856836397457 0.02384912871161771
leaf_weight=3.0774998990818885 3.7946312800049773 68.809177543735132 6.8030511830002087 16.689270015805963 5.6718742288649073 3.0882761701941472 2.2822535764425984 10.081446370109918 7.9190682191401711 33.214029466733336 2.7771899141371241 6.9590653227642179 4.3490939429029822 2.8243487365543842
leaf_count=30 38 638 39 125 50 20 16 78 54 333 30 65 34 27
internal_value=0.00123851 0.00659585 -0.00241923 -0.0140986 -0.0206398 0.00126267 0.00984117 0.0132571 0.0223764 -0.00500528 -0.0215432 0.00962974 -0.0103358 -0.0278017
internal_weight=178.34 72.6038 105.736 25.4386 22.3611 80.2978 34.0449 31.7626 21.6812 46.2529 13.0389 13.7621 10.2617 5.91262
internal_count=1577 676 901 205 175 696 252 236 158 444 111 104 81 47
is_linear=0
shrinkage=0.05


Tree=122
num_leaves=15
num_cat=0
split_feature=9 1 3 32 8 24 7 7 4 28 4 9 6 7
split_gain=1.27144 2.71149 1.50647 2.00658 3.0299 2.18645 4.96339 1.98522 3.17657 1.68622 1.61582 1.25059 3.9092 2.96369
threshold=1.5000000000000002 4.5000000000000009 1.5000000000000002 1.0000000180025095e-35 1.5000000000000002 1.0000000180025095e-35 1.5000000000000002 1.5000000000000002 2.5000000000000004 2.2916666666666674 4.5000000000000009 2.5000000000000004 2.5000000000000004 2.5000000000000004
decision_type=2 2 2 2 2 2 2 2 2 2 2 2 2 2
left_child=2 -2 10 5 7 -4 -7 8 -5 -6 -1 12 13 -3
right_child=1 11 3 4 9 6 -8 -9 -10 -11 -12 -13 -14 -15
leaf_value=-0.0051584634397271777 0.04735603243994297 -0.01020991625274861 0.053314712580609269 -0.016794010461486375 0.040042310767651586 -0.024328163731361818 0.051155358919612232 -0.022164061785598932 0.040246963437142652 0 -0.035005944803663203 -0.0019529922232035726 0.044710503147908642 0.027869062365536042
leaf_weight=51.796517690643668 3.718847779557108 16.060357666574426 3.6756482273340199 5.8911632709205168 5.3291078368201834 5.0654815873131156 3.6488478109240532 15.740927626378832 3.9947286918759346 5.3403785885311663 4.9295454975217572 38.564563909545541 6.7845644867047659 7.359965498559176
leaf_count=427 38 131 27 42 119 35 38 105 29 36 43 321 82 104
internal_value=0.00118064 0.00628273 -0.00230681 0.00410716 -0.00177303 0.0214095 0.00721631 -0.0111524 0.00617719 0.0204172 -0.00785327 0.00395977 0.011573 0.00171793
internal_weight=177.901 72.4883 105.412 48.6863 36.2963 12.39 8.71433 25.6268 9.88589 10.6695 56.7261 68.7695 30.2049 23.4203
internal_count=1577 676 901 431 331 100 73 176 71 155 470 638 317 235
is_linear=0
shrinkage=0.05


Tree=123
num_leaves=15
num_cat=0
split_feature=22 28 4 3 7 2 28 10 5 2 2 29 7 8
split_gain=1.19088 1.72185 1.44531 2.13378 5.9601 3.19368 3.48409 2.4005 3.79178 2.34959 5.09734 2.89802 2.43527 2.34256
threshold=1.0000000180025095e-35 1.5833333333333337 2.5000000000000004 1.5000000000000002 1.5000000000000002 3.1250000000000004 1.4166666666666667 1.5000000000000002 2.5000000000000004 2.8750000000000004 2.4166666666666674 2.5000000000000004 1.5000000000000002 1.5000000000000002
decision_type=2 2 2 2 2 2 2 2 2 2 2 2 2 2
left_child=1 -1 -2 9 7 6 -6 8 -5 10 11 -4 -12 -8
right_child=2 -3 3 4 5 -7 13 -9 -10 -11 12 -13 -14 -15
leaf_value=-0.003705818801938536 0.0074498150810310736 -0.053386700277969268 -0.031948933480853398 -0.01524249536111312 0.036777416337408851 0.023435085280261544 -0.026002126000502473 0.056440676552821034 0.061213398848630945 -0.033135070247643249 -0.0056235462405851474 0.00013986058686240701 0.041982894152373523 0.018026264457000295
leaf_weight=7.5497386264614743 72.657177980989218 2.2286039011087269 13.665736528113484 4.2767018731683475 2.9620497711002853 7.4355834918096653 20.752111965790395 6.2695590173825622 2.4556509926915169 8.4875131072476488 4.1432878170162422 14.076032792218029 7.0199850220233202 3.3909504679031661
leaf_count=72 748 62 82 28 22 72 134 48 15 79 29 76 68 42
internal_value=0.00113384 -0.0157076 0.00214016 -0.00190076 0.00554485 -0.00527008 -0.0132937 0.0342874 0.0127669 -0.00941854 -0.00410877 -0.0156354 0.0241986 -0.0196663
internal_weight=177.371 9.77834 167.592 94.9352 47.5426 34.5407 27.1051 13.0019 6.73235 47.3926 38.905 27.7418 11.1633 24.1431
internal_count=1577 134 1443 695 361 270 198 91 43 334 255 158 97 176
is_linear=0
shrinkage=0.05


Tree=124
num_leaves=15
num_cat=0
split_feature=9 1 2 24 1 5 3 3 2 24 2 10 28 24
split_gain=1.15608 2.48176 1.60121 2.7095 1.6912 3.58259 2.68781 4.05107 2.60752 1.79261 3.50617 2.69848 1.79251 4.39859
threshold=1.5000000000000002 4.5000000000000009 1.7083333333333337 1.0000000180025095e-35 6.5000000000000009 2.5000000000000004 2.5000000000000004 1.5000000000000002 2.8750000000000004 1.0000000180025095e-35 2.4166666666666674 1.5000000000000002 1.4166666666666667 1.5000000000000002
decision_type=2 2 2 2 2 2 2 2 2 2 2 2 2 2
left_child=2 -2 3 -1 6 12 7 8 -4 -9 11 -11 13 -6
right_child=1 -3 4 -5 5 -7 -8 9 -10 10 -12 -13 -14 -15
leaf_value=0.030046083774614749 0.045727407919533045 0.0037563938661412631 0.0060660242066355166 -0.019298238617430147 0.0022082950883635676 -0.045145282522521729 -0.019139989027995206 0.055652686947918008 -0.041069220526211037 0.076584961990635872 -0.016005292238018689 0.0080663733815645334 0.015804971640704657 -0.067149564603420642
leaf_weight=3.0504342569038299 3.634532254189252 68.230591948144138 23.232518106698993 22.304412608034909 11.240971976891165 5.2758597938809535 8.1549067865125817 5.3862542575225225 3.2558829681947818 2.9531078860163671 4.0594329638406634 2.9353052116930485 10.223074646200983 2.748433136381208
leaf_count=30 38 638 167 175 114 51 69 30 28 20 29 29 130 29
internal_value=0.00108462 0.00597438 -0.00224648 -0.0131687 0.00121919 -0.00822167 0.00684483 0.0120048 4.55884e-05 0.0323672 0.019082 0.0435518 0 -0.0116206
internal_weight=176.686 71.8651 104.821 25.3548 79.4657 29.4883 49.9774 41.8225 26.4884 15.3341 9.94785 5.88841 24.2125 13.9894
internal_count=1577 676 901 205 696 324 372 303 195 108 78 49 273 143
is_linear=0
shrinkage=0.05


Tree=125
num_leaves=15
num_cat=0
split_feature=22 1 7 8 14 7 8 32 6 28 28 4 6 5
split_gain=1.20674 1.90998 1.88399 1.82956 3.2792 2.39517 2.76536 3.16455 1.87697 2.23601 2.00807 1.7346 2.55056 2.50454
threshold=1.0000000180025095e-35 4.5000000000000009 1.5000000000000002 1.0000000180025095e-35 1.5000000000000002 3.5000000000000004 2.5000000000000004 1.0000000180025095e-35 2.5000000000000004 2.5833333333333335 2.0833333333333335 4.5000000000000009 1.5000000000000002 1.0000000180025095e-35
decision_type=2 2 2 2 2 2 2 2 2 2 2 2 2 2
left_child=1 2 -1 8 5 6 -5 -8 11 10 -10 12 -2 -14
right_child=3 -3 -4 4 -6 -7 7 -9 9 -11 -12 -13 13 -15
leaf_value=-0.017585392800865372 0.004520410823173642 -0.055739676822890771 0.041123647028645842 0.017600126597036619 -0.028958889138914919 0.052166930167001718 -0.06689527106604809 0.0058782698691543034 0.0052421561985933705 -0.010816529820633948 0.041754922371278147 -0.031719796029154486 -0.029484330368367995 -0.0042142729959733028
leaf_weight=6.0174730438739044 49.761540642008185 2.3180596067104489 1.649899980984628 26.910422587301582 4.6636508279480031 3.8182468712329856 2.1355697112157932 4.3038051780313253 8.6933261295780557 7.8306040083989492 6.846879716962575 5.650152542628347 13.846982898190616 34.215665633790195
leaf_count=51 341 73 19 322 51 98 20 31 60 50 68 65 79 225
internal_value=-8.20731e-05 -0.0168954 -0.00426346 0.000907863 0.00997282 0.0149894 0.010515 -0.0185281 -0.00206744 0.0106678 0.0216533 -0.00497548 -0.00337443 -0.0115927
internal_weight=178.662 9.98543 7.66737 168.677 41.8317 37.168 33.3498 6.43937 126.845 23.3708 15.5402 103.474 97.8242 48.0626
internal_count=1553 143 70 1410 522 471 373 51 888 178 128 710 645 304
is_linear=0
shrinkage=0.05


Tree=126
num_leaves=15
num_cat=0
split_feature=22 1 7 1 24 23 24 5 2 2 1 28 4 4
split_gain=1.1035 1.8348 1.72661 1.43624 3.15687 1.36318 2.95121 2.92663 1.54297 1.14364 1.64778 2.43297 2.69961 1.82803
threshold=1.0000000180025095e-35 4.5000000000000009 1.5000000000000002 3.5000000000000004 1.0000000180025095e-35 1.0000000180025095e-35 1.0000000180025095e-35 1.0000000180025095e-35 2.4166666666666674 1.7083333333333337 4.5000000000000009 1.8750000000000002 1.5000000000000002 1.5000000000000002
decision_type=2 2 2 2 2 2 2 2 2 2 2 2 2 2
left_child=1 2 -1 4 -2 9 7 -7 -9 -5 11 -11 -13 -12
right_child=3 -3 -4 5 -6 6 -8 8 -10 10 13 12 -14 -15
leaf_value=-0.016671359588132175 0.061604505180243296 -0.055239015317993183 0.039893482231463717 -0.0089355439569456015 -0.0066776518027518994 0.032668386905248703 -0.059649438052405003 -0.039629794952362879 0 -0.04482974942146771 0.033084582436393818 -0.028230776387041218 0.037338950256159333 0.0036641645456199144
leaf_weight=6.0350388088263553 2.9141607470810404 2.2253720301669091 1.6196053521707652 22.079459992237389 3.6921581476926804 3.8262104019522676 2.7857633018866172 4.4739115945994854 5.5536020062863827 4.1369903534650785 5.4897977742366484 3.0348322866484523 3.0257860720157623 107.04014945868403
leaf_count=51 20 73 19 168 29 50 38 32 36 17 135 18 18 849
internal_value=-7.90223e-05 -0.0162454 -0.00402061 0.000865648 0.0235395 -6.06765e-05 -0.0135848 -0.00378173 -0.0181221 0.00148441 0.00338513 -0.0157054 0.00417406 0.00514974
internal_weight=177.933 9.88002 7.65464 168.053 6.60632 161.447 16.6395 13.8537 10.0275 144.807 122.728 10.1976 6.06062 112.53
internal_count=1553 143 70 1410 49 1361 156 118 68 1205 1037 53 36 984
is_linear=0
shrinkage=0.05


Tree=127
num_leaves=15
num_cat=0
split_feature=22 1 8 14 2 22 2 32 9 29 1 7 9 1
split_gain=1.00863 1.7619 1.66407 3.02569 3.19328 2.45626 2.19877 2.1892 2.78823 2.27158 1.09345 1.06854 1.05581 1.79302
threshold=1.0000000180025095e-35 4.5000000000000009 1.0000000180025095e-35 1.5000000000000002 2.1250000000000004 1.5000000000000002 1.5833333333333337 1.0000000180025095e-35 1.5000000000000002 2.5000000000000004 3.5000000000000004 3.5000000000000004 2.5000000000000004 9.5000000000000018
decision_type=2 2 2 2 2 2 2 2 2 2 2 2 2 2
left_child=1 10 -2 4 5 6 -4 8 -8 -9 -1 -5 -6 -14
right_child=2 -3 3 11 12 -7 7 9 -10 -11 -12 -13 13 -15
leaf_value=-0.018887664032160321 -0.002010811071263541 -0.054748286067372726 0.03813224870119053 -0.0062498291346913511 0.03963815694083405 0.038666288305818731 -0.090418089549434311 0.037226797540438832 -0.0071317561009528203 -0.013245557216010714 0.019292661558423629 -0.05591445599171211 -0.024455618567584277 0.050616700974530741
leaf_weight=4.696819734759627 126.29303014464676 2.1362095796503127 2.4196998011320892 2.7049933774396768 11.371652241330592 3.7650394262745968 1.6886409893631942 2.8509040381759396 2.503505683504045 8.990730058401823 2.9456121847033501 1.9056183034554122 1.8456834638491266 1.2324131336063144
leaf_count=43 888 73 35 35 203 53 16 39 29 56 27 16 20 20
internal_value=-7.80311e-05 -0.0156167 0.000822587 0.00953572 0.0143942 0.00233781 -0.00510795 -0.0119843 -0.0425878 -0.000674872 -0.00378986 -0.0280587 0.0326174 0.00546222
internal_weight=177.351 9.77864 167.572 41.2789 36.6683 22.2185 18.4535 16.0338 4.19215 11.8416 7.64243 4.61061 14.4497 3.0781
internal_count=1553 143 1410 522 471 228 175 140 45 95 70 51 243 40
is_linear=0
shrinkage=0.05


Tree=128
num_leaves=15
num_cat=0
split_feature=22 8 14 2 22 6 2 10 32 6 30 33 0 5
split_gain=0.922479 1.51945 2.77363 2.96139 2.26205 3.52629 1.86205 2.38845 1.99343 1.68927 2.70854 1.95094 1.93519 2.75283
threshold=1.0000000180025095e-35 1.0000000180025095e-35 1.5000000000000002 2.1250000000000004 1.5000000000000002 2.5000000000000004 1.5833333333333337 1.5000000000000002 1.0000000180025095e-35 2.5000000000000004 0.45220861134162554 2.5000000000000004 2.5000000000000004 1.0000000180025095e-35
decision_type=2 2 2 2 2 2 2 2 2 2 2 2 2 2
left_child=-1 9 3 4 5 6 -3 8 -8 -2 -11 12 -12 -14
right_child=1 2 -4 -5 -6 -7 7 -9 -10 10 11 -13 13 -15
leaf_value=-0.015002664487973461 -0.0046701027450544155 0.056094045167386669 -0.026889367293494882 0.031624533238442241 0.037445395918925886 -0.032041336504934535 -0.046296127581625962 0.050639483627017784 0.0079755532902693813 -0.024527865994788435 0.023076756099434274 0.041472220931226371 0.011720978240552168 -0.062028570950596662
leaf_weight=9.6937326090410334 103.11909243930131 1.920240699313587 4.5868924469687036 14.176147311460225 3.6983921760693184 7.1920030498877159 2.4450992811471206 1.9491164544597266 4.8250773660838604 4.3887663371861008 7.53469977527857 6.1592388004064551 3.1827833652496338 1.9322276432067154
leaf_count=143 710 31 51 243 53 44 26 38 36 29 45 65 19 20
internal_value=-7.52301e-05 0.000784186 0.00917217 0.0138711 0.00224259 -0.00488857 0.0125487 0.00270602 -0.0103183 -0.00190998 0.0102195 0.0185462 0.0069496 -0.0163142
internal_weight=176.804 167.11 40.793 36.2061 22.0299 18.3315 11.1395 9.21929 7.27018 126.317 23.1977 18.8089 12.6497 5.11501
internal_count=1553 1410 522 471 228 175 131 100 62 888 178 149 84 39
is_linear=0
shrinkage=0.05


Tree=129
num_leaves=15
num_cat=0
split_feature=2 22 1 8 14 7 8 32 6 30 2 5 4 30
split_gain=0.921011 0.867037 1.70572 1.25226 2.2522 2.19986 2.44534 2.52119 1.88286 2.98023 1.97589 1.72242 1.94452 1.64255
threshold=3.5833333333333335 1.0000000180025095e-35 4.5000000000000009 1.5000000000000002 1.5000000000000002 3.5000000000000004 2.5000000000000004 1.0000000180025095e-35 2.5000000000000004 0.45220861134162554 1.8750000000000002 1.0000000180025095e-35 3.5000000000000004 0.45220861134162554
decision_type=2 2 2 2 2 2 2 2 2 2 2 2 2 2
left_child=1 2 -1 8 5 6 -5 -8 13 -10 -11 -12 -13 -3
right_child=-2 3 -4 4 -6 -7 7 -9 9 10 11 12 -14 -15
leaf_value=-0.0028306217085109706 -0.032709275939900376 0.0048310627179208978 -0.054196250188839001 0.016400638794985666 -0.024254008450845896 0.051477446428359608 -0.06168504019068928 0.0037226524215501116 -0.024041239743656604 -0.011067989400254399 0.058074075793905056 -0.011684042638985186 0.03288621947706627 -0.008507357555302816
leaf_weight=7.6686744564212841 2.0360997919924548 34.239725128747523 1.9949591977056114 24.167994994670156 4.3312839074060312 3.3618641505017868 2.0981269171461454 4.2457327470183372 4.5055731907486942 3.7091377750039127 3.7826731018722048 3.4897887613624317 7.3071152381598949 69.324611153453588
leaf_count=70 24 249 65 292 47 95 20 31 30 29 31 31 56 483
internal_value=-6.54644e-05 0.00032023 -0.0141371 0.00119245 0.00911965 0.0135194 0.00910094 -0.0181435 -0.00118991 0.0117605 0.0207993 0.029097 0.0182757 -0.00407298
internal_weight=176.263 174.227 9.66363 164.564 38.205 33.8737 30.5119 6.34386 126.359 22.7943 18.2887 14.5796 10.7969 103.564
internal_count=1553 1529 135 1394 485 438 343 51 909 177 147 118 87 732
is_linear=0
shrinkage=0.05


Tree=130
num_leaves=15
num_cat=0
split_feature=22 1 30 21 24 4 0 5 1 13 7 7 33 9
split_gain=1.75592 4.66741 1.7803 3.18598 2.95129 3.36061 2.44749 1.79222 2.9818 4.2243 2.70543 1.65792 2.75224 2.12759
threshold=1.5000000000000002 8.5000000000000018 0.48570226039551589 3.5000000000000004 1.0000000180025095e-35 4.5000000000000009 3.5000000000000004 1.5000000000000002 6.5000000000000009 2.5000000000000004 1.5000000000000002 1.5000000000000002 1.5000000000000002 1.5000000000000002
decision_type=2 2 2 2 2 2 2 2 2 2 2 2 2 2
left_child=1 11 3 6 -4 7 -2 8 10 -10 -6 13 -13 -1
right_child=2 -3 4 -5 5 -7 -8 -9 9 -11 -12 12 -14 -15
leaf_value=-0.014931159674370914 -0.00029527962059307906 -0.048067795045876507 -0.034363253236458807 -0.031984232045443109 0.011300173203873644 -0.016569125232021295 0.041910729280272591 0.050897465535118591 -0.039664759071756109 0.052959582117544757 0.063288493936347487 0.029064296694099673 -0.0013380881070025577 0.014720959276072119
leaf_weight=35.278394092572853 25.251411517616365 5.8062093823682508 2.6788041917607215 7.0017390623688689 5.9335576230660134 5.0847100894898167 3.8552442453801623 6.1908879447728387 3.8404963444918385 1.6798327961005268 4.4946451727300882 8.5889151254668814 51.112570605706424 7.1317307548597446
leaf_count=256 212 81 25 44 43 57 54 68 27 43 29 92 475 52
internal_value=-0.000889556 -0.00482949 0.00551134 -0.00190183 0.0145227 0.0195327 0.00533376 0.0279737 0.0186577 -0.0105936 0.0343333 -0.00230181 0.00303521 -0.00986312
internal_weight=173.929 107.918 66.0113 36.1084 29.9029 27.2241 29.1067 22.1394 15.9485 5.52033 10.4282 102.112 59.7015 42.4101
internal_count=1558 956 602 310 292 267 266 210 142 70 72 875 567 308
is_linear=0
shrinkage=0.05


Tree=131
num_leaves=15
num_cat=0
split_feature=22 2 10 28 7 11 31 4 3 31 2 30 21 4
split_gain=1.59629 1.90755 2.0577 2.60489 1.92324 2.45219 2.26387 2.85918 1.81763 1.73757 1.72895 1.63249 2.89151 2.52047
threshold=1.5000000000000002 2.7083333333333335 2.5000000000000004 1.8750000000000002 1.5000000000000002 1.5000000000000002 1.0000000180025095e-35 2.5000000000000004 1.5000000000000002 1.0000000180025095e-35 3.2916666666666674 0.48570226039551589 3.5000000000000004 4.5000000000000009
decision_type=2 2 2 2 2 2 2 2 2 2 2 2 2 2
left_child=1 2 3 4 8 -6 7 -7 -1 -4 -3 12 -2 -13
right_child=11 10 9 -5 5 6 -8 -9 -10 -11 -12 13 -14 -15
leaf_value=-0.01335209115365428 0.0050957089781775815 -0.034070920795948798 0 -0.015175686909293454 0.025592448225169536 -0.048271038890179967 0.023800889093226085 0.0070403561552299437 0.023991568862329164 0.048240412464767055 0.0030592945465208522 0.020787227898700404 -0.030521685237128001 -0.016986947348111455
leaf_weight=20.959580921102319 28.984399314038455 9.3327774233184737 3.8280870998278251 33.198810732923448 14.749681488377973 4.1665340103209001 4.8097975302953282 4.9731945064850152 3.722683433443307 3.4857367612421513 4.49664482474327 24.33557264413685 6.9758537225425234 5.2376054148189715
leaf_count=127 266 95 39 283 152 32 50 29 26 67 56 231 44 61
internal_value=-0.000843518 -0.00459776 -0.00200465 -0.00418948 0.00261188 0.0114296 -0.0034432 -0.0181534 -0.0075448 0.0232295 -0.0218832 0.0052872 -0.00180979 0.0139782
internal_weight=173.257 107.724 93.8941 86.5803 53.3815 28.6992 13.9495 9.13973 24.6823 7.31382 13.8294 65.5334 35.9603 29.5732
internal_count=1558 956 805 699 416 263 111 61 153 106 151 602 310 292
is_linear=0
shrinkage=0.05


Tree=132
num_leaves=15
num_cat=0
split_feature=22 1 10 3 4 9 3 6 14 9 5 9 4 1
split_gain=1.44204 4.27276 1.8876 1.70196 1.92505 1.66794 3.57086 1.52546 4.63406 3.62914 1.77292 3.30849 3.59492 1.67426
threshold=1.5000000000000002 8.5000000000000018 2.5000000000000004 2.5000000000000004 2.5000000000000004 1.5000000000000002 1.5000000000000002 2.5000000000000004 1.5000000000000002 2.5000000000000004 1.5000000000000002 1.5000000000000002 4.5000000000000009 6.5000000000000009
decision_type=2 2 2 2 2 2 2 2 2 2 2 2 2 2
left_child=1 2 3 -1 -5 6 -4 10 -9 -10 -2 13 -13 -12
right_child=7 -3 5 4 -6 -7 -8 8 9 -11 11 12 -14 -15
leaf_value=-0.0010677377978032855 -0.0059809096790545257 -0.046496072797334247 0.042023886073000512 -0.0034980401001514284 -0.041355812330948191 0.049199294767376875 -0.050161747265665614 0.036869600657097691 0.043169196385436939 -0.034832319811475512 0.016796235399130287 0.05717198370779885 -0.017669592477302088 -0.037412040204309563
leaf_weight=80.695564400870353 33.316868700552732 5.6065779069904229 2.2607062216848126 7.9876418821513635 5.9303085985593498 3.1443557357415557 1.7913182126358149 11.429842942394318 1.930700261145829 5.3988550426438451 2.397347789257763 5.6434032265096903 2.1095884433016181 3.1253040414303541
leaf_count=650 299 81 35 65 54 50 21 112 27 38 14 63 22 27
internal_value=-0.000800398 -0.00437446 -0.00198699 -0.00389541 -0.0199872 0.0224706 0.000441766 0.00503367 0.0170327 -0.0136447 0.000122863 0.0155581 0.0365236 -0.0135557
internal_weight=172.768 107.416 101.81 94.6135 13.918 7.19638 4.05202 65.3519 18.7594 7.32956 46.5925 13.2756 7.75299 5.52265
internal_count=1558 956 875 769 119 106 56 602 177 65 425 126 85 41
is_linear=0
shrinkage=0.05


Tree=133
num_leaves=15
num_cat=0
split_feature=2 23 24 5 31 5 2 6 5 2 8 10 33 10
split_gain=1.01703 0.942014 3.04263 2.76323 1.474 2.56161 2.36886 3.24277 4.14355 3.22827 1.72902 2.33058 2.23682 1.72693
threshold=3.5833333333333335 1.0000000180025095e-35 1.0000000180025095e-35 1.0000000180025095e-35 1.0000000180025095e-35 2.5000000000000004 2.4166666666666674 1.5000000000000002 1.5000000000000002 2.7083333333333335 1.5000000000000002 1.5000000000000002 1.5000000000000002 2.5000000000000004
decision_type=2 2 2 2 2 2 2 2 2 2 2 2 2 2
left_child=1 4 3 -3 5 10 7 8 -6 -8 -1 12 -12 -9
right_child=-2 2 -4 -5 6 -7 9 13 -10 -11 11 -13 -14 -15
leaf_value=-0.0064695735585078244 -0.035750007212901967 0.033255318613010759 -0.057785931118331461 -0.014712311222594289 -0.011400743982433015 -0.03205404928545607 0.039474353631819975 -0.010458236569159002 0.044003633458915337 0.0039008531779193573 0.020386340378179331 0.047537655869439865 -0.017894696584541684 0.02808625299078606
leaf_weight=43.946591670624912 1.9536309866234649 3.9680857472121724 2.8303909974638364 11.299122932832688 5.7018818706274015 7.3662729272618881 10.302600684575738 38.09073598543182 7.8544870633631945 17.017562683206052 8.2522804420441407 3.5512588685378423 6.8947490984573951 3.0201060818508259
leaf_count=292 19 55 65 91 47 57 125 267 69 181 77 99 72 42
internal_value=-0.000762545 -0.00032524 -0.011087 -0.00194713 0.000946116 -0.00435895 0.0055065 -0.000463692 0.0206043 0.017502 -0.00101661 0.0116328 0.00279422 -0.00750472
internal_weight=172.05 170.096 18.0976 15.2672 151.999 70.0112 81.9874 54.6672 13.5564 27.3202 62.6449 18.6983 15.147 41.1108
internal_count=1558 1539 211 146 1328 597 731 425 116 306 540 248 149 309
is_linear=0
shrinkage=0.05


Tree=134
num_leaves=15
num_cat=0
split_feature=22 1 10 28 3 3 4 9 28 6 9 9 11 24
split_gain=1.32783 3.89948 1.67739 1.61096 4.50806 1.5163 1.80203 1.48433 1.429 1.3781 2.91243 1.7262 1.67291 4.47631
threshold=1.5000000000000002 8.5000000000000018 2.5000000000000004 1.8750000000000002 1.5000000000000002 2.5000000000000004 2.5000000000000004 1.5000000000000002 2.4166666666666674 2.5000000000000004 2.5000000000000004 1.5000000000000002 1.0000000180025095e-35 1.0000000180025095e-35
decision_type=2 2 2 2 2 2 2 2 2 2 2 2 2 2
left_child=1 2 5 4 -4 -1 8 -8 -7 12 11 -11 13 -2
right_child=9 -3 3 -5 -6 6 7 -9 -10 10 -12 -13 -14 -15
leaf_value=-0.001020300703649752 -0.01097697004691902 -0.045064282380895153 0.044307389040596085 0.055657353537213086 -0.052668307649410231 0.02652541982134702 -0.064233826224811386 -0.012147533775585029 -0.017944507811646051 0.014310776054246936 -0.0033655836978740724 0.058408180626760203 -0.0089074400158172685 0.033572271407167523
leaf_weight=80.396746635437012 11.745730831287803 5.4318300911691031 2.8187900753691784 2.2318024192936718 1.927132925018668 2.5787319522351009 2.9774462985806167 2.8177950391545892 5.3771444549784064 4.8916489640250802 9.1824170751497149 4.434592236764729 23.876234036404639 10.587293599732218
leaf_count=650 106 81 47 35 24 29 28 26 36 51 78 48 171 148
internal_value=-0.000724599 -0.00416688 -0.00190309 0.0215239 0.00413921 -0.00368689 -0.0189768 -0.0399679 -0.00306983 0.0049022 0.016393 0.0359413 0.00022025 0.0100863
internal_weight=171.275 106.557 101.126 6.97773 4.74592 94.1479 13.7511 5.79524 7.95588 64.7179 18.5087 9.32624 46.2093 22.333
internal_count=1558 956 875 106 71 769 119 54 65 602 177 99 425 254
is_linear=0
shrinkage=0.05


Tree=135
num_leaves=15
num_cat=0
split_feature=2 2 6 14 2 28 2 29 28 22 28 5 3 31
split_gain=1.58404 2.01149 2.5367 2.01952 1.61074 3.73687 2.41571 2.34281 3.85321 2.58098 3.47576 2.24414 2.43921 2.04043
threshold=3.1250000000000004 2.7083333333333335 2.5000000000000004 1.5000000000000002 2.4166666666666674 1.7083333333333337 2.2916666666666674 2.5000000000000004 2.2916666666666674 1.5000000000000002 1.5833333333333337 1.5000000000000002 1.5000000000000002 1.0000000180025095e-35
decision_type=2 2 2 2 2 2 2 2 2 2 2 2 2 2
left_child=1 4 -3 -4 6 -6 13 9 11 -8 -11 -9 -13 -1
right_child=-2 2 3 -5 5 -7 7 8 -10 10 -12 12 -14 -15
leaf_value=0.010544960380506766 0.019370644093116215 -0.034806836160855247 0.021749044184637453 -0.025576289999578047 0.028842361598177005 -0.0059438655107560611 -0.060462252213664719 -0.017605074552851225 -0.064745495634830924 0.02995756777791049 -0.053823888905878053 0.065584990737860102 0 -0.0044517567519306491
leaf_weight=47.891456448007375 12.265306530753149 8.4061599571723491 5.5889495958108455 3.6168549102731049 16.673768693581227 14.068534672260283 4.55175213329494 3.461810735287143 1.8006085478700704 2.6468435954302549 2.1385403713211417 2.752599144121632 2.9692224469035864 42.649770371848717
leaf_count=386 156 101 57 42 176 122 42 28 20 25 14 15 26 365
internal_value=0.00212317 0.000767488 -0.0150975 0.00281178 0.00276759 0.0128745 -2.16186e-05 -0.0155795 0 -0.0338507 -0.00730714 0.013395 0.0325603 0.003456
internal_weight=171.482 159.217 17.612 9.2058 141.605 30.7423 110.863 20.3214 10.9842 9.33714 4.78538 9.18363 5.72182 90.5412
internal_count=1575 1419 200 99 1219 298 921 170 89 81 39 69 41 751
is_linear=0
shrinkage=0.05


Tree=136
num_leaves=15
num_cat=0
split_feature=2 2 6 14 11 21 30 1 5 6 1 9 6 8
split_gain=1.43737 1.83112 2.31959 1.83896 1.516 2.64516 2.61175 2.3004 2.25948 2.25886 2.70356 3.94223 2.86683 2.57996
threshold=3.1250000000000004 2.7083333333333335 2.5000000000000004 1.5000000000000002 1.5000000000000002 3.5000000000000004 0.45220861134162554 7.5000000000000009 1.5000000000000002 2.5000000000000004 6.5000000000000009 2.5000000000000004 1.5000000000000002 1.5000000000000002
decision_type=2 2 2 2 2 2 2 2 2 2 2 2 2 2
left_child=1 4 -3 -4 5 -1 -6 9 -7 10 13 12 -12 -8
right_child=-2 2 3 -5 6 8 7 -9 -10 -11 11 -13 -14 -15
leaf_value=0.010648824591191696 0.018481774934885512 -0.033441693531801077 0.020852222169357396 -0.024431101274195361 -0.034747945078470739 -0.033588741405803271 0.0033909107565709851 0.021839312669880116 0.022345617944172988 -0.027648422607592118 -0.016149159441281084 0.024257349935470268 -0.082181385707080071 0.052713169911658114
leaf_weight=68.878434704383835 12.218478560680522 8.3182240447495133 5.5433456785976887 3.6021464210934937 5.8022764276247463 6.4448831183835846 25.919722031801943 10.010896471096201 2.358067634049803 8.4840541892917809 4.5829506642185134 3.1898838486522436 2.6415998162701726 2.8775774929672471
leaf_count=675 156 101 57 42 42 41 161 88 28 60 40 20 18 46
internal_value=0.00202052 0.000726194 -0.0144782 0.00267469 0.00263342 0.0073235 -0.00306647 0.000130387 -0.018242 -0.00440997 0.000611974 -0.0210311 -0.041427 0.00857132
internal_weight=170.873 158.654 17.4637 9.14549 141.19 77.6814 63.509 57.7067 8.80295 47.6958 39.2117 10.4144 7.22455 28.7973
internal_count=1575 1419 200 99 1219 744 475 433 69 345 285 78 58 207
is_linear=0
shrinkage=0.05


Tree=137
num_leaves=15
num_cat=0
split_feature=2 2 6 24 11 4 6 11 30 9 9 23 3 10
split_gain=1.30356 1.66702 2.11987 1.76593 1.8249 1.51433 1.67512 1.37423 2.3563 2.12566 2.35463 2.49078 2.10146 2.09373
threshold=3.1250000000000004 2.7083333333333335 2.5000000000000004 1.0000000180025095e-35 1.5000000000000002 4.5000000000000009 1.5000000000000002 1.5000000000000002 0.45220861134162554 2.5000000000000004 1.5000000000000002 1.0000000180025095e-35 2.5000000000000004 1.5000000000000002
decision_type=2 2 2 2 2 2 2 2 2 2 2 2 2 2
left_child=1 7 -3 -4 -5 -2 -7 9 -9 10 12 -12 -1 -11
right_child=5 2 3 4 -6 6 -8 8 -10 13 11 -13 -14 -15
leaf_value=0.0099512631650372149 0.036160569500106453 -0.032114546249810035 0.032193734968745398 -0.029208653604667692 0.0336443089557069 -0.02851167136150656 0.022260608044061499 -0.032988035213609511 0.00012244052518040307 0.00058581252690428638 0.047840526928754311 -0.02083180185355241 -0.017073701610303211 -0.053770317870412226
leaf_weight=53.408075979910791 5.7112432024441642 8.2351797486189753 3.1880304007790983 4.4776958096772432 1.4223433225415645 2.6981655540876091 3.7650909477379173 5.8113283212296656 57.443329831003211 5.0366866048425427 6.7136966763064247 1.520527741871774 8.1601676405407471 2.5591970672830939
leaf_count=464 87 101 27 51 21 32 37 42 433 41 121 14 83 21
internal_value=0.00192539 0.000688925 -0.013879 0.00254285 -0.0133316 0.0176298 0.000572718 0.0025095 -0.00292729 0.00698308 0.00974434 0.0347618 0.006307 -0.0178637
internal_weight=170.151 157.976 17.3232 9.08807 5.90004 12.1745 6.46326 140.653 63.2547 77.3984 69.8025 8.23422 61.5682 7.59588
internal_count=1575 1419 200 99 72 156 69 1219 475 744 682 135 547 62
is_linear=0
shrinkage=0.05


Tree=138
num_leaves=15
num_cat=0
split_feature=2 2 28 5 22 9 4 6 2 28 1 30 5 30
split_gain=1.19383 1.51486 2.05322 1.70485 2.34694 2.07298 1.40138 1.52792 1.33201 3.34495 2.14268 3.30547 2.39995 1.97883
threshold=3.1250000000000004 2.7083333333333335 1.8750000000000002 2.5000000000000004 1.5000000000000002 2.5000000000000004 4.5000000000000009 1.5000000000000002 2.4166666666666674 1.7083333333333337 6.5000000000000009 0.9714045207910319 2.5000000000000004 0.60355339059327384
decision_type=2 2 2 2 2 2 2 2 2 2 2 2 2 2
left_child=1 8 -3 4 -4 -6 -2 -8 10 -10 11 -1 -12 -11
right_child=6 2 3 -5 5 -7 7 -9 9 13 12 -13 -14 -15
leaf_value=0.0064463200010533503 0.034973221746975765 -0.054581602464636385 -0.042644070457016028 0.027494710267854629 0.042078055769317786 -0.014602035483636644 -0.027405802735260561 0.021256895053140594 0.027019439803501574 -0.019288020205638329 -0.0070644605523459405 -0.038721797117732763 -0.056962916362493676 0.02025970928866069
leaf_weight=76.48504222324118 5.6157533195801062 2.4786952012218562 4.4630223889835161 2.9162594352383158 2.2359276823699474 5.0694593349471688 2.6714213318191469 3.7508245818316936 16.292065427638594 9.4242862975224835 26.745492204092447 4.1665330408141008 2.5822532102465621 4.5972272288054219
leaf_count=614 87 32 53 24 37 54 32 37 176 85 221 45 41 37
internal_value=0.00183741 0.000655721 -0.0132997 -0.00584037 -0.0144736 0.00274215 0.0169552 0.000521837 0.00238908 0.0116515 -0.000149474 0.00403687 -0.0117215 -0.00609284
internal_weight=169.494 157.456 17.1634 14.6847 11.7684 7.30539 12.038 6.42225 140.293 30.3136 109.979 80.6516 29.3277 14.0215
internal_count=1575 1419 200 168 144 91 156 69 1219 298 921 659 262 122
is_linear=0
shrinkage=0.05


Tree=139
num_leaves=15
num_cat=0
split_feature=2 2 5 12 21 11 11 30 30 4 22 2 7 11
split_gain=1.0935 1.38711 1.89285 1.71721 1.40578 2.72416 2.5532 1.82805 1.73286 1.81804 2.51362 4.01882 1.39936 2.38933
threshold=3.1250000000000004 2.8750000000000004 2.5000000000000004 2.5000000000000004 3.5000000000000004 1.5000000000000002 1.5000000000000002 1.0000000180025095e-35 0.48570226039551589 3.5000000000000004 1.5000000000000002 2.2916666666666674 2.5000000000000004 2.5000000000000004
decision_type=2 2 2 2 2 2 2 2 2 2 2 2 2 2
left_child=1 4 3 -3 6 -6 8 -8 -1 10 -10 -12 13 -9
right_child=-2 2 -4 -5 5 -7 7 12 9 -11 11 -13 -14 -15
leaf_value=0.016557135672112321 0.016299267303593132 -0.034394790645833111 0.017691545469008019 0.019628084084546769 -0.023472523072547088 0.043822023222160944 -0.030022794396536562 -0.0069644389776301347 -0.012624771775167283 0.042441749629882335 0.050876822203148743 -0.040000813975098408 0.019393975542993186 0.036595691421840375
leaf_weight=42.105443824315444 11.908233422320334 8.5332342155743373 3.2547067429404697 1.6420809654518951 10.617131575942038 1.6342772995121766 5.8689317973330608 45.868856693385169 18.811835486441858 2.2358830645680419 4.1290014702826729 1.5929353684186933 7.2733616719488046 3.2683544978499404
leaf_count=451 156 95 29 22 94 30 42 298 165 13 46 11 86 37
internal_value=0.001749 0.000618618 -0.0146633 -0.0253272 0.00207642 -0.0140112 0.00360777 -0.00369649 0.0102446 0.00019802 -0.00370703 0.0248954 -0.000864993 -0.00394783
internal_weight=168.744 156.836 13.43 10.1753 143.406 12.2514 131.155 62.2795 68.8751 26.7697 24.5338 5.72194 56.4106 49.1372
internal_count=1575 1419 146 117 1273 124 1149 463 686 235 222 57 421 335
is_linear=0
shrinkage=0.05


Tree=140
num_leaves=15
num_cat=0
split_feature=6 4 12 9 9 4 1 30 6 21 1 31 33 2
split_gain=0.963362 2.27958 2.22198 2.18357 1.93974 1.60644 1.95595 1.60208 1.53399 1.65693 1.59531 1.52151 2.49835 1.25831
threshold=1.5000000000000002 4.5000000000000009 2.5000000000000004 2.5000000000000004 2.5000000000000004 1.5000000000000002 2.5000000000000004 0.88177643582009468 2.5000000000000004 3.5000000000000004 12.500000000000002 1.5000000000000002 2.5000000000000004 1.8750000000000002
decision_type=2 2 2 2 2 2 2 2 2 2 2 2 2 2
left_child=1 4 3 13 5 6 -1 -6 -4 -10 -11 12 -5 -2
right_child=2 -3 8 11 7 -7 -8 -9 9 10 -12 -13 -14 -15
leaf_value=-0.026285716749101396 -0.013009301559364934 -0.028217240604586042 0.060913352493245032 -0.059398063396886504 0.007897011238684172 0 0.045383238564929256 0.048597668791944187 0.052096928478966777 -0.038339276715473602 0.029373992203635502 0.0018673361364830649 -0.014386485736287686 0.0021988681584476995
leaf_weight=1.1187979280948628 18.068361707963049 4.9911551671102634 1.8946834784001101 4.4936828608624646 5.5924015567870793 50.054739198647439 4.0121435183100402 4.4831514976685867 1.3839195501059292 2.0428602686151867 1.3379566613584755 5.4845556700602165 10.362578866770491 53.467364572221413
leaf_count=9 165 65 27 31 36 385 95 45 18 24 13 42 101 518
internal_value=-0.000526051 0.00392709 -0.00372708 -0.00577884 0.00646314 0.00270875 0.0290742 0.0265522 0.0238768 0.00768602 -0.0107495 -0.0202021 -0.0284747 -0.00162028
internal_weight=168.788 70.2524 98.536 91.8765 65.2612 55.1857 5.13094 10.0756 6.65942 4.76474 3.38082 20.3408 14.8563 71.5357
internal_count=1574 635 939 857 570 489 104 81 82 55 37 174 132 683
is_linear=0
shrinkage=0.05


Tree=141
num_leaves=15
num_cat=0
split_feature=6 5 22 5 13 2 8 21 5 4 9 4 2 2
split_gain=0.871995 2.25418 2.85723 3.21045 3.69235 2.49798 2.52784 2.17282 2.91886 4.51899 2.87832 2.27453 3.46238 2.11062
threshold=1.5000000000000002 2.5000000000000004 1.5000000000000002 1.5000000000000002 2.5000000000000004 2.1250000000000004 1.5000000000000002 3.5000000000000004 1.0000000180025095e-35 3.5000000000000004 1.5000000000000002 3.5000000000000004 1.8750000000000002 2.1250000000000004
decision_type=2 2 2 2 2 2 2 2 2 2 2 2 2 2
left_child=7 2 -2 4 5 6 -4 8 9 -1 -10 12 -12 -3
right_child=1 13 3 -5 -6 -7 -8 -9 10 -11 11 -13 -14 -15
leaf_value=0.043357566955188082 -0.014896109001965963 0.044707223975042835 -0.010046352742416192 0.026711630667614217 0.04767344364605558 -0.03521242986483774 0.042228617666915116 -0.018787170189231941 -0.0060063699772508541 -0.014150215649451105 0.059779928343811267 0.064747140201289174 -0.012735910009879215 0.0023128749450778917
leaf_weight=10.937911590095608 46.976774893701077 4.0501623945310703 12.77599816024304 10.641014533583073 2.7687541847117236 7.809829879552125 2.7173325996845952 9.1351213017478567 35.200735860969871 4.8076529242098323 2.282166935503481 2.5047339951852337 5.1494097781833261 10.559176928596569
leaf_count=167 434 37 76 115 59 80 36 87 251 28 21 24 57 102
internal_value=-0.000495797 -0.00354476 -0.00673109 0.00366079 -0.0057178 -0.0123449 -0.000505649 0.00374799 0.00719553 0.0256622 0.000655869 0.0243315 0.00969913 0.0144599
internal_weight=168.317 98.299 83.6897 36.7129 26.0719 23.3032 15.4933 70.0177 60.8826 15.7456 45.137 9.93631 7.43158 14.6093
internal_count=1574 939 800 366 251 192 112 635 548 195 353 102 78 139
is_linear=0
shrinkage=0.05


Tree=142
num_leaves=15
num_cat=0
split_feature=4 1 11 9 7 29 4 30 7 21 0 6 30 8
split_gain=0.84567 1.85459 1.69192 1.5929 1.63473 1.45161 1.36117 2.44784 2.81567 1.35131 3.26967 1.32803 2.16638 2.0226
threshold=4.5000000000000009 12.500000000000002 1.0000000180025095e-35 2.5000000000000004 1.5000000000000002 3.5000000000000004 3.5000000000000004 0.48570226039551589 1.5000000000000002 3.5000000000000004 3.5000000000000004 1.5000000000000002 0.45220861134162554 1.0000000180025095e-35
decision_type=2 2 2 2 2 2 2 2 2 2 2 2 2 2
left_child=1 6 3 4 -2 -3 9 -8 -9 10 11 13 -13 -1
right_child=2 5 -4 -5 -6 -7 7 8 -10 -11 -12 12 -14 -15
leaf_value=-0.0017419905864545977 -0.011369178194397344 0.056364080247955251 -0.044067592875815416 -0.031817664503039342 0.03592958255495312 -0.017188667159963165 -0.0012370527417136777 0.062396951156936435 0.0052008024119550231 -0.019075342414845139 0.052735033272515774 0.015737298292368414 -0.010272528622519719 0.021810772404879594
leaf_weight=34.797748569399118 3.7507201556581986 2.4315872252918775 3.1338235456496468 3.0822557099163532 3.3080349839292467 0.79649106599390496 15.611551253125073 3.9384569914545846 4.8746664524078369 10.911591341020538 2.6891189897432914 9.1514736115932447 57.083605656400323 12.172141733113675
leaf_count=233 30 51 44 38 39 8 109 30 42 104 46 99 513 188
internal_value=-0.000460597 0.000567976 -0.0125302 -0.00220507 0.0106401 0.0374934 -0.000227949 0.0105373 0.0314547 -0.00232786 -0.000714428 -0.00205158 -0.00662285 0.00434191
internal_weight=167.733 154.458 13.2748 10.141 7.05876 3.22808 151.23 24.4247 8.81312 126.806 115.894 113.205 66.2351 46.9699
internal_count=1574 1423 151 107 69 59 1364 181 72 1183 1079 1033 612 421
is_linear=0
shrinkage=0.05


Tree=143
num_leaves=15
num_cat=0
split_feature=4 11 9 4 0 33 5 6 21 13 10 11 6 0
split_gain=0.777265 1.57382 1.45879 1.23949 2.08506 1.82637 1.41673 3.96506 3.51804 2.67868 1.45072 1.62695 1.43179 1.37674
threshold=4.5000000000000009 1.0000000180025095e-35 2.5000000000000004 3.5000000000000004 3.5000000000000004 2.5000000000000004 1.0000000180025095e-35 1.5000000000000002 3.5000000000000004 2.5000000000000004 2.5000000000000004 2.5000000000000004 2.5000000000000004 2.5000000000000004
decision_type=2 2 2 2 2 2 2 2 2 2 2 2 2 2
left_child=3 2 -2 6 5 -5 7 8 10 -9 -1 -12 -8 -14
right_child=1 -3 -4 4 -6 -7 12 9 -10 -11 11 -13 13 -15
leaf_value=0.050082327855399081 0.010177796095236051 -0.042874133644259127 -0.030665180598986003 0.012025623027189691 0.051127589434973336 -0.025355391218231473 -0.0023897980017344145 -0.0070602134517919806 -0.011902285458361441 0.051866534522864598 -0.045072633842377474 0.049007231783407545 0.011328905454086833 -0.027358005985156961
leaf_weight=8.8811667868867499 7.0137397870421392 3.0645734039135268 3.0429706401191652 18.539084884570919 2.7458088444545856 3.8365989613812408 63.440050748176873 34.569684275425971 4.0536376181989899 1.9365566307678808 0.87842723401263245 0.76590511947870255 2.6965391235426059 11.669438758166505
leaf_count=124 69 44 38 134 31 27 523 310 29 52 32 11 34 116
internal_value=-0.000433102 -0.0120757 -0.00211462 0.000549769 0.0106985 0.00542064 -0.00141564 0.00502192 0.0269904 -0.00373287 0.0421752 0 -0.00567549 -0.0198954
internal_weight=167.134 13.1213 10.0567 154.013 25.1215 22.3757 128.891 51.0854 14.5791 36.5062 10.5255 1.64433 77.806 14.366
internal_count=1574 151 107 1423 192 161 1231 558 196 362 167 43 673 150
is_linear=0
shrinkage=0.05


Tree=144
num_leaves=15
num_cat=0
split_feature=12 32 30 6 28 30 2 7 5 10 6 30 32 7
split_gain=0.722648 1.36722 2.06088 1.73288 1.11728 2.08136 1.1046 0.855462 0.814221 4.30503 2.08603 1.51036 2.25847 1.37762
threshold=2.5000000000000004 1.5000000000000002 0.84759080068664439 2.5000000000000004 2.5833333333333335 0.76180168105713697 2.4166666666666674 2.5000000000000004 2.5000000000000004 1.5000000000000002 1.5000000000000002 0.45220861134162554 1.0000000180025095e-35 4.5000000000000009
decision_type=2 2 2 2 2 2 2 2 2 2 2 2 2 2
left_child=4 2 3 -2 8 -6 -7 -5 10 -10 13 -12 -13 -1
right_child=1 -3 -4 7 5 6 -8 -9 9 -11 11 12 -14 -15
leaf_value=0.0063204262885206974 0.060490290914046799 0.057491384136066116 -0.031282159407889185 -0.016849124908508702 -0.044605677281521365 -0.015865519148831678 0.036397054503548042 0.032229342654788599 0.035444856009705213 -0.016919221568970074 0.0086604321672121998 -0.025077885424549792 -0.003948072919119321 -0.038452675619565779
leaf_weight=61.634991499828175 1.8206322761252502 1.3691308405250309 2.5701410640031099 2.2682863948866729 3.9636521255597463 2.2506329359021042 1.6438437392935155 1.3142821765504775 8.1573092869948578 7.3261529922019681 11.87887948960997 18.665915961842984 40.081998050678521 1.6552151776850212
leaf_count=535 22 19 35 22 38 30 12 22 96 69 116 144 394 20
internal_value=-0.000408328 0.0130042 0.00443802 0.022143 -0.00122879 -0.0194876 0.00592738 0.000862939 -0.0002393 0.0105583 -0.00151331 -0.00743012 -0.0107353 0.00505123
internal_weight=166.601 9.34247 7.97334 5.4032 157.259 7.85813 3.89448 3.58257 149.4 15.4835 133.917 70.6268 58.7479 63.2902
internal_count=1574 120 101 66 1454 80 42 44 1374 165 1209 654 538 555
is_linear=0
shrinkage=0.05


Tree=145
num_leaves=15
num_cat=0
split_feature=4 10 23 14 9 28 1 30 31 11 1 2 23 24
split_gain=2.27096 1.81673 2.76715 2.29063 3.80459 2.54885 1.78443 3.69812 2.85179 1.83275 1.69663 1.59731 1.6862 1.59729
threshold=2.5000000000000004 1.5000000000000002 1.0000000180025095e-35 1.5000000000000002 1.5000000000000002 1.2916666666666667 5.5000000000000009 0.45220861134162554 1.0000000180025095e-35 1.5000000000000002 4.5000000000000009 1.8750000000000002 1.0000000180025095e-35 1.0000000180025095e-35
decision_type=2 2 2 2 2 2 2 2 2 2 2 2 2 2
left_child=1 3 6 4 5 -1 8 9 -3 -8 13 -2 -13 -7
right_child=11 2 -4 -5 -6 10 7 -9 -10 -11 -12 12 -14 -15
leaf_value=0.033501227860460926 -0.035714955003138746 0.019918770393377198 -0.033933249151433031 -0.034412560781889992 0.05365851262225399 0.014391269657145243 -0.0015323959324483639 0.024315371847884664 -0.034537059360858345 -0.065209432326884351 0.02306192697939545 0.00017212505126663473 -0.022263677084247133 -0.020709457313977848
leaf_weight=8.6987693067640084 3.610707687214016 3.9560131281614286 4.976107782451435 2.0038209015037856 6.4150652559474102 4.8248664969578412 3.4373601051047471 17.653402837458998 5.7111393352970481 1.6517976056784389 6.0574533692561081 79.593364100437611 9.2323048803955299 9.1402765335515124
leaf_count=77 29 34 49 22 76 35 43 275 46 16 70 596 127 74
internal_value=0.00168658 0.00818542 0.000329952 0.0160036 0.0190392 0.0110608 0.00575574 0.013441 -0.0120208 -0.0235403 0.00106928 -0.00352923 -0.00215409 -0.00838854
internal_weight=166.962 74.5261 37.3858 37.1403 35.1364 28.7214 32.4097 22.7426 9.66715 5.08916 20.0226 92.4364 88.8257 13.9651
internal_count=1569 817 463 354 332 256 414 334 80 59 179 752 723 109
is_linear=0
shrinkage=0.05


Tree=146
num_leaves=15
num_cat=0
split_feature=23 24 5 2 1 9 10 6 22 3 14 24 32 6
split_gain=2.04686 2.39938 2.77916 1.08552 1.06128 0.982934 2.98331 1.75452 3.44201 2.32232 2.45726 2.0821 1.73523 2.14657
threshold=1.0000000180025095e-35 1.0000000180025095e-35 1.0000000180025095e-35 3.5833333333333335 6.5000000000000009 2.5000000000000004 2.5000000000000004 2.5000000000000004 1.5000000000000002 1.5000000000000002 1.5000000000000002 1.5000000000000002 1.0000000180025095e-35 1.5000000000000002
decision_type=2 2 2 2 2 2 2 2 2 2 2 2 2 2
left_child=3 2 -2 5 -4 6 -1 11 -9 -10 -11 -7 -13 -14
right_child=1 -3 4 -5 -6 7 -8 8 9 10 -12 12 13 -15
leaf_value=0.0034752566392138584 0.033066219907864083 -0.056105085070487559 -0.0070647475060765883 -0.03350279478128565 -0.04031336647774416 -0.014854709206508124 0.030044789430072563 -0.073518068174287618 0.033100821148564406 0.02062968305454789 -0.043511319302323395 0.035545342823841815 -0.016042513291532969 0.037821494813168231
leaf_weight=100.75649440172128 3.3553319731727251 2.8068138835951677 7.8136045439168811 1.8401485492940981 3.5741282205563039 8.5673189992085099 11.763809981290249 2.2434337171725902 2.6541704330593348 2.1426801001653075 4.237247901968658 6.3065010644495496 5.7665776014327985 2.5984790716320276
leaf_count=822 53 80 55 20 34 65 236 16 19 28 33 52 37 19
internal_value=0.00160596 -0.0144679 -0.0060479 0.00352599 -0.0179778 0.00402885 0.00629947 -0.00329775 -0.0194307 -0.00506764 -0.021598 0.00447394 0.0159541 0.000643335
internal_weight=166.427 17.5499 14.7431 148.877 11.3877 147.037 112.52 34.5164 11.2775 9.0341 6.37993 23.2389 14.6716 8.36506
internal_count=1569 222 142 1347 89 1327 1058 269 96 80 61 173 108 56
is_linear=0
shrinkage=0.05


Tree=147
num_leaves=15
num_cat=0
split_feature=4 28 3 10 2 31 30 7 12 9 28 24 2 33
split_gain=2.03337 1.74572 1.85995 3.45351 1.90068 4.93564 1.70077 1.69988 1.63183 3.4882 2.47568 1.51068 1.46395 1.41498
threshold=2.5000000000000004 2.5833333333333335 2.5000000000000004 1.5000000000000002 1.7083333333333337 1.0000000180025095e-35 0.88177643582009468 2.5000000000000004 1.5000000000000002 1.5000000000000002 1.2916666666666667 1.5000000000000002 1.8750000000000002 1.5000000000000002
decision_type=2 2 2 2 2 2 2 2 2 2 2 2 2 2
left_child=1 2 3 8 -5 -6 7 -4 9 10 -1 -9 -2 -14
right_child=12 -3 6 4 5 -7 -8 11 -10 -11 -12 -13 13 -15
leaf_value=0.032086276669109605 -0.034398479577554902 -0.026363280627852089 0.05305644476773265 -0.025899537591723473 -0.02130419748377314 0.026398189017376995 0.050998745347546809 -0.015925015518705562 -0.030404655112464818 0.056550184511106022 -0.0025948368662990716 0.040174669130866071 -0.014304187841244702 0.0011466653766370376
leaf_weight=8.6038042465224951 3.5699321720749131 3.4445712727028868 1.8166276514530162 8.536171982064845 11.047594169154763 10.443891591392457 4.5986959179863334 4.4271891769021749 1.4971777549944807 5.4744625901803365 12.267083682585506 1.530316586140543 18.63346899067983 69.837570312316529
leaf_count=77 29 45 29 70 113 159 59 28 19 69 113 36 118 605
internal_value=0.00152744 0.00772225 0.00946437 0.00562416 -0.0060683 0.00177612 0.0270363 0.0120764 0.0183003 0.0212672 0.0116677 -0.000676537 -0.00340795 -0.00209179
internal_weight=165.729 73.6876 70.243 57.8702 30.0277 21.4915 12.3728 7.77413 27.8425 26.3454 20.8709 5.95751 92.041 88.471
internal_count=1569 817 772 620 342 272 152 93 278 259 190 64 752 723
is_linear=0
shrinkage=0.05


Tree=148
num_leaves=15
num_cat=0
split_feature=4 28 3 10 10 30 5 12 28 2 31 2 23 28
split_gain=1.85285 1.59305 1.72216 3.15022 1.73888 1.56529 1.56586 1.49394 1.39859 2.45491 2.60404 1.34672 1.39085 1.54753
threshold=2.5000000000000004 2.5833333333333335 2.5000000000000004 1.5000000000000002 2.5000000000000004 0.88177643582009468 1.5000000000000002 1.5000000000000002 1.2916666666666667 1.8750000000000002 1.0000000180025095e-35 1.8750000000000002 1.0000000180025095e-35 1.5833333333333337
decision_type=2 2 2 2 2 2 2 2 2 2 2 2 2 2
left_child=1 2 3 7 8 6 -4 -1 -5 -10 -11 -2 -13 -14
right_child=11 -3 5 4 -6 -7 -8 -9 9 10 -12 12 13 -15
leaf_value=0.020423996767180722 -0.033169308787091886 -0.025255587150406985 -0.0004277495945120256 -0.036467638917015759 0.013525306992120973 0.049317141101322071 0.051858024543711592 -0.029091819711299167 -0.025874526609617657 -0.018912671183472556 0.035579133896717179 0.00011778601517333817 -0.0072906929347880556 -0.054053775329615229
leaf_weight=26.096597765572373 3.5220601521432391 3.4208724691998205 5.9322245232760888 4.93681617826224 8.2323333588428778 4.5230930268298835 1.7494830647483466 1.4911748645827163 8.0779662067070621 3.7069528941065055 4.9841845894698054 79.400888743577525 6.709946488728745 2.4094503918895498
leaf_count=259 29 45 64 43 134 59 29 19 62 34 69 596 61 66
internal_value=0.00146037 0.00740545 0.00907742 0.00538048 -0.0057824 0.026114 0.0116723 0.0175619 -0.0132483 -0.00608863 0.0121021 -0.00324033 -0.00198522 -0.0203695
internal_weight=165.194 73.1517 69.7308 57.526 29.9383 12.2048 7.68171 27.5878 21.7059 16.7691 8.69114 92.0423 88.5203 9.1194
internal_count=1569 817 772 620 342 152 93 278 208 165 103 752 723 127
is_linear=0
shrinkage=0.05


Tree=149
num_leaves=15
num_cat=0
split_feature=23 22 5 4 31 10 6 30 32 30 5 1 30 31
split_gain=1.6937 1.79714 2.98437 1.4409 1.40206 1.52588 1.33136 2.5443 2.91701 1.87688 1.68174 1.64565 1.49285 1.04172
threshold=1.0000000180025095e-35 1.5000000000000002 1.0000000180025095e-35 2.5000000000000004 1.0000000180025095e-35 1.5000000000000002 1.5000000000000002 0.76180168105713697 1.0000000180025095e-35 0.9714045207910319 1.5000000000000002 7.5000000000000009 0.9714045207910319 1.5000000000000002
decision_type=2 2 2 2 2 2 2 2 2 2 2 2 2 2
left_child=3 2 -2 6 5 -4 7 8 11 -8 -10 -1 -9 -5
right_child=1 -3 4 13 -6 -7 9 12 10 -11 -12 -13 -14 -15
leaf_value=0.032016015681451009 0.032766590759476626 -0.066727037984221485 0.0050288941075045633 -0.0026823232479288171 -0.048015445439463122 -0.036866537215186797 0.005709837420814854 0.067317330673960313 0.013163387903455753 -0.046630837514174288 -0.04373742778939247 -0.015735379850931399 0.010995425752447392 0.020343873729066118
leaf_weight=9.2279280778020674 3.3465700140222934 1.3615251029841591 6.1247832444496435 77.684019718552008 3.1702232911484307 3.1882573538459837 40.879736521048471 3.5090721822343758 1.9765371661633242 1.6809973246417929 3.2339140484109521 2.0952941067516795 1.9855106119066475 5.1301694260910145
leaf_count=101 54 25 43 579 72 28 441 51 33 22 28 27 21 44
internal_value=0.00138841 -0.0133902 -0.00825569 0.00313688 -0.0196248 -0.00928742 0.00873316 0.0187092 0.00860404 0.0034795 -0.0218404 0.0229007 0.0479722 -0.00120293
internal_weight=164.595 17.1914 15.8298 147.403 12.4833 9.31304 64.589 22.0283 16.5337 42.5607 5.21045 11.3232 5.49458 82.8142
internal_count=1569 222 197 1347 143 71 724 261 189 463 61 128 72 623
is_linear=0
shrinkage=0.05


Tree=150
num_leaves=15
num_cat=0
split_feature=4 4 9 3 8 7 32 11 3 0 1 30 7 1
split_gain=1.12597 1.43014 1.34506 1.05229 1.01117 3.44238 1.25414 0.981503 1.96675 1.80591 1.92595 1.60311 1.60014 1.42561
threshold=4.5000000000000009 5.5000000000000009 2.5000000000000004 1.5000000000000002 2.5000000000000004 3.5000000000000004 1.0000000180025095e-35 1.5000000000000002 3.5000000000000004 3.5000000000000004 8.5000000000000018 0.45220861134162554 2.5000000000000004 7.5000000000000009
decision_type=2 2 2 2 2 2 2 2 2 2 2 2 2 2
left_child=4 2 3 -2 7 6 -6 8 -1 10 11 -9 13 -13
right_child=1 -3 -4 -5 5 -7 -8 9 -10 -11 -12 12 -14 -15
leaf_value=0.0070727076703846637 -0.011571641511732829 -0.060600052169751423 -0.030220184274118517 0.0242002445360021 -0.064341461376521178 0.049089740850733227 -0.015407039201227747 -0.028324603113999543 -0.045960845101052986 0.029778300810371555 -0.041077322730487933 -0.0063541846546584851 0.021691196349995751 0.020548615760986044
leaf_weight=75.33884046645835 4.5765575426630658 1.380787813104688 4.3336756570497519 3.5238863406702876 2.1083909617736927 1.4659697427414355 3.9162134572397918 5.3231636248528948 1.6800580546259869 3.9777840999886385 3.3148956240620455 42.247365908231586 7.3680849680677047 5.4456888511776915
leaf_count=753 42 18 58 32 32 39 50 33 16 74 33 284 83 39
internal_value=-0.000217218 -0.0138441 -0.00801038 0.00379046 0.00101164 -0.0167439 -0.0337114 0.001959 0.00582534 -0.00240626 -0.00449878 -0.00238482 0.000124453 -0.00319349
internal_weight=166.001 13.8149 12.4341 8.10044 152.186 7.49057 6.0246 144.696 77.0189 67.677 63.6992 60.3843 55.0611 47.6931
internal_count=1586 150 132 74 1436 121 82 1315 769 546 472 439 406 323
is_linear=0
shrinkage=0.05


Tree=151
num_leaves=15
num_cat=0
split_feature=4 9 3 32 1 28 22 1 7 4 33 7 31 6
split_gain=1.031 1.00202 1.47653 0.985663 1.18344 1.05382 2.46551 1.88652 2.58521 1.72578 1.62105 2.69124 1.58003 1.47957
threshold=4.5000000000000009 2.5000000000000004 1.5000000000000002 1.5000000000000002 9.5000000000000018 1.1250000000000002 2.5000000000000004 4.5000000000000009 2.5000000000000004 1.5000000000000002 1.5000000000000002 1.5000000000000002 1.0000000180025095e-35 2.5000000000000004
decision_type=2 2 2 2 2 2 2 2 2 2 2 2 2 2
left_child=3 2 -2 5 -5 -1 7 8 10 13 11 -7 -12 -9
right_child=1 -3 -4 4 -6 6 -8 9 -10 -11 12 -13 -14 -15
leaf_value=0.0095605611849220642 -0.019780407567797462 -0.031811650825034489 0.021009843372425119 -0.0037545749049897451 0.043815717561261319 -0.03552960224183753 -0.053022167016351013 0.05132662266931718 -0.054085225649478201 0.00042396851644611991 0.042474130429280547 0.033798797069348137 -0.0056831593889084256 -0.00084311015703236205
leaf_weight=24.897130497731268 5.3855604727286828 4.7043886117171487 3.5995783661492169 2.2055441781412801 2.7778078191913664 6.6558463065885025 2.1979621537029734 3.0886671449989072 3.3985954513773313 95.378722723806277 2.4772262424230567 1.6454798858612774 4.7662196327000856 2.2018935224041343
leaf_count=205 51 63 36 21 52 59 18 101 24 843 27 17 36 33
internal_value=-0.000213204 -0.0133155 -0.00311267 0.000960751 0.0226105 0.000193427 -0.00170691 -0.000699567 -0.015147 0.00200659 -0.00618273 -0.0212511 0.0108001 0.0295373
internal_weight=165.381 13.6895 8.98514 151.691 4.98335 146.708 121.811 119.613 18.9434 100.669 15.5448 8.30133 7.24345 5.29056
internal_count=1586 150 87 1436 73 1363 1158 1140 163 977 139 76 63 134
is_linear=0
shrinkage=0.05


Tree=152
num_leaves=15
num_cat=0
split_feature=2 2 2 28 31 3 4 9 3 4 5 10 22 21
split_gain=0.941419 1.05926 2.39009 4.00975 2.90116 2.86458 2.72852 2.13658 2.7744 1.98225 1.69811 2.98323 1.49332 1.57533
threshold=3.5833333333333335 2.4166666666666674 2.8750000000000004 1.7083333333333337 1.0000000180025095e-35 1.5000000000000002 4.5000000000000009 2.5000000000000004 2.5000000000000004 2.5000000000000004 1.5000000000000002 2.5000000000000004 1.5000000000000002 3.5000000000000004
decision_type=2 2 2 2 2 2 2 2 2 2 2 2 2 2
left_child=1 -1 4 -4 5 -3 -6 8 -5 -10 -7 -12 -9 -14
right_child=-2 2 3 7 6 10 -8 12 9 -11 11 -13 13 -15
leaf_value=-0.0026957882878761454 -0.034022266643842621 0.029215943894205561 -0.054935962452311707 0.033500802080704523 0.041675850197699781 0.012707429653200389 -0.013774656972064862 -0.054549323733838723 0.031675981453980373 -0.042378531364830614 -0.04358460910751482 0.027897635094974799 0.037218957373311552 -0.017960887547452113
leaf_weight=106.96606545010582 1.9332153059076507 5.9387588398531106 3.4797867159359184 7.8087007435970008 11.704722034279255 4.0274325427599234 2.6031271036481476 1.8716281640809027 1.2352640968747439 2.5979108568280935 5.9990937784314156 1.7977805407717822 1.584869949147105 5.3388582905754447
leaf_count=916 23 57 40 81 154 47 29 30 32 30 40 28 17 62
internal_value=-0.000202127 0.000204388 0.00578473 -0.00609058 0.0147099 0.00103532 0.0313883 0.00233145 0.0164292 -0.0176798 -0.0130351 -0.0266413 -0.0160228 -0.00462399
internal_weight=164.887 162.954 55.9879 23.917 32.0709 17.7631 14.3078 20.4372 11.6419 3.83317 11.8243 7.79687 8.79536 6.92373
internal_count=1586 1563 647 292 355 172 183 252 143 62 115 68 109 79
is_linear=0
shrinkage=0.05


Tree=153
num_leaves=15
num_cat=0
split_feature=4 2 8 2 31 28 29 3 22 32 5 10 2 29
split_gain=0.931448 1.61669 2.07036 2.05404 4.3238 3.04475 3.00353 2.61849 2.11868 1.59821 1.52845 2.6834 1.52342 2.26899
threshold=4.5000000000000009 2.4166666666666674 2.5000000000000004 2.8750000000000004 1.0000000180025095e-35 1.7083333333333337 2.5000000000000004 1.5000000000000002 1.5000000000000002 1.0000000180025095e-35 1.5000000000000002 2.5000000000000004 2.1250000000000004 2.5000000000000004
decision_type=2 2 2 2 2 2 2 2 2 2 2 2 2 2
left_child=1 2 12 4 7 -5 -7 -3 -8 -4 -9 -12 -1 -14
right_child=-2 3 9 5 -6 6 8 10 -10 -11 11 -13 13 -15
leaf_value=0.0022960976169378641 -0.012768695719977883 0.028275526765299472 -0.072039919690002771 -0.053575077035337794 0.040507677280318351 0.064894245631549705 -0.032622292640248143 0.012133238635314771 0.012560341895277286 -0.010056861595719221 -0.041106432211617541 0.026870267242047247 -0.028148864947921234 0.0036528405665143186
leaf_weight=80.173509917687625 13.437605384620836 5.8354586372151998 1.7126079434528936 2.6518568787723771 11.44961587758735 1.6697654696181388 4.20697745855432 4.0122543596662563 6.3510380554944277 2.8033093345584348 6.0474596749991179 1.7775419009849427 11.248242068104446 10.809962323633954
leaf_count=642 150 57 30 25 154 20 57 47 93 39 40 28 104 100
internal_value=-0.000192627 0.000919534 -0.00238705 0.00898512 0.0167105 -0.00597875 0.00449159 0.00101127 -0.00534586 -0.0351562 -0.0123441 -0.0252051 -0.00088215 -0.012505
internal_weight=164.187 150.75 106.748 44.002 29.1223 14.8796 12.2278 17.6727 10.558 4.51592 11.8373 7.825 102.232 22.0582
internal_count=1586 1436 915 521 326 195 170 172 150 69 115 68 846 204
is_linear=0
shrinkage=0.05


Tree=154
num_leaves=15
num_cat=0
split_feature=2 2 2 28 29 8 5 30 2 30 1 1 24 30
split_gain=0.8442 0.896917 1.97406 3.55452 4.20746 1.8716 1.68649 1.54199 1.53171 3.87091 1.94837 3.15851 2.73866 2.65992
threshold=3.5833333333333335 2.4166666666666674 2.8750000000000004 1.7083333333333337 2.5000000000000004 2.5000000000000004 2.5000000000000004 0.8228263892582881 2.1250000000000004 0.92016825471890717 5.5000000000000009 7.5000000000000009 1.5000000000000002 0.9714045207910319
decision_type=2 2 2 2 2 2 2 2 2 2 2 2 2 2
left_child=1 5 -3 -4 -5 8 7 -6 10 -10 13 -12 -13 -1
right_child=-2 2 3 4 6 -7 -8 -9 9 -11 11 12 -14 -15
leaf_value=-0.0019515980368960647 -0.032444434907962318 0.013615511923774866 -0.052719904025862734 0.060221224658165255 -0.02842472754591573 -0.033688701576323678 0.021843769023047358 0.0056079925276916074 -0.024978317035118096 0.022043800464755934 0.015038402457052189 -0.064460870194467765 0.014423277419598084 -0.052965774502794695
leaf_weight=37.936152065405622 1.9038070179522026 31.377309013390914 3.3104749089106944 2.6296316273510483 8.2213513698661718 4.4929653556318945 3.9077432234771541 5.3224212345667175 16.508807850535963 5.8034685184247783 35.337014416232705 2.3936257492750874 1.8384351655840871 2.6525264056399456
leaf_count=287 23 355 40 27 100 69 31 94 162 43 291 17 20 27
internal_value=-0.00018184 0.000202301 0.0054144 -0.0054912 0.00239346 -0.0024457 -0.00647118 -0.0149243 -0.00101992 -0.0125924 0.00218188 0.0100868 -0.0300741 -0.00546887
internal_weight=163.636 161.732 54.7689 23.3916 20.0811 106.963 17.4515 13.5438 102.47 22.3123 80.1578 39.5691 4.23206 40.5887
internal_count=1586 1563 647 292 252 916 225 194 847 205 642 328 37 314
is_linear=0
shrinkage=0.05


Tree=155
num_leaves=15
num_cat=0
split_feature=4 1 2 3 33 30 2 11 21 4 4 2 28 33
split_gain=2.40954 2.76702 2.53657 1.40751 0.9918 0.912309 2.05402 2.04217 2.9876 3.47008 1.61802 1.60671 1.11914 1.31984
threshold=1.5000000000000002 4.5000000000000009 1.4166666666666667 2.5000000000000004 1.5000000000000002 0.45220861134162554 3.1250000000000004 1.5000000000000002 3.5000000000000004 3.5000000000000004 2.5000000000000004 2.4166666666666674 1.5833333333333337 2.5000000000000004
decision_type=2 2 2 2 2 2 2 2 2 2 2 2 2 2
left_child=1 3 -2 4 -1 6 7 8 9 11 -9 -4 -7 -14
right_child=2 -3 5 -5 -6 12 -8 10 -10 -11 -12 -13 13 -15
leaf_value=0.010423262344060234 0.035682246457969011 0.043442354357885918 0.00082700102508260803 0.025468684459607184 -0.029729010010131701 0.0068646021267465039 0.028566277074222768 -0.066769867628808321 -0.041966150447278763 -0.037078720398631734 -0.0079233897331462844 0.037147815352752918 -0.009657682191152657 0.0041693555191341233
leaf_weight=2.3742928858846408 3.9511907659471026 6.0651292940601698 15.769015795551249 3.4834935562685132 3.7533746426925063 26.60612734593451 2.8977559679187825 2.9773910595104089 5.5902235992252818 5.3384360792115322 2.1007051735650748 3.7214869940653434 51.044939465937205 25.680670314701274
leaf_count=40 29 177 116 25 37 239 38 21 35 43 17 41 398 321
internal_value=-0.00124422 0.0172935 -0.0032667 0.000257442 -0.0138522 -0.00439458 -0.0109792 -0.0143488 -0.00926839 -0.00166741 -0.0435322 0.00804388 -0.00191552 -0.00499772
internal_weight=161.354 15.6763 145.678 9.61116 6.12767 141.727 38.395 35.4973 30.4192 24.8289 5.0781 19.4905 103.332 76.7256
internal_count=1577 279 1298 102 77 1269 311 273 235 200 38 157 958 719
is_linear=0
shrinkage=0.05


Tree=156
num_leaves=15
num_cat=0
split_feature=22 2 23 7 1 5 24 28 11 28 7 1 1 24
split_gain=1.29553 1.80552 2.00921 1.61683 2.0524 1.99225 1.47121 1.22912 1.61526 1.2899 1.4482 1.3672 2.0705 3.89315
threshold=1.0000000180025095e-35 1.5833333333333337 1.0000000180025095e-35 1.5000000000000002 5.5000000000000009 1.0000000180025095e-35 1.0000000180025095e-35 1.2916666666666667 1.5000000000000002 1.4166666666666667 3.5000000000000004 5.5000000000000009 6.5000000000000009 1.5000000000000002
decision_type=2 2 2 2 2 2 2 2 2 2 2 2 2 2
left_child=-1 6 7 -4 -5 -6 -2 8 -3 11 -11 -9 -13 -14
right_child=1 2 3 4 5 -7 -8 9 -10 10 -12 12 13 -15
leaf_value=-0.02066374381133242 0.052326547704618823 -0.0071216163064112617 -0.045486373376245469 0.036807545027544041 0.015985914442592696 -0.036215719735211448 0.0090906705939065302 -0.019722307264804284 -0.061373272080246691 -0.0024572156720952354 0.021551464256662115 0.034818731716738494 0.025272425037832433 -0.044787749274852573
leaf_weight=8.003516345866954 2.3952371142804614 8.3456014478579146 4.1751794051378956 1.9066594326868642 2.557424256578086 5.5361796021461487 10.784345928579567 2.5933050918392864 1.5910530788823951 89.041625653859228 6.6496824584901324 9.0025842371396738 5.4959607105702144 2.9703705841675401
leaf_count=130 21 80 31 24 38 68 94 23 16 737 136 83 67 29
internal_value=-0.00117873 -0.000130606 -0.00181841 -0.0195958 -0.0081955 -0.0194221 0.0174714 0.000180652 -0.0165824 0.0016543 -0.000741974 0.0131548 0.0182623 0.000164424
internal_weight=161.049 153.045 139.866 14.1754 10.0003 8.0936 13.1796 125.69 9.93665 115.754 95.6913 20.0622 17.4689 8.46633
internal_count=1577 1447 1332 161 130 106 115 1171 96 1075 873 202 179 96
is_linear=0
shrinkage=0.05


Tree=157
num_leaves=15
num_cat=0
split_feature=4 2 2 5 6 3 32 2 15 21 7 12 2 2
split_gain=2.15196 2.24955 1.68345 1.56849 0.838137 1.07581 0.797397 1.33817 2.24308 1.12108 3.3761 2.45936 0.881415 1.11457
threshold=1.5000000000000002 1.4166666666666667 1.4166666666666667 1.0000000180025095e-35 1.5000000000000002 1.5000000000000002 1.5000000000000002 2.5833333333333335 1.0000000180025095e-35 3.5000000000000004 1.5000000000000002 1.5000000000000002 3.4166666666666674 2.8750000000000004
decision_type=2 2 2 2 2 2 2 2 2 2 2 2 2 2
left_child=2 -2 3 -1 -4 -6 9 -8 -9 11 -11 12 13 -3
right_child=1 6 4 -5 5 -7 7 8 -10 10 -12 -13 -14 -15
leaf_value=0.027064847408205681 0.033818716644591067 -0.0032673783967021048 0.050951150157374628 -0.028161851433520447 -0.011848953541275966 0.029792387295049891 0.05350238040061267 -0.023789199932022925 0.053600023878064264 0.030588519524082283 -0.028494015848752458 0.044755059933577222 0.025119303798478005 -0.019781780301785359
leaf_weight=1.9898302694782604 3.9140970427542916 103.73115449293982 2.9275822131894511 3.1792261172086 1.9966765129938719 5.3952389596961439 1.4633010815596197 3.0203511486761272 1.2372333318926392 2.8505191616713992 12.80930082220584 2.506820296868681 2.3697912602219722 11.35411837545689
leaf_count=24 29 834 92 32 37 94 15 33 23 27 145 35 38 119
internal_value=-0.00112242 -0.00302965 0.0165085 -0.00631767 0.028133 0.0182027 -0.00409093 0.0139301 -1.2603e-05 -0.00487922 -0.0174549 -0.0032036 -0.00428564 -0.00493412
internal_weight=160.745 145.257 15.4886 5.16906 10.3195 7.39192 141.343 5.72089 4.25758 135.622 15.6598 119.962 117.455 115.085
internal_count=1577 1298 279 56 223 131 1269 71 56 1198 172 1026 991 953
is_linear=0
shrinkage=0.05


Tree=158
num_leaves=15
num_cat=0
split_feature=4 1 2 31 30 2 11 21 4 23 4 2 28 1
split_gain=1.96412 2.64211 2.04771 1.71859 0.736923 1.74537 1.81032 2.67661 3.04589 1.56771 1.48227 1.46316 1.18716 1.73049
threshold=1.5000000000000002 4.5000000000000009 1.4166666666666667 1.0000000180025095e-35 0.45220861134162554 3.1250000000000004 1.5000000000000002 3.5000000000000004 3.5000000000000004 1.0000000180025095e-35 2.5000000000000004 2.4166666666666674 1.4166666666666667 5.5000000000000009
decision_type=2 2 2 2 2 2 2 2 2 2 2 2 2 2
left_child=1 3 -2 -1 5 6 7 8 11 12 -8 -4 13 -6
right_child=2 -3 4 -5 9 -7 10 -9 -10 -11 -12 -13 -14 -15
leaf_value=0.014337743339221085 0.032407219310194649 0.042462577012644269 0.0014096358560127752 -0.030290806559272673 -0.028757450578550087 0.027232718786599726 -0.06259884215620036 -0.039461986716895131 -0.033753173936973642 -0.024946844887792231 -0.0063197639381799538 0.036484255927173928 -0.0027937989541625048 0.016675112282502753
leaf_weight=6.5143556557595712 3.8854474108666173 5.7210557321086517 15.76822934183293 3.1007080478593707 2.2627003053203252 2.8042590878903857 2.9760252377018324 5.461848495528101 5.4439677009358993 6.6492778336396432 2.0998674384318292 3.6174817411229006 77.025487146805972 16.940330160781741
leaf_count=75 29 177 116 27 16 38 21 35 43 124 17 41 665 153
internal_value=-0.00105632 0.0158757 -0.00287491 0 -0.0038868 -0.00982391 -0.0129011 -0.00809798 -0.000967863 -0.00165222 -0.0403714 0.0082367 0 0.011071
internal_weight=160.271 15.3361 144.935 9.61506 141.049 38.1717 35.3674 30.2915 24.8297 102.878 5.07589 19.3857 96.2285 19.203
internal_count=1577 279 1298 102 1269 311 273 235 200 958 38 157 834 169
is_linear=0
shrinkage=0.05


Tree=159
num_leaves=15
num_cat=0
split_feature=4 1 2 3 8 2 30 2 10 1 11 4 23 4
split_gain=1.79529 2.49866 1.86503 1.12121 0.812802 0.9494 0.791058 1.57977 1.55301 2.0518 2.29336 2.96806 1.46295 1.32429
threshold=1.5000000000000002 4.5000000000000009 1.4166666666666667 1.5000000000000002 2.5000000000000004 2.5833333333333335 0.45220861134162554 3.1250000000000004 2.5000000000000004 7.5000000000000009 1.5000000000000002 3.5000000000000004 1.0000000180025095e-35 2.5000000000000004
decision_type=2 2 2 2 2 2 2 2 2 2 2 2 2 2
left_child=1 3 -2 -1 6 -6 7 8 9 10 11 -4 -8 -11
right_child=2 -3 4 -5 5 -7 12 -9 -10 13 -12 -13 -14 -15
leaf_value=-0.021696047143724719 0.031050832111212057 0.041707380244065707 0.0048486101131323721 0.013079960246742992 -0.041921092851933725 0.011058984558757229 0.0009131077977853788 0.026263797757782766 0.013794974626214977 -0.069517114939033439 -0.054165787572794194 -0.038210157467097362 -0.023467912129641857 -0.016540972301916746
leaf_weight=3.6507338769733888 3.8575112186372271 5.5398604441434136 17.354888294357817 5.9641471449285746 2.7031647881958629 1.0658562069293109 92.908938734326512 2.76698527438566 4.7891827933490267 2.6340957451611748 2.5712216561660162 5.0724892085418096 6.4820335626136503 2.4864636191632599
leaf_count=39 29 177 122 63 40 37 775 38 40 25 16 35 115 26
internal_value=-0.00100602 0.0152849 -0.00273893 0 -0.00370355 -0.0263939 -0.00304261 -0.00920716 -0.0121571 -0.0163985 -0.0102674 -0.00490557 -0.000673824 -0.0450812
internal_weight=159.848 15.1547 144.693 9.61488 140.835 3.76902 137.066 37.6753 34.9083 30.1192 24.9986 22.4274 99.391 5.12056
internal_count=1577 279 1298 102 1269 77 1192 302 264 224 173 157 890 51
is_linear=0
shrinkage=0.05


Tree=160
num_leaves=15
num_cat=0
split_feature=28 13 11 21 7 9 23 1 9 7 29 1 24 1
split_gain=1.00731 1.37723 1.01311 1.89708 2.17248 1.3158 1.76388 1.50874 1.39816 1.65011 1.29957 2.72145 4.88554 1.57765
threshold=3.1250000000000004 4.5000000000000009 1.5000000000000002 3.5000000000000004 1.5000000000000002 1.5000000000000002 1.0000000180025095e-35 8.5000000000000018 2.5000000000000004 2.5000000000000004 2.5000000000000004 6.5000000000000009 1.5000000000000002 5.5000000000000009
decision_type=2 2 2 2 2 2 2 2 2 2 2 2 2 2
left_child=1 2 3 5 -5 7 8 -1 -7 -10 11 13 -13 -4
right_child=-2 -3 10 4 -6 6 -8 -9 9 -11 -12 12 -14 -15
leaf_value=0.0040962221029857589 -0.04037870907638836 0.045370934048417154 -0.020303821166058972 0.036060477618028643 -0.023012758735999363 0.045307537979127385 -0.032401013203407956 -0.039703067866853875 -0.011963781230524774 0.044840997116110178 0.00039765532819688131 -0.0062865466917577445 -0.077514176701512408 0.0080219425067162287
leaf_weight=60.47243818663992 1.5099051292054344 1.5110810226760794 7.7848265604116067 1.6813046783208836 11.340784131083636 5.4021089379675669 1.2633612520294253 1.9251091629266728 3.3854596167802811 1.8917702734470365 39.560045860940591 6.3135994810145331 3.9000602504238486 12.844721683301032
leaf_count=578 16 20 61 16 143 114 22 22 21 22 353 65 26 98
internal_value=-0.00100305 -0.000588992 -0.00107349 0.0025027 -0.0149785 0.00561446 0.0207783 0.00264355 0.0275435 0.00838976 -0.00554386 -0.013222 -0.0342149 -0.00259293
internal_weight=160.787 159.277 157.766 87.3623 13.0221 74.3402 11.9427 62.3975 10.6793 5.27723 70.4033 30.8432 10.2137 20.6295
internal_count=1577 1561 1541 938 159 779 179 600 157 43 603 250 91 159
is_linear=0
shrinkage=0.05


Tree=161
num_leaves=15
num_cat=0
split_feature=30 7 32 30 11 13 30 11 7 1 4 32 7 2
split_gain=0.834279 1.64783 1.32098 1.31569 0.903615 1.83114 1.25006 1.70795 2.39179 5.16696 2.1059 2.58035 1.56849 1.52054
threshold=0.9714045207910319 2.5000000000000004 1.0000000180025095e-35 1.1713894300707421 1.5000000000000002 2.5000000000000004 0.48570226039551589 2.5000000000000004 2.5000000000000004 6.5000000000000009 2.5000000000000004 1.0000000180025095e-35 3.5000000000000004 2.8750000000000004
decision_type=2 2 2 2 2 2 2 2 2 2 2 2 2 2
left_child=4 2 -2 -3 -1 6 7 8 9 10 -6 -12 -10 -8
right_child=1 3 -4 -5 5 -7 13 -9 12 -11 11 -13 -14 -15
leaf_value=0.0037266095700273527 -0.0052546105865829895 -0.0071540992687770481 -0.041677691443397891 0.067357776467188477 -0.022536324234357058 0.042270452977536337 0.0063301758422811168 0.017475457022252994 0.027871831656254981 -0.054648484912597342 -0.027766891450105569 0.027228381462072966 -0.026526148536203793 -0.035017341980060845
leaf_weight=79.362853999598883 5.8315965486690384 1.2456179964356118 4.5449536020169035 0.92303080344572652 10.868959763087336 1.9534366525476787 24.902723060688007 4.4152559330686918 4.5790050104260436 8.1520153931342048 3.0228170799091458 6.5035049226135015 1.7179071791470049 2.3317827847786239
leaf_count=847 53 29 52 8 88 45 191 49 48 57 18 34 24 34
internal_value=-0.000956058 -0.0132838 -0.0216922 0.0250292 8.16169e-05 -0.00410745 -0.00556889 -0.0112799 -0.0150348 -0.0212086 -0.0075192 0.00941085 0.0124576 0.00258344
internal_weight=160.355 12.5452 10.3766 2.16865 147.81 68.4474 66.494 39.2595 34.8442 28.5473 20.3953 9.52632 6.29691 27.2345
internal_count=1577 142 105 37 1435 588 543 318 269 197 140 52 72 225
is_linear=0
shrinkage=0.05


Tree=162
num_leaves=15
num_cat=0
split_feature=28 12 15 30 7 32 1 5 3 21 30 22 28 10
split_gain=0.938051 1.2868 2.10035 0.914096 2.64683 1.45031 0.985813 2.19853 1.52097 3.80964 1.63063 2.10527 1.22763 1.17913
threshold=3.1250000000000004 2.5000000000000004 1.5000000000000002 0.9714045207910319 2.5000000000000004 1.0000000180025095e-35 6.5000000000000009 2.5000000000000004 2.5000000000000004 2.5000000000000004 0.92016825471890717 1.5000000000000002 1.4166666666666667 2.5000000000000004
decision_type=2 2 2 2 2 2 2 2 2 2 2 2 2 2
left_child=1 3 -3 6 5 -5 7 8 10 -10 -1 -12 -9 -8
right_child=-2 2 -4 4 -6 -7 13 12 9 -11 11 -13 -14 -15
leaf_value=0.0013298071772308497 -0.038989588590825908 0.034472463807652474 -0.026825874457789473 -0.0074960675890246176 0.045079896604502054 -0.047025301473980062 -0.010084881878648136 -0.00090094293015011921 -0.012923211633576973 0.052764697344930771 -0.037994786609374283 0.0064335208524512388 0.044937654969855217 0.0069756292400494071
leaf_weight=60.935491293203086 1.5030375556088973 5.6633554622530928 1.717128998134285 5.6365091011393798 1.4564747088588763 4.1384255894226953 39.915247083408758 1.9839860973879684 4.2224543085321766 4.3525488823652267 6.3283792934380454 4.368652418255806 4.4815131009090692 13.302831644890828
leaf_count=505 16 87 26 52 25 47 409 24 27 45 40 34 41 199
internal_value=-0.000912042 -0.000510846 0.0197087 -0.00152724 -0.0151922 -0.0247915 -0.000402196 0.0028667 0.000557197 0.0203547 -0.00180295 -0.0197272 0.0306915 -0.00576832
internal_weight=160.006 158.503 7.38048 151.123 11.2314 9.77493 139.891 86.673 80.2075 8.575 71.6325 10.697 6.4655 53.2181
internal_count=1577 1561 113 1448 124 99 1324 716 651 72 579 74 65 608
is_linear=0
shrinkage=0.05


Tree=163
num_leaves=15
num_cat=0
split_feature=11 13 21 33 0 7 30 33 11 7 23 30 7 30
split_gain=0.760832 2.1702 1.61107 2.90294 2.52799 2.33534 1.13467 1.72731 1.12528 1.06052 1.82114 0.906335 0.902769 2.75052
threshold=1.5000000000000002 2.5000000000000004 3.5000000000000004 2.5000000000000004 5.0000000000000009 1.5000000000000002 0.92016825471890717 1.5000000000000002 1.0000000180025095e-35 2.5000000000000004 1.0000000180025095e-35 0.9714045207910319 1.5000000000000002 0.45220861134162554
decision_type=2 2 2 2 2 2 2 2 2 2 2 2 2 2
left_child=2 -2 3 6 5 -4 8 -8 9 12 -11 -9 -1 -14
right_child=1 -3 4 -5 -6 -7 7 11 -10 10 -12 -13 13 -15
leaf_value=0.0022730221449159 -0.0063505795946699533 0.043537311582863336 0.034115211646959014 0.039417430637885768 0.052246557049276138 -0.02752408850876184 -0.030715128627323451 -0.0060278559261044383 0.04380903695052335 0.0043669375820282047 -0.039687473924736018 0.026191730409190567 0.044623891392157354 0.00042179474506173461
leaf_weight=25.10163174662739 68.586060390807688 2.1421937558334312 1.6468146611005039 5.6304052101913831 1.23958032950759 11.665058591868727 5.8296886608004579 7.6242546127177775 1.8055801931768645 7.2057522009126824 3.3122603809460998 2.9167117800097913 5.7699750717729321 9.0843987790867669
leaf_count=199 569 47 16 103 25 131 62 65 28 112 30 32 65 93
internal_value=-0.000867836 -0.00474496 0.00219289 0.00519973 -0.0129162 -0.0195148 0.00230372 -0.00908761 0.00592903 0.00444059 -0.00951404 0.0028148 0.008191 0.0179422
internal_weight=159.56 70.7283 88.8321 74.2807 14.5515 13.3119 68.6503 16.3707 52.2796 50.474 10.518 10.541 39.956 14.8544
internal_count=1577 616 961 789 172 147 686 159 527 499 142 97 357 158
is_linear=0
shrinkage=0.05


Tree=164
num_leaves=15
num_cat=0
split_feature=28 12 15 30 7 32 1 5 2 2 30 24 24 3
split_gain=0.8538 1.11217 1.95203 0.785793 2.36581 1.41781 0.860005 2.00932 1.62691 2.28449 2.86278 7.80442 1.92198 1.39289
threshold=3.1250000000000004 2.5000000000000004 1.5000000000000002 0.9714045207910319 2.5000000000000004 1.0000000180025095e-35 6.5000000000000009 2.5000000000000004 1.8750000000000002 2.4166666666666674 0.76180168105713697 1.5000000000000002 1.5000000000000002 2.5000000000000004
decision_type=2 2 2 2 2 2 2 2 2 2 2 2 2 2
left_child=1 3 -3 6 5 -5 7 13 -8 10 12 -12 -10 -1
right_child=-2 2 -4 4 -6 -7 8 -9 9 -11 11 -13 -14 -15
leaf_value=-0.0017295102104685984 -0.037356103172648043 0.033093832517425599 -0.026566389922883484 -0.0062949460624289813 0.04329197949075405 -0.045640939599290942 0.040474473180457535 0.029500553664715726 -0.020349150640653329 0.002280609320743129 -0.072688528631442872 0.029541639819231288 -0.062434657805478272 0.019581694158334415
leaf_weight=71.387754523660988 1.4842809468973417 5.5123971430584779 1.6856192909181116 5.6279209568165225 1.431945677846669 4.0252196043729782 1.7545098233968008 6.3862924342975012 9.2146700816229004 28.517384886043146 2.4438696266151947 6.9013537680730224 4.0502340081147841 8.4810408530756813
leaf_count=579 16 87 26 52 25 47 20 65 97 386 22 52 31 72
internal_value=-0.000814913 -0.000431006 0.0186076 -0.00137166 -0.0141273 -0.0232577 -0.000328042 0.00272991 -0.00535875 -0.00705632 -0.0189009 0.00205621 -0.0337574 0.000523861
internal_weight=158.904 157.42 7.19802 150.222 11.0851 9.65314 139.137 86.2551 52.882 51.1275 22.6101 9.34522 13.2649 79.8688
internal_count=1577 1561 113 1448 124 99 1324 716 608 588 202 74 128 651
is_linear=0
shrinkage=0.05


Tree=165
num_leaves=15
num_cat=0
split_feature=1 5 6 9 32 28 33 21 8 7 28 4 5 1
split_gain=1.54973 1.57487 1.08626 0.780569 0.741398 1.24003 3.37104 2.40381 1.87642 1.2229 0.974473 0.872276 0.822305 0.817763
threshold=3.5000000000000004 1.5000000000000002 3.5000000000000004 2.5000000000000004 1.5000000000000002 2.2916666666666674 2.5000000000000004 3.5000000000000004 1.5000000000000002 2.5000000000000004 2.2916666666666674 2.5000000000000004 1.5000000000000002 8.5000000000000018
decision_type=2 2 2 2 2 2 2 2 2 2 2 2 2 2
left_child=1 -1 3 -2 5 8 11 -8 9 12 -6 -7 -5 -10
right_child=2 -3 -4 4 10 6 7 -9 13 -11 -12 -13 -14 -15
leaf_value=0.059185385924949978 0.0011774939763960878 0.008741906313915573 0.029296926715900375 -0.01698330407718808 -0.0081659392258599858 -0.026712299820639291 0.019349490510225539 -0.023834828875173804 0.055877229391607587 -0.043296724472551854 0.051058848312630689 -0.070829638041529683 0.01557744908598851 0
leaf_weight=2.0354342088103277 114.50856469664723 6.4044741452671587 2.9679503481602287 3.4631737973541039 1.4458669484592968 2.544967106543484 5.854505622526629 6.8780569894006476 1.8596639297902577 1.8922022928018121 1.1084815557114778 2.7880357438698411 4.1415457418188453 1.0641478230245409
leaf_count=25 1147 57 40 21 20 20 68 65 23 28 15 17 24 22
internal_value=0.00102882 0.0217506 -0.000130181 -0.00075848 -0.00752671 -0.00975993 -0.0181011 -0.00378756 0.00221997 -0.00840872 0.0175486 -0.0511157 0.000396899 0.0367065
internal_weight=158.957 8.43991 150.517 147.549 33.0406 30.4863 18.0656 12.7326 12.4207 9.49692 2.55435 5.333 7.60472 2.92381
internal_count=1592 82 1510 1470 323 288 170 133 118 73 35 37 45 45
is_linear=0
shrinkage=0.05


Tree=166
num_leaves=15
num_cat=0
split_feature=1 5 6 30 9 25 29 2 2 2 31 5 1 32
split_gain=1.42079 1.50213 0.981814 1.04793 0.79929 0.866583 0.691526 0.667843 1.19136 1.99075 1.93163 1.47704 1.34072 2.29593
threshold=3.5000000000000004 1.5000000000000002 3.5000000000000004 0.9714045207910319 2.5000000000000004 1.0000000180025095e-35 3.5000000000000004 1.7083333333333337 2.1250000000000004 2.4166666666666674 1.0000000180025095e-35 2.5000000000000004 8.5000000000000018 1.0000000180025095e-35
decision_type=2 2 2 2 2 2 2 2 2 2 2 2 2 2
left_child=1 -1 3 4 7 6 -6 -2 -9 11 -11 -10 -12 -14
right_child=2 -3 -4 -5 5 -7 -8 8 9 10 12 -13 13 -15
leaf_value=0.058179330571517023 -0.0066986247166603528 0.0083280597902127221 0.027825540024122339 -0.017255891652323635 -0.0013127555913501434 -0.029940725279083646 -0.032451828287287189 0.01019386762290133 -0.009527421698116139 -0.002502829221851962 0.039671960043943882 -0.055768237135264409 -0.055399473531739962 0.023696974670090271
leaf_weight=1.9704843061044792 16.697608599439263 6.391894708853215 2.9737832127138963 8.9042758857831341 25.965494691161446 3.4746472331462419 1.8362389132380474 42.624107711715624 14.345058503560724 21.272315611364323 5.7167714047245664 1.9220883937086899 1.1338869230821726 3.4430996670853347
leaf_count=25 153 57 40 94 249 34 13 363 128 224 88 31 12 81
internal_value=0.000983069 0.020919 -0.000122603 -0.000722148 0.000334989 -0.0066636 -0.00356795 0.00240535 0.00411901 -0.00125209 0.00601197 -0.0154512 0.0237033 0.00280182
internal_weight=158.672 8.36238 150.309 147.336 138.431 31.2764 27.8017 107.155 90.4573 47.8332 31.5661 16.2671 10.2938 4.57699
internal_count=1592 82 1510 1470 1376 296 262 1080 927 564 405 159 181 93
is_linear=0
shrinkage=0.05


Tree=167
num_leaves=15
num_cat=0
split_feature=8 30 30 22 28 10 31 7 28 14 11 28 9 32
split_gain=1.0535 2.61223 1.89708 1.07702 1.47291 2.18242 2.11208 2.1725 1.3336 1.10363 1.07623 1.9653 0.906812 1.11751
threshold=1.5000000000000002 0.48570226039551589 1.3566258340248767 1.5000000000000002 1.7083333333333337 1.5000000000000002 1.0000000180025095e-35 2.5000000000000004 1.8750000000000002 1.5000000000000002 1.0000000180025095e-35 1.2916666666666667 2.5000000000000004 1.0000000180025095e-35
decision_type=2 2 2 2 2 2 2 2 2 2 2 2 2 2
left_child=12 10 3 4 5 -3 -6 -8 -5 -10 -2 -12 13 -1
right_child=1 2 -4 8 6 -7 7 -9 9 -11 11 -13 -14 -15
leaf_value=0.0061056530406055874 0.031333212605099393 -0.015348086043481098 0.055112677873239972 -0.032720505577647538 0 0.034652299734193419 -0.061233798094380613 0.004329173186101147 0.044022531135816667 -0.0018332594774189287 -0.06027123050197522 0.019221768589553101 -0.0099422129409482349 -0.0051005061530402978
leaf_weight=46.737341208383441 11.727450553560631 5.1942439759150236 1.2917478270828713 1.142337433528154 5.8277005562558752 3.5866536684334278 4.2535711913369596 1.665433255722746 2.9241449241526425 2.1266419058665633 0.88637438789009948 3.5381284905597568 25.224265916272998 42.165123687824234
leaf_count=379 223 39 16 17 51 45 39 36 58 26 10 75 225 353
internal_value=0.000932325 0.00749026 -0.00167261 -0.00470621 -0.0102834 0.00495384 -0.0218303 -0.0426055 0.0132523 0.0245688 0.0234478 0.00176401 -0.0015879 0.000762889
internal_weight=158.291 44.1644 28.0125 26.7207 20.5276 8.7809 11.7467 5.919 6.19312 5.05079 16.152 4.4245 114.127 88.9025
internal_count=1592 635 327 311 210 84 126 75 101 84 308 85 957 732
is_linear=0
shrinkage=0.05


Tree=168
num_leaves=15
num_cat=0
split_feature=8 6 32 22 2 8 2 7 14 6 22 5 7 33
split_gain=0.960514 2.32266 2.01682 2.61864 1.59862 1.41491 1.09102 1.07256 1.0432 0.958885 1.67544 1.98167 1.42966 1.70761
threshold=1.5000000000000002 2.5000000000000004 1.0000000180025095e-35 1.5000000000000002 2.2916666666666674 2.5000000000000004 2.8750000000000004 3.5000000000000004 1.5000000000000002 2.5000000000000004 1.5000000000000002 1.0000000180025095e-35 2.5000000000000004 2.5000000000000004
decision_type=2 2 2 2 2 2 2 2 2 2 2 2 2 2
left_child=9 5 3 -3 -4 6 -2 -7 -6 10 11 -1 -13 -14
right_child=1 2 4 -5 8 7 -8 -9 -10 -11 -12 12 13 -15
leaf_value=0.042564943887871895 0.028972799210392058 -0.068553110542492759 -0.011872713858569479 0.015390913826009142 0.029874936773127345 -0.0098873169612696196 -0.014182992422515184 0.044192263109790832 -0.015519682556224748 0.0085557784159597371 -0.011610394971258653 0.0031984849395751652 -0.034518316624401031 0.014162261226794252
leaf_weight=2.7424185061827293 15.872230767738079 2.4033684397581974 8.6965993330813927 1.3607978932559492 5.573061044095085 5.9020639690570524 1.4717760808998708 0.97871915344148863 1.4811573562910778 19.384963197167963 38.630812446121126 45.155497450148687 5.6643579490482789 2.4675583487842232
leaf_count=46 270 33 78 15 72 65 39 39 24 186 345 311 41 28
internal_value=0.000888743 0.00718908 -0.00553796 -0.0379463 0.00223987 0.0175251 0.0251071 -0.00131407 0.0199104 -0.0015099 -0.00360442 0.00188176 -0.000240965 -0.0194503
internal_weight=157.785 43.7398 19.515 3.76417 15.7508 24.2248 17.344 6.88078 7.05422 114.046 94.6606 56.0298 53.2874 8.13192
internal_count=1592 635 222 48 174 413 309 104 96 957 771 426 380 69
is_linear=0
shrinkage=0.05


Tree=169
num_leaves=15
num_cat=0
split_feature=1 5 24 7 2 7 3 9 28 1 1 7 5 11
split_gain=1.15211 1.50632 0.83244 1.72107 1.61001 1.59871 1.98342 1.9875 3.0835 3.52052 2.39006 3.26461 2.49018 1.79854
threshold=3.5000000000000004 1.5000000000000002 1.5000000000000002 1.5000000000000002 1.8750000000000002 3.5000000000000004 2.5000000000000004 2.5000000000000004 1.8750000000000002 4.5000000000000009 4.5000000000000009 1.5000000000000002 1.5000000000000002 2.5000000000000004
decision_type=2 2 2 2 2 2 2 2 2 2 2 2 2 2
left_child=1 -1 5 4 -4 6 7 8 9 -2 -10 12 -12 -11
right_child=2 -3 3 -5 -6 -7 -8 -9 10 13 11 -13 -14 -15
leaf_value=0.057171283772847574 -0.039124269256673984 0.0064534134734958865 -0.001342495571740222 -0.00075106465243679563 0.030173250190546608 0.029035625291796388 -0.02420693678516948 -0.022249079007959582 0.058364887703520496 -0.0020904408464158123 -0.055280076536820578 0.035573420505122931 0.0062613802022998934 0.045183585119349085
leaf_weight=1.8859309600666145 6.4582262374460688 6.2735590655356646 6.4038654034957316 45.014410588773899 10.252675220370291 3.5454160417430094 11.219591628294436 10.002288660500197 3.1438932958990362 36.663674907991663 2.213283905759452 6.7400288693606853 5.4397685909643769 2.0272699819179243
leaf_count=25 35 57 46 476 86 109 115 99 37 347 14 74 43 29
internal_value=0.000849109 0.019029 -0.000140951 0.00428613 0.0179716 -0.00329275 -0.00472144 -0.00165035 0.0016268 -0.00524475 0.0193889 0.0103588 -0.0116976 0.000432199
internal_weight=157.284 8.15949 149.124 61.671 16.6565 87.4534 83.908 72.6884 62.6861 45.1492 17.537 14.3931 7.65305 38.6909
internal_count=1592 82 1510 608 132 902 793 678 579 411 168 131 57 376
is_linear=0
shrinkage=0.05


Tree=170
num_leaves=15
num_cat=0
split_feature=30 23 21 25 25 24 2 11 6 2 11 2 28 2
split_gain=1.04041 1.67366 0.943983 3.84303 3.03619 0.921536 4.14066 2.01448 1.54363 1.45008 1.22448 0.587332 3.3534 1.52078
threshold=0.88177643582009468 1.0000000180025095e-35 2.5000000000000004 1.0000000180025095e-35 1.0000000180025095e-35 1.5000000000000002 2.2916666666666674 1.5000000000000002 2.5000000000000004 2.2916666666666674 1.5000000000000002 1.4166666666666667 1.5833333333333337 1.7083333333333337
decision_type=2 2 2 2 2 2 2 2 2 2 2 2 2 2
left_child=11 2 3 -2 5 7 8 -4 -7 -9 -8 12 -1 -13
right_child=1 -3 4 -5 -6 6 10 9 -10 -11 -12 13 -14 -15
leaf_value=-0.046122509212082809 -0.069242399510487398 -0.038803955207102815 0.057369233230333563 0.017780879251620703 -0.045074803066045603 0.018006531875373818 0.010897815687356642 0.030328967815172764 -0.027917538334329278 -0.021270687627128498 0.056432657967909666 -0.017951241259005719 0.034110974534493049 -0.0011721196676703286
leaf_weight=1.6822773814201344 1.7007212168537069 1.7482878915034223 4.0785588263534045 4.1431681271642447 1.8946910202503193 2.5557024190202338 2.6014060731977233 3.427447491325438 5.5524378577247262 2.0764315016567707 4.1019907505251467 15.615138836670665 4.63917335588485 99.321764970431104
leaf_count=13 21 51 68 35 22 19 25 27 30 17 37 143 56 1027
internal_value=-0.000470621 0.00724311 0.00993864 -0.00786337 0.0140055 0.0188617 0.0106687 0.0310263 -0.0130946 0.0103838 0.0395492 -0.00265071 0.011984 -0.00348706
internal_weight=155.139 33.8808 32.1326 5.84389 26.2887 24.394 14.8115 9.58244 8.10814 5.50388 6.7034 121.258 6.32145 114.937
internal_count=1591 352 301 56 245 223 111 112 49 44 62 1239 69 1170
is_linear=0
shrinkage=0.05


Tree=171
num_leaves=15
num_cat=0
split_feature=31 21 0 6 14 9 1 28 10 28 33 1 1 10
split_gain=1.3304 0.817083 2.21439 2.03092 1.96138 1.33654 0.973165 2.57559 1.35742 1.08812 1.4154 0.948666 0.887928 1.63504
threshold=1.5000000000000002 3.5000000000000004 3.5000000000000004 1.5000000000000002 1.5000000000000002 2.5000000000000004 8.5000000000000018 2.2916666666666674 3.5000000000000004 2.5833333333333335 2.5000000000000004 10.500000000000002 7.5000000000000009 3.5000000000000004
decision_type=2 2 2 2 2 2 2 2 2 2 2 2 2 2
left_child=1 2 6 -3 -5 -6 9 -8 -9 12 -11 -7 -1 -14
right_child=-2 3 -4 4 5 11 7 8 -10 10 -12 -13 13 -15
leaf_value=-0.0010113443453199521 0.019001810001814189 -0.032228636860051972 0.038914697518834855 0.045905073121978501 0.029468953840898017 0.0003083580675603506 -0.063022730711063943 0.044543938773738322 -0.020185566552038507 -0.047166569583523082 0.004348689461423986 -0.046531503974617722 0.0052994512629466698 0.056396001559605419
leaf_weight=105.47426941606682 8.20140717551112 6.9111304664984328 3.3984967803116879 2.0285765728913248 1.4023943252395836 1.8305008169263599 2.1569638181244946 1.283269009087235 1.814345530932769 2.6918612365843719 2.3679488338530064 2.2142130000283942 11.207849427359177 1.7582505666650821
leaf_count=945 93 70 62 42 29 17 28 23 21 41 17 28 137 38
internal_value=-0.000448467 -0.0015663 -0.000310932 -0.0128435 0.00493657 -0.0104225 -0.0013951 -0.0222736 0.00640293 -0.000469245 -0.0229563 -0.0252342 0.000488874 0.0127983
internal_weight=154.741 146.54 132.153 14.3868 7.47568 5.44711 128.755 5.25458 3.09761 123.5 5.05981 4.04471 118.44 12.9661
internal_count=1591 1498 1312 186 116 74 1250 72 44 1178 58 45 1120 175
is_linear=0
shrinkage=0.05


Tree=172
num_leaves=15
num_cat=0
split_feature=31 30 10 2 2 2 30 24 2 3 7 30 4 33
split_gain=1.20628 0.825174 0.697781 2.05087 1.21052 1.10723 0.957944 1.17142 0.875756 2.19652 3.613 0.864961 2.00716 2.16926
threshold=1.5000000000000002 0.88177643582009468 4.5000000000000009 3.2916666666666674 3.1250000000000004 2.7083333333333335 0.48570226039551589 1.5000000000000002 2.4166666666666674 1.5000000000000002 1.5000000000000002 1.0000000180025095e-35 3.5000000000000004 2.5000000000000004
decision_type=2 2 2 2 2 2 2 2 2 2 2 2 2 2
left_child=2 -2 4 -4 5 8 -6 -8 -1 10 -10 -11 13 -13
right_child=1 -3 3 -5 6 -7 7 -9 9 11 -12 12 -14 -15
leaf_value=-0.0027762718248843573 0.0079566689210188394 0.044629334591697399 0.041580715021980734 -0.055983037108307446 0.041747469445436593 -0.015725973006916825 0.02735414012223198 -0.033085740297858511 -0.014673087153306216 -0.032875043611634729 0.04405391897002528 -0.030740841545609628 0.025984299142215495 0.018403023213586996
leaf_weight=96.679976638872176 6.0667632115073484 2.1047606142237782 0.64949013758450691 1.7351647820323703 2.7829245510511091 13.163627215311861 1.767980487784371 1.2999470792710779 3.840225515887143 2.178862088359895 7.5515604829415679 6.1404556920751912 4.8950401786714783 3.3589386893436313
leaf_count=889 57 36 32 22 51 158 29 20 28 17 114 62 36 40
internal_value=-0.000423083 0.0181301 -0.00148998 -0.0278001 -0.00101683 -0.00198546 0.0210278 0.000719308 -0.000502854 0.00724954 0.0240838 -0.00424673 0.000111125 -0.0130927
internal_weight=154.216 8.17152 146.044 2.38465 143.66 137.809 5.85085 3.06793 124.645 27.9651 11.3918 16.5733 14.3944 9.49939
internal_count=1591 93 1498 54 1444 1344 100 49 1186 297 142 155 138 102
is_linear=0
shrinkage=0.05


Tree=173
num_leaves=15
num_cat=0
split_feature=8 7 4 28 2 2 5 28 2 28 9 5 6 33
split_gain=0.637237 1.76214 0.445665 2.1078 0.874019 1.32268 0.883191 1.04129 0.85242 1.38876 0.938161 0.936681 0.755456 1.19229
threshold=2.5000000000000004 3.5000000000000004 1.5000000000000002 2.4166666666666674 1.7083333333333337 1.4166666666666667 1.5000000000000002 1.8750000000000002 1.4166666666666667 1.5833333333333337 2.5000000000000004 1.0000000180025095e-35 1.5000000000000002 1.5000000000000002
decision_type=2 2 2 2 2 2 2 2 2 2 2 2 2 2
left_child=2 -2 3 8 5 -4 7 -7 9 -1 -10 -11 -8 -14
right_child=1 -3 4 -5 -6 6 12 -9 10 11 -12 -13 13 -15
leaf_value=-0.03626118427844259 -0.024889944069767286 0.044091610161760053 0.019628092007155963 -0.035273376412489413 0.0012123831270631406 0.018859274625611985 -0.0081247830490043579 -0.024335786269163037 0.039137545621573705 0.0497908078611035 -0.028833119328005918 -0.0015793961160202972 -0.062175387229544778 -0.016999824268492496
leaf_weight=1.4256870672106723 6.2454103019554159 0.96892110584303726 3.0846788706257966 2.0476135006174436 113.47320886142552 3.3469729796051988 5.6328882025554776 2.2350770942866802 4.9077991095837206 1.4496513614431026 0.44972064439207304 1.8541497383266685 2.3606721460819244 4.4448914919048548
leaf_count=11 86 37 27 21 1054 22 39 21 162 21 11 21 22 36
internal_value=-0.000396797 -0.0148074 0.000304393 0.0094517 -0.000508242 -0.00983927 -0.0151018 0.000999898 0.0190332 0.00284684 0.0325501 0.0210271 -0.0224776 -0.0337055
internal_weight=153.927 7.21433 146.713 12.1346 134.578 21.1052 18.0205 5.58205 10.087 4.72949 5.35752 3.3038 12.4385 6.80556
internal_count=1591 123 1468 247 1221 167 140 43 226 53 173 42 97 58
is_linear=0
shrinkage=0.05


Tree=174
num_leaves=15
num_cat=0
split_feature=31 30 21 0 6 6 9 1 28 10 28 33 4 1
split_gain=1.09118 0.76603 0.727276 2.03615 1.81499 1.82915 1.48495 0.895766 2.39138 1.14918 0.983206 1.30588 0.85562 0.6982
threshold=1.5000000000000002 0.88177643582009468 3.5000000000000004 3.5000000000000004 1.5000000000000002 2.5000000000000004 2.5000000000000004 8.5000000000000018 2.2916666666666674 3.5000000000000004 2.5833333333333335 2.5000000000000004 3.5000000000000004 7.5000000000000009
decision_type=2 2 2 2 2 2 2 2 2 2 2 2 2 2
left_child=2 -2 3 7 -4 -6 -7 10 -9 -10 13 -12 -8 -1
right_child=1 -3 4 -5 5 6 12 8 9 -11 11 -13 -14 -15
leaf_value=-0.00077519475558698316 0.0075191671456411469 0.043058295985472159 -0.030581517925186048 0.038096006929543708 0.054152796374616174 0.031388741245070982 -0.037776674150187185 -0.061700504769330283 0.041401616568608079 -0.018492164818642864 -0.045728379183578818 0.0041498278460531425 0.0084933706531765789 0.011553791547149082
leaf_weight=105.28293348895386 6.0453248531557602 2.0757944528013468 6.8060938145499659 3.2753908410668364 1.4121602722443638 1.6400002131704239 2.9464567839168012 2.0757309563923618 1.2674829741008582 1.7883092896081505 2.6072704379912457 2.3550942819565535 1.3233820797177029 12.764814675552769
leaf_count=945 57 36 70 62 32 32 28 28 23 21 41 17 24 175
internal_value=-0.000379928 0.0173205 -0.00139595 -0.000213839 -0.0121373 0.00485158 -0.00721804 -0.0012415 -0.0215132 0.00608313 -0.00035875 -0.0219484 -0.0229976 0.000545462
internal_weight=153.666 8.12112 145.545 131.417 14.1281 7.322 5.90984 128.142 5.13152 3.05579 123.01 4.96236 4.26984 118.048
internal_count=1591 93 1498 1312 186 116 84 1250 72 44 1178 58 52 1120
is_linear=0
shrinkage=0.05


Tree=175
num_leaves=15
num_cat=0
split_feature=2 23 5 29 2 1 7 24 32 8 4 31 1 1
split_gain=0.898226 0.792006 1.72786 0.838993 0.824666 0.563464 1.11315 0.485135 2.92194 2.73254 2.52633 3.43896 2.11755 1.72058
threshold=3.5833333333333335 1.0000000180025095e-35 1.0000000180025095e-35 2.5000000000000004 2.2916666666666674 6.5000000000000009 1.5000000000000002 1.0000000180025095e-35 1.0000000180025095e-35 2.5000000000000004 1.5000000000000002 1.0000000180025095e-35 7.5000000000000009 8.5000000000000018
decision_type=2 2 2 2 2 2 2 2 2 2 2 2 2 2
left_child=1 7 4 5 -3 6 -4 8 9 12 -10 -12 -1 -14
right_child=-2 2 3 -5 -6 -7 -8 -9 10 -11 11 -13 13 -15
leaf_value=0.032713424803605277 -0.038057846694027342 -0.0074820941228222401 -0.026669889381854956 -0.053053051335571061 0.040076615067258764 -0.031626086981337419 0.016616071651481903 0.0016696956697189996 0.011735028616362999 -0.046654186942433631 -0.058314349005848254 0.0037796664153592384 -0.04571876951762488 0.018576847120627026
leaf_weight=8.3415267858654243 1.5505881344433863 1.5258606323040997 2.8763397959992272 1.7906903409166268 1.8462044517509637 3.2133570078294724 2.8165728868916631 112.56654248409905 3.6825971528887758 1.737595229875297 6.1194704016670567 3.3447177084162831 1.8297498794272535 2.1090455129742622
leaf_count=75 21 20 20 67 44 32 22 1110 33 24 48 35 13 20
internal_value=-0.00133112 -0.000920111 -0.0121871 -0.0220907 0.0182406 -0.0150679 -0.00490542 0.000204348 -0.00575999 0.00996826 -0.0226678 -0.0362984 0.0184941 -0.0110649
internal_weight=155.351 153.8 14.069 10.697 3.37207 8.90627 5.69291 139.731 27.1647 14.0179 13.1468 9.46419 12.2803 3.9388
internal_count=1584 1563 205 141 64 74 42 1358 248 132 116 83 108 33
is_linear=0
shrinkage=0.05


Tree=176
num_leaves=15
num_cat=0
split_feature=2 23 5 29 2 1 7 2 9 3 14 2 13 14
split_gain=0.827076 0.725348 1.58018 0.824943 0.76879 0.519813 1.00347 0.449542 1.44013 1.13132 1.93803 0.769859 1.23139 0.796294
threshold=3.5833333333333335 1.0000000180025095e-35 1.0000000180025095e-35 2.5000000000000004 2.2916666666666674 6.5000000000000009 1.5000000000000002 3.1250000000000004 2.5000000000000004 1.5000000000000002 1.5000000000000002 2.8750000000000004 2.5000000000000004 1.5000000000000002
decision_type=2 2 2 2 2 2 2 2 2 2 2 2 2 2
left_child=1 7 4 5 -3 6 -4 11 -9 -10 -11 12 -1 -13
right_child=-2 2 3 -5 -6 -7 -8 8 9 10 -12 13 -14 -15
leaf_value=-0.00017421951888143154 -0.036740442969724306 -0.007129282351432756 -0.025207301928538844 -0.052581938139344864 0.038958709792660605 -0.030366987423262354 0.015812798095912853 0.035629653357837743 -0.039748999857485402 0.052657878142523477 -0.020330449546940632 -0.0060073515124849106 0.031165930714188446 -0.039851365944717096
leaf_weight=116.57898076612037 1.5299983154982317 1.5262422496452903 2.896342031657694 1.7191081902710728 1.8080771081149576 3.1841671797446907 2.816744317766279 3.4798497946467233 1.5608658459968863 1.4548182776197793 2.0477568991482258 9.1873044220264983 3.1172839486971489 2.1449195169843724
leaf_count=1064 21 20 20 67 44 32 22 81 16 21 19 86 47 24
internal_value=-0.001273 -0.00087957 -0.011711 -0.0212097 0.0175413 -0.0143531 -0.00462883 0.000192783 0.0112503 -0.00538579 0.00991196 -0.000517152 0.000646447 -0.0129245
internal_weight=155.052 153.522 13.9507 10.6164 3.33432 8.89725 5.71309 139.572 8.54329 5.06344 3.50258 131.028 119.696 11.3322
internal_count=1584 1563 205 141 64 74 42 1358 137 56 40 1221 1111 110
is_linear=0
shrinkage=0.05


Tree=177
num_leaves=15
num_cat=0
split_feature=2 23 24 5 4 7 12 7 14 3 21 10 8 2
split_gain=0.761236 0.664229 1.51822 1.86039 0.682104 1.6261 0.456243 1.89704 1.34412 1.97653 1.49114 0.869888 0.983628 0.635048
threshold=3.5833333333333335 1.0000000180025095e-35 1.0000000180025095e-35 1.0000000180025095e-35 2.5000000000000004 1.5000000000000002 1.5000000000000002 1.5000000000000002 1.5000000000000002 1.5000000000000002 3.5000000000000004 2.5000000000000004 1.5000000000000002 3.2916666666666674
decision_type=2 2 2 2 2 2 2 2 2 2 2 2 2 2
left_child=1 6 3 -3 -5 -6 13 -8 9 -9 -10 12 -12 -1
right_child=-2 2 -4 4 5 -7 7 8 10 -11 11 -13 -14 -15
leaf_value=-0.0014201914019922948 -0.035454118697619177 0.030494032211915625 -0.052798290164513234 -0.00069798234582391181 -0.053080613230815879 0.0042027969237741387 0.048336449776931523 -0.017772820741864835 0.034969089927831931 0.055135922767644376 0.009464424122203734 -0.045044800695590373 -0.031697682721074906 0.020612647732302217
leaf_weight=120.8519537623506 1.5103710098192085 2.7783346790820334 1.8099064176203672 4.478623048402369 2.718236084561795 2.051803573500365 2.3844725210219613 1.4293405804783081 1.4510443452745674 2.1954688979312778 3.3525859890505672 2.1365756643936038 2.3486751634627581 3.2525870669633141
leaf_count=1097 21 51 73 33 24 24 26 19 24 47 32 31 25 57
internal_value=-0.00121765 -0.000840998 -0.0112517 -0.00440949 -0.0153761 -0.0283468 0.000181755 0.00831428 0.000417561 0.0260099 -0.00947377 -0.0183535 -0.00731575 -0.000806486
internal_weight=154.75 153.24 13.8369 12.027 9.24866 4.77004 139.403 15.2982 12.9137 3.62481 9.28888 7.83784 5.70126 124.105
internal_count=1584 1563 205 132 81 48 1358 204 178 66 112 88 57 1154
is_linear=0
shrinkage=0.05


Tree=178
num_leaves=15
num_cat=0
split_feature=2 23 24 5 4 7 24 32 8 5 1 1 25 7
split_gain=0.700563 0.608352 1.45301 1.69959 0.614546 1.47307 0.433707 2.64695 2.4776 2.37292 1.9534 1.55694 1.5191 3.05499
threshold=3.5833333333333335 1.0000000180025095e-35 1.0000000180025095e-35 1.0000000180025095e-35 2.5000000000000004 1.5000000000000002 1.0000000180025095e-35 1.0000000180025095e-35 2.5000000000000004 2.5000000000000004 7.5000000000000009 8.5000000000000018 1.0000000180025095e-35 2.5000000000000004
decision_type=2 2 2 2 2 2 2 2 2 2 2 2 2 2
left_child=1 6 3 -3 -5 -6 7 8 10 12 -1 -12 -9 -14
right_child=-2 2 -4 4 5 -7 -8 9 -10 -11 11 -13 13 -15
leaf_value=0.031579135661734599 -0.034198678432933817 0.029444987072903307 -0.052349072262639032 -0.00066390986882695327 -0.050457206404024714 0.004003008722989608 0.0015649501945616037 -0.046017194202583024 -0.044129084759547021 -0.050683458984782062 -0.04362448407664396 0.017723626736152739 0.056885666632519427 -0.015735309768333823
leaf_weight=8.23487940430641 1.4916826498229045 2.7380624138750109 1.736875069211236 4.4781928478041664 2.7216899851337075 2.0514966985210776 112.15575443871785 1.7545071104541401 1.7464396683499224 4.4911817591637382 1.8233414953574532 2.0851270779967308 1.9215195868164299 4.9548259386792779
leaf_count=75 21 51 73 33 24 24 1110 17 24 35 13 20 18 46
internal_value=-0.00115986 -0.000799043 -0.010805 -0.00419663 -0.014629 -0.0269356 0.000176961 -0.00547841 0.009582 -0.021561 0.0178082 -0.0106466 -0.00571341 0.004724
internal_weight=154.386 152.894 13.7263 11.9894 9.25138 4.77319 139.168 27.0118 13.8898 13.122 12.1433 3.90847 8.63085 6.87635
internal_count=1584 1563 205 132 81 48 1358 248 132 116 108 33 81 64
is_linear=0
shrinkage=0.05


Tree=179
num_leaves=15
num_cat=0
split_feature=2 23 28 5 2 2 2 4 29 3 8 6 2 30
split_gain=0.64412 0.55626 1.38409 0.947758 0.698057 0.426119 0.418954 1.7696 1.84233 2.44417 0.835173 0.691215 0.680516 1.18206
threshold=3.5833333333333335 1.0000000180025095e-35 1.5833333333333337 1.0000000180025095e-35 2.2916666666666674 2.4166666666666674 1.7083333333333337 2.5000000000000004 3.5000000000000004 2.5000000000000004 2.5000000000000004 3.5000000000000004 2.1250000000000004 0.60355339059327384
decision_type=2 2 2 2 2 2 2 2 2 2 2 2 2 2
left_child=1 6 3 4 -3 -5 7 8 9 -1 11 12 13 -8
right_child=-2 2 -4 5 -6 -7 10 -9 -10 -11 -12 -13 -14 -15
leaf_value=-0.0015390455204736583 -0.032974003899306013 -0.001135016678353198 -0.042329033608587627 -0.022196000167797006 0.049190524129576287 0 0.013119483528104318 -0.038168102199738319 -0.045970822206800321 0.054240939626618079 -0.015871517757932673 0.02845799662446585 -0.0013624515644001794 -0.0045736320657468075
leaf_weight=22.600276473443966 1.473906545434146 1.2151665892451977 2.6251965898554763 3.9254532356280833 1.2427113330923019 4.6111315563321114 27.03173940978013 3.4560867017135015 1.963744519278406 2.0440523978322735 6.2809289926663032 2.4624534971080712 58.892711198888719 14.151838399004189
leaf_count=187 21 13 97 35 30 30 247 26 24 21 89 21 642 101
internal_value=-0.00111263 -0.000766911 -0.0103745 -0.00220653 0.0242607 -0.0103092 0.000164061 -0.00503055 -0.000505966 0.00318694 0.00162546 0.002736 0.00205036 0.00698272
internal_weight=153.977 152.503 13.6197 10.9945 2.45788 8.53658 138.884 30.0642 26.6081 24.6443 108.82 102.539 100.076 41.1836
internal_count=1584 1563 205 108 43 65 1358 258 232 208 1100 1011 990 348
is_linear=0
shrinkage=0.05


Tree=180
num_leaves=15
num_cat=0
split_feature=4 6 10 5 4 5 30 5 1 32 28 9 32 7
split_gain=0.870955 1.52324 1.60744 2.11947 0.829096 3.36975 1.66819 1.47877 4.07933 1.53803 1.41889 1.27703 1.13225 1.08554
threshold=4.5000000000000009 1.5000000000000002 1.5000000000000002 1.5000000000000002 3.5000000000000004 1.5000000000000002 0.76180168105713697 2.5000000000000004 6.5000000000000009 1.0000000180025095e-35 2.4166666666666674 1.5000000000000002 1.0000000180025095e-35 1.5000000000000002
decision_type=2 2 2 2 2 2 2 2 2 2 2 2 2 2
left_child=4 -2 3 -3 7 11 -7 10 9 -9 13 -6 -12 -1
right_child=1 2 -4 -5 5 6 -8 8 -10 -11 12 -13 -14 -15
leaf_value=-0.0026663152821106645 -0.037182360971814099 -0.06000004292181027 0.036872679697764588 0.0050112830997681946 0.0054084810960442868 0.013617835753866967 0.051511474649398384 0.042598422052929324 -0.064867745031714358 -0.012411086771709214 0.007371163461414372 -0.034718527425107372 -0.021554915275981589 0.008124286844940402
leaf_weight=37.790170026477426 3.9509148886427274 1.6218624226166847 2.1113692219369113 4.36052854382433 3.4969559032470015 11.120095519814639 4.0473906606785013 1.8154720915481428 3.0815266268327832 3.596506689209491 4.742555862758306 4.1524380566552281 10.531696174759418 59.424165264354087
leaf_count=298 65 18 30 36 30 97 43 26 35 30 66 30 104 703
internal_value=0.000683831 -0.0121487 7.08174e-05 -0.0128993 0.00178376 0.0105052 0.0241645 0.000110951 -0.0198592 0.00602659 0.00165731 -0.0162186 -0.0124214 0.00390553
internal_weight=155.844 12.0447 8.09376 5.98239 143.799 22.8169 15.1675 120.982 8.49351 5.41198 112.489 7.64939 15.2743 97.2143
internal_count=1611 149 84 54 1462 200 140 1262 91 56 1171 60 170 1001
is_linear=0
shrinkage=0.05


Tree=181
num_leaves=15
num_cat=0
split_feature=4 10 25 6 4 25 30 9 2 6 33 32 8 28
split_gain=0.797071 1.42899 1.37687 0.94883 0.755369 1.59065 1.22913 3.24584 2.50681 1.65796 1.29131 0.994923 1.97144 1.54686
threshold=4.5000000000000009 1.5000000000000002 1.0000000180025095e-35 1.5000000000000002 3.5000000000000004 1.0000000180025095e-35 0.48570226039551589 1.5000000000000002 2.8750000000000004 2.5000000000000004 1.5000000000000002 1.0000000180025095e-35 2.5000000000000004 2.4166666666666674
decision_type=2 2 2 2 2 2 2 2 2 2 2 2 2 2
left_child=4 2 -2 -3 11 6 7 10 9 -8 -6 12 -1 -13
right_child=1 3 -4 -5 5 -7 8 -9 -10 -11 -12 13 -14 -15
leaf_value=0.0068968400348364727 -0.041903402352397985 -0.015125979389534965 -0.00077600841088889475 0.035443408803544393 -0.0070037674627708825 0.041411609937652048 0.067443402140399164 -0.039005503727091495 -0.018422739972925869 0.00894240512554631 0.034600613514090328 -0.00058389347051102482 -0.041523188965904893 -0.021321774086494404
leaf_weight=54.020746158086695 4.4111940065049549 1.449242374626919 3.9454289968125522 2.0912446714937687 3.3868792802095466 3.3509108771104357 2.6049012159928671 4.4553920826874673 2.6713900362374261 2.4586722329258919 3.7731250617653131 53.893250062712468 2.0767502379603675 10.76285872212611
leaf_count=540 59 27 33 30 19 39 20 34 39 15 34 569 41 112
internal_value=0.000648805 -0.0117063 -0.0230203 0.01421 0.00169831 0.0100462 0.00430109 -0.00581236 0.0196876 0.0402451 0.0147508 0.000101236 0.00498913 -0.00410219
internal_weight=155.352 11.8971 8.35662 3.54049 143.455 22.7013 19.3504 11.6154 7.73496 5.06357 7.16 120.754 56.0975 64.6561
internal_count=1611 149 92 57 1462 200 161 87 74 35 53 1262 581 681
is_linear=0
shrinkage=0.05


Tree=182
num_leaves=15
num_cat=0
split_feature=14 7 21 12 15 7 8 4 9 30 24 0 2 2
split_gain=0.739149 1.48864 1.55875 0.682556 2.09417 0.668117 1.81855 1.84922 0.649782 0.493616 0.962202 0.80648 0.80241 1.51165
threshold=1.0000000180025095e-35 1.5000000000000002 3.5000000000000004 1.5000000000000002 1.5000000000000002 2.5000000000000004 1.0000000180025095e-35 4.5000000000000009 2.5000000000000004 1.0000000180025095e-35 1.5000000000000002 2.5000000000000004 1.8750000000000002 2.4166666666666674
decision_type=2 2 2 2 2 2 2 2 2 2 2 2 2 2
left_child=3 -2 -3 9 -5 -4 7 -7 -6 10 12 -12 -1 -14
right_child=1 2 5 4 8 6 -8 -9 -10 -11 11 -13 13 -15
leaf_value=0.024946141746539575 0.022293227391126397 0.03007925597653285 -0.047754025551770496 0.047154586923580988 0.0059323256856175987 0.055960599976565342 -0.050903908552261248 -0.02749223698787244 -0.05342432411172654 -0.00084429274525524886 0 -0.035624813026309238 -0.005521248601802144 0.019883066092227931
leaf_weight=6.8176892315968898 2.3541988637298337 1.1378581379540245 3.1281978171318769 2.7300793831236652 0.80692687816917874 1.1638003513216975 1.948385573516134 1.2689899792894719 0.76770969899371266 101.56587775849039 5.7242576181888571 2.064324639737606 13.449941567261705 10.097865893272681
leaf_count=82 26 23 39 55 13 11 37 21 17 1015 42 16 105 109
internal_value=0.000614632 -0.0117911 -0.0215051 0.00158712 0.0209945 -0.0299425 -0.0158852 0.0120762 -0.0229761 0.000956722 0.00580604 -0.00962369 0.00986434 0.00530503
internal_weight=155.026 11.0014 8.64723 144.025 4.30472 7.50937 4.38118 2.43279 1.57464 139.72 38.1541 7.78858 30.3655 23.5478
internal_count=1611 157 131 1454 85 108 69 32 30 1369 354 58 296 214
is_linear=0
shrinkage=0.05


Tree=183
num_leaves=15
num_cat=0
split_feature=14 11 33 8 2 11 28 24 22 30 25 2 2 2
split_gain=0.676954 1.56352 0.801161 1.40218 0.806994 0.587019 1.48773 2.70848 3.04153 2.79804 1.78575 1.70239 1.74611 1.1089
threshold=1.0000000180025095e-35 1.5000000000000002 3.5000000000000004 1.0000000180025095e-35 2.7083333333333335 1.5000000000000002 1.8750000000000002 1.0000000180025095e-35 1.5000000000000002 0.48570226039551589 1.0000000180025095e-35 2.8750000000000004 2.4166666666666674 1.8750000000000002
decision_type=2 2 2 2 2 2 2 2 2 2 2 2 2 2
left_child=5 2 3 4 -2 6 11 10 9 13 -8 12 -1 -9
right_child=1 -3 -4 -5 -6 -7 7 8 -10 -11 -12 -13 -14 -15
leaf_value=-0.0044649228386907857 0.046273544540901851 0.034534694177198261 -0.038409000124509166 -0.032552921949616807 -0.00374071078106413 -0.0019292706811627346 -0.052292023480867235 0 0.055683999164345403 -0.017989097851586935 0.0030273229295714925 -0.043599453092096847 0.018802029039867357 0.044569152632288035
leaf_weight=34.14626944065094 1.1668628202751263 1.4635069032083254 3.381142558529973 2.834536554524675 1.9669842079747466 66.007911004940979 1.5446214496623731 1.9086777288466708 5.7405785697046658 4.7411040445440449 12.427980562206358 2.1490180958062401 10.431876592105253 4.6964245083509013
leaf_count=321 13 36 32 46 30 585 30 19 94 57 113 32 132 71
internal_value=0.000585374 -0.0113946 -0.019138 -0.00735575 0.0149637 0.00151091 0.00446099 0.0129301 0.0262392 0.010767 -0.00323852 -0.00113059 0.000953793 0.0317412
internal_weight=154.607 10.813 9.34953 5.96838 3.13385 143.794 77.7866 31.0594 17.0868 11.3462 13.9726 46.7272 44.5781 6.6051
internal_count=1611 157 121 89 43 1454 869 384 241 147 143 485 453 90
is_linear=0
shrinkage=0.05


Tree=184
num_leaves=15
num_cat=0
split_feature=4 6 8 28 4 5 2 25 31 5 7 10 2 33
split_gain=0.713927 1.32235 1.38938 1.00271 0.619276 2.83911 1.60297 1.94196 1.89241 1.3433 2.28915 1.53801 1.1065 1.30586
threshold=4.5000000000000009 1.5000000000000002 1.0000000180025095e-35 2.0833333333333335 3.5000000000000004 1.5000000000000002 2.5833333333333335 1.0000000180025095e-35 1.0000000180025095e-35 2.5000000000000004 1.5000000000000002 1.5000000000000002 3.1250000000000004 3.5000000000000004
decision_type=2 2 2 2 2 2 2 2 2 2 2 2 2 2
left_child=4 -2 3 -3 9 -6 8 -8 -7 12 -11 -12 13 -1
right_child=1 2 -4 -5 5 6 7 -9 -10 10 11 -13 -14 -15
leaf_value=0.001787564525796476 -0.035311605054949437 -0.0035178662309150741 -0.035566912047475432 0.037401698285321174 -0.015561221910986404 0.010490947918906521 -0.0057190920930154394 0.053084099730382223 0.064917207051499934 0.013205303377659182 0 -0.058200729990088074 0.03520207885781225 -0.030456943097028739
leaf_weight=106.27076977596153 3.7471045602578652 3.6237645223736763 1.9080875163781454 2.3262886572629213 7.5075801750645068 3.1794542198767877 6.5021878011175414 1.6699289935640989 3.5004042033106089 3.2139699319377524 1.6810106986667959 3.4638787002768368 2.2975555164739481 3.131332414224743
leaf_count=1069 65 26 38 20 60 30 59 17 34 32 24 35 65 37
internal_value=0.000557923 -0.0112874 0.000154074 0.012421 0.00154795 0.00916964 0.0218586 0.00649127 0.0399172 0.000101234 -0.019088 -0.0396052 0.00157538 0.000814853
internal_weight=154.023 11.6052 7.85814 5.95005 142.418 22.3596 14.852 8.17212 6.67986 120.059 8.35886 5.14489 111.7 109.402
internal_count=1611 149 84 46 1462 200 140 76 64 1262 91 59 1171 1106
is_linear=0
shrinkage=0.05


Tree=185
num_leaves=15
num_cat=0
split_feature=7 24 10 8 32 2 4 4 1 7 24 2 2 10
split_gain=0.748707 1.45064 1.80021 1.04631 1.09033 0.987116 0.829048 0.759737 0.720879 1.16444 1.36296 1.10649 1.2569 2.53713
threshold=3.5000000000000004 1.5000000000000002 1.5000000000000002 2.5000000000000004 1.0000000180025095e-35 2.2916666666666674 3.5000000000000004 2.5000000000000004 6.5000000000000009 2.5000000000000004 1.0000000180025095e-35 1.8750000000000002 2.4166666666666674 2.5000000000000004
decision_type=2 2 2 2 2 2 2 2 2 2 2 2 2 2
left_child=3 6 7 8 -5 -6 -2 -3 9 10 -1 -10 13 -13
right_child=1 2 -4 4 5 -7 -8 -9 11 -11 -12 12 -14 -15
leaf_value=0.012126070838539758 0.050351466208681861 -0.048510433426479781 0.042064613319950234 -0.055301778798930529 0.010405887105299759 -0.036661546283304244 -0.0067491531836629363 0.00036305676788335532 0.039002174461941035 0.024201137233636705 -0.003923112926025216 -0.024060942545476832 -0.0010718726651770853 0.025201712072210378
leaf_weight=16.56297438358888 2.5953161932993676 1.6853431417839604 1.22715772758238 1.7627886692062009 2.5974245597608387 1.7515628811670465 0.70725506450980891 1.2516473140567539 1.1839320808649052 4.9317047919612369 63.821059456444345 18.23285269364715 30.03776735952124 2.9167517335154107
leaf_count=128 91 22 39 35 30 22 15 13 19 82 505 154 387 46
internal_value=-0.00206189 0.0132124 -0.005931 -0.00288101 -0.022993 -0.00838664 0.0375495 -0.0275329 -0.00195408 0.000855344 -0.00057419 -0.00657133 -0.00774815 -0.0170628
internal_weight=151.266 7.46672 4.16415 143.799 6.11178 4.34899 3.30257 2.93699 137.687 85.3157 80.384 52.3713 51.1874 21.1496
internal_count=1588 180 74 1408 87 52 106 35 1321 715 633 606 587 200
is_linear=0
shrinkage=0.05


Tree=186
num_leaves=15
num_cat=0
split_feature=7 1 10 1 28 2 2 5 31 22 5 1 4 33
split_gain=0.688751 1.27489 2.05923 2.08614 0.99846 2.49993 1.74448 1.62005 1.62182 1.25827 0.902108 2.34993 5.07537 1.55105
threshold=3.5000000000000004 7.5000000000000009 1.5000000000000002 9.5000000000000018 1.4166666666666667 1.4166666666666667 1.4166666666666667 2.5000000000000004 1.0000000180025095e-35 1.0000000180025095e-35 2.5000000000000004 6.5000000000000009 3.5000000000000004 1.5000000000000002
decision_type=2 2 2 2 2 2 2 2 2 2 2 2 2 2
left_child=4 -2 3 -3 5 -1 -6 -7 -9 -8 -11 13 -13 -12
right_child=1 2 -4 -5 6 7 9 8 -10 10 11 12 -14 -15
leaf_value=-0.044584009594944934 0.050124637880419869 -0.062399731973559414 0.036207251957071043 0.01402628881742784 0.020431036528488985 0.0087837645659459788 -0.050398904265061988 -0.078393105529655158 0 -0.0084985687136546802 0 -0.072812375079863018 0.023551934963628073 0.045368886021508001
leaf_weight=2.4574925117194644 1.653480459935962 1.6458958490984517 2.3552844801452011 1.6833895239979026 5.9046622943133107 40.420844171429053 1.5821839791024093 0.98267159541137439 1.6651424607262015 77.844454508041963 3.5671691056340915 2.3510169796645641 2.9553573701996356 3.8696581423282623
leaf_count=16 51 30 81 18 67 378 77 19 24 714 28 20 34 31
internal_value=-0.00195897 0.0128209 0.000859184 -0.0237452 -0.00274002 0.00334008 -0.00558839 0.00622948 -0.0307544 -0.0073027 -0.00646768 0.00571332 -0.0192374 0.0238671
internal_weight=150.939 7.33805 5.68457 3.32929 143.601 45.5262 98.0745 43.0687 2.64781 92.1698 90.5877 12.7432 5.30637 7.43683
internal_count=1588 180 129 48 1408 437 971 421 43 904 827 113 54 59
is_linear=0
shrinkage=0.05


Tree=187
num_leaves=15
num_cat=0
split_feature=7 1 10 1 8 32 4 1 30 22 7 5 10 2
split_gain=0.635336 1.21635 1.894 1.88732 0.922719 1.0141 0.904545 0.609234 1.13091 3.16605 2.18693 1.38008 1.12445 1.11858
threshold=3.5000000000000004 7.5000000000000009 1.5000000000000002 9.5000000000000018 2.5000000000000004 1.0000000180025095e-35 1.5000000000000002 6.5000000000000009 0.92016825471890717 1.5000000000000002 1.5000000000000002 1.5000000000000002 1.5000000000000002 2.4166666666666674
decision_type=2 2 2 2 2 2 2 2 2 2 2 2 2 2
left_child=4 -2 3 -3 7 -6 -7 8 -1 11 -11 -10 13 -13
right_child=1 2 -4 -5 5 6 -8 -9 9 10 -12 12 -14 -15
leaf_value=0.0037772265437773437 0.049750718701467314 -0.059237624654765855 0.035288708741050702 0.013424016762085262 -0.052978768959861935 0.012038956362646064 -0.032652262408699499 -0.005998038674841593 -0.049067751468167775 -0.0046331817537210752 0.058647363663667157 -0.041949607603124245 0.017725881654068264 0.0012717607483319062
leaf_weight=67.830131169175729 1.5850964861456294 1.6522423942806201 2.2997960490174592 1.6756582111120222 1.7374318204820145 2.4052879363298416 1.912281291792169 52.175585556658916 3.9387529443483817 3.270762803964316 2.1523871321696788 3.3754502196097746 2.1115993063431233 2.428312205709517
leaf_count=557 51 30 81 18 35 17 35 606 33 33 20 33 17 22
internal_value=-0.00186766 0.0124519 0.000824676 -0.0225976 -0.00261383 -0.0215905 -0.00748024 -0.00174354 0.000839345 -0.0105062 0.0206366 -0.0250164 -0.0122734 -0.023727
internal_weight=150.551 7.21279 5.6277 3.3279 143.338 6.055 4.31757 137.283 85.1074 17.2773 5.42315 11.8541 7.91536 5.80376
internal_count=1588 180 129 48 1408 87 52 1321 715 158 53 105 72 55
is_linear=0
shrinkage=0.05


Tree=188
num_leaves=15
num_cat=0
split_feature=2 2 10 24 2 7 1 4 1 33 10 3 24 30
split_gain=0.608835 1.06618 0.847948 0.611433 0.603095 1.45165 1.16936 1.30307 0.633129 1.60756 1.41884 2.73873 3.99086 1.00724
threshold=3.5833333333333335 3.2916666666666674 4.5000000000000009 1.5000000000000002 2.7083333333333335 3.5000000000000004 9.5000000000000018 3.5000000000000004 6.5000000000000009 2.5000000000000004 2.5000000000000004 1.5000000000000002 1.5000000000000002 0.92016825471890717
decision_type=2 2 2 2 2 2 2 2 2 2 2 2 2 2
left_child=1 4 3 -3 6 -6 8 -8 9 13 -10 -12 -13 -1
right_child=-2 2 -4 -5 5 -7 7 -9 10 -11 11 12 -14 -15
leaf_value=0.0022081439825765688 -0.032495595374502043 0.04364426358219952 -0.0085214351457106232 0 -0.015735449530421497 0.038086114115990735 -0.0025139232505375125 0.06733673913380854 -0.01245393943243661 0.04740048637607628 0.045330444707109632 -0.036072166261292282 0.053639359716290594 -0.011830043476976415
leaf_weight=67.926853216718882 1.503638443071394 2.907114846399053 1.72351579205133 1.1441755427513269 15.191912909620443 1.2466855221427966 1.218047997914254 1.2059574760496614 29.631551315425895 1.6955645810812701 3.3503910750150663 4.2617208948358893 1.6218420546501873 15.617002051556481
leaf_count=573 24 53 26 16 207 33 22 13 310 24 61 33 38 155
internal_value=-0.00177777 -0.00142882 0.0194041 0.0318056 -0.00230076 -0.0112969 -0.00110424 0.0325377 -0.00180713 0.000578758 -0.00709205 0.00979537 -0.0104416 -0.000397157
internal_weight=150.246 148.742 5.77481 4.05129 142.968 16.4386 126.529 2.42401 124.105 85.2394 38.8655 9.23395 5.88356 83.5439
internal_count=1588 1564 95 69 1469 240 1229 35 1194 752 442 132 71 728
is_linear=0
shrinkage=0.05


Tree=189
num_leaves=15
num_cat=0
split_feature=22 29 2 24 29 31 0 7 24 10 30 8 4 9
split_gain=0.572145 1.17733 0.625692 1.68049 0.776797 0.961438 0.827078 0.674865 1.23534 1.74317 1.1879 1.1406 0.779552 0.557603
threshold=1.0000000180025095e-35 1.5000000000000002 1.5833333333333337 1.0000000180025095e-35 2.5000000000000004 1.0000000180025095e-35 2.5000000000000004 3.5000000000000004 1.5000000000000002 1.5000000000000002 0.60355339059327384 2.5000000000000004 3.5000000000000004 3.5000000000000004
decision_type=2 2 2 2 2 2 2 2 2 2 2 2 2 2
left_child=1 -1 3 -2 5 6 -5 11 12 10 -10 13 -9 -4
right_child=2 -3 7 4 -6 -7 -8 8 9 -11 -12 -13 -14 -15
leaf_value=-0.0022758938469792157 0.045952370744055358 -0.050117047212513616 -0.0023160840938354741 -0.01607929736641096 0.018153371297408679 -0.041292177862813619 0.025830321073123021 0.049534712018197244 -0.056877141438926519 0.046878880399101437 0.0045256549143339996 -0.025546763623265675 -0.007299766365852025 0.025521352423557526
leaf_weight=4.6992937698960295 2.439959153532981 1.7429739572689866 117.03906475799158 2.6474069822579605 3.7489354629069567 1.700144433416426 1.9466427359730003 2.3744276531506325 1.4137787446379668 1.0392424962483344 1.4717178200371561 5.2448504548519841 0.67106870282441367 1.7149059593211848
leaf_count=42 22 95 1094 24 31 14 23 91 14 38 19 49 13 19
internal_value=-0.00168345 -0.0161698 -0.00100466 0.00961175 0.000170395 -0.010266 0.00131849 -0.00204218 0.012922 -0.00511336 -0.0256193 -0.00291323 0.0363826 -0.00187192
internal_weight=149.894 6.44227 143.452 12.4831 10.0431 6.29419 4.59405 130.969 6.97024 3.92474 2.8855 123.999 3.0455 118.754
internal_count=1588 137 1451 114 92 61 47 1337 175 71 33 1162 104 1113
is_linear=0
shrinkage=0.05


Tree=190
num_leaves=15
num_cat=0
split_feature=22 1 5 1 30 9 10 9 33 7 3 7 28 1
split_gain=1.36633 0.988535 1.70143 1.44445 2.08941 1.4404 3.83838 1.87365 1.39772 5.22473 3.80973 1.22411 0.924906 1.45696
threshold=1.0000000180025095e-35 3.5000000000000004 1.5000000000000002 5.5000000000000009 1.1713894300707421 1.5000000000000002 1.5000000000000002 2.5000000000000004 1.5000000000000002 1.5000000000000002 1.5000000000000002 2.5000000000000004 1.4166666666666667 6.5000000000000009
decision_type=2 2 2 2 2 2 2 2 2 2 2 2 2 2
left_child=-1 2 -2 5 12 8 -7 -8 9 10 -3 -10 13 -5
right_child=1 3 -4 4 -6 6 7 -9 11 -11 -12 -13 -14 -15
leaf_value=-0.02111013964874206 0.060378197837553355 -0.038826338497165824 0 0.021959124250463414 0.049685818095588148 0.039518273433909387 0.0052524376410411494 -0.061133105413691338 -0.014882024677519094 0.054387047477690326 0.030120591343134745 -0.046460485051427428 -0.0015116389739790448 -0.00033197945023192438
leaf_weight=7.6549172740778877 1.7475341223180283 6.8531700670719164 3.0971226673573256 12.535413846839221 2.2351239991839966 4.758144633844493 2.1290902346372604 1.8804550087079404 14.527672476135196 3.1369703602977088 2.690181452780962 4.0411832835525265 66.029912849422544 16.938998475903645
leaf_count=141 26 34 22 107 23 50 21 17 114 48 19 29 729 204
internal_value=-0.000664507 0.000429533 0.0224028 -0.000340785 0.00291666 -0.0083467 0.00931723 -0.0260037 -0.0133964 -0.000381443 -0.0190208 -0.0221005 0.00174512 0.00910605
internal_weight=150.256 142.601 4.84466 137.756 97.7394 40.0169 8.76769 4.00955 31.2492 12.6803 9.54335 18.5689 95.5043 29.4744
internal_count=1584 1443 48 1395 1063 332 88 38 244 101 53 143 1040 311
is_linear=0
shrinkage=0.05


Tree=191
num_leaves=15
num_cat=0
split_feature=22 1 5 1 30 9 10 9 33 3 29 2 28 9
split_gain=1.2319 0.90911 1.61986 1.30921 1.89629 1.30343 3.51904 1.77573 1.26966 4.0748 1.52341 0.864869 1.48944 1.2981
threshold=1.0000000180025095e-35 3.5000000000000004 1.5000000000000002 5.5000000000000009 1.1713894300707421 1.5000000000000002 1.5000000000000002 2.5000000000000004 1.5000000000000002 1.5000000000000002 2.5000000000000004 2.8750000000000004 1.7083333333333337 2.5000000000000004
decision_type=2 2 2 2 2 2 2 2 2 2 2 2 2 2
left_child=-1 2 -2 5 11 8 -7 -8 9 -3 -11 -5 -13 -14
right_child=1 3 -4 4 -6 6 7 -9 -10 10 -12 12 13 -15
leaf_value=-0.020014027530618466 0.059535368357098162 -0.020343918149638273 0 0.0041561571846498455 0.047350770848603702 0.037990832472081043 0.005008814309902682 -0.060166990557134793 -0.021059508035723162 0.063314581363324254 0.00020485814523286727 -0.044134918187199015 0.0084295352036541458 -0.018770587612401309
leaf_weight=7.6753861997858612 1.6866231700405467 8.470066162291916 3.0971226673573256 75.122064966475591 2.2330634130630633 4.7073189066722971 2.1259605204686527 1.8183018565177915 18.534430301748216 2.506740164011716 1.6380179105326531 2.3403159608133164 10.861735065351242 7.1704970651771864
leaf_count=141 26 61 22 766 23 50 21 17 143 18 22 27 142 105
internal_value=-0.000627675 0.000413662 0.0216208 -0.00032101 0.0027736 -0.00797013 0.00895438 -0.0251638 -0.0127645 -0.000310505 0.0395548 0.0016566 -0.00741346 -0.00229256
internal_weight=149.988 142.312 4.78375 137.529 97.7277 39.8008 8.65158 3.94426 31.1493 12.6148 4.14476 95.4946 20.3725 18.0322
internal_count=1584 1443 48 1395 1063 332 88 38 244 101 40 1040 274 247
is_linear=0
shrinkage=0.05


Tree=192
num_leaves=15
num_cat=0
split_feature=22 1 5 1 30 7 33 1 31 3 2 5 30 30
split_gain=1.11082 0.836064 1.54255 1.18349 1.72113 1.21807 3.8728 3.52151 2.18472 1.80011 1.62767 1.14359 0.989487 0.850378
threshold=1.0000000180025095e-35 3.5000000000000004 1.5000000000000002 5.5000000000000009 1.1713894300707421 1.5000000000000002 1.5000000000000002 4.5000000000000009 1.0000000180025095e-35 1.5000000000000002 1.5833333333333337 1.0000000180025095e-35 0.92016825471890717 0.92016825471890717
decision_type=2 2 2 2 2 2 2 2 2 2 2 2 2 2
left_child=-1 2 -2 5 -5 9 -7 -8 -9 10 -3 -11 -10 -12
right_child=1 3 -4 4 -6 6 7 8 12 11 13 -13 -14 -15
leaf_value=-0.018976787970103982 0.058722605196373616 0.008964345164014979 0 0.0015715791246674064 0.045128001375735451 0.053528396865276356 -0.050332628821601125 -0.017610318506935646 0.059473093298019898 -0.025095983204521829 -0.041209767778280171 0.0098112645812355632 0.007533139198841108 -0.0056396287171999841
leaf_weight=7.695111814478877 1.6273586116731156 2.5335274841636446 3.0971226673573256 95.345884283073246 2.2308817261364302 3.0079345891717795 3.5026422534137964 3.6560955075547099 1.9762860275804999 3.1139868423342696 9.0323981288820487 8.5753170466050488 1.925390377640724 2.3093356452882281
leaf_count=141 26 16 22 1040 23 48 31 31 22 30 50 67 11 26
internal_value=-0.000593192 0.000398552 0.0208641 -0.000302604 0.00263818 -0.00759419 0.0040673 -0.00951898 0.00947987 -0.0140998 -0.0262123 0.000166055 0.0352954 -0.0342983
internal_weight=149.629 141.934 4.72448 137.21 97.5768 39.6329 14.0683 11.0604 7.55777 25.5646 13.8753 11.6893 3.90168 11.3417
internal_count=1584 1443 48 1395 1063 332 143 95 64 189 92 97 33 76
is_linear=0
shrinkage=0.05


Tree=193
num_leaves=15
num_cat=0
split_feature=22 1 1 30 9 10 9 28 33 7 28 24 7 28
split_gain=1.00206 0.768658 1.07228 1.56206 1.1548 3.14488 1.64401 1.61839 1.14316 4.39076 1.3583 1.03181 1.02929 0.826717
threshold=1.0000000180025095e-35 3.5000000000000004 5.5000000000000009 1.1713894300707421 1.5000000000000002 1.5000000000000002 2.5000000000000004 2.2916666666666674 1.5000000000000002 1.5000000000000002 1.4166666666666667 1.0000000180025095e-35 2.5000000000000004 1.4166666666666667
decision_type=2 2 2 2 2 2 2 2 2 2 2 2 2 2
left_child=-1 11 4 13 8 7 -7 -6 9 10 -3 -2 -10 -4
right_child=1 2 3 -5 5 6 -8 -9 12 -11 -12 -13 -14 -15
leaf_value=-0.017995169798505403 0.045616043843157754 -0.032619230869919816 0.0084647008330081437 0.043010803572748016 0.054873734800650803 0.0049371720442821449 -0.0587118774850812 -0.0080703530528359029 -0.013045106511100227 0.052734347721761055 0.0046305033532861471 -0.000160975084944549 -0.042279528232587342 -0.0015854966882672358
leaf_weight=7.7140839151688843 2.068087055347859 5.4693892151117343 29.398825515294448 2.22864219918847 3.3001889744773489 2.1012638220563535 1.7295003002509473 1.3340903203934429 14.455367569345983 2.9047017130069426 4.1406238470226526 2.5987815745174885 3.9522257801145306 65.929455491132103
leaf_count=141 20 25 311 23 40 21 17 10 114 48 28 28 29 729
internal_value=-0.000557517 0.000386764 -0.000282072 0.00251048 -0.00725099 0.00886885 -0.0239255 0.036438 -0.0117588 0 -0.0164297 0.0201317 -0.0196515 0.00149336
internal_weight=149.325 141.611 136.944 97.5569 39.3874 8.46504 3.83076 4.63428 30.9223 12.5147 9.61001 4.66687 18.4076 95.3283
internal_count=1584 1443 1395 1063 332 88 38 50 244 101 53 48 143 1040
is_linear=0
shrinkage=0.05


Tree=194
num_leaves=15
num_cat=0
split_feature=22 1 1 1 1 30 9 10 9 28 33 28 30 1
split_gain=0.903623 0.778474 0.814972 0.700659 0.973242 1.41777 1.04587 2.90185 1.56064 1.52435 1.03803 1.8623 1.37301 2.87674
threshold=1.0000000180025095e-35 4.5000000000000009 3.5000000000000004 3.5000000000000004 5.5000000000000009 1.1713894300707421 1.5000000000000002 1.5000000000000002 2.5000000000000004 2.2916666666666674 1.5000000000000002 1.4166666666666667 0.48570226039551589 4.5000000000000009
decision_type=2 2 2 2 2 2 2 2 2 2 2 2 2 2
left_child=1 2 -1 -2 6 -6 10 9 -9 -8 11 -5 -13 -14
right_child=3 -3 -4 4 5 -7 7 8 -10 -11 -12 12 13 -15
leaf_value=-0.023329888696838007 0.019291047347599413 -0.051797040129858335 0.012152743768507012 -0.018593866636336911 0.001418099443838053 0.0409932041134244 0.053606874626516754 0.0047079397590436113 -0.057867780556515869 -0.0077073608529461927 -0.018727771167101382 0.056849507969261692 -0.038478225851745318 0.041318641655878945
leaf_weight=3.949623482185415 4.6331677436828604 1.2696680524386463 2.5130093172192574 6.4399892967194337 95.309503677301109 2.2263951050117603 3.2138450564816576 2.098342129029334 1.6699621612206099 1.3318441230803726 18.372830588370562 1.6824970971792934 1.9994441233575342 2.3307756097055972
leaf_count=43 48 71 27 46 1040 23 40 21 17 10 143 15 13 27
internal_value=-0.00052788 -0.0170661 -0.0091765 0.000370828 -0.000265907 0.00238812 -0.0069327 0.00856134 -0.0231559 0.035325 -0.0112066 0 0.0197928 0.00387192
internal_weight=149.041 7.7323 6.46263 141.309 136.675 97.5359 39.1395 8.31399 3.7683 4.54569 30.8255 12.4527 6.01272 4.33022
internal_count=1584 141 70 1443 1395 1063 332 88 38 50 244 101 55 40
is_linear=0
shrinkage=0.05


Tree=195
num_leaves=15
num_cat=0
split_feature=5 31 1 30 4 4 1 2 33 32 12 5 1 29
split_gain=1.02363 3.56672 0.949702 1.22403 2.23216 0.932076 1.77512 1.98733 1.15731 1.66092 1.44088 1.15025 1.05582 1.83666
threshold=2.5000000000000004 1.0000000180025095e-35 5.5000000000000009 0.8228263892582881 3.5000000000000004 3.5000000000000004 6.5000000000000009 2.5833333333333335 2.5000000000000004 1.0000000180025095e-35 2.5000000000000004 1.5000000000000002 5.5000000000000009 3.5000000000000004
decision_type=2 2 2 2 2 2 2 2 2 2 2 2 2 2
left_child=5 -2 -3 4 -4 12 11 -8 -9 -10 -11 -7 -1 -14
right_child=1 2 3 -5 -6 6 7 8 9 10 -12 -13 13 -15
leaf_value=-0.0010956661702103412 -0.039497624162364103 0.037104269707171976 -0.025105118754824837 -0.028279944205512671 0.044474783145165321 -0.044659699788541007 0.03254102417143924 0.015382463752830942 -0.04285168359335717 -0.015475350843438896 0.03855615901985384 -0.0074298624091051792 0.0065965645017848247 0.04044211379080976
leaf_weight=43.462274156045169 6.2982586772413898 2.1676213047467172 1.8630477569531647 2.4080244463402778 2.6287223165854812 3.7352751353755611 4.3324629194103208 4.1307292084675273 3.4561510332860035 4.0140461327973753 1.6607193248346446 5.058763052104041 58.694528890890069 4.2547570909373453
leaf_count=399 67 28 18 35 35 21 32 45 33 68 28 36 715 41
internal_value=0.00131749 -0.0108258 0.00903073 0 0.0151525 0.00274843 -0.00560485 0.0034559 -0.00603127 -0.0160511 0.000297894 -0.0238487 0.00484668 0.00898436
internal_weight=148.165 15.3657 9.06742 6.89979 4.49177 132.8 26.3881 17.5941 13.2616 9.13092 5.67477 8.79404 106.412 62.9493
internal_count=1601 183 116 88 53 1418 263 206 174 129 96 57 1155 756
is_linear=0
shrinkage=0.05


Tree=196
num_leaves=15
num_cat=0
split_feature=4 28 28 2 6 5 10 13 5 30 2 9 10 4
split_gain=0.94906 1.40767 1.57946 1.15643 0.90465 1.64484 1.24098 2.31395 1.55507 1.06898 1.42344 1.05484 1.73749 0.769136
threshold=4.5000000000000009 2.2083333333333335 2.7083333333333335 3.1250000000000004 1.5000000000000002 2.5000000000000004 1.5000000000000002 1.5000000000000002 1.0000000180025095e-35 0.76180168105713697 1.8750000000000002 1.5000000000000002 2.5000000000000004 2.5000000000000004
decision_type=2 2 2 2 2 2 2 2 2 2 2 2 2 2
left_child=4 3 -3 -2 5 6 9 8 -8 -1 -11 12 13 -10
right_child=1 2 -4 -5 -6 -7 7 -9 11 10 -12 -13 -14 -15
leaf_value=-0.0012764087414104345 -0.042559042061536496 0.025244108111632219 -0.045917887019471332 0 -0.00094134458273944198 -0.036301570587261314 0.053409863303061515 -0.010563055669919545 -0.027409636396347827 0.06093050396782506 0.0050677213877576939 0.039272292597668484 0.039188788772353447 0.0091037135261652774
leaf_weight=27.021063246647827 4.2422732827253622 3.3725009819609113 0.89320594631135453 2.4284529435681179 81.080079877749085 1.9641901878640045 4.2923222826793834 5.0871143981348714 2.7320863213390094 1.6050643604248751 3.8612784629222006 3.8049270270857969 2.7091665016487241 2.7259042237419635
leaf_count=214 56 59 10 35 866 35 90 60 21 13 41 50 30 21
internal_value=0.00125325 -0.0128175 0.00906022 -0.027104 0.00240424 0.00730297 0.00900448 0.0183598 0.0275681 0.00274178 0.0227196 0.0177304 0.0070384 -0.00888815
internal_weight=147.82 10.9364 4.26571 6.67073 136.883 55.8031 53.8389 21.3515 16.2644 32.4874 5.46634 11.9721 8.16716 5.45799
internal_count=1601 160 69 91 1441 575 540 272 212 268 54 122 72 42
is_linear=0
shrinkage=0.05


Tree=197
num_leaves=15
num_cat=0
split_feature=4 28 28 3 1 6 5 10 21 7 5 32 23 33
split_gain=0.864498 1.27825 1.03751 0.867424 0.865764 0.825318 1.50023 1.14561 2.39369 2.58728 1.30454 1.0792 1.24573 1.03694
threshold=4.5000000000000009 2.2083333333333335 2.5833333333333335 1.5000000000000002 10.500000000000002 1.5000000000000002 2.5000000000000004 1.5000000000000002 3.5000000000000004 1.5000000000000002 1.0000000180025095e-35 1.0000000180025095e-35 1.0000000180025095e-35 2.5000000000000004
decision_type=2 2 2 2 2 2 2 2 2 2 2 2 2 2
left_child=5 3 4 -2 -3 6 7 -1 9 -9 -11 12 -12 -7
right_child=1 2 -4 -5 -6 13 -8 8 -10 10 11 -13 -14 -15
leaf_value=0.0026170368955582895 -0.038563068401501581 0.044513575573789009 -0.03277582011397176 0 -0.0052659307278697075 -0.0041051433831983848 -0.034738488537293791 0.059940419564577345 -0.017041795611673977 0.038596659437742424 0.060944655702311973 -0.0079828460573746745 -0.00023667657114222987 0.0090836020456122168
leaf_weight=32.469796280143782 4.4029353077057731 1.8427553228102627 1.0049599246121941 2.2247572037158534 1.4062312041642142 61.580396598728839 1.9546906349714834 4.1328069390729132 3.8888457720167926 3.8231761972419909 1.3930996977724119 6.1823166962713003 1.6968944193795321 19.507289546192624
leaf_count=268 54 20 11 37 38 584 35 54 35 86 19 65 13 282
internal_value=0.00119664 -0.0122661 0.00857413 -0.0259424 0.0227075 0.00229533 0.0069901 0.00862067 0.0176782 0.0257128 0.014349 0.00377926 0.0276086 -0.00089425
internal_weight=147.511 10.8816 4.25395 6.62769 3.24899 136.629 55.5416 53.5869 21.1171 17.2283 13.0955 9.27231 3.08999 81.0877
internal_count=1601 160 69 91 58 1441 575 540 272 237 183 97 32 866
is_linear=0
shrinkage=0.05


Tree=198
num_leaves=15
num_cat=0
split_feature=4 28 2 28 1 6 5 10 21 7 5 11 12 3
split_gain=0.787539 1.16068 1.04181 0.945688 0.786876 0.75233 1.36828 1.06431 2.20826 2.46119 1.22892 1.05058 1.61002 0.991912
threshold=4.5000000000000009 2.2083333333333335 3.1250000000000004 2.5833333333333335 10.500000000000002 1.5000000000000002 2.5000000000000004 1.5000000000000002 3.5000000000000004 1.5000000000000002 1.0000000180025095e-35 1.0000000180025095e-35 1.0000000180025095e-35 1.5000000000000002
decision_type=2 2 2 2 2 2 2 2 2 2 2 2 2 2
left_child=5 2 -2 4 -3 6 7 -1 9 -9 -11 -7 -13 -12
right_child=1 3 -4 -5 -6 11 -8 8 -10 10 13 12 -14 -15
leaf_value=0.002487905694670054 -0.039678942731726674 0.0423719586912433 0.00036872866973770781 -0.031486326208105354 -0.0050228921412697669 0.0047408453377671897 -0.033233070520542272 0.058908485210204857 -0.016215191186648013 0.037776062376053215 0.026690858456539991 -0.0090353605924294433 0.035198398496990864 -0.0075920390015387891
leaf_weight=32.452970782760531 4.1719606197439116 1.8441204815171661 2.4199567079776898 0.99808570335153479 1.4054199242964385 40.980129581294023 1.9458361291326571 4.0000815039966318 3.8878575861454001 3.7158394642174235 3.0440067439340037 38.030765073490329 2.0580097320489577 6.1807180083123967
leaf_count=268 56 20 35 11 38 490 35 54 35 86 32 320 56 65
internal_value=0.00114167 -0.0117315 -0.0248177 0.00810556 0.0215894 0.00219165 0.00669191 0.00825632 0.0170698 0.0249057 0.0138322 -0.000847765 -0.00662042 0.00361756
internal_weight=147.136 10.8395 6.59192 4.24763 3.24954 136.296 55.2273 53.2815 20.8285 16.9406 12.9406 81.0689 40.0888 9.22472
internal_count=1601 160 91 69 58 1441 575 540 272 237 183 866 376 97
is_linear=0
shrinkage=0.05


Tree=199
num_leaves=15
num_cat=0
split_feature=8 10 14 1 22 30 28 2 7 7 2 5 3 4
split_gain=0.873255 1.39519 1.26301 1.96206 2.33282 2.91226 1.61295 1.28482 0.99827 1.60388 0.82257 0.618539 0.59276 0.509438
threshold=1.5000000000000002 2.5000000000000004 1.5000000000000002 6.5000000000000009 1.5000000000000002 0.76180168105713697 1.5833333333333337 2.4166666666666674 1.5000000000000002 2.5000000000000004 1.8750000000000002 1.5000000000000002 1.5000000000000002 4.5000000000000009
decision_type=2 2 2 2 2 2 2 2 2 2 2 2 2 2
left_child=13 2 3 4 5 7 -5 8 10 -10 -2 -7 -4 -1
right_child=1 -3 12 6 -6 11 -8 -9 9 -11 -12 -13 -14 -15
leaf_value=-0.00020571505974541438 -0.011780074777432138 0.04229188993233949 0.0037327905323628926 -0.018882872647625962 0.047599251000157418 -0.040887892265158786 0.040279130687503072 -0.025217413555902346 0.04648368734176344 0.00021915421129715406 0.029659042739069049 -0.012611925838493326 -0.03839050245656693 -0.012860601236087406
leaf_weight=97.81219676497858 4.3183596893213743 2.5882785801077253 1.1179750571027391 1.2772920650895674 2.3683886136859646 4.1030294110532832 6.3482461612438783 2.182075419696047 4.3519138238625601 3.4252605652436614 1.5408844989724455 4.4603931024321355 2.2312888200394809 8.6032075494294968
leaf_count=842 43 145 19 31 31 40 113 33 59 49 15 39 28 114
internal_value=0.00109175 0.00735824 0.00478992 0.00771938 0.00120704 -0.00337326 0.0299296 0.009221 0.0150572 0.0266865 -0.000147929 -0.0267641 -0.0239045 -0.00126339
internal_weight=146.729 40.3134 37.7251 34.3758 26.7503 24.3819 7.62554 15.8185 13.6364 7.77717 5.85924 8.56342 3.34926 106.415
internal_count=1601 645 500 453 309 278 144 199 166 108 58 79 47 956
is_linear=0
shrinkage=0.05


Tree=200
num_leaves=15
num_cat=0
split_feature=7 24 24 2 1 14 28 29 28 21 1 1 30 1
split_gain=0.742612 1.92955 3.348 3.47261 2.73121 1.70727 1.53181 1.9569 1.51955 1.37553 1.3197 1.08993 1.05778 0.929
threshold=1.5000000000000002 1.0000000180025095e-35 1.5000000000000002 1.4166666666666667 6.5000000000000009 1.0000000180025095e-35 1.4166666666666667 2.5000000000000004 1.8750000000000002 3.5000000000000004 5.5000000000000009 10.500000000000002 0.9714045207910319 5.5000000000000009
decision_type=2 2 2 2 2 2 2 2 2 2 2 2 2 2
left_child=1 12 3 -3 10 -2 -5 8 -8 -7 -4 -11 13 -1
right_child=5 2 4 6 -6 9 7 -9 -10 11 -12 -13 -14 -15
leaf_value=0.0094319226321720462 0.0058503563355457857 0.025176609262442778 0.0062810103309393298 -0.012132073630886066 0.043071709441313076 0.031738538376972172 -0.088065938013655087 -0.01429891702734909 -0.037678164176408735 0 -0.025594532439516583 -0.041484278753206767 -0.0071595738292965757 0.043373877060964183
leaf_weight=5.7412430283147824 80.158264225290623 3.3124345587566522 10.896123783197256 8.4606956345960516 3.9507266506552687 1.0466110636480142 2.5834162887185794 4.7275722115300596 4.7748962491750717 2.3922474250430241 4.4797252006828776 4.3745433606673032 4.2701307178940615 3.3152718185447156
leaf_count=45 956 39 74 73 47 19 20 67 27 37 34 73 31 35
internal_value=0.000759987 -0.00368661 -0.0088516 -0.0213685 0.00650256 0.00364577 -0.029079 -0.0405407 -0.0566475 -0.0184434 -0.0029497 -0.0269183 0.0128058 0.0224679
internal_weight=144.484 56.5122 43.1856 23.859 19.3266 87.9717 20.5466 12.0859 7.35831 7.8134 15.3758 6.76679 13.3266 9.05651
internal_count=1577 492 381 226 155 1085 187 114 47 129 108 110 111 80
is_linear=0
shrinkage=0.05


Tree=201
num_leaves=15
num_cat=0
split_feature=7 24 24 2 4 14 28 29 4 6 21 2 4 7
split_gain=0.671974 1.75264 3.0329 3.14659 1.83063 1.55078 1.38326 1.74297 2.61855 1.28726 1.2654 1.01179 0.810256 0.778754
threshold=1.5000000000000002 1.0000000180025095e-35 1.5000000000000002 1.4166666666666667 3.5000000000000004 1.0000000180025095e-35 1.4166666666666667 2.5000000000000004 2.5000000000000004 2.5000000000000004 3.5000000000000004 2.7083333333333335 2.5000000000000004 2.5000000000000004
decision_type=2 2 2 2 2 2 2 2 2 2 2 2 2 2
left_child=1 -1 3 -3 9 -2 -5 8 -8 12 -7 -12 -4 -13
right_child=5 2 4 6 -6 10 7 -9 -10 -11 11 13 -14 -15
leaf_value=0.012233132412397513 0.0055624516837798274 0.024162414816728442 -0.0025684812313265613 -0.011526348953363163 0.050877277719548156 0.030816272967432275 -0.076989132051119305 -0.01364434758159375 -0.014258281967110684 -0.029513517102557993 0 -0.061229850926092011 0.02117873739117403 -0.01607377456572916
leaf_weight=13.275302867172284 80.098529071139637 3.2838411070406464 8.6137028816156143 8.4651872813701647 1.9531880784779776 1.0275232654530544 4.5447754226624948 4.7118621336412616 2.846681431401521 2.7977096210233858 2.3922474250430241 2.1510548079386353 5.8580355215817681 2.1574964459287003
leaf_count=111 956 39 66 73 24 19 29 67 18 31 37 26 34 47
internal_value=0.000721825 -0.003514 -0.00844212 -0.0203416 0.00622284 0.0034689 -0.0276504 -0.038536 -0.0536761 0.000764623 -0.0177038 -0.0258554 0.006952 -0.0400626
internal_weight=144.177 56.3503 43.075 23.8523 19.2226 87.8269 20.5685 12.1033 7.39146 17.2694 7.72832 6.7008 14.4717 4.30855
internal_count=1577 492 381 226 155 1085 187 114 47 131 129 110 100 73
is_linear=0
shrinkage=0.05


Tree=202
num_leaves=15
num_cat=0
split_feature=7 33 33 24 2 6 24 2 5 2 23 13 10 10
split_gain=0.607398 1.90744 1.79299 1.81609 2.11003 3.29802 2.22944 1.49702 1.17773 1.78142 1.56526 1.35876 2.23786 1.14778
threshold=1.5000000000000002 1.5000000000000002 2.5000000000000004 1.0000000180025095e-35 1.4166666666666667 1.5000000000000002 1.5000000000000002 1.5833333333333337 1.0000000180025095e-35 1.8750000000000002 1.0000000180025095e-35 3.5000000000000004 2.5000000000000004 1.5000000000000002
decision_type=2 2 2 2 2 2 2 2 2 2 2 2 2 2
left_child=2 -2 3 -1 -5 6 -6 -7 9 -3 11 12 -10 -11
right_child=1 8 -4 4 5 7 -8 -9 10 13 -12 -13 -14 -15
leaf_value=0.010294762125616969 0.028886762279694313 0.036167744302380629 0.028669231878666847 0.014733008475834274 -0.01810621684260345 -0.070122307324096383 0.019461322046337805 -0.025105685646434978 -0.0030141591838086139 -0.0064184955776722718 -0.030967245044730442 -0.0347359044541335 0.033898599913722467 0.012579912806810686
leaf_weight=12.873425376135854 6.631867936346679 4.7368554389104238 3.9361823899671426 6.3869046866893759 7.9112219575326872 2.1603173294570324 7.6842529410496354 15.291421240777707 32.792573421611451 15.063694830983879 4.7874600157956584 2.6707094330340615 4.5844502667896441 16.415629404247738
leaf_count=105 98 44 50 63 66 24 51 133 324 135 87 23 102 272
internal_value=0.000682289 0.00329671 -0.0033478 -0.00585492 -0.011203 -0.0163203 0.00025096 -0.0311884 0.00113903 0.00785807 -0.00423814 -0.00091139 0.00152501 0.00341797
internal_weight=143.927 87.6832 56.2437 52.3075 39.4341 33.0472 15.5955 17.4517 81.0514 36.2162 44.8352 40.0477 37.377 31.4793
internal_count=1577 1085 492 442 337 274 117 157 987 451 536 449 426 407
is_linear=0
shrinkage=0.05


Tree=203
num_leaves=15
num_cat=0
split_feature=7 33 33 24 2 24 28 29 4 5 2 23 13 13
split_gain=0.550451 1.75042 1.63958 1.6467 1.91548 1.95102 1.19306 1.50516 2.31202 1.06889 1.6301 1.42995 1.2386 1.11642
threshold=1.5000000000000002 1.5000000000000002 2.5000000000000004 1.0000000180025095e-35 1.4166666666666667 1.5000000000000002 1.4166666666666667 2.5000000000000004 2.5000000000000004 1.0000000180025095e-35 1.8750000000000002 1.0000000180025095e-35 3.5000000000000004 1.5000000000000002
decision_type=2 2 2 2 2 2 2 2 2 2 2 2 2 2
left_child=2 -2 3 -1 -5 6 -6 8 -8 10 -3 12 -11 -12
right_child=1 9 -4 4 5 -7 7 -9 -10 11 13 -13 -14 -15
leaf_value=0.0097975022169352402 0.027827665508401572 0.034711895382971744 0.027626280004712147 0.014095807609545628 -0.0099868889983888084 0 -0.070884595707709011 -0.011722625215479957 -0.012216853445308191 0.0014542349040066293 0.0088737707127627408 -0.029711563095896787 -0.033262938498989959 -0.012495453704222351
leaf_weight=12.855992854689246 6.5460961980279526 4.6940557355992487 3.8856326360255471 6.3473969073966137 8.4740827793721127 12.374014957342295 4.5686883442103845 4.6622365128714591 2.8779299790039659 37.302151545183733 23.292648226488385 4.7456160007859571 2.654382335022091 8.1123869238654134
leaf_count=105 98 44 50 63 73 87 29 67 18 426 270 87 23 137
internal_value=0.000651567 0.00314614 -0.00319036 -0.00558232 -0.0106884 -0.0155656 -0.0249613 -0.0350684 -0.0490046 0.00108374 0.00749671 -0.00404441 -0.000866958 0.00325229
internal_weight=143.393 87.3473 56.046 52.1603 39.3043 32.957 20.5829 12.1089 7.44662 80.8012 36.0991 44.7021 39.9565 31.405
internal_count=1577 1085 492 442 337 274 187 114 47 987 451 536 449 407
is_linear=0
shrinkage=0.05


Tree=204
num_leaves=15
num_cat=0
split_feature=6 22 5 14 1 28 4 9 21 9 30 12 8 1
split_gain=0.573884 1.34688 1.53095 1.53557 2.08895 1.59288 1.20461 1.99128 1.30815 1.20029 1.09996 0.899477 0.800295 1.64554
threshold=1.5000000000000002 1.5000000000000002 1.5000000000000002 1.5000000000000002 11.500000000000002 1.7083333333333337 4.5000000000000009 2.5000000000000004 3.5000000000000004 2.5000000000000004 0.8228263892582881 2.5000000000000004 1.5000000000000002 2.5000000000000004
decision_type=2 2 2 2 2 2 2 2 2 2 2 2 2 2
left_child=6 9 11 5 -5 -4 7 12 -9 -2 -11 -3 -1 -14
right_child=1 2 3 4 -6 -7 -8 8 -10 10 -12 -13 13 -15
leaf_value=-0.0011165104761753761 -0.0040238085739520936 -0.0045662745692932076 0.0056342742911772402 0.031358652937474939 -0.043967855740955908 0.051653653246181035 -0.026008239386543938 0.041103090240678583 -0.0022289580767923954 -0.015015227325037192 -0.064611552333678754 0.03532837691160997 -0.045703101383300554 0.021865263850886912
leaf_weight=37.563239698531106 44.030881284561474 21.057365627493713 3.4253032933920604 1.6931350491940977 1.76920710504055 4.5498958008829504 2.9498414818663141 5.8938568959129025 2.2910202722996473 5.4086798247299148 1.4325655114953404 1.4075029063969839 0.88942205905914207 8.7153859742684272
leaf_count=330 470 202 29 16 16 87 60 53 24 59 22 38 7 164
internal_value=0.000618986 -0.00198611 0.0056831 0.0205063 -0.00658408 0.0325127 0.00444663 0.00615867 0.0287918 -0.00714723 -0.0265421 -0.00181046 0.00212574 0.0149443
internal_weight=143.077 84.7745 33.9024 11.4375 3.46234 7.9752 58.3028 55.3529 8.18488 50.8721 6.84125 22.4649 47.168 9.60481
internal_count=1577 939 388 148 32 116 638 578 77 551 81 240 501 171
is_linear=0
shrinkage=0.05


Tree=205
num_leaves=15
num_cat=0
split_feature=23 29 28 5 7 2 2 2 22 29 28 7 28 3
split_gain=1.08989 1.23801 0.779966 0.978561 0.832393 1.00162 0.757517 2.67105 1.5872 1.22711 1.09803 1.05879 1.21818 0.979832
threshold=1.0000000180025095e-35 2.5000000000000004 1.4166666666666667 1.0000000180025095e-35 2.5000000000000004 2.4166666666666674 1.7083333333333337 1.8750000000000002 3.5000000000000004 3.5000000000000004 1.4166666666666667 1.5000000000000002 1.8750000000000002 1.5000000000000002
decision_type=2 2 2 2 2 2 2 2 2 2 2 2 2 2
left_child=6 2 3 -2 5 -5 9 -8 -9 10 13 -12 -13 -1
right_child=1 -3 -4 4 -6 -7 7 8 -10 -11 11 12 -14 -15
leaf_value=-0.0067307941615503842 0.016101460282003072 -0.050322879374932163 0.026458722900445437 -0.03234023929843912 -0.040330772599861474 0.011992091863139331 0.073807320406147722 0.0042986319789577792 -0.034469542519710426 -0.043833662845161762 -0.00075487163097835849 -0.0022950122957000507 0.055657034942160226 -0.046313122950999749
leaf_weight=7.4431884116493219 2.334392086369915 1.7935213142191049 1.4499034938635293 2.0775072619435377 2.9851196855306625 2.8885154072195292 1.2642703326418985 100.61541242420208 2.6004419289529315 1.8054696626495559 13.185246757231655 1.5013819569721811 1.8980020168237386 1.9763782173395155
leaf_count=57 41 94 25 23 17 22 20 1095 28 23 112 16 26 15
internal_value=0.000846356 -0.0125901 -0.00623569 -0.0112956 -0.0197497 -0.00633289 0.00224782 0.00421255 0.00326528 -0.00503266 -0.00208534 0.00554397 0.0300132 -0.0156977
internal_weight=145.819 13.529 11.7354 10.2855 7.95114 4.96602 132.29 104.48 103.216 27.8097 26.0042 16.5846 3.39938 9.41957
internal_count=1614 222 128 103 62 45 1392 1143 1123 249 226 154 42 72
is_linear=0
shrinkage=0.05


Tree=206
num_leaves=15
num_cat=0
split_feature=23 22 29 5 7 7 10 22 6 11 1 4 7 4
split_gain=0.99635 1.19361 1.33196 1.21654 1.67569 0.904065 0.504638 0.474558 0.93129 1.65097 1.77069 1.32443 1.8717 1.16769
threshold=1.0000000180025095e-35 1.5000000000000002 2.5000000000000004 1.0000000180025095e-35 2.5000000000000004 1.5000000000000002 1.5000000000000002 1.5000000000000002 2.5000000000000004 1.5000000000000002 6.5000000000000009 3.5000000000000004 2.5000000000000004 2.5000000000000004
decision_type=2 2 2 2 2 2 2 2 2 2 2 2 2 2
left_child=7 2 3 6 5 -5 -2 -1 -9 10 -10 12 -12 -11
right_child=1 -3 -4 4 -6 -7 -8 8 9 13 11 -13 -14 -15
leaf_value=-0.00033417146913116271 0 -0.064176566711360294 -0.049795287411927514 -0.0074958762099924707 -0.039186795628498916 0.032937176251433872 0.049810379629356881 0.0015930795955884471 0.038183957859808326 0.0044638159430040996 -0.061018817740617418 0.018602483745285107 0.0036403291749108608 0.051878912598801112
leaf_weight=77.88478709285846 0.69888016092590399 0.93213775428012091 1.5263516225968494 3.9242270886898041 2.9940347988158464 1.968372351140715 1.3277612281963227 39.203662423533387 2.4004346271976811 2.1134224045090368 2.0404273122549057 2.2514305580407381 2.181875298731029 3.9758200272917747
leaf_count=763 18 26 76 30 19 28 25 433 28 28 16 41 39 44
internal_value=0.000800142 -0.0121263 -0.00754598 -0.00101143 -0.00926755 0.0059175 0.0327488 0.0021362 0.00572838 0.0163143 0.00216392 -0.0111896 -0.0277166 0.0361643
internal_weight=145.424 13.3718 12.4396 10.9133 8.88663 5.8926 2.02664 132.052 54.1671 14.9634 8.87417 6.47373 4.2223 6.08924
internal_count=1614 222 196 120 77 58 43 1392 629 196 124 96 55 72
is_linear=0
shrinkage=0.05


Tree=207
num_leaves=15
num_cat=0
split_feature=23 24 5 7 3 2 1 2 22 7 30 2 28 29
split_gain=0.91781 1.16007 0.979547 1.18094 2.24025 0.723358 0.740227 1.77076 0.619182 0.614143 0.767745 0.526623 1.38779 1.99393
threshold=1.0000000180025095e-35 1.0000000180025095e-35 1.0000000180025095e-35 2.5000000000000004 1.5000000000000002 3.1250000000000004 7.5000000000000009 3.4166666666666674 2.5000000000000004 2.5000000000000004 0.76180168105713697 1.7083333333333337 1.4166666666666667 2.5000000000000004
decision_type=2 2 2 2 2 2 2 2 2 2 2 2 2 2
left_child=5 2 -2 4 -4 11 -7 9 -9 -8 -11 -1 -13 -14
right_child=1 -3 3 -5 -6 6 7 8 -10 10 -12 12 13 -15
leaf_value=-0.0050127231237663376 0.023512805318097449 -0.051384632016682891 -0.01783051483317747 -0.038217485455477922 0.048453791176603922 0.046517501646059091 -0.0070935038801524589 -0.053641966301274158 0 0.049646584523807991 0.0051350434784463187 0.012204760551987008 -0.015754733171023275 0.003928060751531068
leaf_weight=27.704162540147081 2.1440222540404621 1.537032346241175 4.8435181803070009 3.0278444605646655 1.61646909173578 1.5401130756363253 1.1382998484186826 1.115232915850356 0.84569578012451518 2.4770108573138714 1.8110886313952503 27.695386733394116 17.133253073785454 50.4771681020502
leaf_count=249 49 81 44 27 21 27 28 19 17 42 29 298 163 520
internal_value=0.000761298 -0.011747 -0.00590283 -0.0129867 -0.000377446 0.00203666 0.0157174 0.00842682 -0.0307507 0.023337 0.0319622 0.00101151 0.00279229 -0.00103876
internal_weight=145.106 13.1689 11.6319 9.48783 6.45999 131.937 8.92744 7.38733 1.96093 5.4264 4.2881 123.01 95.3058 67.6104
internal_count=1614 222 141 92 65 1392 162 135 36 99 71 1230 981 683
is_linear=0
shrinkage=0.05


Tree=208
num_leaves=15
num_cat=0
split_feature=2 1 2 22 7 30 25 31 9 8 1 4 21 7
split_gain=0.672 0.759571 1.55161 0.590766 0.574317 0.872723 0.495654 2.27611 2.05388 1.2466 1.09499 0.898827 1.19868 1.4213
threshold=3.1250000000000004 7.5000000000000009 3.4166666666666674 2.5000000000000004 2.5000000000000004 0.76180168105713697 1.0000000180025095e-35 1.0000000180025095e-35 2.5000000000000004 2.5000000000000004 6.5000000000000009 4.5000000000000009 3.5000000000000004 2.5000000000000004
decision_type=2 2 2 2 2 2 2 2 2 2 2 2 2 2
left_child=6 -2 4 -4 -3 -6 11 9 -9 10 -8 -1 -13 -14
right_child=1 2 3 -5 5 -7 7 8 -10 -11 -12 12 13 -15
leaf_value=-0.00072983482772219727 0.045503806541490034 -0.0082758228821287732 -0.052907933486061091 0 0.048248289713691106 0.0019371984236587266 0 0.031815919817468501 -0.015759958311156883 0.010257145971149234 -0.04240072440149225 -0.059211911765331374 0.049570866540339986 -0.038893800396935664
leaf_weight=110.01556519023143 1.4989838665351252 1.1836957512423394 1.0932999859796835 0.85473872022703279 2.4255860730772838 1.9142702403478322 2.6181462747044861 9.6844661005306971 2.8078375153709212 4.0629428186803125 3.5698451195494272 1.452320732176303 0.7440025806427002 0.87853361491579562
leaf_count=1128 27 30 24 19 42 33 20 120 34 49 34 15 9 30
internal_value=0.000724543 0.0139039 0.00671679 -0.0301639 0.0204735 0.0288877 -0.000137032 0.00656105 0.0208837 -0.0106849 -0.0247772 -0.00151076 -0.0277609 0.000742538
internal_weight=144.804 8.97057 7.47159 1.94804 5.52355 4.33986 135.834 22.7432 12.4923 10.2509 6.18799 113.09 3.07486 1.62254
internal_count=1614 175 148 43 105 75 1439 257 154 103 54 1182 54 39
is_linear=0
shrinkage=0.05


Tree=209
num_leaves=15
num_cat=0
split_feature=23 29 2 29 30 24 31 29 11 22 10 6 33 4
split_gain=0.827822 1.14467 0.634061 1.13445 0.896987 2.94674 0.684283 0.678885 1.74168 1.56968 0.706479 1.45888 2.02922 1.47741
threshold=1.0000000180025095e-35 2.5000000000000004 1.7083333333333337 3.5000000000000004 0.48570226039551589 1.5000000000000002 1.5000000000000002 3.5000000000000004 1.5000000000000002 1.5000000000000002 1.5000000000000002 2.5000000000000004 2.5000000000000004 1.5000000000000002
decision_type=2 2 2 2 2 2 2 2 2 2 2 2 2 2
left_child=2 -2 3 4 -1 -6 7 10 9 -9 -4 13 -13 -12
right_child=1 -3 6 -5 5 -7 -8 8 -10 -11 11 12 -14 -15
leaf_value=-0.0088739530549984107 -0.0052320779133379521 -0.049486054173566579 0.0059256113029208576 -0.042484509760702241 0.035209663907284298 -0.021269518632128559 0.019866049497610564 0.028939956893330444 0.051802518220932403 -0.043983824883536138 0.032453259817240371 -0.010747926744191593 0.034587336749280412 -0.010114570754088332
leaf_weight=16.799920090939857 11.416316688351797 1.6192340527486511 47.285152325523086 1.7668523988686491 5.1732900519855303 3.9678449407219887 6.110283591784536 1.4102573310956352 2.2825519932666793 1.3237931439653037 2.0497378713916978 4.3139969506300968 5.373335401294753 33.560169095406309
leaf_count=149 128 94 413 23 50 27 83 15 20 17 94 41 105 355
internal_value=0.000687468 -0.0112544 0.00189867 -0.00476957 -0.00195151 0.0104586 0.00370718 0.00265065 0.0204247 -0.0057928 0.00163958 -0.00278267 0.0142395 -0.0075103
internal_weight=144.453 13.0356 131.417 27.7079 25.9411 9.14113 103.709 97.599 5.0166 2.73405 92.5824 45.2972 9.68733 35.6099
internal_count=1614 222 1392 249 226 77 1143 1060 52 32 1008 595 146 449
is_linear=0
shrinkage=0.05


Tree=210
num_leaves=15
num_cat=0
split_feature=29 7 4 0 25 21 29 7 2 30 2 9 30 4
split_gain=1.11396 1.38787 0.983727 0.848082 0.686328 1.10823 2.62553 3.02968 1.29154 1.283 0.849599 0.827303 0.718491 1.12269
threshold=3.5000000000000004 2.5000000000000004 3.5000000000000004 5.0000000000000009 1.0000000180025095e-35 2.5000000000000004 2.5000000000000004 1.5000000000000002 3.2916666666666674 0.48570226039551589 2.4166666666666674 2.5000000000000004 0.92016825471890717 1.5000000000000002
decision_type=2 2 2 2 2 2 2 2 2 2 2 2 2 2
left_child=3 2 -2 4 5 6 7 -1 12 -9 -8 -6 13 -7
right_child=1 -3 -4 -5 11 8 10 9 -10 -11 -12 -13 -14 -15
leaf_value=-0.016014520446992333 -0.037476122431236082 0.021865295544611231 0.011869601043876936 0.031063328111689815 0.011291228167656125 0.019992703789732159 -0.065936783031652568 0.036685054151073947 -0.039671882101146402 -0.013016658739986321 -0.018377863792034665 -0.015766004924858291 0.01098007108273181 -0.0030929636724019148
leaf_weight=16.174755162559457 5.6761954262037744 1.5219161756103856 1.0875102943973614 1.9911604046355922 18.279201922705401 5.6654479193966827 2.4526446145027867 4.9140072520822278 1.8760234839282919 1.6065125652821732 1.93375280033797 3.1799673557397901 15.256814628723076 59.495411796669941
leaf_count=104 80 26 14 50 201 136 23 91 25 24 21 32 143 611
internal_value=-0.00162571 -0.0193081 -0.0291204 -0.000490188 -0.00101285 -0.00263465 -0.0113899 -0.0043389 0.000226556 0.0240504 -0.0464045 0.00711121 0.00123649 -0.0010199
internal_weight=141.111 8.28562 6.76371 132.826 130.835 109.375 27.0817 22.6953 82.2937 6.52052 4.3864 21.4592 80.4177 65.1609
internal_count=1581 120 94 1461 1411 1178 263 219 915 115 44 233 890 747
is_linear=0
shrinkage=0.05


Tree=211
num_leaves=15
num_cat=0
split_feature=29 7 1 24 21 32 7 28 32 1 28 24 1 9
split_gain=1.01652 1.27569 0.834312 0.6332 1.07821 4.01456 4.05542 2.58081 0.848987 1.82753 1.12276 3.85258 1.30479 0.737977
threshold=3.5000000000000004 2.5000000000000004 19.000000000000004 1.0000000180025095e-35 2.5000000000000004 1.0000000180025095e-35 1.5000000000000002 1.2916666666666667 1.0000000180025095e-35 4.5000000000000009 1.8750000000000002 1.5000000000000002 7.5000000000000009 2.5000000000000004
decision_type=2 2 2 2 2 2 2 2 2 2 2 2 2 2
left_child=2 -2 3 13 5 6 -5 -6 9 -9 11 12 -11 -1
right_child=1 -3 -4 4 7 -7 -8 8 -10 10 -12 -13 -14 -15
leaf_value=0.0074986900879315923 -0.02807306764049073 0.020911783123586953 0.031260097147330294 -0.01790640398711963 -0.058402176790136477 -0.060635318048264476 0.034240832289110873 0.033654450567118216 0.0050352122948256473 -0.033741709048023247 -0.019589690689908717 0.05207630535438687 0.02084342874613386 -0.017169240930061693
leaf_weight=29.785170956864022 6.6670601278310624 1.5164486117428166 1.9353636470623303 13.053078435827052 1.7583013393450517 3.5595527129480606 5.0928276127669951 2.4427712992765036 49.644365112733794 4.1945408915635216 13.904230794461908 2.6582247661426663 1.3333009942434726 3.2285369662567964
leaf_count=321 94 26 48 87 20 34 82 26 593 46 119 39 20 26
internal_value=-0.00155046 -0.0185512 -0.000469133 -0.000981799 -0.00302151 -0.0128232 -0.0030263 -0.00017374 0.00124962 -0.00629865 -0.0109611 0.00345253 -0.0199953 0.00496626
internal_weight=140.774 8.18351 132.59 130.655 97.6412 21.7055 18.1459 75.9357 74.1774 24.5331 22.0903 8.18607 5.52784 33.0137
internal_count=1581 120 1461 1413 1066 203 169 863 843 250 224 105 66 347
is_linear=0
shrinkage=0.05


Tree=212
num_leaves=15
num_cat=0
split_feature=1 28 10 6 2 28 1 30 6 28 11 25 1 5
split_gain=0.710572 0.647385 1.87839 0.929817 0.776516 1.46545 1.00805 0.955084 1.32088 1.37833 0.769501 0.666824 1.21749 1.21575
threshold=19.000000000000004 2.5833333333333335 2.5000000000000004 3.5000000000000004 2.7083333333333335 1.7083333333333337 9.5000000000000018 0.76180168105713697 2.5000000000000004 2.2083333333333335 1.5000000000000002 1.0000000180025095e-35 6.5000000000000009 2.5000000000000004
decision_type=2 2 2 2 2 2 2 2 2 2 2 2 2 2
left_child=1 4 3 -3 6 -6 11 8 9 -7 -4 -1 -13 -14
right_child=-2 2 10 -5 5 7 -8 -9 -10 -11 -12 12 13 -15
leaf_value=-0.0017910948741296951 0.025570553843356408 -0.047336015721920789 -0.011533737145884303 0.0023155703843564138 -0.053728196499912763 0.018819311241045807 0.036900947367001079 -0.020306783907806651 0.047860876487149151 -0.030358593076493634 0.027624458050273984 0.018890210186959952 0.021401305174223652 -0.028083012716705026
leaf_weight=96.375650671951007 2.275024857139214 3.807144445832817 2.376088934019208 1.1071543020079841 1.740936713060363 2.8704696266213414 1.7593157200608391 5.8914103410206735 1.4361375152075195 2.6073945914395154 2.3565714787691832 10.692125549539922 1.796042194822802 3.3563669130671769
leaf_count=950 54 46 28 22 32 55 31 101 25 26 32 102 39 38
internal_value=-0.00147476 -0.00195631 -0.0143994 -0.0358282 -0.000992448 -0.0118354 0.000378609 -0.00557409 0.00673373 -0.00426516 0.00761545 -0.00020405 0.00924317 -0.0102786
internal_weight=140.448 138.173 9.64696 4.9143 128.526 14.5463 113.98 12.8054 6.914 5.47786 4.73266 112.22 15.8445 5.15241
internal_count=1581 1527 128 68 1399 239 1160 207 106 81 60 1129 179 77
is_linear=0
shrinkage=0.05


Tree=213
num_leaves=15
num_cat=0
split_feature=29 1 2 28 22 1 13 2 3 10 8 24 10 2
split_gain=0.892635 0.709416 0.571971 1.4836 0.846843 1.74669 0.969601 0.740135 3.46934 1.56099 1.64075 2.42724 1.38668 1.04256
threshold=3.5000000000000004 19.000000000000004 2.8750000000000004 1.7083333333333337 1.5000000000000002 7.5000000000000009 3.5000000000000004 2.4166666666666674 1.5000000000000002 3.5000000000000004 1.5000000000000002 1.5000000000000002 1.5000000000000002 2.1250000000000004
decision_type=2 2 2 2 2 2 2 2 2 2 2 2 2 2
left_child=1 2 7 -4 5 -5 -6 13 12 10 11 -10 -9 -1
right_child=-2 -3 3 4 6 -7 -8 8 9 -11 -12 -13 -14 -15
leaf_value=0.00080419944094632873 -0.017472527147816296 0.02916045736603793 -0.053043478915565746 0.0025076729546942779 0.027510305143356551 -0.045036314457560817 -0.016068828649964739 0.016496141480784553 -0.048073399261331549 0.034248128265846035 0.018427834839418077 -0.00038857207085316167 0.0564304402181698 -0.012782136043076323
leaf_weight=71.52451965759974 8.0470150970504601 1.8952966313809145 1.6781270031933662 5.2949490451719594 3.3243755591101936 2.8550662457128055 1.8764110840857027 6.9546413423959184 4.8269969373941404 1.8985208855010558 3.103116410697111 6.0599150625057518 3.3650625348091125 17.412242440506816
leaf_count=651 120 48 32 50 63 51 31 84 31 34 78 49 74 185
internal_value=-0.00140287 -0.000392352 -0.000863877 -0.0100091 -0.00405995 -0.0141886 0.0113091 0.000315735 0.00770216 -0.00683483 -0.0127909 -0.0220035 0.0301745 -0.00183905
internal_weight=140.116 132.069 130.174 15.0289 13.3508 8.15002 5.20079 115.145 26.2083 15.8885 13.99 10.8869 10.3197 88.9368
internal_count=1581 1461 1413 227 195 101 94 1186 350 192 158 80 158 836
is_linear=0
shrinkage=0.05


Tree=214
num_leaves=15
num_cat=0
split_feature=29 7 4 1 32 6 25 21 29 7 32 2 2 3
split_gain=0.81088 1.16019 0.94456 0.649958 0.722233 0.613488 0.54432 0.89739 2.32416 2.62903 3.80126 1.04548 0.946209 0.755643
threshold=3.5000000000000004 2.5000000000000004 3.5000000000000004 19.000000000000004 1.0000000180025095e-35 1.5000000000000002 1.0000000180025095e-35 2.5000000000000004 2.5000000000000004 1.5000000000000002 1.0000000180025095e-35 3.2916666666666674 2.8750000000000004 2.5000000000000004
decision_type=2 2 2 2 2 2 2 2 2 2 2 2 2 2
left_child=3 2 5 6 -5 -2 7 8 9 -1 12 13 -11 -9
right_child=1 -3 -4 4 -6 -7 -8 11 -10 10 -12 -13 -14 -15
leaf_value=-0.014272686308073698 -0.0057663355506665194 0.020817382916109045 0.014027681074228068 -0.011750923282337213 0.04909498456892878 -0.04519194612284138 0.0064550138105135546 -0.00059129776449817761 -0.043761251302095169 0.055476777394386403 -0.064886940762272236 -0.036011036099115573 0.0092702393395132053 0.014056475008127955
leaf_weight=16.298209086060531 1.5639780564233641 1.5159781500697134 1.0824358459212815 0.62265659496188064 1.2530228886753318 3.8490805726614781 21.220655331853777 70.061188570398372 4.2397165591828516 3.4565990956034502 0.9164438429288565 1.8307467513950531 1.8841493939980862 9.9317230359883961
leaf_count=104 17 26 14 13 35 63 234 717 44 76 15 25 24 174
internal_value=-0.00133371 -0.0166843 -0.0259988 -0.000369104 0.0280586 -0.0345655 -0.000820292 -0.00226928 -0.0101955 -0.00361054 0.0235557 0.000305117 0.0401052 0.0012114
internal_weight=139.727 8.01147 6.49549 131.715 1.87568 5.41306 129.839 108.619 26.7951 22.5554 6.25719 81.8237 5.34075 79.9929
internal_count=1581 120 94 1461 48 80 1413 1179 263 219 115 916 100 891
is_linear=0
shrinkage=0.05


Tree=215
num_leaves=15
num_cat=0
split_feature=11 9 0 4 1 6 10 3 28 28 10 3 1 1
split_gain=1.57551 1.57901 1.50222 0.993324 2.48938 1.34068 1.12788 0.985865 0.980335 1.6285 2.6032 1.47175 4.11715 1.04476
threshold=1.5000000000000002 2.5000000000000004 3.5000000000000004 3.5000000000000004 10.500000000000002 2.5000000000000004 1.5000000000000002 1.5000000000000002 1.8750000000000002 1.5833333333333337 2.5000000000000004 1.5000000000000002 6.5000000000000009 6.5000000000000009
decision_type=2 2 2 2 2 2 2 2 2 2 2 2 2 2
left_child=1 -1 8 5 -5 -3 -6 -4 9 13 11 -11 -13 -2
right_child=2 3 7 4 6 -7 -8 -9 -10 10 -12 12 -14 -15
leaf_value=0.0088838254942123756 -0.0022278418603323543 0.0041099292358547177 -0.007717876527100361 0.066292763513944114 -0.050218869475660066 -0.037648779261087312 0.02505074364831323 0.044175520814315902 -0.013816189944583866 0.006317663206875216 -0.033888280035777998 0.081654454481047523 -0.0082873591738039445 -0.028276038822151683
leaf_weight=66.295046967337839 11.554104366805406 3.0064130551181716 1.2853781576268368 1.1801647446700374 1.2350774857914073 4.7074071542010643 0.66604455560445774 2.4050509224180132 26.392818384803832 7.7691718815476616 2.5441394972149274 2.7255950560793281 2.2002161303535104 5.8753435486578374
leaf_count=824 86 37 31 12 28 53 13 64 220 64 35 29 22 55
internal_value=0.00117486 0.00597389 -0.00468107 -0.0115847 0.0116335 -0.0212093 -0.0226653 0.0257147 -0.00666285 -0.000782866 0.0110351 0.0204279 0.0416171 -0.0112623
internal_weight=139.842 77.0902 62.7518 10.7951 3.08129 7.71382 1.90112 3.69043 59.0614 32.6686 15.2391 12.695 4.92581 17.4294
internal_count=1573 967 606 143 53 90 41 95 511 291 150 115 51 141
is_linear=0
shrinkage=0.05


Tree=216
num_leaves=15
num_cat=0
split_feature=11 21 33 28 0 3 25 3 22 6 7 5 33 28
split_gain=1.42591 1.4502 2.47023 1.91534 1.37555 0.929694 0.917833 2.57685 0.987252 0.847701 0.825114 2.6791 2.60638 1.81346
threshold=1.5000000000000002 3.5000000000000004 2.5000000000000004 2.5833333333333335 3.5000000000000004 1.5000000000000002 1.0000000180025095e-35 2.5000000000000004 1.5000000000000002 1.5000000000000002 2.5000000000000004 1.5000000000000002 2.5000000000000004 2.2916666666666674
decision_type=2 2 2 2 2 2 2 2 2 2 2 2 2 2
left_child=1 2 3 -1 6 9 10 8 -8 -6 13 -12 -13 -2
right_child=4 -3 -4 -5 5 -7 7 -9 -10 -11 11 12 -14 -15
leaf_value=0.0074701525496973084 -0.0070901173935014293 -0.010347591358363818 0.044230509936333012 -0.045104521498157468 -0.045430295303985443 0.043248922340256402 0.006057671298184338 -0.046578961522478347 0.048427569659499403 0.029558171143227216 0.031805410210042656 -0.064368137572068745 0.012581116663197875 -0.035802901160665715
leaf_weight=58.990100000635721 36.622900008922443 11.704682942014186 4.4567831217427729 1.6746389061445359 0.65428293170407348 2.3376235056202859 3.3072203537449232 1.4682919163024051 2.5118896532803774 0.62977737095206976 4.4980893828906101 1.932418370619416 2.2504707705229521 6.4866675711236885
leaf_count=655 267 177 105 30 20 64 43 20 25 11 69 14 22 51
internal_value=0.00111995 0.00569723 0.00863084 0.00590586 -0.00444896 0.0249157 -0.00633041 0.0100276 0.0252787 -0.00736703 -0.0086952 0.00512388 -0.0230572 -0.0115412
internal_weight=139.526 76.8262 65.1215 60.6647 62.6996 3.62168 59.0779 7.2874 5.81911 1.28406 51.7905 8.68098 4.18289 43.1096
internal_count=1573 967 790 685 606 95 511 88 68 31 423 105 36 318
is_linear=0
shrinkage=0.05


Tree=217
num_leaves=15
num_cat=0
split_feature=11 21 33 28 0 28 28 25 30 1 7 24 4 4
split_gain=1.29099 1.31495 2.33339 1.76508 1.26928 0.8897 1.17291 1.34212 1.8725 3.05833 2.39392 1.6191 1.61968 0.878046
threshold=1.5000000000000002 3.5000000000000004 2.5000000000000004 2.5833333333333335 3.5000000000000004 1.2916666666666667 1.8750000000000002 1.0000000180025095e-35 0.92016825471890717 6.5000000000000009 2.5000000000000004 1.5000000000000002 2.5000000000000004 2.5000000000000004
decision_type=2 2 2 2 2 2 2 2 2 2 2 2 2 2
left_child=1 2 3 13 5 -2 7 8 9 11 -11 -7 -13 -1
right_child=4 -3 -4 -5 -6 6 -8 -9 -10 10 -12 12 -14 -15
leaf_value=0.014449393529437271 -0.0400198369601759 -0.0098464675708385026 0.043400266641055174 -0.043825211323453905 0.024357128497265328 -0.023942749976752456 -0.012610503971999202 0.028073878773314714 0.017722530739346442 -0.061637101039565927 0 0.0019461055721763589 0.050974365214506004 0.0019384410237052671
leaf_weight=24.067988353315741 1.7865514429286111 11.690813697176052 4.3203480362426481 1.6411299169412803 3.5243656032835124 3.6169033981859764 26.276999197492842 4.0829127207398406 7.9642666017170987 4.0522116802167139 2.4326014649122953 6.4340659584850073 2.2446488291025162 34.817516071605496
leaf_count=359 18 177 105 30 95 25 220 49 73 28 25 63 10 296
internal_value=0.00106924 0.00543256 0.00823652 0.00561788 -0.00424147 -0.00603373 -0.00485866 0.00168748 -0.00233718 -0.0110252 -0.0385584 0.00348834 0.0153477 0.00711019
internal_weight=138.953 76.5378 64.847 60.5266 62.4155 58.8912 57.1046 30.8276 26.7447 18.7804 6.48481 12.2956 8.67871 58.8855
internal_count=1573 967 790 685 606 511 493 273 224 151 53 98 73 655
is_linear=0
shrinkage=0.05


Tree=218
num_leaves=15
num_cat=0
split_feature=11 21 33 28 12 3 14 1 4 32 33 8 1 28
split_gain=1.16856 1.19268 2.20087 1.62671 1.15608 0.883668 0.845061 1.2642 0.818409 1.34011 3.93658 2.3625 1.65636 1.1766
threshold=1.5000000000000002 3.5000000000000004 2.5000000000000004 2.5833333333333335 1.0000000180025095e-35 1.5000000000000002 1.0000000180025095e-35 8.5000000000000018 1.5000000000000002 1.0000000180025095e-35 1.5000000000000002 1.0000000180025095e-35 5.5000000000000009 2.2916666666666674
decision_type=2 2 2 2 2 2 2 2 2 2 2 2 2 2
left_child=1 2 3 8 -2 -6 7 -3 -1 10 -10 -11 -13 -12
right_child=4 6 -4 -5 5 -7 -8 -9 9 11 13 12 -14 -15
leaf_value=0.024093717972602985 -0.0057406109832978834 -0.013484990466331637 0.042556418110960482 -0.042569405118623976 -0.0082564671615971592 0.041770756641392591 -0.019873734513982486 0.039598456987613592 -0.0017540924418841738 -0.024200581518052228 0.040507613670776176 -0.031055202970103498 0.021666189124900495 -0.00052981511428617915
leaf_weight=6.0797228142619124 58.816562223655637 2.6797516075894219 4.1910144894500254 1.6088484934880387 1.2547467569820576 2.2387484348728321 7.2495201585115865 1.7486057505011556 22.383943375432864 9.0828893124125916 9.9754786877892894 1.7247573689091931 7.565233210567385 1.9652050719596434
leaf_count=141 511 23 105 30 31 64 109 45 172 64 132 17 115 14
internal_value=0.00102029 0.00518224 0.00786268 0.0053471 -0.00403318 0.0233772 -0.00936887 0.00733533 0.00677121 0.00468351 0.0105332 -0.0061075 0.0113853 0.0335977
internal_weight=138.565 76.255 64.5771 60.3861 62.3101 3.4935 11.6779 4.42836 58.7772 52.6975 34.3246 18.3729 9.28999 11.9407
internal_count=1573 967 790 685 606 95 177 68 655 514 318 196 132 146
is_linear=0
shrinkage=0.05


Tree=219
num_leaves=15
num_cat=0
split_feature=11 9 12 4 2 10 6 10 3 28 28 25 10 28
split_gain=1.05996 1.2797 1.05773 0.859532 1.56796 1.67446 1.24947 0.900145 0.830514 0.819983 1.0604 1.21249 2.63853 2.07606
threshold=1.5000000000000002 2.5000000000000004 1.0000000180025095e-35 3.5000000000000004 2.7083333333333335 1.5000000000000002 2.5000000000000004 1.5000000000000002 1.5000000000000002 1.2916666666666667 1.8750000000000002 1.0000000180025095e-35 2.5000000000000004 1.5833333333333337
decision_type=2 2 2 2 2 2 2 2 2 2 2 2 2 2
left_child=1 -1 9 6 -5 -6 7 -3 -4 -2 11 12 13 -11
right_child=2 3 8 4 5 -7 -8 -9 -10 10 -12 -13 -14 -15
leaf_value=0.0075817613293429689 -0.03824088148358408 0.029766538731170064 -0.0078827666441951549 0.066649820195887638 -0.049949724835778558 0.035024606619612757 -0.036443316658298863 -0.023404096214330299 0.040818904633369971 -0.010366416864432978 -0.011704041530265139 0.026956542196760604 -0.056725004765625933 0.018615890978964638
leaf_weight=65.29189147404395 1.7679763606283803 1.5895750494673833 1.2532981908880167 0.80508063733577762 1.1716534678125756 0.94521706615341816 4.5322532932914328 1.378723887261003 2.1802429368835874 13.732029997685466 26.260481904435437 4.0870741455582893 1.9343080855905999 11.021472948370501
leaf_count=824 18 20 31 9 28 16 53 17 64 97 220 49 31 96
internal_value=0.000975298 0.00496039 -0.00383284 -0.0111397 0.0110568 -0.0110112 -0.0201472 0.00429704 0.0226145 -0.00545532 -0.00433013 0.00189864 -0.0019318 0.00246032
internal_weight=137.951 75.7144 62.2369 10.4225 2.92195 2.11687 7.50055 2.9683 3.43354 58.8033 57.0354 30.7749 26.6878 24.7535
internal_count=1573 967 606 143 53 44 90 37 95 511 493 273 224 193
is_linear=0
shrinkage=0.05


Tree=220
num_leaves=15
num_cat=0
split_feature=7 33 2 2 11 31 21 3 7 12 9 3 4 31
split_gain=1.18498 2.47267 0.972433 0.917986 1.71357 2.05245 0.941297 1.67723 1.64784 1.04021 1.04503 0.943406 2.35549 0.884603
threshold=1.5000000000000002 1.5000000000000002 1.4166666666666667 1.8750000000000002 1.0000000180025095e-35 1.0000000180025095e-35 3.5000000000000004 2.5000000000000004 2.5000000000000004 1.5000000000000002 2.5000000000000004 2.5000000000000004 2.5000000000000004 1.5000000000000002
decision_type=2 2 2 2 2 2 2 2 2 2 2 2 2 2
left_child=-1 -2 -3 4 -4 -6 9 -8 -9 10 11 -5 -13 -12
right_child=1 2 3 6 5 -7 7 8 -10 -11 13 12 -14 -15
leaf_value=0.008166167050310676 0.029075969556404513 -0.047036028376493851 0.050739248344011161 0.0040886385048668197 -0.033557654940267391 0.02755340809878 -0.032334929602561728 -0.026457998961837544 0.036157633023262574 0.036831635694875499 -0.022104414715902677 0.0040042206394761961 -0.045603489569783238 0.009887357060391639
leaf_weight=54.359360037924489 6.137389624840579 1.1749253193847824 2.1095169177278867 36.269408824155107 2.5286309090442955 2.770302162389271 7.1523702464182843 1.8056607730686662 2.2016805715393275 1.5595552714075882 10.509897476760669 6.7860382259823364 3.5214741085655987 2.5308987954631439
leaf_count=488 102 16 34 430 20 22 128 32 52 41 102 81 40 21
internal_value=0.00237521 -0.00121724 -0.00357873 -0.00284904 0.0137159 -0.00122692 -0.00459665 -0.0179136 0.00737785 -0.00210137 -0.00322166 0.000238292 -0.012979 -0.0156774
internal_weight=141.417 87.0577 80.9204 79.7454 7.40845 5.29893 72.337 11.1597 4.00734 61.1773 59.6177 46.5769 10.3075 13.0408
internal_count=1609 1121 1019 1003 76 42 927 212 84 715 674 551 121 123
is_linear=0
shrinkage=0.05


Tree=221
num_leaves=15
num_cat=0
split_feature=1 5 4 5 4 11 2 2 30 10 24 28 2 28
split_gain=1.06038 1.73891 1.81538 1.6435 2.22693 1.5013 1.17719 1.11299 1.01358 0.803436 0.826826 3.29213 3.12189 2.41355
threshold=6.5000000000000009 2.5000000000000004 3.5000000000000004 2.5000000000000004 2.5000000000000004 1.0000000180025095e-35 2.8750000000000004 1.8750000000000002 1.1713894300707421 1.0000000180025095e-35 1.5000000000000002 1.4166666666666667 2.1250000000000004 1.5833333333333337
decision_type=2 2 2 2 2 2 2 2 2 2 2 2 2 2
left_child=3 7 -3 6 -5 -4 -1 -2 9 -9 11 12 -11 -12
right_child=1 2 5 4 -6 -7 -8 8 -10 10 13 -13 -14 -15
leaf_value=0.0046143332931231551 0.044702987788303943 -0.058039623386956229 0.027281160411926561 -0.02225346574281574 0.041207725725648674 -0.049843024301278627 -0.03017223048380907 0.039079175817795991 0.041437402483158241 -0.056762970744042289 -0.04066412300086869 -0.034229126682635488 0.020749052945060988 0.0067689263225764133
leaf_weight=76.264522901241435 1.2410481385886658 2.6999246921623117 1.6943012492265555 1.64654230326414 6.1908804293489084 0.8732290303451008 2.3976626679068422 1.0113054782850657 1.2313154703006137 1.4403291419148461 2.9028025262523469 8.6596455138060247 7.9645379860885441 24.692109605879523
leaf_count=710 19 34 27 22 60 24 26 28 13 11 33 146 109 347
internal_value=0.00226671 -0.00316908 -0.0301939 0.00571455 0.027448 0 0.00348532 -0.000166186 -0.00147144 -0.00274314 -0.00380747 -0.0121081 0.00814297 0.0015602
internal_weight=140.91 54.4105 5.26745 86.4996 7.83742 2.56753 78.6622 49.1431 47.902 46.6707 45.6594 18.0645 9.40487 27.5949
internal_count=1609 791 85 818 82 51 736 706 687 674 646 266 120 380
is_linear=0
shrinkage=0.05


Tree=222
num_leaves=15
num_cat=0
split_feature=7 33 24 10 29 21 31 28 31 9 24 24 5 10
split_gain=0.992089 2.23892 1.20202 1.00263 2.72735 1.41684 2.82414 1.46821 1.13387 0.988931 1.88503 1.80818 0.977136 1.91774
threshold=1.5000000000000002 1.5000000000000002 1.0000000180025095e-35 2.5000000000000004 2.5000000000000004 2.5000000000000004 1.0000000180025095e-35 1.5833333333333337 1.0000000180025095e-35 1.5000000000000002 1.5000000000000002 1.5000000000000002 2.5000000000000004 1.5000000000000002
decision_type=2 2 2 2 2 2 2 2 2 2 2 2 2 2
left_child=2 -2 -1 5 8 -4 7 -7 -5 11 -11 -8 -3 -14
right_child=1 12 3 4 -6 6 9 -9 -10 10 -12 -13 13 -15
leaf_value=0.022201893290894281 0.027945746059441334 -0.0017893448839383253 -0.0041300266295928485 -0.09135917041852408 0.010888920637444578 0.0043091822770066355 0.0076217347312981208 0.056553758427366096 -0.018018514278714662 -0.011579063393222629 0.034847219038036323 -0.050446415992307828 0.01956339762937432 -0.041150924586436093
leaf_weight=10.977674078196285 6.0269276761682695 74.384482051245868 16.314316493226215 1.1141093934420487 3.7897003956604749 2.0301763825118551 3.4337199184810752 4.7715754510718398 1.2243738239631057 3.9580414816737157 4.5363042447715998 2.0214823931455612 1.7366558801149938 4.1647024030680768
leaf_count=103 102 933 114 15 50 20 27 46 24 38 36 15 38 48
internal_value=0.00215724 -0.00114708 0.00746057 0.0036137 -0.0148404 0.00676377 0.0154269 0.0416105 -0.0562986 0.00227665 0.0130404 -0.0139667 -0.00339418 -0.022839
internal_weight=140.484 86.3128 54.1715 43.1938 6.12818 37.0656 20.7513 6.80175 2.33848 13.9495 8.49435 5.4552 80.2858 5.90136
internal_count=1609 1121 488 385 89 296 182 66 39 116 74 42 1019 86
is_linear=0
shrinkage=0.05


Tree=223
num_leaves=15
num_cat=0
split_feature=7 5 0 5 4 1 4 31 1 30 9 8 1 5
split_gain=0.896214 1.08594 1.01541 1.30176 1.75744 0.949314 0.976996 2.81515 1.9955 1.86057 1.79468 1.48435 1.43988 1.18988
threshold=1.5000000000000002 2.5000000000000004 2.5000000000000004 2.5000000000000004 3.5000000000000004 4.5000000000000009 2.5000000000000004 1.0000000180025095e-35 7.5000000000000009 0.92016825471890717 1.5000000000000002 1.5000000000000002 9.5000000000000018 1.5000000000000002
decision_type=2 2 2 2 2 2 2 2 2 2 2 2 2 2
left_child=1 -1 -2 5 -5 -4 7 11 9 -9 -8 13 -10 -7
right_child=2 -3 3 4 -6 6 10 8 12 -11 -12 -13 -14 -15
leaf_value=0.0043900387717980029 0.011416010503239832 0.026204844040504924 -0.044256057554543121 -0.041796645171491356 0.024173812659866293 -0.0013174831812202256 0.0077728415210297844 0.051097442250417513 -0.0199130916392623 0 -0.014626460918632607 0.035671800128951665 0.046829986446477956 -0.031444398096906336
leaf_weight=47.59162560783443 13.491070329328066 6.4895470804767674 1.1750864977948356 4.2581208166084243 1.1897857388248665 8.4234897857531887 14.322510549565775 6.3032343313097936 3.3867141962982723 2.5584680450847372 23.073653999483213 1.6056797894416384 0.94439921691082407 5.4758121874183407
leaf_count=412 194 76 15 50 26 75 125 115 71 28 269 77 38 38
internal_value=0.0020519 0.00709741 -0.0010889 -0.00345574 -0.0267625 -0.00149417 -0.000630429 0.00625444 0.023195 0.0366949 -0.00598314 -0.00805595 -0.00406716 -0.0135048
internal_weight=140.289 54.0812 86.208 72.717 5.44791 67.269 66.094 28.6978 13.1928 8.8617 37.3962 15.505 4.33111 13.8993
internal_count=1609 488 1121 927 76 851 836 442 252 143 394 190 109 113
is_linear=0
shrinkage=0.05


Tree=224
num_leaves=15
num_cat=0
split_feature=7 33 1 2 33 2 22 21 3 13 12 30 9 3
split_gain=0.809031 1.96734 0.849778 0.788382 0.757547 0.74578 1.38662 0.817989 1.48563 1.72908 0.963189 1.00036 0.914064 1.07584
threshold=1.5000000000000002 1.5000000000000002 5.5000000000000009 1.4166666666666667 2.5000000000000004 1.8750000000000002 1.5000000000000002 3.5000000000000004 2.5000000000000004 3.5000000000000004 1.5000000000000002 0.9714045207910319 2.5000000000000004 2.5000000000000004
decision_type=2 2 2 2 2 2 2 2 2 2 2 2 2 2
left_child=4 2 -2 -3 -1 6 -5 10 -9 -10 11 12 13 -7
right_child=1 3 -4 5 -6 7 -8 8 9 -11 -12 -13 -14 -15
leaf_value=0.0051799510542605599 0.036263523129489605 -0.041712108617179673 -0.0079397487667487807 -0.0033381129281342889 0.030202875457234379 0.0030192662399359058 0.041260147091415206 -0.030443915841115846 0.032850688467044281 -0.033461870673514055 0.036162368026940304 0.02561928371656701 -0.016199746217192064 -0.016542835571053793
leaf_weight=50.848575930634979 4.6632262824568889 1.2110640769824375 1.2557996045798061 4.6472095081116995 3.1844725681003174 35.091885309666395 2.5948090706951916 6.9481684307102096 2.4739495175890629 1.4715388158801941 1.5251015755347896 2.8227793195983386 12.465817475516813 8.6652699522674066
leaf_count=439 87 16 15 45 49 421 31 128 54 30 41 34 117 102
internal_value=0.00196088 -0.00103155 0.0264938 -0.003132 0.00675395 -0.00245446 0.0126452 -0.00403509 -0.01661 0.00728451 -0.00170864 -0.00278857 -0.00430218 -0.000826518
internal_weight=139.87 85.8366 5.91903 79.9176 54.033 78.7065 7.24202 71.4645 10.8937 3.94549 60.5709 59.0458 56.223 43.7572
internal_count=1609 1121 102 1019 488 1003 76 927 212 84 715 674 640 523
is_linear=0
shrinkage=0.05


Tree=225
num_leaves=15
num_cat=0
split_feature=33 23 7 9 11 21 11 4 7 3 7 11 10 30
split_gain=0.892237 1.53976 1.50412 1.62487 1.26068 0.792021 2.40977 1.98469 1.0869 0.967068 0.890988 0.712105 0.983574 0.712619
threshold=2.5000000000000004 1.0000000180025095e-35 1.5000000000000002 2.5000000000000004 2.5000000000000004 3.5000000000000004 1.5000000000000002 3.5000000000000004 2.5000000000000004 2.5000000000000004 2.5000000000000004 2.5000000000000004 2.5000000000000004 0.76180168105713697
decision_type=2 2 2 2 2 2 2 2 2 2 2 2 2 2
left_child=11 2 3 -2 5 6 -4 8 -8 -7 -11 13 -13 -1
right_child=1 -3 4 -5 -6 9 7 -9 -10 10 -12 12 -14 -15
leaf_value=-0.010073926837005885 0.074109099361750849 -0.051959784787454305 0.051776482823895867 0.0052075427719673207 -0.029969035417525738 -0.013245377200035902 -0.00022949014193455951 -0.032567762546292373 0.056808468556887461 -0.0073501375477968076 0.042761258230015448 -0.01814734370946533 0.045897440605494812 -0.001480854726138652
leaf_weight=73.203398389508948 1.4813289484009211 1.0925256864866231 3.0670131440274471 2.0889454006683081 2.7405502581968895 7.5776772361714375 1.7730468607041987 2.7608533464372158 1.3459737395169211 1.543671091552824 1.7197979420889167 0.86680287704802994 1.3796985046938059 37.116327816795092
leaf_count=728 31 46 91 19 28 110 26 23 22 26 47 14 23 366
internal_value=-0.00464856 0.00340982 0.00601256 0.0357166 0.00105761 0.00560944 0.0165824 -0.00191607 0.024608 -0.0032865 0.0188007 -0.00661863 0.0204004 -0.00720945
internal_weight=139.758 27.1914 26.0989 3.57027 22.5286 19.788 8.94689 5.87987 3.11902 10.8411 3.26347 112.566 2.2465 110.32
internal_count=1600 469 423 50 373 345 162 71 48 183 73 1131 37 1094
is_linear=0
shrinkage=0.05


Tree=226
num_leaves=15
num_cat=0
split_feature=22 2 1 28 1 5 7 28 21 7 2 4 5 1
split_gain=0.866391 0.783715 1.26364 0.693978 1.10961 1.0767 2.21097 1.20921 1.27569 0.653097 0.873383 1.0319 0.532193 0.625337
threshold=1.0000000180025095e-35 1.8750000000000002 4.5000000000000009 1.5833333333333337 3.5000000000000004 1.0000000180025095e-35 2.5000000000000004 1.1250000000000002 3.5000000000000004 3.5000000000000004 2.2916666666666674 3.5000000000000004 2.5000000000000004 5.5000000000000009
decision_type=2 2 2 2 2 2 2 2 2 2 2 2 2 2
left_child=1 -1 -3 4 -2 6 7 8 -6 -5 -11 -12 13 -7
right_child=3 2 -4 9 5 12 -8 -9 -10 10 11 -13 -14 -15
leaf_value=-0.036671608849601404 0.031486864718358758 0.013160057779687409 -0.051687437099178425 -0.0019142930500110154 0.048021753621372419 -0.021092594829819955 0.037169581664148126 -0.021031885389549261 -0.011395101993138578 -0.030437265017647732 0.042121021241714678 -0.013478845809823552 -0.037985572310076293 -0.0050436445913902353
leaf_weight=3.7907448779733377 1.5350981662049878 2.7230060892179613 0.91604788287077088 83.921209126710892 1.4778414815664274 13.075755015015607 3.1669151290552682 7.43960394943133 1.9355164095759392 0.67535808915272255 2.8499717337545012 1.0249601982068268 2.5281697278842321 12.340006717480717
leaf_count=61 15 30 55 869 39 77 67 74 13 14 114 20 35 117
internal_value=-0.00442267 -0.0209894 -0.00344097 -0.00345586 -0.00862564 -0.0102238 0.000915984 -0.00967741 0.014253 -0.000878932 0.0173092 0.0268162 -0.0158853 -0.0134487
internal_weight=139.4 7.4298 3.63905 131.97 43.4989 41.9638 14.0199 10.853 3.41336 88.4715 4.55029 3.87493 27.9439 25.4158
internal_count=1600 146 85 1454 437 422 193 126 52 1017 148 134 229 194
is_linear=0
shrinkage=0.05


Tree=227
num_leaves=15
num_cat=0
split_feature=28 10 5 21 0 13 2 9 23 30 5 2 30 10
split_gain=0.718347 1.95018 0.876131 0.877856 0.77017 0.685067 0.615969 1.08749 0.614641 0.532624 0.424544 0.421899 1.87458 1.44602
threshold=1.5833333333333337 2.5000000000000004 1.0000000180025095e-35 2.5000000000000004 2.5000000000000004 4.5000000000000009 2.5833333333333335 1.5000000000000002 1.0000000180025095e-35 1.0000000180025095e-35 1.0000000180025095e-35 1.4166666666666667 0.92016825471890717 1.5000000000000002
decision_type=2 2 2 2 2 2 2 2 2 2 2 2 2 2
left_child=1 2 3 4 -1 8 7 -5 11 -10 -11 12 13 -2
right_child=5 -3 -4 6 -6 -7 -8 -9 9 10 -12 -13 -14 -15
leaf_value=0.0018281184688019811 0.051843842244577179 0.02649381150448539 -0.016146888154126245 -0.00037645172330436625 0.077844243520389531 0.034022440226911553 0.021142275343242891 -0.038059330364562168 0.019647049811387454 0.0023853779384857996 -0.050452503310297339 -0.0023132271386803113 -0.031607256455366585 -0.0076949153910045327
leaf_weight=0.88180434016976394 2.5967201916500917 3.4530242288019499 33.00471886532614 7.590097392909227 0.52244651317596436 1.2295376996044058 1.7019389122724522 2.5260026985779405 0.36045636321068686 0.37532035238109518 1.4587535573518833 80.341791091719642 1.6411817427724598 1.4964802348986266
leaf_count=32 41 74 282 67 9 22 30 20 6 14 76 900 11 16
internal_value=-0.00421249 -0.00903772 -0.0117972 -0.000712568 0.0350664 -0.00149909 -0.00543225 -0.0103111 -0.00206011 -0.0276582 -0.038783 -0.00134713 0.0115676 0.0298158
internal_weight=139.18 49.68 46.227 13.2223 1.40425 89.5002 11.818 10.1161 88.2707 2.19453 1.83407 86.0762 5.73438 4.0932
internal_count=1600 514 440 158 41 1086 117 87 1064 96 90 968 68 57
is_linear=0
shrinkage=0.05


Tree=228
num_leaves=15
num_cat=0
split_feature=33 28 11 21 6 30 11 10 7 7 5 22 13 30
split_gain=0.737649 1.57213 1.80508 1.71367 1.27637 1.60106 0.647978 0.890962 0.623404 0.677075 3.22512 0.814742 1.61962 0.582805
threshold=2.5000000000000004 2.0833333333333335 1.0000000180025095e-35 3.5000000000000004 1.5000000000000002 0.60355339059327384 2.5000000000000004 2.5000000000000004 1.5000000000000002 2.5000000000000004 1.5000000000000002 1.5000000000000002 3.5000000000000004 0.48570226039551589
decision_type=2 2 2 2 2 2 2 2 2 2 2 2 2 2
left_child=6 2 3 -2 -3 8 13 -8 -6 11 -11 -10 -13 -1
right_child=1 4 -4 -5 5 -7 7 -9 9 10 -12 12 -14 -15
leaf_value=-0.0095061054667160347 0.045631344749405889 -0.027433971817353811 -0.044478214659784729 -0.014891249996826162 0.031026838911526418 0.042213419370496635 -0.016602427681609206 0.045016230267701442 -0.033641357385614794 -0.028045194792338985 0.048604876126312507 0.04334248777146199 -0.031701953617428467 -0.0020775623387903953
leaf_weight=62.82840552777634 1.5659638047218338 1.7429188042879129 3.032294578733854 3.7811988006578758 2.0549464011564877 4.2714250246062866 0.84664719982538317 1.3372204620391128 2.2364794015884382 2.398487024474889 2.9033409333787858 1.3623312283307316 1.2954137837514279 47.340919211361324
leaf_count=626 44 38 63 50 26 87 14 23 27 47 53 18 16 468
internal_value=-0.00400146 0.00340958 -0.0142809 0.00288669 0.011695 0.0161133 -0.00578271 0.0203521 0.00654271 0.00111187 0.0135892 -0.0119055 0.00603527 -0.00634143
internal_weight=138.998 26.6448 8.37946 5.34716 18.2653 16.5224 112.353 2.18387 12.251 10.1961 5.30183 4.89422 2.65775 110.169
internal_count=1600 469 157 94 312 274 1131 37 187 161 100 61 34 1094
is_linear=0
shrinkage=0.05


Tree=229
num_leaves=15
num_cat=0
split_feature=22 2 1 24 6 9 11 31 10 6 1 9 2 4
split_gain=0.709644 0.687753 1.19697 0.574934 2.38542 1.45542 1.29474 1.16894 4.18568 1.09025 5.21873 1.98471 1.75856 1.93888
threshold=1.0000000180025095e-35 1.8750000000000002 4.5000000000000009 1.5000000000000002 2.5000000000000004 1.5000000000000002 1.5000000000000002 1.0000000180025095e-35 1.5000000000000002 2.5000000000000004 6.5000000000000009 1.5000000000000002 2.5833333333333335 3.5000000000000004
decision_type=2 2 2 2 2 2 2 2 2 2 2 2 2 2
left_child=1 -1 -3 4 6 -6 -2 8 -8 11 -11 -5 -13 -14
right_child=3 2 -4 9 5 -7 7 -9 -10 10 -12 12 13 -15
leaf_value=-0.033251111571672091 -0.0044986601196117743 0.013569879123484294 -0.05074187365911096 -0.0066086670050242297 0.0027828476075708597 0.038612381998455625 0.054885803340227281 -0.026795802834582518 -0.028518774572811986 -0.04098532434873281 0.014630773679516493 0.030536888359531496 0.023822479412643857 -0.027278050205913913
leaf_weight=3.8474419060803475 44.294372990494594 2.7368192039430146 0.86609693363425311 15.18182615097612 10.594254410825668 3.8711503604426971 2.1124152643606093 15.678370827808974 4.5888011325150728 7.2250730935484198 9.7778982195304689 10.74681127863005 3.6718052972573778 3.5468476554378867
leaf_count=61 519 30 55 141 106 55 17 152 56 45 153 114 60 36
internal_value=-0.00380707 -0.0187783 -0.00216756 -0.00292482 -0.00552936 0.0127423 -0.00954411 -0.0193546 -0.00143925 0.001242 -0.00895746 0.00656024 0.0178021 -0.000973559
internal_weight=138.74 7.45036 3.60292 131.29 81.1394 14.4654 66.674 22.3796 6.70122 50.1503 17.003 33.1473 17.9655 7.21865
internal_count=1600 146 85 1454 905 161 744 225 73 549 198 351 210 96
is_linear=0
shrinkage=0.05


Tree=230
num_leaves=15
num_cat=0
split_feature=3 10 33 13 10 1 7 6 2 5 1 6 9 1
split_gain=0.909167 1.55896 2.47009 1.66772 1.44676 1.40393 1.22076 2.16409 1.6768 2.47179 1.23872 2.08088 1.1725 1.14021
threshold=1.5000000000000002 2.5000000000000004 2.5000000000000004 3.5000000000000004 2.5000000000000004 8.5000000000000018 1.5000000000000002 1.5000000000000002 1.4166666666666667 2.5000000000000004 5.5000000000000009 2.5000000000000004 1.5000000000000002 5.5000000000000009
decision_type=2 2 2 2 2 2 2 2 2 2 2 2 2 2
left_child=4 -2 -3 -4 5 6 7 -1 -9 13 11 -8 -6 -10
right_child=1 2 3 -5 12 -7 10 8 9 -11 -12 -13 -14 -15
leaf_value=0.00070692738729379208 0.0086151828445974726 -0.03444435384047554 0.022883489493179213 -0.025112619469215947 0.040541078726926687 -0.041411485027339705 0.040713601509921739 0.015091519996544048 -0.065893955416624475 -0.002638899637237754 -0.0022020693707379981 -0.018694314257216245 -0.0056661189194976216 -0.019543342541104732
leaf_weight=16.41414105985314 54.066461387672462 5.8889892830047748 5.6228654352016729 2.5168125849450007 3.1335176776628932 2.5331005310872561 4.5426717591471997 1.9354349626228202 4.7336551886983198 4.1691952624823898 24.624284307006747 2.0224037179723382 2.2007309177424759 2.2236969918012619
leaf_count=107 596 84 122 41 72 46 79 15 44 36 243 15 48 13
internal_value=0.000634309 0.00473804 -0.00998274 0.00761487 -0.00340775 -0.00555996 -0.00395614 -0.0112522 -0.0263615 -0.033865 0.00287313 0.0220317 0.021264 -0.0519205
internal_weight=136.628 68.0951 14.0287 8.13968 68.5328 63.1986 60.6655 29.4761 13.062 11.1265 31.1894 6.56508 5.33425 6.95735
internal_count=1561 843 247 163 718 598 552 215 108 93 337 94 120 57
is_linear=0
shrinkage=0.05


Tree=231
num_leaves=15
num_cat=0
split_feature=3 10 33 13 10 1 7 6 5 1 6 28 1 11
split_gain=0.823907 1.40956 2.21238 1.52005 1.32455 1.27594 1.11349 2.00564 1.21967 1.13613 1.92646 1.00343 1.68841 0.977543
threshold=1.5000000000000002 2.5000000000000004 2.5000000000000004 3.5000000000000004 2.5000000000000004 8.5000000000000018 1.5000000000000002 1.5000000000000002 2.5000000000000004 5.5000000000000009 2.5000000000000004 1.5833333333333337 4.5000000000000009 2.5000000000000004
decision_type=2 2 2 2 2 2 2 2 2 2 2 2 2 2
left_child=4 -2 -3 13 5 6 7 -1 11 10 -8 -9 -13 -4
right_child=1 2 3 -5 -6 -7 9 8 -10 -11 -12 12 -14 -15
leaf_value=0.00067191145419303547 0.0081893656103413891 -0.03249307352278346 0.037741787438045238 -0.023920122121586462 0.020514178972992559 -0.039567460072392008 0.039514579248239937 -0.067151208842524221 -0.0025099431127956983 -0.0020921579488151804 -0.017846739474153238 0.011394449904575154 -0.041875661905989549 -0.0042428156993863835
leaf_weight=16.411349444184456 54.039735802274663 5.9352829847484818 3.5093251082580519 2.5151987626450136 5.2575890615116796 2.5235141960438332 4.4518698370084193 2.0248470623046142 4.1693644163897252 24.62720358435763 2.0174089539796114 2.0205036925617605 4.6439842821564525 2.0604333164228592
leaf_count=107 596 84 105 41 120 46 79 15 36 243 15 21 36 17
internal_value=0.000597223 0.00450067 -0.00949734 0.00726946 -0.00326545 -0.00532252 -0.00378656 -0.0107866 -0.0254962 0.00273567 0.0212468 -0.0360871 -0.0254262 0.0219685
internal_weight=136.208 68.06 14.0202 8.08496 68.1476 62.89 60.3665 29.27 12.8587 31.0965 6.46928 8.68934 6.66449 5.56976
internal_count=1561 843 247 163 718 598 552 215 108 337 94 72 57 122
is_linear=0
shrinkage=0.05


Tree=232
num_leaves=15
num_cat=0
split_feature=4 2 28 2 10 22 11 28 9 31 5 10 28 22
split_gain=1.06698 1.16554 1.17411 1.52559 1.15261 1.08427 1.76474 1.46097 2.20051 1.00011 1.36654 2.04157 0.960487 0.882531
threshold=4.5000000000000009 2.4166666666666674 1.8750000000000002 2.1250000000000004 1.5000000000000002 1.5000000000000002 1.5000000000000002 2.2916666666666674 2.5000000000000004 1.0000000180025095e-35 1.0000000180025095e-35 2.5000000000000004 2.2083333333333335 1.5000000000000002
decision_type=2 2 2 2 2 2 2 2 2 2 2 2 2 2
left_child=1 2 13 5 -2 7 -7 -4 -9 -3 -11 -12 -5 -1
right_child=4 9 3 12 -6 6 -8 8 -10 10 11 -13 -14 -15
leaf_value=-0.0010343809271100171 -0.026918670591303318 0.0024483353587004646 -0.0087834773818866643 -0.0028789634177954337 0.012598888096894143 0.048049936164085781 0.0068220030539963179 0.037390677016851975 -0.029057241305149889 0.041627697015688081 0.027042818191993286 -0.020729513574346062 -0.048326669972361784 -0.014098371105475472
leaf_weight=39.491276248940267 6.5292892860015836 20.585346987354569 10.176888399058955 4.0052837040275326 2.3902965383604169 4.2881668186746555 6.8785039763897657 4.997646492207422 1.5248249956057405 4.7288989082444433 5.5672718100249767 3.5533054025436286 1.6287577321054412 19.483144344761968
leaf_count=351 92 255 94 42 57 55 59 63 21 117 72 62 30 191
internal_value=0.000561234 0.00175865 -0.00114312 0.00628627 -0.0160292 0.0111415 0.023162 0.00286467 0.0212748 0.00960446 0.019968 0.00813699 -0.0170672 -0.00540916
internal_weight=135.829 126.909 92.4745 33.5001 8.91959 27.866 11.1667 16.6994 6.52247 34.4348 13.8495 9.12058 5.63404 58.9744
internal_count=1561 1412 906 364 149 292 114 178 84 506 251 134 72 542
is_linear=0
shrinkage=0.05


Tree=233
num_leaves=15
num_cat=0
split_feature=3 10 33 13 10 9 33 2 7 6 2 5 6 31
split_gain=0.69598 1.27756 1.94744 1.33779 1.1972 1.12063 1.11843 2.03762 1.405 1.88748 1.47299 2.05753 0.976995 0.920756
threshold=1.5000000000000002 2.5000000000000004 2.5000000000000004 3.5000000000000004 2.5000000000000004 1.5000000000000002 2.5000000000000004 1.8750000000000002 1.5000000000000002 1.5000000000000002 1.4166666666666667 2.5000000000000004 1.5000000000000002 1.0000000180025095e-35
decision_type=2 2 2 2 2 2 2 2 2 2 2 2 2 2
left_child=4 -2 12 13 6 -6 8 -8 9 -1 -11 -12 -3 -4
right_child=1 2 3 -5 5 -7 7 -9 -10 10 11 -13 -14 -15
leaf_value=0.00047382726696364186 0.0076395593632252838 -0.010479022127674978 -0.0043304012413482012 -0.022538072454309954 0.039100420717643511 -0.006441669971814193 0.030012901180006987 -0.045005538930060977 0.004866452274186998 0.014103327066348851 -0.04949487460514404 -0.0045989264390492515 -0.052328183195911031 0.036540419304691381
leaf_weight=16.318534309044484 53.90516965900315 3.2271377365104836 2.0846636539790779 2.5042098857229576 3.0150368579197666 2.1965764092747122 1.0605382118374098 3.7963974259328097 28.435250727052335 1.9107153089717019 6.5924769781995547 4.3722606720402837 2.7428368334658444 3.377224222116638
leaf_count=104 596 59 40 41 72 48 20 57 307 15 57 38 25 82
internal_value=0.000534683 0.00412643 -0.00924195 0.0066829 -0.00302858 0.0196749 -0.0049905 -0.0278455 -0.0029761 -0.0106907 -0.0249281 -0.0320216 -0.0306633 0.0206942
internal_weight=135.539 67.8412 13.9361 7.9661 67.6978 5.21161 62.4862 4.85694 57.6292 29.194 12.8755 10.9647 5.96997 5.46189
internal_count=1561 843 247 163 718 120 598 77 521 214 110 95 84 122
is_linear=0
shrinkage=0.05


Tree=234
num_leaves=15
num_cat=0
split_feature=4 10 2 28 2 22 11 28 9 31 5 10 9 28
split_gain=0.946249 1.0339 1.02949 1.03964 1.41872 1.03564 1.6104 1.30691 1.97191 0.920288 1.22896 1.83643 0.907791 0.89919
threshold=4.5000000000000009 1.5000000000000002 2.4166666666666674 1.8750000000000002 2.1250000000000004 1.5000000000000002 1.5000000000000002 2.2916666666666674 2.5000000000000004 1.0000000180025095e-35 1.0000000180025095e-35 2.5000000000000004 1.0000000180025095e-35 2.2083333333333335
decision_type=2 2 2 2 2 2 2 2 2 2 2 2 2 2
left_child=2 -2 3 -1 5 7 -7 -5 12 -4 -11 -12 -9 -6
right_child=1 -3 9 4 13 6 -8 8 -10 10 11 -13 -14 -15
leaf_value=-0.0051102168111540301 -0.025555066134930911 0.011935543968294632 0.0021929908393282932 -0.0084710186612300311 -0.0029991190928477579 0.046508686964109924 0.0068357514313430873 0.019540314064502254 -0.028049731890336639 0.040023715170322161 0.025935269486137304 -0.019541521687450141 0.068051910094275067 -0.047306701373381908
leaf_weight=58.800927723990753 6.4744512482429837 2.3810686365468428 20.526910205953754 10.16783983143978 4.0088755674660197 4.2073898655362445 6.8541709370911121 3.5506912983255452 1.5011752402060663 4.5879245609976325 5.5055220389040187 3.5313212183536962 1.4512153076939283 1.595272042264696
leaf_count=542 92 57 255 94 42 55 59 42 21 117 72 62 21 30
internal_value=0.000504584 -0.0151747 0.00163495 -0.00109112 0.0059173 0.0106126 0.0224313 0.00253458 0.0199886 0.00904429 0.019093 0.00787134 0.0351631 -0.0166582
internal_weight=135.145 8.85552 126.289 92.1376 33.3366 27.7325 11.0616 16.6709 6.50308 34.1517 13.6248 9.03684 5.00191 5.60415
internal_count=1561 149 1412 906 364 292 114 178 84 506 251 134 63 72
is_linear=0
shrinkage=0.05


Tree=235
num_leaves=15
num_cat=0
split_feature=23 24 2 3 28 28 11 10 6 22 1 30 31 4
split_gain=0.69319 1.08694 0.896262 0.919168 0.892117 1.52245 1.20534 1.60392 1.16558 1.03146 2.17691 0.947948 1.00068 1.10552
threshold=1.0000000180025095e-35 1.0000000180025095e-35 1.7083333333333337 2.5000000000000004 1.2916666666666667 1.4166666666666667 1.5000000000000002 1.5000000000000002 1.5000000000000002 1.5000000000000002 7.5000000000000009 0.88177643582009468 1.0000000180025095e-35 3.5000000000000004
decision_type=2 2 2 2 2 2 2 2 2 2 2 2 2 2
left_child=2 -2 3 -1 9 6 -6 -8 11 -4 -11 -7 -13 -14
right_child=1 -3 4 -5 5 8 7 -9 -10 10 -12 12 13 -15
leaf_value=-0.0067971646959048664 -0.0027405294156595899 -0.050068534001498258 -0.017201470825997853 0.025566405505431541 0.052898486748587194 -0.019506751391492244 0.03471061711146757 -0.0016207123299600036 0.0083092515914751624 0.060015848698052904 -0.016945460911918706 -0.010235134485153844 0.053691915316729635 -0.0039207346818125018
leaf_weight=24.81470573449042 10.910289003746582 1.290244855597847 7.6440186945255828 2.2849986429791889 2.6886975455563489 7.6734399218694289 5.5632313210517168 6.2675311048515141 56.403842103376519 1.4607449118047955 2.082335602492094 4.0915874650236219 1.6408585752360525 1.4286391099449245
leaf_count=242 136 72 73 30 80 100 42 54 631 18 29 53 25 21
internal_value=0.00294504 -0.00831521 0.0040785 -0.00389245 0.00633416 0.00807984 0.0228307 0.0154017 0.00501056 -0.0067794 0.0148744 -0.00733598 0.00545031 0.0268108
internal_weight=136.245 12.2005 124.045 27.0997 96.9449 85.7578 14.5195 11.8308 71.2384 11.1871 3.54308 14.8345 7.16109 3.0695
internal_count=1606 208 1398 272 1126 1006 176 96 830 120 47 199 99 46
is_linear=0
shrinkage=0.05


Tree=236
num_leaves=15
num_cat=0
split_feature=28 22 10 1 5 1 24 7 5 31 10 11 13 10
split_gain=0.573808 0.823634 0.749316 1.28802 2.20612 1.15404 0.636709 0.625643 0.622404 1.44586 1.70564 1.80009 1.48131 1.33758
threshold=1.2916666666666667 1.0000000180025095e-35 2.5000000000000004 7.5000000000000009 1.0000000180025095e-35 5.5000000000000009 1.5000000000000002 4.5000000000000009 1.5000000000000002 1.0000000180025095e-35 2.5000000000000004 1.5000000000000002 2.5000000000000004 3.5000000000000004
decision_type=2 2 2 2 2 2 2 2 2 2 2 2 2 2
left_child=2 -2 3 4 -1 6 -6 8 9 10 11 -3 -11 -12
right_child=1 7 -4 -5 5 -7 -8 -9 -10 12 13 -13 -14 -15
leaf_value=0.039411061691839083 -0.029987052600150506 0.0090415660345301123 0.028767408199297746 -0.039873402156247628 -0.01378737995677292 -0.042252077244902972 0.0078019887977839198 0.038217385830691043 0.0076260292506299555 -0.0074557227578586757 -0.037954715282579973 0.05483068300198423 0.042674575390501263 0.02826640343396122
leaf_weight=2.5988341621123334 1.6123528708703805 6.7719920079689455 1.450552851660176 2.5237782942131153 7.1846653772518021 2.2072901893407115 6.2001216188073158 1.3030014280229796 62.600953778077383 33.710343793034554 2.2463713516481212 3.2052884651347995 1.4305401137098659 1.0020926618017258
leaf_count=47 93 92 19 35 49 24 44 46 646 374 33 40 45 19
internal_value=0.0028036 0.00424735 -0.00448773 -0.00706356 -0.00218179 -0.00948063 -0.00361763 0.0047875 0.00433839 2.46713e-05 0.0141051 0.0243979 -0.00522874 -0.016546
internal_weight=136.048 113.883 22.1652 20.7147 18.1909 15.5921 13.3848 112.271 110.968 48.3666 13.2257 9.97728 35.1409 3.24846
internal_count=1606 1388 218 199 164 117 93 1295 1249 603 184 132 419 52
is_linear=0
shrinkage=0.05


Tree=237
num_leaves=15
num_cat=0
split_feature=2 2 6 28 25 3 8 8 30 1 11 1 9 31
split_gain=0.586701 1.51184 0.730281 0.642058 0.606975 2.29253 3.54737 1.06124 1.80231 1.42334 1.95183 0.861744 0.620725 0.544176
threshold=3.1250000000000004 3.5833333333333335 1.5000000000000002 2.8750000000000004 1.0000000180025095e-35 2.5000000000000004 2.5000000000000004 1.0000000180025095e-35 0.48570226039551589 6.5000000000000009 2.5000000000000004 4.5000000000000009 3.5000000000000004 1.0000000180025095e-35
decision_type=2 2 2 2 2 2 2 2 2 2 2 2 2 2
left_child=4 2 -2 -4 12 7 -7 9 -9 -6 -11 -8 13 -1
right_child=1 -3 3 -5 5 6 11 8 -10 10 -12 -13 -14 -15
leaf_value=0.0033650483165281507 0.0019302822242401657 -0.031644032075446603 0.053150293705760521 0.0048588063576551384 0.039229825797579311 -0.057769193099964714 0.036440526181490435 0.03273993688761076 -0.047668555385628975 -0.019259578956047557 0.047552315755303547 -0.011813821294487176 0.030114452219314098 -0.0037976386085370527
leaf_weight=53.761670515639707 2.0588593166321507 1.202353404543828 2.6805813013343145 1.1020959271118043 7.7992586148902792 2.7029761600133488 2.1397083448246126 1.2438854649662965 1.3245607037097213 3.0321741886436939 1.5700155054219065 1.4079273928073233 1.6215144532616239 52.076407480111811
leaf_count=554 44 20 78 16 64 32 16 45 23 33 19 23 19 620
internal_value=0.00267604 0.0166695 0.0273998 0.0402118 0.00187829 0.00958905 -0.0154511 0.0202435 -0.00802266 0.026315 0.00352788 0.0168059 0.000324866 -0.000135929
internal_weight=135.724 7.04389 5.84154 3.78268 128.68 21.2205 6.25061 14.9699 2.56845 12.4014 4.60219 3.54764 107.46 105.838
internal_count=1606 158 138 94 1448 255 71 184 68 116 52 39 1193 1174
is_linear=0
shrinkage=0.05


Tree=238
num_leaves=15
num_cat=0
split_feature=23 24 5 7 2 29 28 6 28 28 11 10 6 7
split_gain=0.569391 1.03658 1.00725 1.21382 0.813936 0.807043 0.805533 0.965951 0.756655 1.39493 1.20365 1.51712 1.04382 1.18315
threshold=1.0000000180025095e-35 1.0000000180025095e-35 1.0000000180025095e-35 2.5000000000000004 1.7083333333333337 3.5000000000000004 2.2916666666666674 2.5000000000000004 1.2916666666666667 1.4166666666666667 1.5000000000000002 1.5000000000000002 1.5000000000000002 2.5000000000000004
decision_type=2 2 2 2 2 2 2 2 2 2 2 2 2 2
left_child=4 2 -2 -4 5 6 7 -1 -6 10 -10 -12 13 -11
right_child=1 -3 3 -5 8 -7 -8 -9 9 12 11 -13 -14 -15
leaf_value=0.00076546158902280356 0.028184872546328194 -0.049493474528573389 0.0035578342125306586 -0.034468688826157945 -0.0063294618466724481 -0.037393389863414547 0.028565582421044455 -0.023861028041638518 0.052393028272487652 -0.018364659747688139 0.033038265324674486 -0.002302459328621402 0.0075529869148708989 0.010515315745413695
leaf_weight=18.605255932547163 2.0409383054356995 1.2284586750029109 5.6685071673709899 3.1306615956127644 11.165018461295402 1.6049323488259677 1.9090346235316236 4.9056264059618107 2.5619149438571158 9.1670622786623408 5.56953907571733 6.2526820064522326 55.999870933766942 5.5467028238344929
leaf_count=187 50 72 57 29 120 24 16 45 80 98 42 54 631 101
internal_value=0.00255459 -0.00770356 -0.00233007 -0.00992601 0.00358444 -0.00401791 -0.00167446 -0.00434635 0.00574663 0.00736595 0.0215512 0.0142746 0.00441881 -0.00731141
internal_weight=135.356 12.0686 10.8401 8.79917 123.288 27.0248 25.4199 23.5109 96.2628 85.0978 14.3841 11.8222 70.7136 14.7138
internal_count=1606 208 136 86 1398 272 248 232 1126 1006 176 96 830 199
is_linear=0
shrinkage=0.05


Tree=239
num_leaves=15
num_cat=0
split_feature=2 2 21 22 28 1 25 3 4 1 9 3 9 2
split_gain=0.522431 1.39647 0.940311 0.545422 0.870543 1.2963 0.459399 2.11444 3.15465 0.828491 1.55312 1.08685 0.644974 0.591091
threshold=3.1250000000000004 3.5833333333333335 3.5000000000000004 2.5000000000000004 1.1250000000000002 7.5000000000000009 1.0000000180025095e-35 2.5000000000000004 1.5000000000000002 6.5000000000000009 1.5000000000000002 1.5000000000000002 3.5000000000000004 2.5833333333333335
decision_type=2 2 2 2 2 2 2 2 2 2 2 2 2 2
left_child=3 2 -2 6 5 -5 12 9 -9 11 13 -8 -1 -11
right_child=1 -3 -4 4 -6 -7 7 8 -10 10 -12 -13 -14 -15
leaf_value=0.00037669622590580897 0.045041090895705793 -0.03085775134973134 0.0036593172614529691 0.039764493894519345 -0.045513444394397022 -0.026254318047517069 0.013609259862783281 0.02167319778645245 -0.048481531798395837 -0.048996375813051912 0.02907624589559071 0.049848525339895457 0.031719667358500944 -0.0008081844028780188
leaf_weight=101.32569042744581 3.0147340820403761 1.1905946871265767 2.7435291236033663 1.1596207949332884 1.4636020110920069 1.7120477929711342 5.5012509087100643 2.9267603931948534 3.2571357308188453 1.1173253682209172 2.8691020235419273 3.6281162567902356 1.5731589491479088 1.5713357748463748
leaf_count=1124 72 20 66 16 13 23 57 29 42 21 44 38 18 23
internal_value=0.00243237 0.015729 0.0261505 0.00167991 -0.0154784 4.74627e-06 0.00231311 0.00907183 -0.0150638 0.0194362 0.00359419 0.0286661 0.000910483 -0.0227691
internal_weight=135.054 6.94886 5.75826 128.105 4.33527 2.87167 123.77 20.871 6.1839 14.6871 5.55776 9.12937 102.899 2.68866
internal_count=1606 158 138 1448 52 39 1396 254 71 183 88 95 1142 44
is_linear=0
shrinkage=0.05


Tree=240
num_leaves=15
num_cat=0
split_feature=22 1 6 30 1 28 1 2 30 1 2 6 10 3
split_gain=1.39322 1.64356 2.18726 1.65653 2.38152 0.966111 1.06735 2.12275 1.43018 0.919806 1.44822 2.84042 2.21748 1.48916
threshold=1.5000000000000002 6.5000000000000009 2.5000000000000004 0.84759080068664439 11.500000000000002 1.5833333333333337 5.5000000000000009 1.5833333333333337 0.45220861134162554 8.5000000000000018 2.5833333333333335 1.5000000000000002 1.5000000000000002 2.5000000000000004
decision_type=2 2 2 2 2 2 2 2 2 2 2 2 2 2
left_child=9 2 5 -3 -5 -2 7 -7 -8 10 -1 12 -12 -13
right_child=1 3 -4 4 -6 6 8 -9 -10 -11 11 13 -14 -15
leaf_value=-0.0054546612207579835 -0.011472393329606548 0.0040791929840255552 0.047964481240770053 -0.074550306825989593 0.0041470891250814179 0.034708930465262265 -0.007401580332028819 -0.030617192533900668 0.041310538094069787 -0.029302023254992857 -0.056410101249217338 0.038197849180187003 0.0065238512832853481 -0.0036718138503760295
leaf_weight=69.481872140313499 4.1504209700506243 21.430583378765736 4.5875742174684992 1.6515471423044794 1.9855377163039518 2.0996750383637828 1.9382526082918046 2.7494816584512591 5.3149664381053299 3.2005803257052312 2.0983009170740869 7.5607224011328054 3.6483341527637094 2.7706682584248483
leaf_count=677 38 351 46 15 67 30 17 25 48 77 38 96 51 28
internal_value=0.000303908 0.0073832 0.0177308 -0.00115633 -0.0319579 0.00880287 0.015998 -0.0016962 0.0280297 -0.00333365 -0.00229998 0.011128 -0.0165998 0.026802
internal_weight=134.669 45.908 20.8404 25.0677 3.63708 16.2528 12.1024 4.84916 7.25322 88.7605 85.5599 16.078 5.74664 10.3314
internal_count=1604 637 204 433 82 158 120 55 65 967 890 213 89 124
is_linear=0
shrinkage=0.05


Tree=241
num_leaves=15
num_cat=0
split_feature=22 1 6 30 1 28 7 1 2 6 10 3 30 5
split_gain=1.26299 1.49988 1.97423 1.51197 2.21144 0.882618 0.975101 0.847752 1.31128 2.59356 2.04553 1.37657 0.795537 0.770272
threshold=1.5000000000000002 6.5000000000000009 2.5000000000000004 0.84759080068664439 11.500000000000002 1.5833333333333337 1.5000000000000002 8.5000000000000018 2.5833333333333335 1.5000000000000002 1.5000000000000002 2.5000000000000004 0.48570226039551589 1.5000000000000002
decision_type=2 2 2 2 2 2 2 2 2 2 2 2 2 2
left_child=7 2 5 -3 -5 -2 13 8 -1 10 -10 -11 -9 -7
right_child=1 3 -4 4 -6 6 -8 12 9 11 -12 -13 -14 -15
leaf_value=-0.0051795742657379708 -0.010928673984196693 0.0038788265056469134 0.045715069303461281 -0.072168704262605382 0.0039506977083890241 -0.0065298980167280132 0.033678213138035935 -0.0052661229044583813 -0.054491954600707264 0.03680659049718546 0.0062134239149274507 -0.0034953904468289772 -0.057329913819391023 0.027311115883804079
leaf_weight=69.517808513337513 4.1442040125839474 21.416273546346932 4.5778198651969424 1.624734770972281 1.9850130490958688 5.1841365937143546 4.4634003124665469 1.8727208214113482 2.0678675911622113 7.4605637064669263 3.6441832450218499 2.7700515792239457 1.2809611058619337 2.3319210410118103
leaf_count=677 38 351 46 15 67 48 47 35 38 96 51 28 42 25
internal_value=0.000286498 0.00704353 0.016973 -0.0011055 -0.0306583 0.00842703 0.015365 -0.00317616 -0.00218806 0.0106516 -0.0158923 0.0257242 -0.0282938 0.00386205
internal_weight=134.342 45.7275 20.7015 25.026 3.60975 16.1237 11.9795 88.6142 85.4605 15.9427 5.71205 10.2306 3.15368 7.51606
internal_count=1604 637 204 433 82 158 120 967 890 213 89 124 77 73
is_linear=0
shrinkage=0.05


Tree=242
num_leaves=15
num_cat=0
split_feature=31 23 4 4 7 24 13 1 24 1 2 4 1 11
split_gain=0.874986 1.46371 1.55547 2.55433 1.99461 1.81584 1.31134 1.2944 1.22756 1.05754 1.01875 2.06936 6.56569 2.08563
threshold=1.0000000180025095e-35 1.0000000180025095e-35 1.5000000000000002 2.5000000000000004 1.5000000000000002 1.0000000180025095e-35 1.5000000000000002 5.5000000000000009 1.5000000000000002 9.5000000000000018 2.2916666666666674 2.5000000000000004 5.5000000000000009 1.0000000180025095e-35
decision_type=2 2 2 2 2 2 2 2 2 2 2 2 2 2
left_child=10 2 7 4 -4 -5 -6 8 -2 -8 11 -1 -13 -14
right_child=1 -3 3 5 6 -7 9 -9 -10 -11 -12 12 13 -15
leaf_value=-0.0063677744544004397 -0.0010357048448367281 -0.027184056611917157 0.0045666158095209707 0.026994069009840516 0.050387906718237077 -0.0021022440884399 -0.037459428876890202 0.021291319234912249 -0.058140944091405626 0.043094467115126843 -0.011141775510223141 -0.015808758843416874 0.015502235504314453 0.076804573383744773
leaf_weight=27.979294297751039 1.7668252009898417 3.3484224545827592 6.4419942104723296 6.1884363321587434 7.2107686048839224 35.73657261277549 0.81231788371223934 1.3105611820938063 2.1753803063184023 0.63429333048406988 27.306792624411173 6.8751088543795031 2.4064776264131069 3.8638421520590782
leaf_count=297 26 113 82 71 105 351 17 67 18 25 353 40 21 18
internal_value=0.000268806 0.00440766 0.00618717 0.00862384 0.0261996 0.00218711 0.0417754 -0.0194654 -0.0338247 -1.99967e-05 -0.0036645 0.00125475 0.0175932 0.0542826
internal_weight=134.057 65.6256 62.2771 57.0244 15.0994 41.925 8.65738 5.25277 3.94221 1.44661 68.4315 41.1247 13.1454 6.27032
internal_count=1604 875 762 651 229 422 147 111 44 42 729 376 79 39
is_linear=0
shrinkage=0.05


Tree=243
num_leaves=15
num_cat=0
split_feature=31 23 4 4 24 9 28 30 24 9 28 24 24 1
split_gain=0.791511 1.33715 1.4115 2.35684 1.66184 1.22199 0.975565 1.20678 0.920253 0.883429 0.872028 1.90533 0.902458 3.25125
threshold=1.0000000180025095e-35 1.0000000180025095e-35 1.5000000000000002 2.5000000000000004 1.0000000180025095e-35 1.5000000000000002 2.7083333333333335 0.8228263892582881 1.5000000000000002 2.5000000000000004 2.2916666666666674 1.5000000000000002 1.5000000000000002 6.5000000000000009
decision_type=2 2 2 2 2 2 2 2 2 2 2 2 2 2
left_child=-1 2 5 -4 9 8 7 -6 -2 -5 12 -12 -9 -14
right_child=1 -3 3 4 6 -7 -8 10 -10 -11 11 -13 13 -15
leaf_value=-0.0034741152498140118 -0.0074962659266982591 -0.026137591766832127 0.02527220951129432 0.036137177491559036 -0.012063113504340993 0.010769628261621381 0.035139768239343706 -0.010010563048932294 -0.062660773431133979 -0.0074293735057462812 0.014904412960702379 -0.059224374216182922 -0.01618593652938978 0.046208024911905447
leaf_weight=68.47933000404737 1.593854388687759 3.3132798024744252 14.894496533903292 4.7401266365777692 19.467312510823831 2.0219489883165807 1.5734916967339803 2.8414823648054126 1.643979883752763 1.3753995767328886 2.0091403846163294 1.3442702456377449 3.3071836978197098 5.1880489689065143
leaf_count=729 29 113 229 58 183 62 16 37 20 13 39 11 17 48
internal_value=0.0002593 0.00421119 0.00591275 0.00824775 0.0020828 -0.0184941 -0.00199775 -0.00387908 -0.0372927 0.0259748 0.00680558 -0.0149419 0.0135315 0.0217216
internal_weight=133.793 65.314 62.0007 56.741 41.8465 5.25978 35.7309 34.1574 3.23783 6.11553 14.6901 3.35341 11.3367 8.49523
internal_count=1604 875 762 651 422 111 351 335 49 71 152 50 102 65
is_linear=0
shrinkage=0.05


Tree=244
num_leaves=15
num_cat=0
split_feature=22 24 31 9 6 4 10 6 9 1 1 10 30 4
split_gain=1.02144 1.42391 1.0983 1.0616 1.56428 2.10003 1.77842 1.14142 0.992328 0.789097 1.06314 2.2227 0.786792 0.650659
threshold=1.5000000000000002 1.0000000180025095e-35 1.0000000180025095e-35 1.5000000000000002 1.5000000000000002 3.5000000000000004 1.5000000000000002 1.5000000000000002 2.5000000000000004 8.5000000000000018 7.5000000000000009 1.5000000000000002 0.48570226039551589 1.5000000000000002
decision_type=2 2 2 2 2 2 2 2 2 2 2 2 2 2
left_child=9 2 -2 7 5 6 -5 -3 -4 10 -1 -12 -11 -6
right_child=1 3 8 4 13 -7 -8 -9 -10 12 11 -13 -14 -15
leaf_value=-0.0038997491825112961 -0.020008611566626498 0.05979474325831672 0.031262402206622124 0.053650089424464947 0.0491325608555662 -0.034751869643694741 -0.022813713756115444 0.016344174561302927 -0.013167999365842837 -0.0045730922706503415 -0.051356122613495828 0.023078633467718827 -0.056783767620375125 0.011185748154754923
leaf_weight=75.843492236657767 7.4846313926391286 1.8983911906834681 2.5491565074771643 1.5802033534273534 1.1997886357130472 4.4147612767992541 1.2556195863871833 8.2063231638167036 2.216578651452437 1.8654736144817428 1.0299035921925668 8.1509557282552105 1.2376603811862876 14.574943072395397
leaf_count=759 84 39 47 25 37 59 27 113 21 35 17 114 42 185
internal_value=0.000242716 0.00634651 -0.00805188 0.011754 0.00563591 -0.0132887 0.0193187 0.0252583 0.0102378 -0.00287567 -0.00192386 0.0139958 -0.0273 0.0145207
internal_weight=133.508 45.3804 12.2504 33.13 23.0253 7.25058 2.83582 10.1047 4.76574 88.1275 85.0244 9.18086 3.10313 15.7747
internal_count=1604 637 152 485 333 111 52 152 68 967 890 131 77 222
is_linear=0
shrinkage=0.05


Tree=245
num_leaves=15
num_cat=0
split_feature=30 7 4 4 7 11 11 3 12 1 5 1 22 30
split_gain=0.978235 1.10466 1.20477 0.992657 0.515996 3.27012 0.936439 0.808493 1.51733 1.21789 1.198 1.36553 0.61885 2.36161
threshold=0.9714045207910319 2.5000000000000004 3.5000000000000004 3.5000000000000004 2.5000000000000004 2.5000000000000004 2.5000000000000004 2.5000000000000004 1.5000000000000002 5.5000000000000009 1.0000000180025095e-35 5.5000000000000009 1.5000000000000002 0.48570226039551589
decision_type=2 2 2 2 2 2 2 2 2 2 2 2 2 2
left_child=4 3 -3 -2 6 7 12 8 10 -9 11 -6 -1 -14
right_child=1 2 -4 -5 5 -7 -8 9 -10 -11 -12 -13 13 -15
leaf_value=0.00074259900035793637 -0.046830901704750627 0.048234572128443981 -0.030175652475073686 -0.0058823254974468457 -0.021389102078480795 -0.063179904383010604 0.02644996653002234 0.0025364843981376776 -0.023042713707158172 0.046140800174598422 7.246663543659426e-05 0.04121702635640722 -0.019218130691915924 0.008489432850386008
leaf_weight=65.172215903032338 3.1544164618244377 1.0749242103192953 0.71461386809824023 3.0640886709443294 0.93687770236284418 1.4549620269972354 2.8738398681161916 3.130710164550691 3.523720585013506 3.5097389725851826 7.777973044780083 4.7990763271227479 18.490730434656147 12.892131138476541
leaf_count=588 57 22 20 30 29 21 42 23 75 103 119 112 199 147
internal_value=-0.000606442 -0.017443 0.0156602 -0.0274621 0.000469047 0.00686903 -0.00112886 0.0115261 0.00550356 0.0262966 0.0132451 0.0303716 -0.00200209 -0.0077656
internal_weight=132.57 8.00804 1.78954 6.21851 124.562 25.1331 99.4289 23.6781 17.0376 6.64045 13.5139 5.73595 96.5551 31.3829
internal_count=1587 129 42 87 1458 482 976 461 335 126 260 141 934 346
is_linear=0
shrinkage=0.05


Tree=246
num_leaves=15
num_cat=0
split_feature=30 7 2 4 2 3 9 28 0 28 5 24 4 32
split_gain=0.900162 1.0133 1.34206 1.12161 0.488375 1.33015 0.784147 1.32866 1.21599 0.588597 1.25585 1.81206 1.20652 2.28021
threshold=0.9714045207910319 2.5000000000000004 2.2916666666666674 3.5000000000000004 1.7083333333333337 2.5000000000000004 1.5000000000000002 2.2916666666666674 2.5000000000000004 1.4166666666666667 1.5000000000000002 1.5000000000000002 2.5000000000000004 1.0000000180025095e-35
decision_type=2 2 2 2 2 2 2 2 2 2 2 2 2 2
left_child=4 2 -2 -3 5 6 8 -8 -1 10 11 -6 13 -12
right_child=1 3 -4 -5 9 -7 7 -9 -10 -11 12 -13 -14 -15
leaf_value=0.0019830155382962221 -0.056693609260270998 0.046959659823771545 -0.0076143771461447607 -0.029291191194658311 0.0039718139101825234 0.036892956068053775 0.018273218410903579 -0.037520039984310458 -0.023151280404036603 -0.00056843791959482659 0.047053817591273105 -0.051444191267668221 0.027794348030687168 -0.035810709148896475
leaf_weight=7.7020841538906177 2.2332326548639676 1.0522016652394084 3.9114988105138764 0.70270976208848868 16.95160887925886 1.6272984454408277 5.1216166382655492 1.2261991272680459 11.945427945815027 64.602564922242891 1.1815535970963531 1.5134288179688145 10.15621483128052 2.225950684864074
leaf_count=68 41 22 46 20 205 22 65 13 104 811 28 20 93 29
internal_value=-0.00057636 -0.016842 -0.0264742 0.0151461 0.000450361 -0.00537516 -0.00824817 0.00669323 -0.0132116 0.0021453 0.0076815 -0.00068816 0.0191802 -0.00584232
internal_weight=132.154 7.89964 6.14473 1.75491 124.254 27.6226 25.9953 6.34782 19.6475 96.6313 32.0288 18.465 13.5637 3.4075
internal_count=1587 129 87 42 1458 272 250 78 172 1186 375 225 150 57
is_linear=0
shrinkage=0.05


Tree=247
num_leaves=15
num_cat=0
split_feature=30 7 2 4 7 24 4 2 28 10 30 1 2 2
split_gain=0.829533 0.930772 1.29642 1.04395 0.465349 1.07822 2.03946 1.37715 1.45697 1.25238 0.975992 0.824574 0.640025 1.00329
threshold=0.9714045207910319 2.5000000000000004 2.2916666666666674 3.5000000000000004 2.5000000000000004 1.0000000180025095e-35 3.5000000000000004 2.5833333333333335 1.5833333333333337 2.5000000000000004 0.60355339059327384 6.5000000000000009 2.8750000000000004 2.4166666666666674
decision_type=2 2 2 2 2 2 2 2 2 2 2 2 2 2
left_child=4 2 -2 -3 12 9 7 8 -7 -6 -8 -10 13 -1
right_child=1 3 -4 -5 5 6 10 -9 11 -11 -12 -13 -14 -15
leaf_value=-0.002413290651335151 -0.05599044709607022 0.045703734998723718 -0.0072329932770382414 -0.028418441867899581 0.0034401932905222007 0.055535930895454888 0.011411313907580265 0.050381065600445252 0.028777171919461289 -0.038189764403957813 -0.034537469499030776 -0.012340859868345551 -0.016149723672440983 0.011232878089611101
leaf_weight=76.502478813781636 2.1515462369425213 1.030370151158422 3.9169866570155136 0.69143863464705635 7.4343300983309746 1.4338127626106123 1.9796279442671227 3.8548761509591714 1.666124509880319 2.2488077585585415 2.3859938807145227 3.8322038827463984 6.4816279038786879 16.242886252584867
leaf_count=700 41 22 46 20 89 40 28 133 46 25 59 62 97 179
internal_value=-0.000551004 -0.0162793 -0.0255523 0.0146397 0.000428812 0.00654964 0.0148893 0.0265665 0.0124399 -0.00626393 -0.0133528 0 -0.00108307 0
internal_weight=131.853 7.79034 6.06853 1.72181 124.063 24.8358 15.1526 10.787 6.93214 9.68314 4.36562 5.49833 99.227 92.7454
internal_count=1587 129 87 42 1458 482 368 281 148 114 87 108 976 879
is_linear=0
shrinkage=0.05


Tree=248
num_leaves=15
num_cat=0
split_feature=4 28 28 1 2 28 2 5 4 10 1 31 21 21
split_gain=0.568715 0.836636 0.802446 0.821405 0.637748 0.642256 1.62114 1.06873 1.65049 1.29775 2.13623 1.8703 1.15573 0.869082
threshold=4.5000000000000009 2.2083333333333335 2.4166666666666674 10.500000000000002 1.7083333333333337 1.4166666666666667 2.5833333333333335 1.5000000000000002 2.5000000000000004 1.5000000000000002 4.5000000000000009 1.0000000180025095e-35 2.5000000000000004 3.5000000000000004
decision_type=2 2 2 2 2 2 2 2 2 2 2 2 2 2
left_child=4 -2 3 -3 -1 6 7 8 13 10 -9 -11 -10 -6
right_child=1 2 -4 -5 5 -7 -8 9 12 11 -12 -13 -14 -15
leaf_value=-0.0062562190927914936 -0.02591380556035934 0.058444481793831909 -0.017916055974485215 -0.0063391284350449474 0.025376151140870919 -0.00055700571912830341 0.037098958768738963 0 0.0017256723358837281 -0.027529420525567606 0.054218671579810529 0.038765989999167513 -0.035636941061992965 -0.0097888151920977069
leaf_weight=28.128996983752586 5.0082874833606166 0.94503116048872493 1.6496906531392594 0.77015153912361711 4.5475312846247169 63.545842407096643 4.1080282260663799 3.623040830716489 3.3216904606670123 3.1371793034486473 3.6683371979743242 1.4719996079802511 4.8701062351465225 2.629484873265028
leaf_count=294 82 10 24 28 87 785 87 24 19 26 39 26 35 21
internal_value=-0.000523525 -0.0130603 0.00554501 0.0292314 0.000319163 0.00229852 0.00814437 0.00357151 -0.00500986 0.0148115 0.0278601 -0.00545266 -0.0203472 0.0121915
internal_weight=131.425 8.37316 3.36487 1.71518 123.052 94.9232 31.3774 27.2694 15.3688 11.9006 7.29138 4.60918 8.1918 7.17702
internal_count=1587 144 62 38 1443 1149 364 277 162 115 63 52 54 108
is_linear=0
shrinkage=0.05


Tree=249
num_leaves=15
num_cat=0
split_feature=30 7 4 4 7 11 11 4 11 5 30 31 30 22
split_gain=0.717771 0.841968 0.956029 0.925465 0.386742 2.89719 0.862221 0.652128 1.57232 1.02009 0.932945 0.827255 0.584028 1.80281
threshold=0.9714045207910319 2.5000000000000004 3.5000000000000004 3.5000000000000004 2.5000000000000004 2.5000000000000004 2.5000000000000004 3.5000000000000004 1.0000000180025095e-35 1.5000000000000002 0.60355339059327384 1.0000000180025095e-35 0.48570226039551589 1.5000000000000002
decision_type=2 2 2 2 2 2 2 2 2 2 2 2 2 2
left_child=4 3 -3 -2 6 7 12 8 9 11 -9 -6 13 -1
right_child=1 2 -4 -5 5 -7 -8 10 -10 -11 -12 -13 -14 -15
leaf_value=0.00089702500338970841 -0.043917084330683309 0.044480521969056219 -0.027094461317088082 -0.0038673413968672065 0.0041732865278387762 -0.061443148479042989 0.025741807275731443 0.015616621800294821 0.035901000355275492 0.027833538555060031 -0.027243802862104361 -0.030226879904405719 0.0031560009004578111 -0.017820205926556049
leaf_weight=41.381965136388317 2.90791228681337 1.0096912549342958 0.67520000488730136 3.1025543911382556 6.9537471150979488 1.3863126966753032 2.8227986849378786 2.406935383216477 5.8765051075024521 3.3058078527683383 2.4170040194294415 2.1949046027148142 36.365632652246859 18.417050718795508
leaf_count=379 57 22 20 30 91 21 42 34 133 98 59 46 356 199
internal_value=-0.000494126 -0.0152178 0.014486 -0.0240545 0.000414446 0.00603384 -0.00095818 0.0104281 0.0147539 0.00437018 -0.00546776 -0.00404713 -0.00179382 -0.00484594
internal_weight=131.224 7.69536 1.68489 6.01047 123.529 24.5412 98.9874 23.1549 18.331 12.4545 4.82394 9.14865 96.1646 59.799
internal_count=1587 129 42 87 1458 482 976 461 368 235 93 137 934 578
is_linear=0
shrinkage=0.05


Tree=250
num_leaves=15
num_cat=0
split_feature=11 31 28 7 1 6 28 1 24 10 30 1 1 1
split_gain=0.658899 0.587194 0.607302 0.646522 0.568502 1.14921 1.02294 1.14465 1.23453 0.95005 1.62688 3.14239 1.59375 1.52136
threshold=1.0000000180025095e-35 1.5000000000000002 2.5833333333333335 2.5000000000000004 5.5000000000000009 2.5000000000000004 1.4166666666666667 6.5000000000000009 1.5000000000000002 1.5000000000000002 0.48570226039551589 6.5000000000000009 8.5000000000000018 9.5000000000000018
decision_type=2 2 2 2 2 2 2 2 2 2 2 2 2 2
left_child=1 2 -1 -4 5 -2 7 -6 -9 -8 13 -12 -13 -11
right_child=4 -3 3 -5 6 -7 9 8 -10 10 11 12 -14 -15
leaf_value=0.0047305212946875778 -0.0031433357624239947 0.036889334413503692 -0.028072835944986392 0.013435820001863347 0.02353032698198345 -0.035453998145692209 -0.021929793442670972 0.010159275729170761 -0.037272880212899581 -0.019421649035480812 -0.022648496043651226 0.048726158353089473 0 0.031424318304881627
leaf_weight=64.422157061751932 11.362889427226035 1.2649712923448522 2.8185073179774909 1.217168708797544 7.9093309848103655 3.6360380233672904 6.5571519947552614 4.0680376490636263 1.9220102247782049 11.150813392014244 3.8490813877433521 4.8697255144943483 2.5219994722283445 1.5681234304793168
leaf_count=842 98 36 38 25 58 38 68 62 14 111 27 63 79 29
internal_value=0.000899417 0.00420841 0.00351513 -0.0149271 -0.00294217 -0.0113246 -3.62722e-05 0.0111034 -0.00501177 -0.00521134 -0.000459897 0.0132288 0.0322977 -0.0127616
internal_weight=129.138 69.7228 68.4578 4.03568 59.4152 14.9989 44.4163 13.8994 5.99005 30.5169 23.9597 11.2408 7.39172 12.7189
internal_count=1588 941 905 63 647 136 511 134 76 377 309 169 142 140
is_linear=0
shrinkage=0.05


Tree=251
num_leaves=15
num_cat=0
split_feature=2 3 7 2 22 3 31 13 9 1 6 32 1 2
split_gain=0.807252 1.49414 1.29227 1.00589 1.70198 1.07841 0.911766 2.00149 0.90359 1.26395 0.996671 0.856308 0.749066 0.719293
threshold=2.8750000000000004 1.5000000000000002 2.5000000000000004 1.7083333333333337 1.0000000180025095e-35 2.5000000000000004 1.0000000180025095e-35 3.5000000000000004 1.5000000000000002 3.5000000000000004 1.5000000000000002 1.0000000180025095e-35 4.5000000000000009 3.4166666666666674
decision_type=2 2 2 2 2 2 2 2 2 2 2 2 2 2
left_child=3 13 6 5 -5 8 11 -8 9 -1 -10 -3 -12 -2
right_child=1 2 -4 4 -6 -7 7 -9 10 -11 12 -13 -14 -15
leaf_value=0.00029540306433664535 -0.040327637492141216 -0.00071244769493668551 0.020262288618460318 0.050806840379824858 0.0039765853494551978 0.027761193947863156 0.038192752249327659 -0.049321300547791186 0.039012876798718954 -0.025141954329324652 0.016192431722426643 -0.053309133219235541 -0.024028533171615643 0
leaf_weight=8.3687911896267995 4.1902550328522947 1.4644640627666361 4.9483395452843979 1.9001264870748844 82.76699387433473 2.0708152507431796 1.7573558164294811 0.89821643382310856 1.7128523136489082 11.007594899274407 2.0648542130365968 1.8230555574991738 2.3263301954139024 1.6011840116698293
leaf_count=79 67 12 140 44 932 31 30 18 20 101 30 23 31 30
internal_value=0.000855119 -0.00934367 0.00139782 0.00240054 0.00511575 -0.00584143 -0.0139708 0.00696922 -0.00876793 -0.0140819 0.00765271 -0.03133 -0.00461947 -0.0296494
internal_weight=128.901 16.6829 10.8914 112.218 84.6671 27.5512 5.94309 2.65557 25.4804 19.3764 6.10404 3.28752 4.39118 5.79144
internal_count=1588 320 223 1268 976 292 83 48 261 180 81 35 61 97
is_linear=0
shrinkage=0.05


Tree=252
num_leaves=15
num_cat=0
split_feature=2 28 11 3 3 10 7 10 7 5 4 30 1 13
split_gain=0.740759 1.4236 0.912173 0.78675 1.06012 1.28394 0.925231 0.750846 1.05731 1.09314 0.692625 1.58743 1.02202 0.992763
threshold=2.8750000000000004 1.7083333333333337 1.0000000180025095e-35 1.5000000000000002 2.5000000000000004 4.5000000000000009 3.5000000000000004 2.5000000000000004 2.5000000000000004 2.5000000000000004 3.5000000000000004 0.45220861134162554 7.5000000000000009 2.5000000000000004
decision_type=2 2 2 2 2 2 2 2 2 2 2 2 2 2
left_child=2 -2 7 -3 -5 6 -6 10 9 -9 12 -12 -1 -14
right_child=1 3 -4 4 5 -7 -8 8 -10 -11 11 -13 13 -15
leaf_value=0.0051098183829372109 -0.044925511803013365 -0.021438283242075661 -0.002343315590848691 0.020747561228413727 -0.031600888468661763 0.045453351556919673 0.02637777871115466 0.050364601501380779 -0.013852596289640865 -0.017973741782449825 -0.00029262555809472817 0.044386402949863679 -0.0305202520313025 0.020445212360043458
leaf_weight=40.24553607404232 2.2746739526628543 4.0033755722688502 54.064753030892462 5.0129183556709886 3.7878865464008413 0.7335337308468296 0.70929705630987872 3.0954203254077579 1.158500983729027 0.60197714529931534 4.5280055291950694 3.2962711669388227 3.9101013785693786 1.1159293558448551
leaf_count=442 42 67 535 87 63 23 38 99 16 7 28 57 67 17
internal_value=0.00081457 -0.00900622 0.00229211 -0.00282394 0.00434608 -0.0109978 -0.0215378 0.00665628 0.0254011 0.0383997 0.00485043 0.0185372 0.00239421 -0.0185386
internal_weight=128.538 16.5217 112.016 14.247 10.2436 5.23072 4.49718 57.9517 4.8559 3.6974 53.0958 7.82428 45.2716 5.02603
internal_count=1588 320 1268 278 211 124 101 733 122 106 611 85 526 84
is_linear=0
shrinkage=0.05


Tree=253
num_leaves=15
num_cat=0
split_feature=2 28 2 22 3 9 10 1 10 3 5 3 3 10
split_gain=0.673792 1.33374 0.899371 1.57408 0.982252 0.835568 1.84869 1.13304 1.08883 0.820748 0.748438 0.713863 0.960863 1.19772
threshold=2.8750000000000004 1.7083333333333337 1.7083333333333337 1.0000000180025095e-35 2.5000000000000004 1.5000000000000002 1.5000000000000002 3.5000000000000004 1.5000000000000002 1.5000000000000002 1.0000000180025095e-35 1.5000000000000002 2.5000000000000004 4.5000000000000009
decision_type=2 2 2 2 2 2 2 2 2 2 2 2 2 2
left_child=2 -2 4 -4 5 7 -7 -1 10 -10 -9 -3 -13 -14
right_child=1 11 3 -5 -6 6 -8 8 9 -11 -12 12 13 -15
leaf_value=2.8598251682681128e-05 -0.043891977477601554 -0.020366443008404567 0.049116638885826763 0.0036637006118266481 0.026458243082186628 0.033686998807032485 -0.020560765576766449 -0.018422046124267403 0.017925764369164592 -0.024261082610273932 -0.054465190003855163 0.019845147161506638 -0.020712854524647051 0.044945935495692049
leaf_weight=8.3551013327669441 2.2156930876662981 4.008490059641189 1.86284990722197 82.554593619250227 2.0652873697690657 3.155189197161234 2.8941544385452289 3.350509543437509 2.0511511196382344 2.3343496597371995 3.1853088138159364 4.9841281788831093 4.4379799762973562 0.70653899735771108
leaf_count=79 42 67 44 932 31 47 34 27 23 24 27 87 101 23
internal_value=0.000777269 -0.00864072 0.00218355 0.00475322 -0.00563356 -0.0084427 0.00741469 -0.0135607 -0.0240896 -0.00401269 -0.0369209 -0.00267076 0.00421868 -0.0105336
internal_weight=128.161 16.3528 111.808 84.4174 27.3911 25.3258 6.04934 19.2764 10.9213 4.3855 6.53582 14.1371 10.1286 5.14452
internal_count=1588 320 1268 976 292 261 81 180 101 47 54 278 211 124
is_linear=0
shrinkage=0.05


Tree=254
num_leaves=15
num_cat=0
split_feature=2 28 2 22 3 9 10 1 10 3 5 2 30 22
split_gain=0.613007 1.24897 0.815536 1.45741 0.894355 0.760406 1.68951 1.04372 1.00788 0.748374 0.710265 0.674 0.806397 0.74546
threshold=2.8750000000000004 1.7083333333333337 1.7083333333333337 1.0000000180025095e-35 2.5000000000000004 1.5000000000000002 1.5000000000000002 3.5000000000000004 1.5000000000000002 1.5000000000000002 1.0000000180025095e-35 3.1250000000000004 0.48570226039551589 2.5000000000000004
decision_type=2 2 2 2 2 2 2 2 2 2 2 2 2 2
left_child=2 -2 4 -4 5 7 -7 -1 10 -10 -9 -3 -13 -14
right_child=1 11 3 -5 -6 6 -8 8 9 -11 -12 12 13 -15
leaf_value=2.7185412703837405e-05 -0.042865742886285585 -0.012656423239833868 0.047569130047286086 0.0034823848099020897 0.025250747869136916 0.032400717440739669 -0.019605418114845865 -0.0176095148843213 0.01707134362534422 -0.023272842232940013 -0.052952279250750967 0.030506532070757271 -0.022304862600414078 0.021094213354573392
leaf_weight=8.3550287636462688 2.1591474851593402 7.6217365751508606 1.8313474613532879 82.516486301028635 2.0607494763098648 3.1212783623486748 2.8884472890349571 3.3348748497664911 2.0511266579851508 2.3165112980641425 3.1171090181451291 2.5488743360619992 2.3846643542638049 1.5116375975776466
leaf_count=79 42 121 44 932 31 47 34 27 23 24 27 57 52 48
internal_value=0.000739574 -0.00828035 0.00207973 0.00452439 -0.00538611 -0.00808184 0.00708411 -0.012977 -0.0231561 -0.00380883 -0.0356136 -0.00253022 0.00907296 -0.00473535
internal_weight=127.819 16.2261 111.593 84.3478 27.2451 25.1844 6.00973 19.1747 10.8196 4.36764 6.45198 14.0669 6.44518 3.8963
internal_count=1588 320 1268 976 292 261 81 180 101 47 54 278 157 100
is_linear=0
shrinkage=0.05


Tree=255
num_leaves=15
num_cat=0
split_feature=33 7 32 3 6 1 1 30 7 1 5 1 6 9
split_gain=0.959555 1.00893 1.1516 1.05317 1.3633 1.2725 0.94531 0.753195 0.473835 1.20445 1.25854 1.75121 0.714337 0.844641
threshold=1.5000000000000002 1.5000000000000002 1.0000000180025095e-35 1.5000000000000002 1.5000000000000002 3.5000000000000004 5.5000000000000009 0.88177643582009468 1.5000000000000002 4.5000000000000009 1.0000000180025095e-35 5.5000000000000009 1.5000000000000002 2.5000000000000004
decision_type=2 2 2 2 2 2 2 2 2 2 2 2 2 2
left_child=1 3 6 4 -1 -5 -3 8 9 -2 11 -11 -13 -14
right_child=7 2 -4 5 -6 -7 -8 -9 -10 10 -12 12 13 -15
leaf_value=-0.011476177068088596 0.029386663373115619 0.037645399487967579 -0.029423826662676941 -0.016047336264319367 -0.046267946001830214 0.030060878677813187 -0.02149541674379787 0.0097215176366953083 -0.0028450511164560609 -0.05583509240622845 0.010705561085426928 -0.021464655295536445 0.037571427237430954 -0.012201995528852995
leaf_weight=11.706636729650205 4.2272969735786345 2.9871415796224023 1.1741600478999314 3.2422766400268292 3.8029315792955449 2.5792971290647984 0.73592864209786046 23.287417565647047 58.491626557835843 1.9012968470342482 11.088979364372788 2.3553957445546985 1.6984392022714019 1.4470873172394931
leaf_count=70 42 71 19 30 37 27 10 295 804 21 118 26 30 10
internal_value=-0.000317607 -0.00886538 0.0111577 -0.0136096 -0.020409 0.00412177 0.0250448 0.00181036 -0.000436618 0.00563993 0 -0.0157626 -0.000716283 0.0142326
internal_weight=130.726 26.2284 4.89723 21.3311 15.5096 5.82157 3.72307 104.498 81.2101 22.7185 18.4912 7.40222 5.50092 3.14553
internal_count=1610 264 100 164 107 57 81 1346 1051 247 205 87 66 40
is_linear=0
shrinkage=0.05


Tree=256
num_leaves=15
num_cat=0
split_feature=33 30 2 28 28 2 1 4 2 30 28 1 28 29
split_gain=0.870343 0.680542 1.03448 0.831766 1.00597 0.969074 0.965001 0.915914 0.81771 0.640512 0.996387 2.04372 0.614989 0.92413
threshold=1.5000000000000002 0.88177643582009468 1.4166666666666667 2.5833333333333335 2.2083333333333335 2.2916666666666674 5.5000000000000009 2.5000000000000004 1.5833333333333337 0.9714045207910319 1.8750000000000002 3.5000000000000004 1.4166666666666667 2.5000000000000004
decision_type=2 2 2 2 2 2 2 2 2 2 2 2 2 2
left_child=9 8 -3 4 5 6 -4 -6 12 10 -1 -12 -2 -14
right_child=1 2 3 -5 7 -7 -8 -9 -10 -11 11 -13 13 -15
leaf_value=-0.010803881104847264 -0.006517404694781132 -0.030145225847704727 0.024212412882485639 0.050770941239045901 0.019938085391500271 0.029995518757977124 -0.0082632290621744015 -0.025444434411061936 -0.0017262802501997023 -0.025571928231464133 -0.014706659498425038 0.046548792217826894 0.05947114808404317 0.0059657353011705353
leaf_weight=16.482055824715651 1.4424220360815514 1.4305232055485273 3.692837595008319 1.2381927169917606 1.5221321081044141 6.6207400240236884 5.5370387819129974 3.2385569359175861 76.217254026501905 4.4857278902782118 2.7590867932885876 2.4512095975223929 1.4663361711427572 1.9620555201545355
leaf_count=142 8 11 38 26 20 93 56 51 999 66 22 34 25 19
internal_value=-0.000306238 0.00172014 0.00924052 0.0120587 0.00937846 0.0154756 0.00458244 -0.0103083 -0.00041686 -0.00845603 -0.00470084 0.0139744 0.0191922 0.0305957
internal_weight=130.546 104.368 23.28 21.8495 20.6113 15.8506 9.22988 4.76069 81.0881 26.1781 21.6924 5.2103 4.87081 3.42839
internal_count=1610 1346 295 284 258 187 94 71 1051 264 198 56 52 44
is_linear=0
shrinkage=0.05


Tree=257
num_leaves=15
num_cat=0
split_feature=22 24 6 2 28 30 8 28 24 6 2 6 30 9
split_gain=0.735441 0.582697 2.0039 2.04267 1.82651 1.63467 2.24578 2.9959 1.24834 0.964272 0.803694 3.78743 3.20705 1.22774
threshold=1.0000000180025095e-35 1.5000000000000002 2.5000000000000004 2.2916666666666674 2.2916666666666674 1.0000000180025095e-35 1.5000000000000002 1.4166666666666667 1.0000000180025095e-35 1.5000000000000002 2.2916666666666674 2.5000000000000004 0.92016825471890717 1.5000000000000002
decision_type=2 2 2 2 2 2 2 2 2 2 2 2 2 2
left_child=-1 2 5 8 -5 -2 7 -7 -4 -8 11 13 -12 -3
right_child=1 10 3 4 -6 6 9 -9 -10 -11 12 -13 -14 -15
leaf_value=-0.015632788206500294 0.0039755576691440841 0.0020775181262164045 -0.0066494317611658048 -0.026932152571051395 0.023791807787679382 0.0038105144862990142 0.046205724303466957 -0.029031029341550871 0.046764095763532396 0.0017920108401810659 0.00098903390582712018 -0.028855174628833375 0.045060466753724243 0.030085886959282389
leaf_weight=7.2773977607430416 24.559237311943434 11.408686144277455 1.2600148676428924 3.7091778251342475 3.2024704499635845 10.209078053012492 1.6407158114016045 20.679820398101583 5.0520319137722254 4.5711269897874445 17.163223750947513 8.2503700950182992 5.3895671848440534 6.0469906670041373
leaf_count=144 267 92 19 39 55 119 59 231 54 62 264 70 61 74
internal_value=-0.00028554 0.000613105 -0.00212408 0.0154138 -0.00306884 -0.00594464 -0.0125717 -0.0181186 0.0357743 0.0144651 0.00490773 -0.0010503 0.0117838 0.0120387
internal_weight=130.42 123.143 74.8837 13.2237 6.91165 61.66 37.1007 30.8889 6.31205 6.21184 48.2588 25.706 22.5528 17.4557
internal_count=1610 1466 905 167 94 738 471 350 73 121 561 236 325 166
is_linear=0
shrinkage=0.05


Tree=258
num_leaves=15
num_cat=0
split_feature=33 7 32 2 6 3 6 2 30 2 2 32 28 28
split_gain=0.723363 0.886286 1.08862 0.85608 1.092 0.852644 1.15055 1.10661 0.562414 0.942172 0.746416 0.808026 0.742607 0.88628
threshold=1.5000000000000002 1.5000000000000002 1.0000000180025095e-35 2.8750000000000004 2.5000000000000004 1.5000000000000002 1.5000000000000002 1.8750000000000002 0.88177643582009468 1.4166666666666667 1.5833333333333337 1.0000000180025095e-35 2.5833333333333335 2.2083333333333335
decision_type=2 2 2 2 2 2 2 2 2 2 2 2 2 2
left_child=1 5 3 4 -3 6 -1 -7 10 -10 11 -2 13 -11
right_child=8 2 -4 -5 -6 7 -8 -9 9 12 -12 -13 -14 -15
leaf_value=-0.010072144752592545 0.045559687257815874 0.052736471258648637 -0.02789924114597897 -0.019265305089962673 -0.016765402690992068 -0.014676714130629107 -0.042130448618966157 0.028709588616294909 -0.029413260994958081 0.014344431213058529 -0.0015940667078105113 0.0023088206511901639 0.047817492798860911 -0.0099874019106692413
leaf_weight=11.806965623982256 1.6753411488607515 2.3065321682952344 1.1890257303602991 0.73448936361819495 0.6216153698042034 3.2365562434424637 3.7659349169116458 2.4947952544316649 1.406880023889246 15.731830303790053 76.082885581388837 3.1303123822435737 1.2327063175907813 4.6980055122403419
leaf_count=70 26 65 19 10 6 30 37 27 11 187 999 26 26 71
internal_value=-0.00026124 -0.00769359 0.0111628 0.0249126 0.03709 -0.0121367 -0.0182035 0.00394863 0.00159032 0.00846303 -0.000346943 0.0185179 0.0111616 0.00860596
internal_weight=130.114 26.1559 4.85166 3.66264 2.92815 21.3043 15.5729 5.73135 103.958 23.0694 80.8885 4.80565 21.6625 20.4298
internal_count=1610 264 100 81 71 164 107 57 1346 295 1051 52 284 258
is_linear=0
shrinkage=0.05


Tree=259
num_leaves=15
num_cat=0
split_feature=33 7 32 1 6 3 6 1 5 3 24 13 31 8
split_gain=0.658243 0.799647 1.00318 0.808376 1.04768 0.770431 1.05433 1.00754 0.535016 1.30259 1.48326 1.19427 1.09133 1.07346
threshold=1.5000000000000002 1.5000000000000002 1.0000000180025095e-35 5.5000000000000009 2.5000000000000004 1.5000000000000002 1.5000000000000002 3.5000000000000004 1.5000000000000002 1.5000000000000002 1.0000000180025095e-35 2.5000000000000004 1.0000000180025095e-35 1.5000000000000002
decision_type=2 2 2 2 2 2 2 2 2 2 2 2 2 2
left_child=1 5 3 4 -3 6 -1 -7 11 -10 12 -2 -11 -12
right_child=8 2 -4 -5 -6 7 -8 -9 9 10 13 -13 -14 -15
leaf_value=-0.0095451356177489333 -0.0035173214172560746 0.052369364729344371 -0.026344310074910456 -0.018489640805671986 -0.016132110226336146 -0.013960841749884169 -0.040300478414371371 0.027497687882116009 0.017947982701404262 -0.044935856175335444 0.0010975445913129695 0.042565153369662295 0.0072468730778202668 0.03404715049650206
leaf_weight=11.84054745547474 48.913458068826003 2.2097186325117946 1.2018095324747262 0.73131512105464924 0.61774342227727164 3.237493800406809 3.74517305381596 2.4793227515183389 14.169179433782118 2.8131252985913298 32.690823984798044 1.3422806851449411 1.3750118997413663 2.5944480085163368
leaf_count=70 613 65 19 10 6 30 37 27 186 22 310 63 23 129
internal_value=-0.000248195 -0.00735354 0.0107423 0.0243275 0.0365094 -0.0115456 -0.0173047 0.00375312 0.00151551 0.0049982 0.000253026 -0.00215477 -0.0274512 0.00368028
internal_weight=129.961 26.0631 4.76059 3.55878 2.82746 21.3025 15.5857 5.71682 103.898 53.6426 39.4734 50.2557 4.18814 35.2853
internal_count=1610 264 100 81 71 164 107 57 1346 670 484 676 45 439
is_linear=0
shrinkage=0.05


Tree=260
num_leaves=15
num_cat=0
split_feature=2 29 29 4 2 2 28 5 28 31 33 22 1 4
split_gain=3.17513 1.53013 1.21396 1.10434 2.0558 1.13305 1.33088 1.09145 1.0091 0.994439 0.961272 2.16837 1.68112 1.05383
threshold=1.8750000000000002 3.5000000000000004 3.5000000000000004 3.5000000000000004 2.2916666666666674 2.4166666666666674 2.4166666666666674 1.5000000000000002 1.5833333333333337 1.0000000180025095e-35 2.5000000000000004 1.5000000000000002 5.5000000000000009 4.5000000000000009
decision_type=2 2 2 2 2 2 2 2 2 2 2 2 2 2
left_child=1 -1 3 5 -5 -2 9 8 -6 -7 12 -12 -9 -13
right_child=2 -3 -4 4 7 6 -8 10 -10 -11 11 13 -14 -15
leaf_value=0.017850224492627336 -0.012671290793054775 -0.032906552964240221 0.017406415565718803 0.054258873302733192 0.0029821526955557892 -0.00012391106708160558 -0.019037590092771662 -0.015769039451727484 -0.034084636403494128 0.028770816701064079 -0.046422904580956326 0.04991147686552852 0.027156573905658357 -0.0093360343987221438
leaf_weight=25.180919059552256 53.316521558968816 1.4546081789885636 5.8024688984150989 1.7236188203096414 3.1868455917574492 7.326818257308334 5.0991644146852186 3.0540978629142028 3.8551046260981821 4.7272314671427011 2.29745101215667 1.2657856424339118 7.7810506544192322 1.4874296952621078
leaf_count=276 521 27 86 14 30 139 76 20 65 134 27 32 90 33
internal_value=-0.000428805 0.0148721 -0.00450245 -0.00588205 0.00314236 -0.00907432 0.00196969 -0.000810749 -0.0171531 0.0111455 0.00633916 -0.0112507 0.014795 0.0178213
internal_weight=127.559 26.6355 100.924 95.1211 24.6514 70.4697 17.1532 22.9278 7.04195 12.054 15.8858 5.05067 10.8351 2.75322
internal_count=1570 303 1267 1181 311 870 349 297 95 273 202 92 110 65
is_linear=0
shrinkage=0.05


Tree=261
num_leaves=15
num_cat=0
split_feature=2 29 29 4 2 2 5 10 29 10 30 33 11 3
split_gain=2.86841 1.3983 1.0969 0.996471 1.85643 1.01852 0.990186 1.25359 1.25475 1.15189 0.882142 0.869904 1.10432 0.861317
threshold=1.8750000000000002 3.5000000000000004 3.5000000000000004 3.5000000000000004 2.2916666666666674 2.4166666666666674 1.5000000000000002 1.5000000000000002 2.5000000000000004 3.5000000000000004 0.88177643582009468 2.5000000000000004 1.0000000180025095e-35 2.5000000000000004
decision_type=2 2 2 2 2 2 2 2 2 2 2 2 2 2
left_child=1 -1 3 5 -5 -2 7 8 -6 -9 13 -8 -13 -7
right_child=2 -3 -4 4 6 10 11 9 -10 -11 -12 12 -14 -15
leaf_value=0.016990540546197665 -0.012023513876101004 -0.031860597092260211 0.016522734384251257 0.051440051966164406 -0.0072192665458850327 0.0078573438511622285 0.014027730929745207 0.040321387848247438 -0.060475031590195509 -0.027879846390024599 0.047584776584820784 0.011663298112259295 -0.034253040519861222 -0.015851293311516752
leaf_weight=25.138443451840434 53.38317499862751 1.4311349818599399 5.8122524969512588 1.7324114916846181 2.6740576624870327 10.213991097523836 10.852888532448558 1.4157734233886006 1.9943907785345798 0.91782679897733022 0.89608675986528297 2.4930152876768252 2.4635730042646173 5.9754046000889494
leaf_count=276 521 27 86 14 14 200 110 31 27 23 46 67 25 103
internal_value=-0.000406358 0.0141559 -0.00427883 -0.00559365 0.00299841 -0.00862167 -0.000779811 -0.0163958 -0.0312859 0.0124265 0.00186996 0.00603899 -0.0108902 -0.000783482
internal_weight=127.394 26.5696 100.825 95.0126 24.5439 70.4687 22.8115 7.00205 4.66845 2.3336 17.0855 15.8095 4.95659 16.1894
internal_count=1570 303 1267 1181 311 870 297 95 41 54 349 202 92 303
is_linear=0
shrinkage=0.05


Tree=262
num_leaves=15
num_cat=0
split_feature=7 22 11 30 30 3 13 4 10 4 4 11 22 1
split_gain=0.872904 1.80374 1.80516 2.02682 1.66957 1.06609 1.67804 0.935856 1.20221 1.47559 1.40004 1.63978 2.64955 1.94237
threshold=2.5000000000000004 1.5000000000000002 2.5000000000000004 0.48570226039551589 0.92016825471890717 2.5000000000000004 2.5000000000000004 1.5000000000000002 1.5000000000000002 2.5000000000000004 3.5000000000000004 2.5000000000000004 1.5000000000000002 5.5000000000000009
decision_type=2 2 2 2 2 2 2 2 2 2 2 2 2 2
left_child=7 4 3 -3 -2 6 -5 -1 9 -9 11 12 13 -10
right_child=1 2 -4 5 -6 -7 -8 8 10 -11 -12 -13 -14 -15
leaf_value=0.018421497752456269 -0.025197693459299311 0.039969865996820036 -0.045981335778141515 -0.040275377915299809 0.023174670722563608 0.027076349355468644 0.02198438146582456 0.019416485032570839 0.048663572440096906 0.00023030771109853619 0.015736672388053329 0.031649102750209865 -0.029392320468884316 -0.0057536394354427145
leaf_weight=7.6968110911548129 14.069557642942529 4.2442345255985821 1.3286740817129619 2.8534447513520718 1.907726245059165 1.7727822012675458 1.5717506581568157 13.749661834270226 1.7119033215567494 37.252811519021634 6.0981567397830068 2.0924516739323726 13.756689215078948 17.076174565270776
leaf_count=155 242 84 10 63 46 54 32 131 24 299 93 27 152 158
internal_value=-0.000384321 -0.00822518 0.00644059 0.0137208 -0.0191582 -0.00420621 -0.0176122 0.00178469 0.000343103 0.00547947 -0.0060243 -0.00996173 -0.0128024 -0.000431586
internal_weight=127.183 27.7482 11.7709 10.4422 15.9773 6.19798 4.4252 99.4347 91.7378 51.0025 40.7354 34.6372 32.5448 18.7881
internal_count=1570 531 243 233 288 149 95 1039 884 430 454 361 334 182
is_linear=0
shrinkage=0.05


Tree=263
num_leaves=15
num_cat=0
split_feature=2 29 29 4 2 2 5 10 29 10 1 31 7 22
split_gain=2.31631 1.26618 0.973019 0.816992 1.6853 0.960525 0.891028 1.15691 1.19374 1.0411 0.81167 2.23173 1.0767 1.06177
threshold=1.8750000000000002 3.5000000000000004 3.5000000000000004 3.5000000000000004 2.2916666666666674 2.4166666666666674 1.5000000000000002 1.5000000000000002 2.5000000000000004 3.5000000000000004 7.5000000000000009 1.0000000180025095e-35 1.5000000000000002 1.5000000000000002
decision_type=2 2 2 2 2 2 2 2 2 2 2 2 2 2
left_child=1 -1 3 5 -5 -2 7 8 -6 -9 11 12 -8 -12
right_child=2 -3 -4 4 6 -7 10 9 -10 -11 13 -13 -14 -15
leaf_value=0.015460220287334972 -0.011124299761183301 -0.031209692937236411 0.015763440747543305 0.048783624007522203 -0.0070467868853648745 0.0024096803044671281 -0.022697188086946443 0.039204052980625598 -0.059580856647907979 -0.026489321838295995 -0.021563342369304319 0.045774504268399123 0.024740371287905346 0.017119847787745134
leaf_weight=25.037847510771829 53.353203786624363 1.4179264598060388 5.8001085030846289 1.7388984011486197 2.676617398858073 16.954646503523691 3.2040942469611746 1.370162907522172 1.9134878236218353 0.89178033056668926 4.4816421361174426 3.54716114141047 1.7483917643548919 2.7437932844622992
leaf_count=276 521 27 86 14 14 349 28 31 27 23 53 33 21 67
internal_value=-0.00035557 0.0127566 -0.00384399 -0.00508762 0.0027283 -0.0078263 -0.000908129 -0.0159186 -0.0302832 0.0122208 0.00553381 0.0160103 -0.00529714 -0.0064993
internal_weight=126.88 26.4558 100.424 94.6239 24.316 70.3079 22.5771 6.85205 4.59011 2.26194 15.7251 8.49965 4.95249 7.22544
internal_count=1570 303 1267 1181 311 870 297 95 41 54 202 82 49 120
is_linear=0
shrinkage=0.05


Tree=264
num_leaves=15
num_cat=0
split_feature=7 22 11 30 30 4 1 4 30 10 4 4 21 33
split_gain=0.759093 1.6205 1.68278 1.87149 1.49991 0.948935 0.991385 0.804242 1.05229 1.03889 1.25693 1.22045 1.52602 2.21502
threshold=2.5000000000000004 1.5000000000000002 2.5000000000000004 0.48570226039551589 0.92016825471890717 3.5000000000000004 10.500000000000002 1.5000000000000002 0.92016825471890717 1.5000000000000002 2.5000000000000004 3.5000000000000004 3.5000000000000004 2.5000000000000004
decision_type=2 2 2 2 2 2 2 2 2 2 2 2 2 2
left_child=7 4 3 -3 -2 6 -5 8 -1 10 -9 12 13 -11
right_child=1 2 -4 5 -6 -7 -8 9 -10 11 -12 -13 -14 -15
leaf_value=0.027703854662068934 -0.023737791631012996 0.039033761835872094 -0.044544143269450012 -0.0054573394256163246 0.022304101581111433 -0.024759884147235577 0.049911459158778947 0.018046684254810388 -0.014577470904081818 -0.010852416071566942 0.00029310512599148389 0.014851751494796964 -0.039373244701478023 0.027589671208940389
leaf_weight=5.7705764962593085 14.043839293532075 4.147827445995059 1.3096417803317315 2.1194860078394417 1.8862744252546679 2.8493250680621713 1.1311972883704582 13.669305736548266 1.8079095839057115 26.798312800732678 37.228718637488782 6.0442871364648445 3.6715024414006612 4.2313734060153356
leaf_count=126 242 84 10 36 46 73 40 131 29 238 299 93 57 66
internal_value=-0.000335206 -0.00768862 0.00637624 0.0134929 -0.0180249 -0.00382041 0.0139788 0.00168244 0.0172332 0.000351831 0.00513611 -0.00556129 -0.00922114 -0.00545815
internal_weight=126.71 27.4876 11.5575 10.2478 15.9301 6.10001 3.25068 99.222 7.57849 91.6435 50.898 40.7455 34.7012 31.0297
internal_count=1570 531 243 233 288 149 76 1039 155 884 430 454 361 304
is_linear=0
shrinkage=0.05


Tree=265
num_leaves=15
num_cat=0
split_feature=31 30 33 11 1 7 11 4 9 3 22 7 30 30
split_gain=0.720375 0.633587 0.714018 0.633004 0.604312 1.28743 2.15889 1.0005 1.55214 0.864565 0.589335 0.636813 0.569591 0.503902
threshold=1.5000000000000002 1.3566258340248767 1.5000000000000002 1.0000000180025095e-35 4.5000000000000009 1.5000000000000002 1.5000000000000002 1.5000000000000002 2.5000000000000004 2.5000000000000004 2.5000000000000004 2.5000000000000004 0.92016825471890717 0.8228263892582881
decision_type=2 2 2 2 2 2 2 2 2 2 2 2 2 2
left_child=1 2 -1 -2 5 6 -4 8 12 -7 13 -12 -6 -9
right_child=3 -3 4 -5 7 9 -8 10 -10 -11 11 -13 -14 -15
leaf_value=0.00578685955909295 0.046244800651991574 0.026772241188799006 0.05144438588238396 0.0070956619392270881 0.051939721296235614 -0.061216347466723969 -0.017010012821237319 -0.0046230978764612582 -0.027404199099137778 -0.014953054779706897 -0.0092308154104850364 -0.053969290891496803 0 0.0051577908972670972
leaf_weight=24.413141051016282 1.2616904411697749 1.8655405176104967 1.4474435742013136 5.5229972875677049 2.2609275283175516 1.8054314386099575 4.3996274806559086 60.006285114795901 1.0506756459362803 2.7608928931877017 3.5272913621738544 1.0396410115063188 0.70632640412077297 16.560711359459674
leaf_count=237 36 26 28 63 117 19 30 689 18 22 42 28 25 195
internal_value=-0.000402519 -0.0013095 -0.0017889 0.015305 -0.00375436 -0.0151097 9.56039e-05 -0.00232027 0.0216433 -0.0347003 -0.00356296 -0.0208892 0.0401528 -0.00247101
internal_weight=128.629 121.844 119.978 6.78469 95.5653 10.4134 5.84707 85.1519 4.01793 4.56632 81.1339 4.56693 2.96725 76.567
internal_count=1575 1476 1450 99 1213 99 58 1114 160 41 954 70 142 884
is_linear=0
shrinkage=0.05


Tree=266
num_leaves=15
num_cat=0
split_feature=31 28 30 33 24 6 28 6 30 6 7 28 13 4
split_gain=0.657739 0.623852 0.789277 0.873852 2.76978 1.50984 1.30724 1.54281 1.86036 1.09097 1.26141 0.923432 0.723338 0.730408
threshold=1.5000000000000002 1.8750000000000002 1.3566258340248767 2.5000000000000004 1.5000000000000002 1.5000000000000002 2.5833333333333335 2.5000000000000004 0.92016825471890717 1.5000000000000002 1.5000000000000002 2.0833333333333335 3.5000000000000004 4.5000000000000009
decision_type=2 2 2 2 2 2 2 2 2 2 2 2 2 2
left_child=1 -1 3 4 6 -6 7 -3 -9 -5 -11 -12 13 -13
right_child=-2 2 -4 9 5 -7 -8 8 -10 10 11 12 -14 -15
leaf_value=0.0018615804602151358 0.014659569784068011 -0.0072064775433038804 0.025558273609923583 -0.026612505466022136 -0.0066148627891896381 -0.052163090521511281 -0.03891474094368217 0.05465592108044727 -2.6592343099346591e-05 0.038383882736426414 -0.044590992982583899 0.0058033986295249768 -0.019245593222582597 0.050145098085626429
leaf_weight=68.851371040625963 6.7570111915701991 16.621394153451554 1.8613042092183594 2.6297534331388333 3.001685615628956 5.2834520306205377 2.1895146505848961 2.4603578941896549 3.7318370087305084 2.639244483318179 0.92510799429146473 8.1834722599014604 2.3024418306304133 0.9901981286529925
leaf_count=764 99 185 26 58 24 39 41 38 33 34 25 149 38 22
internal_value=-0.000379672 -0.00124676 -0.00534163 -0.00656709 -0.0113392 -0.0362349 -0.00287858 0.000625588 0.0218265 0.00229545 0.00765738 0.000663406 0.00488108 0.0113483
internal_weight=128.428 121.671 52.8198 50.9585 33.2882 8.28514 25.0031 22.8136 6.19219 17.6702 15.0405 12.4012 11.4761 9.17367
internal_count=1575 1476 712 686 360 63 297 256 71 326 268 234 209 171
is_linear=0
shrinkage=0.05


Tree=267
num_leaves=15
num_cat=0
split_feature=31 11 28 22 7 5 2 1 22 10 9 1 1 6
split_gain=0.596102 0.599797 0.566069 1.05021 1.21665 1.0816 1.85849 1.4635 1.04813 1.6683 1.47573 1.3748 0.942012 0.941382
threshold=1.5000000000000002 1.0000000180025095e-35 1.8750000000000002 1.5000000000000002 2.5000000000000004 1.0000000180025095e-35 2.2916666666666674 4.5000000000000009 1.5000000000000002 2.5000000000000004 2.5000000000000004 8.5000000000000018 4.5000000000000009 2.5000000000000004
decision_type=2 2 2 2 2 2 2 2 2 2 2 2 2 2
left_child=2 -2 3 4 -1 7 -7 -6 9 -4 13 -11 -5 -10
right_child=1 -3 8 12 5 6 -8 -9 10 11 -12 -13 -14 -15
leaf_value=0.0092921646863574261 0.044443970083357306 0.0060437513801167584 -0.013850225911908935 -0.044482243491615621 -0.047932398791884857 0.025150677649297189 -0.041075492559121858 0.04799205113348224 0.0081728617933130195 0.053621304469334698 -0.0078857854553577612 -0.01929406936272075 -0.0042427416526778202 0.045279554533982094
leaf_weight=40.539617030066438 1.2314594933995966 5.5089089346583933 30.537460318679223 1.4994146451354051 0.4497786732390513 1.3007267396897075 4.0165988235967234 1.2548851161263881 6.0382358544738963 1.6533612599014298 11.058704963419586 0.89505998423555855 19.779469352506567 2.4602702523116022
leaf_count=383 36 63 344 9 4 20 48 57 97 33 156 28 243 54
internal_value=-0.000361528 0.0139721 -0.00118821 0.00176892 0.00592593 -0.0130147 -0.0242485 0.0200433 -0.00509863 -0.0105321 0.00397308 0.0273064 -0.00738996 0.0196075
internal_weight=128.224 6.74037 121.484 68.8405 47.5616 7.02199 5.31733 1.70466 52.6431 33.0859 19.5572 2.54842 21.2789 8.49851
internal_count=1575 99 1476 764 512 129 68 61 712 405 307 61 252 151
is_linear=0
shrinkage=0.05


Tree=268
num_leaves=15
num_cat=0
split_feature=30 33 5 4 28 1 2 30 16 2 11 30 2 11
split_gain=0.50442 0.483 0.588278 1.48955 0.872787 0.616014 0.439718 0.80198 1.35306 0.566923 0.501308 0.355529 0.765835 0.945475
threshold=1.3566258340248767 1.5000000000000002 1.5000000000000002 2.5000000000000004 1.4166666666666667 3.5000000000000004 3.1250000000000004 0.76180168105713697 4.5000000000000009 3.4166666666666674 1.0000000180025095e-35 0.8228263892582881 1.4166666666666667 1.5000000000000002
decision_type=2 2 2 2 2 2 2 2 2 2 2 2 2 2
left_child=1 2 3 -1 -4 -6 11 9 10 -8 -9 -3 -13 -14
right_child=-2 6 4 -5 5 -7 7 8 -10 -11 -12 12 13 -15
leaf_value=0.055418978582290224 0.024826600183897568 -0.0046891153802526174 0.01149486356270263 0.00060091785802339221 -0.028382196081762585 -0.00028117097646431849 0.041762051723376381 0.00012269213280351413 0.046320966209207622 -0.0019331892989130637 -0.050341257895295005 -0.027332809354524163 -0.0060676198171491199 0.01617463381178888
leaf_weight=1.8271924336440886 1.8553062393330026 75.621547362214187 9.7950088605284709 3.7445387942716479 2.9262345660245028 6.0135871815145947 2.1433054048102345 0.64538737398106616 0.6623529135249554 0.93888962088385586 1.1679184485692531 1.8089322987943912 8.6924499900487717 10.11732646782184
leaf_count=51 26 903 73 29 35 49 53 26 14 26 27 13 132 118
internal_value=-0.000338047 -0.000747468 0.00554133 0.0196789 0.00112194 -0.00996813 -0.00227756 0.0111796 -0.00909446 0.0280236 -0.0320059 -0.00309145 0.00264185 0.00578602
internal_weight=127.96 126.105 24.3066 5.57173 18.7348 8.93982 101.798 5.55785 2.47566 3.0822 1.81331 96.2403 20.6187 18.8098
internal_count=1575 1549 237 80 157 84 1312 146 67 79 53 1166 263 250
is_linear=0
shrinkage=0.05


Tree=269
num_leaves=15
num_cat=0
split_feature=31 11 28 2 21 10 7 25 1 22 1 24 2 1
split_gain=0.549532 0.557134 0.504481 0.87339 0.991033 0.833304 2.66807 1.14123 1.14579 2.01332 1.87931 1.32559 0.805445 1.61093
threshold=1.5000000000000002 1.0000000180025095e-35 1.5833333333333337 2.8750000000000004 2.5000000000000004 2.5000000000000004 2.5000000000000004 1.0000000180025095e-35 6.5000000000000009 1.5000000000000002 5.5000000000000009 1.5000000000000002 2.5833333333333335 7.5000000000000009
decision_type=2 2 2 2 2 2 2 2 2 2 2 2 2 2
left_child=2 -2 3 4 -1 7 -7 8 9 10 -6 12 13 -10
right_child=1 -3 -4 -5 5 6 -8 -9 11 -11 -12 -13 -14 -15
leaf_value=0.014002896046816277 0.043209485604539022 0.0058625641473358057 -0.0036057109771695582 -0.033672117180644563 -0.0072252865839857227 0.051395814832798127 -0.041508088041594692 -0.039587786954342792 0.0034084409936230016 -0.025720904122772309 0.037184659020301901 -0.048421435838457864 0.033166036563917159 -0.057062653535841924
leaf_weight=16.574512236285955 1.2057497678324569 5.4894423696678132 76.083243892120663 1.4490710326936085 3.7839717199094682 2.2900373614393166 1.0266394265927377 2.0526538980193427 4.2084185199346376 3.1412979098968199 5.8627401841804385 2.1479089399799705 1.1060743704438207 1.3574361652135847
leaf_count=147 36 63 976 29 37 66 8 28 53 21 49 19 28 15
internal_value=-0.000315579 0.0134933 -0.00111026 0.00305204 0.00440556 -0.00142856 0.0215336 -0.00482964 -0.00124544 0.00816965 0.0196127 -0.0151153 -0.00346718 -0.0116452
internal_weight=127.779 6.69519 121.084 45.0008 43.5517 26.9772 3.31668 23.6605 21.6078 12.788 9.64671 8.81984 6.67193 5.56585
internal_count=1575 99 1476 500 471 324 74 250 222 107 86 115 96 68
is_linear=0
shrinkage=0.05


Tree=270
num_leaves=15
num_cat=0
split_feature=5 1 4 10 13 28 10 4 24 7 10 30 1 24
split_gain=1.00828 1.9626 1.68306 1.43625 1.1841 1.06907 2.62968 1.72005 1.22804 2.22604 1.89473 1.55274 0.978751 0.930797
threshold=1.5000000000000002 3.5000000000000004 3.5000000000000004 1.5000000000000002 2.5000000000000004 2.4166666666666674 1.5000000000000002 1.5000000000000002 1.0000000180025095e-35 2.5000000000000004 2.5000000000000004 0.76180168105713697 5.5000000000000009 1.5000000000000002
decision_type=2 2 2 2 2 2 2 2 2 2 2 2 2 2
left_child=1 -1 4 -4 5 6 -3 -8 9 10 -9 -10 -7 -14
right_child=-2 2 3 -5 -6 12 7 8 11 -11 -12 -13 13 -15
leaf_value=0.053141019472465502 0.0051883183256776029 0.015324145899422457 -0.039620892998976698 0.0047696357385298175 0.047006979749777647 -0.035539587563576273 0.022686293338198965 -0.0092233429417111264 -0.053124766305172412 -0.032770609493649856 0.054957621117831951 -0.011678140845667165 0.030947318289526377 -0.030044072666846292
leaf_weight=1.3624302521347988 71.4816733871412 16.280833607423119 5.7688028641859983 2.476605461561121 1.1164944029878814 4.222257090965285 2.9738172446377602 2.3310793358832624 4.0006984262727183 3.3513199939625338 2.0297013910021633 5.654259956907481 1.3303215322084727 0.99600024102255691
leaf_count=26 830 192 47 59 60 38 75 37 58 40 29 49 18 18
internal_value=0.00128312 -0.00385014 -0.00547388 -0.0260907 -0.00152893 -0.0029477 0.000332961 -0.0115599 -0.0176635 -0.00236572 0.0206512 -0.0294771 -0.0213993 0.00364185
internal_weight=125.376 53.8946 52.5322 8.24541 44.2868 43.1703 36.6217 20.3409 17.3671 7.7121 4.36078 9.65496 6.54858 2.32632
internal_count=1576 746 720 106 614 554 480 288 213 106 66 107 74 36
is_linear=0
shrinkage=0.05


Tree=271
num_leaves=15
num_cat=0
split_feature=21 11 19 5 4 1 7 7 7 28 10 4 24 7
split_gain=0.925367 0.786799 0.817325 0.760128 1.82231 1.5109 1.32856 1.20003 1.11054 0.867536 2.08342 1.33555 1.85284 3.91811
threshold=3.5000000000000004 1.5000000000000002 1.5000000000000002 1.5000000000000002 3.5000000000000004 3.5000000000000004 3.5000000000000004 3.5000000000000004 4.5000000000000009 2.4166666666666674 1.5000000000000002 1.5000000000000002 1.0000000180025095e-35 2.5000000000000004
decision_type=2 2 2 2 2 2 2 2 2 2 2 2 2 2
left_child=3 -2 -3 4 5 -1 9 -5 -9 10 -7 -12 13 -13
right_child=1 2 -4 7 -6 6 -8 8 -10 -11 11 12 -14 -15
leaf_value=0.052439034873125678 -0.019513416866192797 0.032037901796950478 -0.026977495633242334 0.0070866970314845948 -0.026683568353202177 0.015413588367381168 0.047127032938513724 0.0011234267298465483 -0.081257741074921466 -0.020503428262438877 0.02076352251374141 0.043513044797030186 -0.029876064980356921 -0.0330491637938886
leaf_weight=1.3142003384418774 8.694312980398534 1.6287297401286189 0.75805801211390633 65.134706254204502 6.4676074057351789 14.295522604137657 1.3315213096211653 0.77119026170112082 0.64678721129894257 5.3117878735065451 2.8486506498884436 3.2009221098851404 9.2991836881265026 3.2694671561475843
leaf_count=26 166 50 17 685 66 141 78 29 10 55 74 51 95 33
internal_value=0.00122501 -0.0124648 0.0119578 0.00258866 -0.00221357 0.0016533 -9.88813e-05 0.00604019 -0.037684 -0.00192782 0.00104731 -0.00987333 -0.0156611 0.00453171
internal_weight=124.973 11.0811 2.38679 113.892 47.3389 40.8713 39.5571 66.5527 1.41798 38.2255 32.9137 18.6182 15.7696 6.47039
internal_count=1576 233 67 1343 619 553 527 724 39 449 394 253 179 84
is_linear=0
shrinkage=0.05


Tree=272
num_leaves=15
num_cat=0
split_feature=5 1 13 4 10 28 10 4 24 7 10 29 1 24
split_gain=0.825847 1.72387 1.42509 1.36196 1.11298 0.91835 2.16776 1.44116 0.968889 1.84138 1.79521 1.39666 1.12067 0.940366
threshold=1.5000000000000002 3.5000000000000004 2.5000000000000004 3.5000000000000004 1.5000000000000002 2.4166666666666674 1.5000000000000002 1.5000000000000002 1.0000000180025095e-35 2.5000000000000004 2.5000000000000004 2.5000000000000004 6.5000000000000009 1.5000000000000002
decision_type=2 2 2 2 2 2 2 2 2 2 2 2 2 2
left_child=1 -1 3 5 -5 6 -3 -8 9 10 -9 -10 13 -13
right_child=-2 2 -4 4 -6 -7 7 8 11 -11 -12 12 -14 -15
leaf_value=0.051747966851188633 0.0046954508172385888 0.013924105800975457 0.046431608437190734 -0.037033172922906435 0.0028257203126182805 -0.020018815791552347 0.021046898623410186 -0.0096729034501036593 -0.051674351806986367 -0.029852294938852358 0.05416187469277492 -0.0027622805632099342 0.021416601428030653 -0.049614169637405878
leaf_weight=1.2676818058826018 71.372619718778878 16.212054211879149 1.2023645834997285 5.6674292190291435 2.3347892715828493 6.4176601960789403 2.9169731624424484 2.2880042716860798 3.4872748591005784 3.3299931535730138 1.8946805149316785 2.4823900884948671 1.7059090831317005 1.9824695959687231
leaf_count=26 830 192 66 46 54 74 75 37 47 40 29 20 27 13
internal_value=0.00116864 -0.00351684 -0.00501107 -0.00636873 -0.0252037 -0.00273138 0.000302894 -0.010581 -0.0161894 -0.00229308 0.0192488 -0.0266085 -0.0114463 -0.0247441
internal_weight=124.562 53.1897 51.922 50.7196 8.00222 42.7174 36.2997 20.0877 17.1707 7.51268 4.18268 9.65804 6.17077 4.46486
internal_count=1576 746 720 654 100 554 480 288 213 106 66 107 60 33
is_linear=0
shrinkage=0.05


Tree=273
num_leaves=15
num_cat=0
split_feature=21 12 11 19 5 1 4 7 28 10 4 24 7 30
split_gain=0.862772 0.732507 0.708365 0.76761 0.562785 1.55489 1.16956 1.22564 0.909701 1.77609 1.1422 1.41122 3.26057 1.15935
threshold=3.5000000000000004 1.5000000000000002 1.5000000000000002 1.5000000000000002 1.5000000000000002 3.5000000000000004 3.5000000000000004 3.5000000000000004 2.4166666666666674 1.5000000000000002 1.5000000000000002 1.0000000180025095e-35 2.5000000000000004 0.76180168105713697
decision_type=2 2 2 2 2 2 2 2 2 2 2 2 2 2
left_child=1 4 -2 -4 5 -1 7 8 9 -7 -11 12 -12 -13
right_child=2 -3 3 -5 -6 6 -8 -9 -10 10 11 13 -14 -15
leaf_value=0.051066144788142975 -0.018867378764070238 0.037714972050623935 0.03105891975478739 -0.026608580746069019 0.0049317288127955425 0.013985289053909495 -0.023779123507087638 0.046659242991382077 -0.02183576720737649 0.019076831339315821 0.041592558087817505 -0.048007082422223103 -0.030176956678107866 -0.011297220890512535
leaf_weight=1.2228526163380582 8.6192287747981009 1.3602711019339029 1.5866667813534143 0.74673048616386939 65.680812056118157 14.267747045494614 6.2362686818232751 1.2244556364021253 5.0323416206520042 2.7925366868730661 2.8878711082506916 3.8501957505941373 3.2504211191553622 5.4287367458455265
leaf_count=26 166 42 50 17 705 141 63 71 46 73 48 52 33 43
internal_value=0.00111543 0.00243339 -0.0121829 0.0112418 0.00194878 -0.00224006 -0.00385513 -0.000529996 -0.00225686 0.000757838 -0.0094894 -0.0149143 0.00331304 -0.0271456
internal_weight=124.187 113.235 10.9526 2.3334 111.874 46.1934 44.9706 38.7343 37.5099 32.4775 18.2098 15.4172 6.13829 9.27893
internal_count=1576 1343 233 67 1301 596 570 507 436 390 249 176 81 95
is_linear=0
shrinkage=0.05


Tree=274
num_leaves=15
num_cat=0
split_feature=21 12 7 6 14 7 1 25 3 6 30 24 1 24
split_gain=0.783807 0.685584 0.576128 0.684597 0.788745 0.924271 0.525598 0.492107 2.3221 0.953749 2.42198 1.71699 1.17843 2.9415
threshold=3.5000000000000004 1.5000000000000002 4.5000000000000009 1.5000000000000002 1.5000000000000002 1.5000000000000002 7.5000000000000009 1.0000000180025095e-35 2.5000000000000004 2.5000000000000004 0.60355339059327384 1.5000000000000002 6.5000000000000009 1.5000000000000002
decision_type=2 2 2 2 2 2 2 2 2 2 2 2 2 2
left_child=1 7 3 6 -5 -6 -2 9 -9 10 12 -12 13 -1
right_child=2 -3 -4 4 5 -7 -8 8 -10 -11 11 -13 -14 -15
leaf_value=-0.0075911159788219348 0.0013237504511710877 0.036895377358925778 0.027701100052717916 0.036716954126491355 0.026774970114975545 -0.024403607808130293 -0.036928634636436121 0.019931693179081972 -0.017719650100987753 -0.010532896147546537 -0.00084177281619924715 0.034935900622324587 -0.013222037093453695 0.018345645884842787
leaf_weight=27.763561979285441 0.99843657016753784 1.3241140821482975 0.72920902934856791 0.93714796763379116 1.049155523534864 3.4009864758409094 3.7811874619219452 14.048056844272653 5.6114660094899582 16.489142118807649 5.1908717272453915 8.7090623846743256 15.916437307372687 17.840267108287662
leaf_count=279 4 42 18 47 19 75 70 183 75 181 76 100 243 164
internal_value=0.00106749 0.00232528 -0.0116396 -0.0149471 -0.00211164 -0.0114652 -0.0285622 0.00185994 0.00902297 0.000292442 0.00270311 0.0214857 -0.00152806 0.00251861
internal_weight=123.789 112.893 10.8961 10.1669 5.38729 4.45014 4.77962 111.569 19.6595 91.9093 75.4202 13.8999 61.5203 45.6038
internal_count=1576 1343 233 215 141 94 74 1301 258 1043 862 176 686 443
is_linear=0
shrinkage=0.05


Tree=275
num_leaves=15
num_cat=0
split_feature=4 1 10 11 28 28 2 21 30 28 6 4 2 1
split_gain=1.25713 1.2225 1.14165 1.073 1.1385 0.872597 1.40026 1.053 1.42325 0.887821 1.2416 0.826762 0.81154 0.705798
threshold=4.5000000000000009 4.5000000000000009 1.5000000000000002 1.5000000000000002 1.8750000000000002 1.7083333333333337 2.8750000000000004 2.5000000000000004 0.92016825471890717 2.7083333333333335 2.5000000000000004 1.5000000000000002 1.4166666666666667 8.5000000000000018
decision_type=2 2 2 2 2 2 2 2 2 2 2 2 2 2
left_child=1 3 -2 12 -5 6 7 -3 13 11 -11 -7 -1 -9
right_child=2 5 -4 4 -6 9 -8 8 -10 10 -12 -13 -14 -15
leaf_value=0.025840257726240125 -0.029187604571916371 0.032504124157575871 0.013070644779771582 -0.048670531832910091 0 0.026793321044177417 -0.035513010506130219 0.0022966305216971612 0.024991544198028546 0.064237058712478687 0.0027411668522493108 -0.0045303392862621984 -0.0053465415592037976 0.038969158066273164
leaf_weight=2.2399910627864363 5.7430662286642464 5.2149231523508197 2.0396696446696296 2.7092763707041732 2.0115099549293518 2.1317833624198093 1.5344871648121614 34.034591376315802 10.299140901712233 1.1285833753645413 2.7872228882624768 33.858756695437478 18.389212358626537 1.2807374391704787
leaf_count=48 92 61 58 19 16 72 23 403 111 9 49 418 162 18
internal_value=0.0015189 0.00283048 -0.0177703 -0.00683242 -0.028107 0.00551682 0.00975533 0.0112381 0.00868634 0 0.0222458 -0.00253661 -0.00173125 0.00380346
internal_weight=125.403 117.62 7.78274 25.35 4.72079 92.2702 52.3639 50.8294 45.6145 39.9063 3.91581 35.9905 20.6292 35.3153
internal_count=1559 1409 150 245 35 1164 616 593 532 548 58 490 210 421
is_linear=0
shrinkage=0.05


Tree=276
num_leaves=15
num_cat=0
split_feature=4 1 10 11 7 33 28 7 5 5 4 5 28 11
split_gain=1.13932 1.10832 1.04094 0.96371 1.06427 1.47631 1.01735 0.938383 1.84178 1.61829 1.16269 1.75471 1.26337 1.04774
threshold=4.5000000000000009 4.5000000000000009 1.5000000000000002 1.5000000000000002 2.5000000000000004 1.5000000000000002 1.8750000000000002 1.5000000000000002 1.0000000180025095e-35 1.0000000180025095e-35 3.5000000000000004 2.5000000000000004 2.2916666666666674 1.0000000180025095e-35
decision_type=2 2 2 2 2 2 2 2 2 2 2 2 2 2
left_child=1 3 -2 4 5 -1 -5 8 -3 -9 11 13 -12 -11
right_child=2 7 -4 6 -6 -7 -8 9 -10 10 12 -13 -14 -15
leaf_value=-0.0013796430381995243 -0.027900182858722408 -0.0058560681751497583 0.012439188977089073 -0.045885853777886426 -0.029850356968048893 0.05047264880350312 0 0.011486310127185668 0.022091071482272292 0.0053496332302562268 0.032442566378358954 -0.0388232505542788 -0.0080809865844797442 -0.014135085028017242
leaf_weight=16.417767828330408 5.7130728442862155 8.4510237633949163 2.0410894913366064 2.7353826723992816 2.7915943304542443 1.3911888659931708 2.0115099549293518 26.611449328949675 18.251799473364372 14.10278687172104 3.8995466380147255 4.1173126541834781 3.496936593670398 13.134251197538106
leaf_count=151 92 105 58 19 24 35 16 414 171 206 42 54 35 137
internal_value=0.00145496 0.00270448 -0.0169404 -0.00649229 -0.00163471 0.00279054 -0.0265887 0.00526797 0.0131641 0.00198874 -0.00448198 -0.00873702 0.013098 -0.00397218
internal_weight=125.167 117.413 7.75416 25.3474 20.6006 17.809 4.74689 92.0651 26.7028 65.3623 38.7508 31.3544 7.39648 27.237
internal_count=1559 1409 150 245 210 186 35 1164 276 888 474 397 77 343
is_linear=0
shrinkage=0.05


Tree=277
num_leaves=15
num_cat=0
split_feature=4 1 11 28 2 5 28 6 22 33 24 11 33 6
split_gain=1.0308 1.00309 0.865049 0.784168 1.29427 0.962962 0.820132 1.18354 0.858986 1.07402 1.44855 2.47788 1.49295 0.87921
threshold=4.5000000000000009 4.5000000000000009 1.5000000000000002 1.7083333333333337 2.8750000000000004 2.5000000000000004 2.7083333333333335 2.5000000000000004 1.5000000000000002 3.5000000000000004 1.0000000180025095e-35 1.5000000000000002 2.5000000000000004 2.5000000000000004
decision_type=2 2 2 2 2 2 2 2 2 2 2 2 2 2
left_child=1 2 -1 4 5 -3 8 -8 13 10 12 -12 -10 -5
right_child=-2 3 -4 6 -6 -7 7 -9 9 -11 11 -13 -14 -15
leaf_value=-0.0015513697660709614 -0.016143753778036833 0.013057956485739389 -0.025164299900353949 -0.0033370225121059057 -0.034841318887823859 -0.0076423191369174252 0.063088878003408996 0.0023818390547382454 -0.053408343862676691 -0.035137091380653226 0.0456431642300065 -0.0020394561604149424 0.011673037818656324 -0.027707414238688902
leaf_weight=20.52617836883292 7.7279186162922988 44.434765713464003 4.7707671895623198 15.684551199374257 1.5078019381035108 6.2030299487523726 1.0909691788256162 2.7804695493832696 1.4928550748154494 1.3064204223919667 4.8247005084995163 5.8691534060053527 1.8057055026292801 4.8935924727702504
leaf_count=210 150 530 35 186 23 63 9 49 13 25 81 76 27 82
internal_value=0.00138164 0.00257141 -0.00618453 0.00501306 0.00904086 0.0104629 -0.000217676 0.0212764 -0.00265925 0.00619275 0.0104509 0.0194653 -0.0177506 -0.0093593
internal_weight=124.919 117.191 25.2969 91.894 52.1456 50.6378 39.7484 3.87144 35.877 15.2988 13.9924 10.6939 3.29856 20.5781
internal_count=1559 1409 245 1164 616 593 548 58 490 222 197 157 40 268
is_linear=0
shrinkage=0.05


Tree=278
num_leaves=15
num_cat=0
split_feature=4 10 1 11 9 28 2 21 30 28 6 22 10 5
split_gain=0.93297 0.94978 0.907871 0.776623 1.10661 0.706439 1.18817 0.950883 1.26972 0.75528 1.12107 0.776437 1.58363 1.47426
threshold=4.5000000000000009 1.5000000000000002 4.5000000000000009 1.5000000000000002 1.5000000000000002 1.7083333333333337 2.8750000000000004 2.5000000000000004 0.92016825471890717 2.7083333333333335 2.5000000000000004 1.5000000000000002 2.5000000000000004 1.5000000000000002
decision_type=2 2 2 2 2 2 2 2 2 2 2 2 2 2
left_child=2 -2 3 -1 -5 6 7 -4 -9 11 -11 -7 13 -13
right_child=1 -3 5 4 -6 9 -8 8 -10 10 -12 12 -14 -15
leaf_value=-0.0014738122464699366 -0.025937830377136935 0.012618220191465869 0.030457178311031136 -0.043273753883753652 0.0040168680227197903 -0.008905324592222567 -0.033829315248824821 0.0029386809806652078 0.022985532610840465 0.061950500096850304 0.0022673726495365918 0.0052062154886377138 -0.013752666757194793 0.049055006817389314
leaf_weight=20.531148302718069 5.6696683038317124 2.0406698754522949 5.0689264523098236 2.8417015559971324 1.9530340470373628 20.577399414003594 1.4789976299507532 35.264160217950121 10.249174728873184 1.0581396822817617 2.7798614174243994 6.4383709198445995 5.9698695982806376 2.7481174827553332
leaf_count=210 92 58 61 16 19 268 23 421 111 9 49 77 100 45
internal_value=0.0013075 -0.0153823 0.00244131 -0.00587819 -0.0238116 0.00477184 0.00859488 0.00994897 0.00754835 -0.000203777 0.0205122 -0.00254959 0.00591738 0.0189797
internal_weight=124.669 7.71034 116.959 25.3259 4.79474 91.633 52.0613 50.5823 45.5133 39.5718 3.838 35.7338 15.1564 9.18649
internal_count=1559 150 1409 245 35 1164 616 593 532 548 58 490 222 122
is_linear=0
shrinkage=0.05


Tree=279
num_leaves=15
num_cat=0
split_feature=4 1 7 5 5 4 25 33 1 11 1 30 22 31
split_gain=0.844588 0.823997 0.809486 1.64741 1.45209 1.0971 1.6313 0.999632 1.27256 0.870105 0.860253 0.813875 1.02782 0.916891
threshold=4.5000000000000009 4.5000000000000009 1.5000000000000002 1.0000000180025095e-35 1.0000000180025095e-35 3.5000000000000004 1.0000000180025095e-35 2.5000000000000004 6.5000000000000009 1.0000000180025095e-35 6.5000000000000009 0.48570226039551589 1.5000000000000002 1.0000000180025095e-35
decision_type=2 2 2 2 2 2 2 2 2 2 2 2 2 2
left_child=1 -1 3 -3 -4 6 9 8 -7 -6 -8 12 -5 -13
right_child=-2 2 4 11 5 7 10 -9 -10 -11 -12 13 -14 -15
leaf_value=-0.0055890149651476569 -0.014651082143182857 -0.00602568371972879 0.010521779247137847 0.0068571667144204209 0.0045975845505673288 -0.0037913433045109477 -0.012313858927924802 -0.008870565051709493 0.049494410390534878 -0.013309940215294911 -0.058731975680201332 0.066986570915941443 0.045683851930122032 0.020202362569194374
leaf_weight=25.338574493071064 7.6872896396671413 8.4536117268726247 26.463515350595117 10.977324053179473 13.759630334330726 1.7622632840648282 2.1889085629954925 3.0205715416523162 2.5796517252456397 12.964719560957747 2.1820692173787393 1.7237841736641701 1.9920218661427505 3.3579869822133332
leaf_count=245 150 105 414 85 201 16 21 36 25 138 37 19 21 46
internal_value=0.00125044 0.00233037 0.00455623 0.0119158 0.00149945 -0.00465533 -0.00881175 0.0124471 0.0277059 -0.00401388 -0.0368411 0.0204428 0.0133159 0.0375409
internal_weight=124.452 116.765 91.4261 26.5047 64.9213 38.4578 31.0953 7.36249 4.34192 26.7243 4.37098 18.0511 12.9693 5.08177
internal_count=1559 1409 1164 276 888 474 397 77 41 339 58 171 106 65
is_linear=0
shrinkage=0.05


Tree=280
num_leaves=15
num_cat=0
split_feature=7 14 8 10 1 3 4 11 8 2 21 11 21 5
split_gain=0.510396 0.67377 0.868563 0.840079 0.569119 0.785624 1.42185 1.04258 1.03844 1.10316 1.02577 0.725504 0.84015 1.09996
threshold=4.5000000000000009 1.0000000180025095e-35 1.0000000180025095e-35 2.5000000000000004 9.5000000000000018 2.5000000000000004 2.5000000000000004 2.5000000000000004 2.5000000000000004 2.4166666666666674 2.5000000000000004 2.5000000000000004 2.5000000000000004 2.5000000000000004
decision_type=2 2 2 2 2 2 2 2 2 2 2 2 2 2
left_child=1 4 3 -3 5 8 7 -7 11 -10 -8 12 13 -1
right_child=-2 2 -4 -5 -6 6 10 -9 9 -11 -12 -13 -14 -15
leaf_value=0.0070204578935827407 0.033898210320986326 0.021490371840704722 -0.03773532144650249 -0.021210767484538501 0.02271774326669693 0.011385370890055941 -0.055672739340451242 -0.035728856773411304 -0.056386357002795033 0.021249411451159897 -0.010856879606244875 0.033353619042027237 0.0010913546020601601 0.034348364236521461
leaf_weight=24.149753219506241 1.2054476440534916 2.1918773520155801 2.2256566808791831 2.2154792691580951 3.5521055916324249 7.8179060838883725 1.9791775342309836 1.266367965727113 1.2929602480726305 0.56021144654368971 3.9796705992775969 2.1223561133956528 66.008027659147047 4.3714120786171398
leaf_count=225 51 47 55 44 108 118 23 11 48 28 49 43 678 57
internal_value=0.00265095 0.00229921 -0.0130134 0 0.00319827 0.0025462 -0.00800472 0.00422783 0.00418931 -0.0317508 -0.0268279 0.00493637 0.00423735 0.0114017
internal_weight=124.938 123.733 6.63301 4.40736 117.1 113.548 15.0431 9.08427 98.5047 1.85317 5.95885 96.6515 94.5292 28.5212
internal_count=1585 1534 146 91 1388 1280 201 129 1079 76 72 1003 960 282
is_linear=0
shrinkage=0.05


Tree=281
num_leaves=15
num_cat=0
split_feature=23 24 5 1 1 3 8 0 8 2 11 1 28 4
split_gain=0.374545 0.979316 0.664298 1.07974 0.34188 0.324512 0.864878 1.92473 0.852303 1.04718 0.749718 0.744926 1.12584 0.722128
threshold=1.0000000180025095e-35 1.0000000180025095e-35 1.0000000180025095e-35 5.5000000000000009 7.5000000000000009 2.5000000000000004 2.5000000000000004 2.5000000000000004 2.5000000000000004 2.4166666666666674 2.5000000000000004 5.5000000000000009 2.0833333333333335 2.5000000000000004
decision_type=2 2 2 2 2 2 2 2 2 2 2 2 2 2
left_child=5 2 4 -4 -2 8 7 -7 -1 -10 11 -9 -13 -14
right_child=1 -3 3 -5 -6 6 -8 10 9 -11 -12 12 13 -15
leaf_value=0.0053295547746913148 0.040327660070809984 -0.048841515273264274 0.0099242150368338174 -0.025283180376705128 -0.0029499197365133495 -0.049781894642066407 0.019906497941058462 0.034828583294661999 -0.054620943424839953 0.021893382276395163 -0.034980199007438789 -0.026550753538871482 0.042080931768964026 0.0015806588925219786
leaf_weight=91.986860464094207 1.2012065935414256 1.0986012610956084 4.364773364039138 4.0600412699859589 0.52687034895643581 2.1933153811842265 3.4309085860732003 1.5529983930755396 1.1848676243098442 0.56161932431859884 1.3068695040419687 3.0496056746924287 1.2512311635073254 6.8213377133943141
leaf_count=1000 33 67 36 53 17 20 48 21 38 27 12 65 46 102
internal_value=0.00252591 -0.00605963 -0.000755329 -0.00684703 0.0263257 0.00340485 -0.00235162 -0.00731963 0.0046368 -0.0288091 -0.000174978 0.00346363 -0.000964436 0.00860211
internal_weight=124.591 11.2515 10.1529 8.42481 1.72808 113.34 19.6063 16.1754 93.7333 1.74649 13.982 12.6752 11.1222 8.07257
internal_count=1585 206 139 89 50 1379 314 266 1065 65 246 234 213 148
is_linear=0
shrinkage=0.05


Tree=282
num_leaves=15
num_cat=0
split_feature=23 24 5 1 1 31 5 4 22 24 10 4 30 1
split_gain=0.340919 0.931176 0.609763 0.985244 0.324599 0.301331 1.56639 0.956296 0.832001 0.969403 0.784349 1.12397 0.768861 0.795576
threshold=1.0000000180025095e-35 1.0000000180025095e-35 1.0000000180025095e-35 5.5000000000000009 7.5000000000000009 1.0000000180025095e-35 2.5000000000000004 1.5000000000000002 1.5000000000000002 1.0000000180025095e-35 2.5000000000000004 2.5000000000000004 0.45220861134162554 7.5000000000000009
decision_type=2 2 2 2 2 2 2 2 2 2 2 2 2 2
left_child=5 2 4 -4 -2 6 8 -7 -1 12 11 -11 13 -10
right_child=1 -3 3 -5 -6 7 -8 -9 9 10 -12 -13 -14 -15
leaf_value=-0.00037737673399754245 0.039410782598381947 -0.048380204808302803 0.0094542238011153541 -0.024250590896831202 -0.002824971551986289 -0.014770379154814184 -0.025664061684563613 0.0076995131978397115 0.038405611119965412 0.019563783662691112 0 0.071232952369517696 -0.035039022020605132 -0.011226399173740078
leaf_weight=37.097063431923743 1.1708030471345381 1.0556655884865893 4.3578224948141724 4.026406780234538 0.52708264719694842 5.0302104041911653 5.0583743199822484 53.866389187402092 1.2758623776026052 4.1273248915676959 2.1636084059718996 1.4999395562335847 1.2939399192109702 1.76446294458583
leaf_count=357 33 67 36 53 17 121 52 649 22 57 65 17 16 23
internal_value=0.0024017 -0.00583051 -0.000698352 -0.00653242 0.025481 0.00323833 0.000498147 0.00571626 0.00328401 0.014602 0.0250852 0.0347759 -0.00381859 0.00936515
internal_weight=124.315 11.1378 10.0821 8.38423 1.69789 113.177 54.2806 58.8966 49.2222 12.1251 7.79087 5.62726 4.33427 3.04033
internal_count=1585 206 139 89 50 1379 609 770 557 200 139 74 61 45
is_linear=0
shrinkage=0.05


Tree=283
num_leaves=15
num_cat=0
split_feature=7 14 8 1 3 8 21 8 2 7 11 21 25 7
split_gain=0.469369 0.64498 0.810242 0.504718 0.645773 1.2235 1.43202 0.86557 0.938898 0.766678 0.6639 0.741314 1.26871 1.17818
threshold=4.5000000000000009 1.0000000180025095e-35 1.0000000180025095e-35 9.5000000000000018 2.5000000000000004 1.5000000000000002 2.5000000000000004 2.5000000000000004 2.4166666666666674 1.5000000000000002 2.5000000000000004 2.5000000000000004 1.0000000180025095e-35 1.5000000000000002
decision_type=2 2 2 2 2 2 2 2 2 2 2 2 2 2
left_child=1 3 -3 4 7 6 -6 10 -9 -8 11 12 13 -1
right_child=-2 2 -4 -5 5 -7 9 8 -10 -11 -12 -13 -14 -15
leaf_value=-0.00032151781790877408 0.03268066668707139 0 -0.037066115258688151 0.02131512542831078 -0.054467549299398177 0.012535765692658313 0.020574446673135557 -0.052272753990867941 0.019747105574869181 -0.015814477218947496 0.031877498343981937 0.00076450713384935108 0.035865252568380419 0.024966884636813437
leaf_weight=18.203635792713619 1.1678374262992282 4.3630024101003064 2.208825877532945 3.5110753402113906 2.0024537185672653 4.912323997472412 1.739697655662894 1.2729245653608803 0.54933179775252927 6.1919025220558979 2.0725866004358968 65.797917514573783 4.1322517022490493 5.9816032923408775
leaf_count=124 51 91 55 108 26 89 20 48 28 66 43 678 49 109
internal_value=0.00228285 0.00194745 -0.0131088 0.00282973 0.00221414 -0.00741548 -0.017557 0.00370437 -0.0293635 -0.00736496 0.00438664 0.00372151 0.0104775 0.00590703
internal_weight=124.107 122.94 6.57183 116.368 112.857 14.8464 9.93405 98.0103 1.82226 7.9316 96.188 94.1154 28.3175 24.1852
internal_count=1585 1534 146 1388 1280 201 112 1079 76 86 1003 960 282 233
is_linear=0
shrinkage=0.05


Tree=284
num_leaves=15
num_cat=0
split_feature=7 14 8 10 1 3 4 21 8 2 28 2 7 24
split_gain=0.435436 0.588235 0.74576 0.764496 0.458397 0.587275 1.16946 0.937148 0.789101 0.866735 0.741909 0.602818 1.15483 0.544004
threshold=4.5000000000000009 1.0000000180025095e-35 1.0000000180025095e-35 2.5000000000000004 9.5000000000000018 2.5000000000000004 2.5000000000000004 2.5000000000000004 2.5000000000000004 2.4166666666666674 2.5833333333333335 1.8750000000000002 2.5000000000000004 1.5000000000000002
decision_type=2 2 2 2 2 2 2 2 2 2 2 2 2 2
left_child=1 4 3 -3 5 8 10 -8 -1 -10 11 -7 -13 -6
right_child=-2 2 -4 -5 13 6 7 -9 9 -11 -12 12 -14 -15
leaf_value=0.0041832010884803421 0.031702334891248206 0.020338469841517083 -0.035711090956807974 -0.020589179456388256 0 0.034867166709104301 -0.05403242520139942 -0.0097013380887252948 -0.050329472101821274 0.019062074832668599 -0.033186370242553283 -0.040137047602795392 0.01256128584686623 0.037711429574894394
leaf_weight=96.023649793176446 1.1473012466449279 2.1495384214795186 2.1824876897735521 2.2134639886207879 1.5940668671391895 1.717571027809752 1.7833997586276371 3.9315137126832269 1.2601652869489033 0.54434282061993133 1.0554039375856517 1.1964179001515729 5.0684681817365345 1.9043584731407464
leaf_count=1003 51 47 55 44 45 24 23 49 48 28 19 21 65 63
internal_value=0.00217854 0.00185633 -0.0125484 0 0.00270021 0.00211192 -0.0071002 -0.0246566 0.00353249 -0.0281825 0.00387597 0.00943547 0.00163211 0.0203521
internal_weight=123.772 122.625 6.54549 4.363 116.079 112.581 14.7528 5.71491 97.8282 1.80451 9.03786 7.98246 6.26489 3.49843
internal_count=1585 1534 146 91 1388 1280 201 72 1079 76 129 110 86 108
is_linear=0
shrinkage=0.05


Tree=285
num_leaves=15
num_cat=0
split_feature=22 21 6 2 30 24 4 7 30 30 7 2 2 33
split_gain=1.46691 3.15399 0.837883 2.33841 0.801923 1.01337 0.958347 1.28287 0.916875 0.815666 0.800188 0.784799 0.822626 1.89176
threshold=1.0000000180025095e-35 1.5000000000000002 1.5000000000000002 1.5833333333333337 0.88177643582009468 1.0000000180025095e-35 3.5000000000000004 1.5000000000000002 0.45220861134162554 0.9714045207910319 1.5000000000000002 2.4166666666666674 2.1250000000000004 2.5000000000000004
decision_type=2 2 2 2 2 2 2 2 2 2 2 2 2 2
left_child=1 -1 3 -2 5 -5 7 -7 -8 10 -6 12 13 -4
right_child=2 -3 11 4 9 6 8 -9 -10 -11 -12 -13 -14 -15
leaf_value=0.059217003929479428 0.055274947059059533 -0.041547092396255259 -0.0014065292307823829 -0.000930141034150568 0.05287338508342973 -0.047547839008627635 0.024881047407688359 -0.015537318677432533 -0.014673208114230389 -0.018705505655238087 0.0038639374732484487 0.0096003797035980158 -0.015166876232698068 0.044975439438059733
leaf_weight=0.80132569372653861 1.3301348545355711 5.2067256504378747 38.173832168453373 12.550694977282545 1.1940891249105328 4.743673000251877 1.9407195039093483 10.458976717200128 4.9764119266765192 1.8650481250951996 2.7507931631989777 21.181924480886664 9.3280463509727252 2.2292470526881507
leaf_count=8 20 124 340 149 18 37 17 144 54 42 53 393 105 43
internal_value=-0.0030545 -0.0269489 -0.00173603 -0.00735165 -0.00960223 -0.0125061 -0.018928 -0.0259344 -0.00302289 0.0072219 0.0202572 0.00154544 -0.00184761 0.0011956
internal_weight=118.732 6.00805 112.724 41.8105 40.4804 34.6705 22.1198 15.2026 6.91713 5.80993 3.94488 70.9131 49.7311 40.4031
internal_count=1547 132 1415 534 514 401 252 181 71 113 71 881 488 383
is_linear=0
shrinkage=0.05


Tree=286
num_leaves=15
num_cat=0
split_feature=22 21 6 2 30 24 28 1 21 10 22 2 7 30
split_gain=1.31517 2.88298 0.757057 2.16563 0.728338 0.916187 1.35635 0.886493 1.11429 0.826216 0.949536 1.77503 0.861779 0.749699
threshold=1.0000000180025095e-35 1.5000000000000002 1.5000000000000002 1.5833333333333337 0.88177643582009468 1.0000000180025095e-35 1.4166666666666667 5.5000000000000009 3.5000000000000004 2.5000000000000004 1.5000000000000002 1.8750000000000002 1.5000000000000002 0.9714045207910319
decision_type=2 2 2 2 2 2 2 2 2 2 2 2 2 2
left_child=1 -1 3 -2 5 6 9 -7 -9 10 12 -12 -5 -6
right_child=2 -3 -4 4 13 7 -8 8 -10 -11 11 -13 -14 -15
leaf_value=0.058040112253739819 0.05401916989477068 -0.039239727786489598 0.0014711730898765093 -0.019437833709386947 0.019552784836529512 -0.032707650533018363 0.043078045204348117 -0.0059878068593023585 -0.051575343831908496 0.020686224940080974 0.010686653278953441 -0.05878843757340662 0.019689135091379255 -0.01790792708108711
leaf_weight=0.77928444370627303 1.2961999577237282 5.2421917928586481 70.840695797669468 2.7736060228198749 3.9045706518227226 7.0589597409125444 1.4288118337281037 13.624437393853437 1.4238329497748061 2.0199298535007975 1.35207379097119 2.32114377617836 2.6568180590402335 1.85541389422724
leaf_count=8 20 124 881 18 71 61 13 161 30 22 22 28 46 42
internal_value=-0.00289969 -0.0254991 -0.00164692 -0.00699264 -0.00913939 -0.0118991 -0.00088388 -0.0180087 -0.0107782 -0.007087 -0.0136788 -0.0329473 0 0.00695959
internal_weight=118.578 6.02148 112.556 41.7158 40.4196 34.6596 12.5524 22.1072 15.0483 11.1236 9.10364 3.67322 5.43042 5.75998
internal_count=1547 132 1415 534 514 401 149 252 191 136 114 50 64 113
is_linear=0
shrinkage=0.05


Tree=287
num_leaves=15
num_cat=0
split_feature=6 2 2 30 24 24 2 30 22 30 22 24 11 8
split_gain=1.18224 0.700909 0.752815 1.39772 0.857414 0.903675 0.737574 1.79853 1.23193 0.865434 3.42489 1.68726 1.20263 0.781779
threshold=1.5000000000000002 2.4166666666666674 2.8750000000000004 0.45220861134162554 1.0000000180025095e-35 1.5000000000000002 2.1250000000000004 0.76180168105713697 1.5000000000000002 0.76180168105713697 1.5000000000000002 1.5000000000000002 1.5000000000000002 1.5000000000000002
decision_type=2 2 2 2 2 2 2 2 2 2 2 2 2 2
left_child=-1 6 3 -3 -5 -6 9 8 -8 11 -11 -2 -12 -13
right_child=1 2 -4 4 5 -7 7 -9 -10 10 12 13 -14 -15
leaf_value=-0.0089186556300495708 -0.00082550673880673838 -0.011201234063957774 -0.0013226870122046135 0.0084702945264402887 0.089538644371219264 0.029577639571188554 -0.060203061206942625 0.0053327878731871409 -0.0045052176154850706 -0.031990951974059254 0.043512898241294951 0.012854859968513464 0.0017082825874744094 0.049666063346758826
leaf_weight=46.9308652888285 17.879955232143406 3.0044790646061328 9.5169877660664479 3.7904916987754387 0.78388954757247109 4.1170571304974146 2.4892276005994045 5.0344147789874114 1.8055122564546762 7.7363908448605807 2.2960945097729564 3.8264697734266511 6.6271572727710009 2.6174092101864517
leaf_count=613 172 38 202 51 26 91 34 56 23 77 39 30 40 55
internal_value=-0.00275438 0.00126216 0.00888345 0.017341 0.027507 0.0412668 -0.0019128 -0.0145383 -0.0379918 0.000928694 -0.00775319 0.00698476 0.0131054 0.0287195
internal_weight=118.456 71.5255 21.2129 11.6959 8.69144 4.90095 50.3126 9.32915 4.29474 40.9835 16.6596 24.3238 8.92325 6.44388
internal_count=1547 934 408 206 168 117 526 113 57 413 156 257 79 85
is_linear=0
shrinkage=0.05


Tree=288
num_leaves=15
num_cat=0
split_feature=22 21 6 2 30 24 28 4 1 28 1 10 30 10
split_gain=1.15177 2.63577 0.60309 1.99729 0.657149 0.832814 1.2439 0.842262 1.15891 1.18858 0.869233 1.64983 0.857691 0.749317
threshold=1.0000000180025095e-35 1.5000000000000002 1.5000000000000002 1.5833333333333337 0.88177643582009468 1.0000000180025095e-35 1.4166666666666667 3.5000000000000004 5.5000000000000009 1.5833333333333337 7.5000000000000009 1.5000000000000002 0.45220861134162554 2.5000000000000004
decision_type=2 2 2 2 2 2 2 2 2 2 2 2 2 2
left_child=1 -1 3 -2 5 6 13 8 -7 10 11 -10 -9 -5
right_child=2 -3 -4 4 -6 7 -8 12 9 -11 -12 -13 -14 -15
leaf_value=0.057087882708504838 0.052973855253205838 -0.036703384387365499 0.001351626906578079 -0.012578964045534225 0.0070621471865556984 -0.04058775631923256 0.042056405762216496 0.025147155004720329 0.046933720224998809 -0.036977234600140997 -0.038209853158362062 -0.010483297899573163 -0.013169249191332841 0.020197394269209093
leaf_weight=0.76082071103155513 1.2691510024014849 5.2746804101479938 70.57509961668984 9.0958295955788326 5.7325643692165604 5.9019380991812822 1.4083404326811422 1.9496486820280541 1.8049148712307195 3.0148408829700202 1.0729344165883956 3.4485006639733911 4.9074054708471522 2.0125025825109324
leaf_count=8 20 124 881 114 113 54 13 17 18 35 30 44 54 22
internal_value=-0.00261347 -0.0237351 -0.00143483 -0.00621184 -0.00826164 -0.0108843 -0.000362345 -0.0167024 -0.0232284 -0.0116819 0.000371455 0.00928468 -0.00171063 -0.00629058
internal_weight=118.229 6.0355 112.194 41.6186 40.3494 34.6169 12.5167 22.1002 15.2431 9.34119 6.32635 5.25342 6.85705 11.1083
internal_count=1547 132 1415 534 514 401 149 252 181 127 92 62 71 136
is_linear=0
shrinkage=0.05


Tree=289
num_leaves=15
num_cat=0
split_feature=22 21 6 8 28 4 4 29 28 10 30 4 10 32
split_gain=1.03262 2.41471 0.544236 1.02502 1.26071 0.543018 0.538872 0.656421 1.15568 0.709241 0.615987 0.603568 0.458647 1.19702
threshold=1.0000000180025095e-35 1.5000000000000002 1.5000000000000002 1.5000000000000002 1.2916666666666667 1.5000000000000002 4.5000000000000009 2.5000000000000004 1.4166666666666667 2.5000000000000004 0.9714045207910319 2.5000000000000004 1.5000000000000002 1.0000000180025095e-35
decision_type=2 2 2 2 2 2 2 2 2 2 2 2 2 2
left_child=1 -1 3 6 -5 -6 7 8 9 12 11 -9 -2 -14
right_child=2 -3 -4 4 5 -7 -8 10 -10 -11 -12 -13 13 -15
leaf_value=0.056007093377192466 -0.0045563957452606383 -0.03468221322094777 0.001284216624329826 -0.036228676546376543 0 0.048716909870826219 -0.03375103234625728 0.031714360073518855 -0.042207087476507317 0.018859643980401172 -0.024861900237405907 0.00039479422878826981 -0.00031730597119022713 -0.040399670848296348
leaf_weight=0.73920734226703544 15.44918167288416 5.3079196970647899 70.571041460498236 0.67574213817715589 0.82169163809157941 1.9468871890567241 1.9306032077292901 2.3188790282001701 2.5408135936595491 2.2402043873444191 1.2756042135879395 4.6947055105119944 4.0187854447867712 3.5936324140056968
leaf_count=8 116 124 881 23 35 61 55 41 20 32 17 38 75 21
internal_value=-0.00247858 -0.0224588 -0.00135921 -0.00590601 0.0196375 0.0349322 -0.00832839 -0.00681159 -0.0105109 -0.00707592 0.00529324 0.0114016 -0.00977379 -0.0198418
internal_weight=118.125 6.04713 112.078 41.5067 3.44432 2.76858 38.0624 36.1318 27.8426 25.3018 8.28919 7.01358 23.0616 7.61242
internal_count=1547 132 1415 534 119 96 415 360 264 244 96 79 212 96
is_linear=0
shrinkage=0.05


Tree=290
num_leaves=15
num_cat=0
split_feature=9 2 1 25 30 28 28 2 31 10 11 1 28 30
split_gain=0.615803 0.938092 1.74921 0.88295 0.722906 0.708003 0.640328 1.53349 1.16432 1.60138 0.810178 1.38072 0.982681 0.943958
threshold=2.5000000000000004 2.2916666666666674 5.5000000000000009 1.0000000180025095e-35 0.84759080068664439 1.8750000000000002 2.2083333333333335 2.1250000000000004 1.0000000180025095e-35 2.5000000000000004 1.5000000000000002 5.5000000000000009 1.5833333333333337 0.92016825471890717
decision_type=2 2 2 2 2 2 2 2 2 2 2 2 2 2
left_child=6 2 -2 4 -3 -6 10 -8 9 -9 11 -1 -12 -14
right_child=1 3 -4 -5 5 -7 7 8 -10 -11 12 -13 13 -15
leaf_value=-0.0067815804020722242 0.0024005975367682713 0.0090818669467958059 -0.04248717376144015 -0.031477592299425546 0.017272016092241219 -0.03637448100664889 0.02923122337263967 -0.045104360189509814 0.017391848854959223 0.017516953911151292 0 0.010344841887682473 -0.024209617191345664 -0.0010906020082837769
leaf_weight=25.405548961949535 3.561143175626059 9.449124278049565 5.0470343803172 2.161680499528301 0.75042731966823284 1.8714563096291383 5.2280702702701074 2.7389064248418435 2.9334427836583927 1.4559645247063597 17.468451821419876 21.687613507412607 13.007250994909556 7.0239850810030466
leaf_count=271 35 127 55 37 13 48 81 36 86 25 152 378 153 69
internal_value=-0.00346137 -0.010849 -0.023816 -0.00272039 0.00244037 -0.020031 -0.00168574 0.00884782 -0.00595355 -0.0228857 -0.00326252 0.00105781 -0.00874298 -0.0162728
internal_weight=119.79 22.8409 8.60818 14.2327 12.071 2.62188 96.9492 12.3564 7.12831 4.19487 84.5929 47.0932 37.4997 20.0312
internal_count=1566 315 90 225 188 61 1251 228 147 61 1023 649 374 222
is_linear=0
shrinkage=0.05


Tree=291
num_leaves=15
num_cat=0
split_feature=30 11 32 4 24 10 7 2 31 24 6 4 4 24
split_gain=0.565912 0.506826 1.05482 1.62797 1.13586 1.04471 1.34522 0.988877 3.30082 1.55004 0.904523 1.52666 0.865924 1.59066
threshold=1.3566258340248767 1.5000000000000002 1.0000000180025095e-35 2.5000000000000004 1.5000000000000002 2.5000000000000004 2.5000000000000004 2.2916666666666674 1.0000000180025095e-35 1.5000000000000002 2.5000000000000004 3.5000000000000004 3.5000000000000004 1.5000000000000002
decision_type=2 2 2 2 2 2 2 2 2 2 2 2 2 2
left_child=1 -1 4 -4 -3 6 -6 8 -5 -10 12 -12 -9 -14
right_child=-2 2 3 7 5 -7 -8 10 9 -11 11 -13 13 -15
leaf_value=-0.00062946142226160686 0.023266264034763909 -0.027273243857019965 -0.013957684642560303 0.062531249848934753 -0.023896994899564317 0.037112617103471392 0.023081590132573531 -0.028692975037184057 0.018319584940246155 -0.030570509120508051 0.055323886492354979 -0.016872019520371175 -0.031338636971290627 0.032061458225272566
leaf_weight=62.650506966208923 1.8484934152220365 10.885704250074923 15.977670484251574 2.8959000930190104 5.177032969892025 1.274636990856379 2.0057860901579261 3.8193512653815542 4.059975175652653 2.553513377904892 1.4219091800041499 1.2684463236510053 1.6305880123982208 2.182346570523805
leaf_count=945 28 115 194 13 32 41 30 37 29 15 23 22 26 16
internal_value=-0.00329558 -0.00375295 -0.00724826 -0.00207151 -0.0166434 -0.00251055 -0.0102983 0.00740115 0.0189843 -0.000359014 -0.00310932 0.0210043 -0.0120943 0.00420173
internal_weight=119.652 117.803 55.1529 35.8097 19.3432 8.45746 7.18282 19.832 9.50939 6.61349 10.3226 2.69036 7.63229 3.81293
internal_count=1566 1538 593 375 218 103 62 181 57 44 124 45 79 42
is_linear=0
shrinkage=0.05


Tree=292
num_leaves=15
num_cat=0
split_feature=9 24 6 1 11 1 4 28 2 29 31 10 11 1
split_gain=0.527803 1.47176 0.866695 1.72691 0.829371 0.82676 0.781674 0.5648 1.3834 1.31228 1.04315 1.48601 0.693411 1.24399
threshold=2.5000000000000004 1.5000000000000002 2.5000000000000004 9.5000000000000018 1.0000000180025095e-35 4.5000000000000009 3.5000000000000004 2.2083333333333335 2.1250000000000004 3.5000000000000004 1.0000000180025095e-35 2.5000000000000004 1.5000000000000002 5.5000000000000009
decision_type=2 2 2 2 2 2 2 2 2 2 2 2 2 2
left_child=7 4 -3 -4 6 -6 -2 12 9 -9 11 -10 13 -1
right_child=1 2 3 -5 5 -7 -8 8 10 -11 -12 -13 -14 -15
leaf_value=-0.0063996017014738855 -0.021168698357503693 0.0063505137093482758 -0.059980607345896567 0.0036793477101855175 0.00025175467784587776 -0.048496837562589358 0.03996013973954466 0.041152593009806886 -0.043447598097279098 -0.016466948334786274 0.016440087505676122 0.01707039937898237 -0.0080473562065510804 0.0098574656614324949
leaf_weight=25.455434285104275 1.60222778748721 11.004720708733656 1.5708303849387455 2.7296941751847044 0.9628460444509982 4.1854015868011629 0.64952512847958122 4.0594801255501789 2.7032305100001395 1.1642491624807005 2.9093619371415116 1.448672260623425 37.410383943875786 21.643075152591337
leaf_count=271 27 116 17 55 9 67 24 53 36 28 86 25 374 378
internal_value=-0.00313154 -0.00999459 -0.000927302 -0.0198399 -0.0281525 -0.0390723 -0.00152347 -0.0014872 0.00843537 0.0277728 -0.00570891 -0.021839 -0.00296745 0.00102306
internal_weight=119.499 22.7052 15.3052 4.30052 7.4 5.14825 2.25175 96.7939 12.285 5.22373 7.06126 4.1519 84.5089 47.0985
internal_count=1566 315 188 72 127 76 51 1251 228 81 147 61 1023 649
is_linear=0
shrinkage=0.05


Tree=293
num_leaves=15
num_cat=0
split_feature=30 9 4 1 30 1 1 7 28 30 31 4 28 30
split_gain=0.509942 0.56458 1.10902 1.43889 1.04314 1.03841 1.18995 1.18054 0.649265 1.0104 0.792557 1.00439 1.23648 0.689296
threshold=1.3566258340248767 2.5000000000000004 3.5000000000000004 10.500000000000002 0.48570226039551589 10.500000000000002 5.5000000000000009 2.5000000000000004 2.2083333333333335 0.45220861134162554 1.0000000180025095e-35 1.5000000000000002 2.4166666666666674 1.1713894300707421
decision_type=2 2 2 2 2 2 2 2 2 2 2 2 2 2
left_child=1 8 5 4 -4 6 -3 -7 -1 -10 11 -11 -13 -12
right_child=-2 2 3 -5 -6 7 -8 -9 9 10 13 12 -14 -15
leaf_value=-0.0032766935875284155 0.022254574879422465 0.0012727423508070159 -0.0040640028265575296 -0.024266729319227222 0.045705229847133377 -0.014548812808094306 -0.032305635707778578 0.049608107008968873 -0.040095822301648792 0.027361846936496171 0.041577683490605657 0.015538336996022667 -0.035330555524759839 -0.014135152351734129
leaf_weight=83.524285592138767 1.8444411373930041 3.3990884343656971 1.6691712415777136 2.2072871952841524 2.3515850458352361 1.7789386268705123 9.7691384095523954 1.0355349833844227 0.83701613824814458 2.6915380620048364 3.0876491153030661 2.1754255339037627 2.3442100917454809 0.54544307221658517
leaf_count=1013 28 34 13 67 24 24 116 33 14 27 97 36 30 10
internal_value=-0.00298276 -0.00341908 -0.0106007 0.00693264 0.0248402 -0.0175891 -0.0235054 0.00909098 -0.00170806 0.00922853 0.0135956 0.00347176 -0.0104984 0.0323891
internal_weight=119.261 117.416 22.2107 6.22804 4.02076 15.9827 13.1682 2.81447 95.2056 11.6813 10.8443 7.21117 4.51964 3.63309
internal_count=1566 1538 311 104 37 207 150 57 1227 214 200 93 66 107
is_linear=0
shrinkage=0.05


Tree=294
num_leaves=15
num_cat=0
split_feature=9 24 6 1 10 4 28 1 28 1 0 7 32 7
split_gain=0.433164 1.31153 0.775578 1.59779 0.721474 0.660667 0.538964 0.482147 0.455912 0.683137 0.715679 0.702408 0.993259 0.701123
threshold=2.5000000000000004 1.5000000000000002 2.5000000000000004 9.5000000000000018 2.5000000000000004 2.5000000000000004 2.7083333333333335 8.5000000000000018 2.2083333333333335 8.5000000000000018 3.5000000000000004 2.5000000000000004 1.0000000180025095e-35 2.5000000000000004
decision_type=2 2 2 2 2 2 2 2 2 2 2 2 2 2
left_child=8 4 -3 -4 5 -2 -5 -6 9 13 -11 -12 -13 -1
right_child=1 2 3 6 7 -7 -8 -9 -10 10 11 12 -14 -15
leaf_value=-0.0035869634301448346 0.0041337520916236411 0.0063161751590609981 -0.058571032505157217 0.037152991230995101 -0.066692972555822613 -0.032026988597918318 -0.0095566326149708891 -0.017858863576507063 0.0076397338324886051 -0.050533811804454334 0.028305035451968243 -0.083518840641733358 0.011475988234385497 0.0099943511778144492
leaf_weight=70.572895220946521 2.3895872916473317 10.987540321992126 1.4904712794523227 0.76991518712020512 1.4479652345180514 2.3130591522494797 1.9300419277278704 1.1500272368430158 12.097961680381557 1.4071105732582503 0.82836381229571976 0.39052931033074856 0.49444886605488136 10.817800610500852
leaf_count=712 40 116 17 18 7 47 37 33 228 27 28 7 26 223
internal_value=-0.00283573 -0.00909087 -0.000504328 -0.0187012 -0.0263564 -0.0134284 0.00372134 -0.0474658 -0.00134656 -0.00267003 -0.0253161 -0.00158226 -0.0321292 -0.00174112
internal_weight=119.088 22.4786 15.178 4.19043 7.30064 4.70265 2.69996 2.59799 96.6091 84.5111 3.12045 1.71334 0.884978 81.3907
internal_count=1566 315 188 72 127 87 55 40 1251 1023 88 61 33 935
is_linear=0
shrinkage=0.05


Tree=295
num_leaves=15
num_cat=0
split_feature=31 22 10 32 8 4 25 4 22 9 9 6 4 5
split_gain=0.355491 0.381159 0.733548 0.321064 1.26594 0.935308 0.885453 0.954989 1.09744 0.823477 1.06763 0.910854 0.904375 2.43467
threshold=1.5000000000000002 2.5000000000000004 2.5000000000000004 1.0000000180025095e-35 2.5000000000000004 3.5000000000000004 1.0000000180025095e-35 1.5000000000000002 1.0000000180025095e-35 2.5000000000000004 1.5000000000000002 1.5000000000000002 2.5000000000000004 1.5000000000000002
decision_type=2 2 2 2 2 2 2 2 2 2 2 2 2 2
left_child=1 3 -3 4 6 9 7 8 -1 10 -5 -12 13 -11
right_child=-2 2 -4 5 -6 -7 -8 -9 -10 12 11 -13 -14 -15
leaf_value=-0.0036783377224321799 0.012211939221203194 -0.022988452218098619 0.025790204328565443 -0.004723329636974148 -0.038742355946913463 0.012818974881797372 0.022833117876201056 0.00042567940584994506 0.049724958919440759 -0.044860097270602015 -0.009145708026360163 0.033143401033870576 -0.035034458030267307 0.049469595452476652
leaf_weight=1.546890635043382 6.4810459616710423 3.8690748645458362 0.82456025620922435 39.169450280955061 1.592601103009655 9.285174377175279 6.1232907419180256 42.490978478439501 2.0912207185756415 1.2532690045773045 1.7675830876687531 3.5939680751762353 4.0738104882184416 1.2781650924589483
leaf_count=19 98 56 26 440 45 166 72 418 76 22 44 87 35 19
internal_value=0.000891659 0.000244183 -0.0135384 0.000843524 0.00366211 -0.00162887 0.00507384 0.00261806 0.0268586 -0.00432096 -0.00179544 0.0188317 -0.0206939 0.00188851
internal_weight=125.441 118.96 4.69364 114.266 53.845 60.4214 52.2524 46.1291 3.63811 51.1362 44.531 5.36155 6.60524 2.53143
internal_count=1623 1525 82 1443 630 813 585 513 95 647 571 131 76 41
is_linear=0
shrinkage=0.05


Tree=296
num_leaves=15
num_cat=0
split_feature=1 1 10 5 4 13 30 5 28 13 7 11 21 5
split_gain=0.320417 0.384103 0.577953 1.06439 0.742157 1.11937 0.733584 1.00559 1.39883 0.682034 1.19763 1.05581 0.545329 0.678874
threshold=19.000000000000004 6.5000000000000009 2.5000000000000004 2.5000000000000004 3.5000000000000004 2.5000000000000004 0.92016825471890717 1.0000000180025095e-35 2.2083333333333335 3.5000000000000004 2.5000000000000004 2.5000000000000004 2.5000000000000004 2.5000000000000004
decision_type=2 2 2 2 2 2 2 2 2 2 2 2 2 2
left_child=1 -1 4 9 5 6 7 -3 -9 10 -4 -12 -6 -14
right_child=-2 2 3 -5 12 -7 -8 8 -10 -11 11 -13 13 -15
leaf_value=0.0026155404069146374 0.024100552758704995 -0.0097142791629968011 0.034460618526119445 -0.036768796709176245 0.030279745884832329 0.026020991628112014 0.0018293263996890738 -0.049141762129411182 0.013296840456126613 -0.014331452033303708 0.012471415221316923 -0.051073372786196052 -0.0063834610187128897 0.025079065889237719
leaf_weight=80.472337289756979 1.3698857625131484 7.6104978634975904 4.740280248341147 1.1198814678937203 1.4301377211522766 1.5430771710234683 3.8480010488419785 4.7843633251613937 0.98124008018930897 1.739428393600974 2.1680443283403297 0.80669924977701146 10.656757382676004 1.9306047727004614
leaf_count=833 48 115 111 13 21 29 43 68 27 40 80 13 138 44
internal_value=0.000851905 0.000555305 -0.00320809 0.00679774 -0.00652224 -0.013016 -0.0167875 -0.0223025 -0.0380437 0.0125507 0.0190373 -0.00504838 0.00202532 -0.00120117
internal_weight=125.201 123.831 43.359 10.5743 32.7847 18.7672 17.2241 13.3761 5.7656 9.45445 7.71502 2.97474 14.0175 12.5874
internal_count=1623 1575 742 257 485 282 253 210 95 244 204 93 203 182
is_linear=0
shrinkage=0.05


Tree=297
num_leaves=15
num_cat=0
split_feature=2 6 24 30 2 30 24 2 28 24 3 24 30 11
split_gain=0.346731 0.839489 0.90414 1.28732 1.62648 1.90886 0.702038 1.41297 1.33657 1.3918 0.658722 0.848474 0.848264 0.683901
threshold=2.4166666666666674 2.5000000000000004 1.5000000000000002 0.8228263892582881 2.2916666666666674 0.76180168105713697 1.5000000000000002 2.2916666666666674 1.8750000000000002 1.0000000180025095e-35 2.5000000000000004 1.5000000000000002 0.8228263892582881 2.5000000000000004
decision_type=2 2 2 2 2 2 2 2 2 2 2 2 2 2
left_child=1 2 -1 4 -4 -6 8 -8 -3 -10 11 -2 -13 -12
right_child=10 6 3 -5 5 -7 7 -9 9 -11 13 12 -14 -15
leaf_value=-0.0031729167962055945 0.014353688680316258 -0.02168415320351429 0.010050866630455919 0.036881792581474913 -0.051685730829346202 0.012566679716097168 -0.029539702221705377 0.011516183805290327 -0.017909267216827358 0.047022318540372678 -0.0021206150600685978 -0.012010020543161432 0.028740112474526826 -0.051088812443670674
leaf_weight=42.10337749205064 19.66599325221614 2.9591599488048823 21.44063924741932 3.3819652029778799 2.4486552140442646 1.9655547458678482 7.8117825626686681 2.6867417027242482 1.1630697005894037 2.1619937837240286 8.1233724881894851 6.9072802308364789 1.4431476470781488 0.69954901561141092
leaf_count=486 314 29 202 37 20 19 83 17 20 48 184 111 43 10
internal_value=0.000812824 -0.000866751 0.00147317 0.00823713 0.00426626 -0.0228771 -0.0109112 -0.0187874 0.00194358 0.0237203 0.00488966 0.00867492 -0.00441485 -0.00681241
internal_weight=124.962 88.1229 71.3402 29.2368 25.8548 4.41421 16.7827 10.4985 6.28422 3.32506 36.8393 28.0164 8.35043 8.82292
internal_count=1623 961 764 278 241 39 197 100 97 68 662 468 154 194
is_linear=0
shrinkage=0.05


Tree=298
num_leaves=15
num_cat=0
split_feature=2 6 1 10 10 4 4 3 5 1 4 9 11 1
split_gain=0.31265 0.762284 0.922175 1.11814 0.904293 1.54811 1.27003 0.890234 0.987382 1.21994 0.783157 1.52262 1.88127 0.902013
threshold=2.4166666666666674 2.5000000000000004 6.5000000000000009 2.5000000000000004 1.5000000000000002 1.5000000000000002 2.5000000000000004 1.5000000000000002 1.5000000000000002 5.5000000000000009 2.5000000000000004 1.5000000000000002 1.5000000000000002 4.5000000000000009
decision_type=2 2 2 2 2 2 2 2 2 2 2 2 2 2
left_child=1 2 4 -4 10 -6 7 -7 -9 -10 13 12 -12 -1
right_child=-2 -3 3 -5 5 6 -8 8 9 -11 11 -13 -14 -15
leaf_value=0.00078341562914590939 0.0046483405192180886 -0.010426224078984169 -0.013714287260134451 0.029895623887119617 0.050284852671279724 0.016785381509177397 0.028039332011656811 -0.039995998929473343 0.031835118599669886 -0.016521467769848482 -0.013595439147706596 -0.036667177607573084 0.026222160463778829 0.027230650104989776
leaf_weight=15.278414976899514 36.73628225873108 16.691234730431461 14.213210945250465 1.5134721833746869 2.3741607707925168 4.2124520884826797 5.1620932817459098 2.0865399646572769 1.8545492840930817 3.8162014130502939 8.7086190595291573 3.5622654131730078 4.3721163223963222 4.0635462705977252
leaf_count=163 662 197 177 35 87 33 32 21 18 28 55 32 29 54
internal_value=0.000770873 -0.000824519 0.00140224 -0.00919711 0.00446231 0.0131038 0.00754422 -0.00124649 -0.0114455 0 -0.000175964 -0.00816899 0 0.00657978
internal_weight=124.645 87.9089 71.2176 15.7267 55.491 19.506 17.1318 11.9697 7.75729 5.67075 35.985 16.643 13.0807 19.342
internal_count=1623 961 764 212 552 219 132 100 67 46 333 116 84 217
is_linear=0
shrinkage=0.05


Tree=299
num_leaves=15
num_cat=0
split_feature=31 2 28 7 7 30 31 4 30 24 25 7 8 2
split_gain=0.29114 0.339311 0.983535 0.807558 1.22526 1.05621 0.768672 0.865777 1.41761 2.88572 0.887897 0.819287 0.68161 1.45082
threshold=1.5000000000000002 2.4166666666666674 2.2916666666666674 2.5000000000000004 1.5000000000000002 1.0000000180025095e-35 1.0000000180025095e-35 2.5000000000000004 0.48570226039551589 1.5000000000000002 1.0000000180025095e-35 1.5000000000000002 1.0000000180025095e-35 1.4166666666666667
decision_type=2 2 2 2 2 2 2 2 2 2 2 2 2 2
left_child=1 6 3 4 5 -3 -1 8 9 10 11 -8 13 -10
right_child=-2 2 -4 -5 -6 -7 7 -9 12 -11 -12 -13 -14 -15
leaf_value=0.0029224428232720468 0.011007816989655628 -0.015658207601790118 -0.0065288600539230891 -0.0038496816843539882 0.029762915773450221 0.022499363439139067 -0.05952827221674311 -0.012747266721003764 -0.032329658568137139 0.055844101136540071 0.030890466409409296 -0.0031979766132193342 -0.025758826274891074 0.02399596841448895
leaf_weight=44.148135168012232 6.4476563182543023 3.9100346164777884 12.819375721359391 6.3675880002410841 8.4021230628713965 3.1954793796176091 0.88075520261190776 23.465163885150105 1.7623438648879508 2.9518052398925647 0.9730135560967027 2.2401526978937909 4.0575011060864199 2.8414097353816032
leaf_count=463 98 28 212 194 125 47 13 183 14 61 22 40 83 40
internal_value=0.000739704 0.000148702 0.00431553 0.0107851 0.0169407 0.00122909 -0.00155949 -0.006669 0.00227656 0.0189211 -0.00780189 -0.0212258 -0.0110394 0.00167378
internal_weight=124.463 118.015 34.6946 21.8752 15.5076 7.10551 83.3203 39.1721 15.707 7.04573 4.09392 3.12091 8.66125 4.60375
internal_count=1623 1525 606 394 200 75 919 456 273 136 75 53 137 54
is_linear=0
shrinkage=0.05


end of trees

feature_importances:
Column_2=448
Column_1=344
Column_28=322
Column_4=309
Column_7=263
Column_30=218
Column_10=216
Column_5=208
Column_6=183
Column_9=169
Column_24=163
Column_22=153
Column_11=145
Column_8=116
Column_3=115
Column_21=105
Column_33=96
Column_31=94
Column_29=84
Column_23=82
Column_32=69
Column_13=64
Column_26=62
Column_14=46
Column_0=41
Column_12=39
Column_25=33
Column_19=5
Column_15=4
Column_16=4

parameters:
[boosting: gbdt]
[objective: binary]
[metric: binary_logloss]
[tree_learner: serial]
[device_type: cpu]
[data_sample_strategy: bagging]
[data: ]
[valid: ]
[num_iterations: 300]
[learning_rate: 0.05]
[num_leaves: 15]
[num_threads: 0]
[seed: 0]
[deterministic: 0]
[force_col_wise: 0]
[force_row_wise: 0]
[histogram_pool_size: -1]
[max_depth: -1]
[min_data_in_leaf: 15]
[min_sum_hessian_in_leaf: 0.001]
[bagging_fraction: 0.8]
[pos_bagging_fraction: 1]
[neg_bagging_fraction: 1]
[bagging_freq: 5]
[bagging_seed: 3]
[bagging_by_query: 0]
[feature_fraction: 0.8]
[feature_fraction_bynode: 1]
[feature_fraction_seed: 2]
[extra_trees: 0]
[extra_seed: 6]
[early_stopping_round: 0]
[early_stopping_min_delta: 0]
[first_metric_only: 0]
[max_delta_step: 0]
[lambda_l1: 0.05]
[lambda_l2: 0.1]
[linear_lambda: 0]
[min_gain_to_split: 0]
[drop_rate: 0.1]
[max_drop: 50]
[skip_drop: 0.5]
[xgboost_dart_mode: 0]
[uniform_drop: 0]
[drop_seed: 4]
[top_rate: 0.2]
[other_rate: 0.1]
[min_data_per_group: 100]
[max_cat_threshold: 32]
[cat_l2: 10]
[cat_smooth: 10]
[max_cat_to_onehot: 4]
[top_k: 20]
[monotone_constraints: ]
[monotone_constraints_method: basic]
[monotone_penalty: 0]
[feature_contri: ]
[forcedsplits_filename: ]
[refit_decay_rate: 0.9]
[cegb_tradeoff: 1]
[cegb_penalty_split: 0]
[cegb_penalty_feature_lazy: ]
[cegb_penalty_feature_coupled: ]
[path_smooth: 0]
[interaction_constraints: ]
[verbosity: -1]
[saved_feature_importance_type: 0]
[use_quantized_grad: 0]
[num_grad_quant_bins: 4]
[quant_train_renew_leaf: 0]
[stochastic_rounding: 1]
[linear_tree: 0]
[max_bin: 255]
[max_bin_by_feature: ]
[min_data_in_bin: 3]
[bin_construct_sample_cnt: 200000]
[data_random_seed: 1]
[is_enable_sparse: 1]
[enable_bundle: 1]
[use_missing: 1]
[zero_as_missing: 0]
[feature_pre_filter: 1]
[pre_partition: 0]
[two_round: 0]
[header: 0]
[label_column: ]
[weight_column: ]
[group_column: ]
[ignore_column: ]
[categorical_feature: ]
[forcedbins_filename: ]
[precise_float_parser: 0]
[parser_config_file: ]
[objective_seed: 5]
[num_class: 1]
[is_unbalance: 0]
[scale_pos_weight: 1]
[sigmoid: 1]
[boost_from_average: 1]
[reg_sqrt: 0]
[alpha: 0.9]
[fair_c: 1]
[poisson_max_delta_step: 0.7]
[tweedie_variance_power: 1.5]
[lambdarank_truncation_level: 30]
[lambdarank_norm: 1]
[label_gain: ]
[lambdarank_position_bias_regularization: 0]
[eval_at: ]
[multi_error_top_k: 1]
[auc_mu_weights: ]
[num_machines: 1]
[local_listen_port: 12400]
[time_out: 120]
[machine_list_filename: ]
[machines: ]
[gpu_platform_id: -1]
[gpu_device_id: -1]
[gpu_use_dp: 0]
[num_gpu: 1]

end of parameters

pandas_categorical:null
