{
  "variation_name": "dropout_conv_0.15",
  "timestamp": "2026-01-24T19:16:12.258755",
  "config": {
    "architecture_type": "simple",
    "filters": [
      24,
      48
    ],
    "kernel_sizes": [
      5,
      5
    ],
    "dropout_conv": 0.15,
    "dropout_dense": 0.67,
    "dense_units": [
      64
    ],
    "l2_regularization": 0.01,
    "batch_normalization": true,
    "learning_rate": 0.005,
    "optimizer": "adamw",
    "batch_size": 16,
    "activation": "relu",
    "pooling": "max",
    "use_global_pooling": false,
    "epochs": 100,
    "early_stopping_patience": 16
  },
  "train_metrics": {
    "accuracy": 0.9876543283462524,
    "f1": 0.9877192931117076,
    "precision": 1.0,
    "recall": 0.9757365584373474
  },
  "val_metrics": {
    "accuracy": 0.9612675905227661,
    "f1": 0.9588015036756917,
    "precision": 0.9481481313705444,
    "recall": 0.9696969985961914
  },
  "overfitting": {
    "accuracy_gap": 0.026386737823486328,
    "f1_gap": 0.02891778943601586
  },
  "train_time_seconds": 161.077438,
  "total_epochs": 100,
  "model_params": 705817
}