{
  "timestamp": "2026-01-24T19:30:40.997251",
  "dataset_path": "adornment_dataset.npz",
  "total_models": 12,
  "dataset_info": {
    "train_samples": 1134,
    "train_valid": 577,
    "train_invalid": 557,
    "val_samples": 284,
    "val_valid": 132,
    "val_invalid": 152
  },
  "models": [
    {
      "model_name": "dropout_dense_0.70_20260124_192507_f10.9562_model.keras",
      "model_path": "smart_search_results\\dropout_dense_0.70_20260124_192507_f10.9562_model.keras",
      "model_params": 705817,
      "train_metrics": {
        "accuracy": 0.9991181657848325,
        "precision": 1.0,
        "recall": 0.9982668977469671,
        "specificity": 1.0,
        "f1": 0.9991326973113617,
        "confusion_matrix": {
          "tn": 557,
          "fp": 0,
          "fn": 1,
          "tp": 576
        }
      },
      "val_metrics": {
        "accuracy": 0.9577464788732394,
        "precision": 0.9225352112676056,
        "recall": 0.9924242424242424,
        "specificity": 0.9276315789473685,
        "f1": 0.9562043795620437,
        "confusion_matrix": {
          "tn": 141,
          "fp": 11,
          "fn": 1,
          "tp": 131
        }
      },
      "overfitting": {
        "accuracy_gap": 0.0413716869115931,
        "f1_gap": 0.042928317749317935,
        "level": "Low"
      }
    },
    {
      "model_name": "dropout_dense_0.60_20260124_192211_f10.9386_model.keras",
      "model_path": "smart_search_results\\dropout_dense_0.60_20260124_192211_f10.9386_model.keras",
      "model_params": 705817,
      "train_metrics": {
        "accuracy": 1.0,
        "precision": 1.0,
        "recall": 1.0,
        "specificity": 1.0,
        "f1": 1.0,
        "confusion_matrix": {
          "tn": 557,
          "fp": 0,
          "fn": 0,
          "tp": 577
        }
      },
      "val_metrics": {
        "accuracy": 0.9401408450704225,
        "precision": 0.896551724137931,
        "recall": 0.9848484848484849,
        "specificity": 0.9013157894736842,
        "f1": 0.9386281588447654,
        "confusion_matrix": {
          "tn": 137,
          "fp": 15,
          "fn": 2,
          "tp": 130
        }
      },
      "overfitting": {
        "accuracy_gap": 0.059859154929577496,
        "f1_gap": 0.06137184115523464,
        "level": "Medium"
      }
    },
    {
      "model_name": "dropout_conv_0.30_20260124_191912_f10.9458_model.keras",
      "model_path": "smart_search_results\\dropout_conv_0.30_20260124_191912_f10.9458_model.keras",
      "model_params": 705817,
      "train_metrics": {
        "accuracy": 0.9991181657848325,
        "precision": 1.0,
        "recall": 0.9982668977469671,
        "specificity": 1.0,
        "f1": 0.9991326973113617,
        "confusion_matrix": {
          "tn": 557,
          "fp": 0,
          "fn": 1,
          "tp": 576
        }
      },
      "val_metrics": {
        "accuracy": 0.9471830985915493,
        "precision": 0.903448275862069,
        "recall": 0.9924242424242424,
        "specificity": 0.9078947368421053,
        "f1": 0.9458483754512635,
        "confusion_matrix": {
          "tn": 138,
          "fp": 14,
          "fn": 1,
          "tp": 131
        }
      },
      "overfitting": {
        "accuracy_gap": 0.051935067193283224,
        "f1_gap": 0.05328432186009813,
        "level": "Medium"
      }
    },
    {
      "model_name": "dropout_conv_0.25_20260124_191612_f10.9281_model.keras",
      "model_path": "smart_search_results\\dropout_conv_0.25_20260124_191612_f10.9281_model.keras",
      "model_params": 705817,
      "train_metrics": {
        "accuracy": 1.0,
        "precision": 1.0,
        "recall": 1.0,
        "specificity": 1.0,
        "f1": 1.0,
        "confusion_matrix": {
          "tn": 557,
          "fp": 0,
          "fn": 0,
          "tp": 577
        }
      },
      "val_metrics": {
        "accuracy": 0.9295774647887324,
        "precision": 0.8835616438356164,
        "recall": 0.9772727272727273,
        "specificity": 0.8881578947368421,
        "f1": 0.9280575539568345,
        "confusion_matrix": {
          "tn": 135,
          "fp": 17,
          "fn": 3,
          "tp": 129
        }
      },
      "overfitting": {
        "accuracy_gap": 0.07042253521126762,
        "f1_gap": 0.07194244604316546,
        "level": "Medium"
      }
    },
    {
      "model_name": "dropout_conv_0.15_20260124_191330_f10.9588_model.keras",
      "model_path": "smart_search_results\\dropout_conv_0.15_20260124_191330_f10.9588_model.keras",
      "model_params": 705817,
      "train_metrics": {
        "accuracy": 0.9876543209876543,
        "precision": 1.0,
        "recall": 0.975736568457539,
        "specificity": 1.0,
        "f1": 0.987719298245614,
        "confusion_matrix": {
          "tn": 557,
          "fp": 0,
          "fn": 14,
          "tp": 563
        }
      },
      "val_metrics": {
        "accuracy": 0.9612676056338029,
        "precision": 0.9481481481481482,
        "recall": 0.9696969696969697,
        "specificity": 0.9539473684210527,
        "f1": 0.9588014981273408,
        "confusion_matrix": {
          "tn": 145,
          "fp": 7,
          "fn": 4,
          "tp": 128
        }
      },
      "overfitting": {
        "accuracy_gap": 0.026386715353851398,
        "f1_gap": 0.028917800118273163,
        "level": "Low"
      }
    },
    {
      "model_name": "kernels_5_3_20260124_191113_f10.9594_model.keras",
      "model_path": "smart_search_results\\kernels_5_3_20260124_191113_f10.9594_model.keras",
      "model_params": 650521,
      "train_metrics": {
        "accuracy": 0.9955908289241623,
        "precision": 0.9982578397212544,
        "recall": 0.9930675909878682,
        "specificity": 0.9982046678635548,
        "f1": 0.9956559513466551,
        "confusion_matrix": {
          "tn": 556,
          "fp": 1,
          "fn": 4,
          "tp": 573
        }
      },
      "val_metrics": {
        "accuracy": 0.9612676056338029,
        "precision": 0.935251798561151,
        "recall": 0.9848484848484849,
        "specificity": 0.9407894736842105,
        "f1": 0.959409594095941,
        "confusion_matrix": {
          "tn": 143,
          "fp": 9,
          "fn": 2,
          "tp": 130
        }
      },
      "overfitting": {
        "accuracy_gap": 0.03432322329035942,
        "f1_gap": 0.03624635725071412,
        "level": "Low"
      }
    },
    {
      "model_name": "kernels_3_5_20260124_190856_f10.9520_model.keras",
      "model_path": "smart_search_results\\kernels_3_5_20260124_190856_f10.9520_model.keras",
      "model_params": 695449,
      "train_metrics": {
        "accuracy": 0.9920634920634921,
        "precision": 0.9982456140350877,
        "recall": 0.9861351819757366,
        "specificity": 0.9982046678635548,
        "f1": 0.9921534437663471,
        "confusion_matrix": {
          "tn": 556,
          "fp": 1,
          "fn": 8,
          "tp": 569
        }
      },
      "val_metrics": {
        "accuracy": 0.954225352112676,
        "precision": 0.9280575539568345,
        "recall": 0.9772727272727273,
        "specificity": 0.9342105263157895,
        "f1": 0.9520295202952029,
        "confusion_matrix": {
          "tn": 142,
          "fp": 10,
          "fn": 3,
          "tp": 129
        }
      },
      "overfitting": {
        "accuracy_gap": 0.037838139950816085,
        "f1_gap": 0.04012392347114413,
        "level": "Low"
      }
    },
    {
      "model_name": "filters_28_56_20260124_190329_f10.9382_model.keras",
      "model_path": "smart_search_results\\filters_28_56_20260124_190329_f10.9382_model.keras",
      "model_params": 842989,
      "train_metrics": {
        "accuracy": 0.9947089947089947,
        "precision": 1.0,
        "recall": 0.9896013864818024,
        "specificity": 1.0,
        "f1": 0.994773519163763,
        "confusion_matrix": {
          "tn": 557,
          "fp": 0,
          "fn": 6,
          "tp": 571
        }
      },