{
  "variation_name": "best_original",
  "timestamp": "2026-01-24T19:01:08.023630",
  "config": {
    "architecture_type": "simple",
    "filters": [
      24,
      48
    ],
    "kernel_sizes": [
      5,
      5
    ],
    "dropout_conv": 0.21,
    "dropout_dense": 0.67,
    "dense_units": [
      64
    ],
    "l2_regularization": 0.01,
    "batch_normalization": true,
    "learning_rate": 0.005,
    "optimizer": "adamw",
    "batch_size": 16,
    "activation": "relu",
    "pooling": "max",
    "use_global_pooling": false,
    "epochs": 100,
    "early_stopping_patience": 16
  },
  "train_metrics": {
    "accuracy": 0.9964726567268372,
    "f1": 0.9965277676431773,
    "precision": 0.9982608556747437,
    "recall": 0.9948006868362427
  },
  "val_metrics": {
    "accuracy": 0.9542253613471985,
    "f1": 0.9520295292260386,
    "precision": 0.9280575513839722,
    "recall": 0.9772727489471436
  },
  "overfitting": {
    "accuracy_gap": 0.04224729537963867,
    "f1_gap": 0.044498238417138736
  },
  "train_time_seconds": 156.779402,
  "total_epochs": 100,
  "model_params": 705817
}