{
  "variation_name": "dropout_conv_0.30",
  "timestamp": "2026-01-24T19:22:11.048545",
  "config": {
    "architecture_type": "simple",
    "filters": [
      24,
      48
    ],
    "kernel_sizes": [
      5,
      5
    ],
    "dropout_conv": 0.3,
    "dropout_dense": 0.67,
    "dense_units": [
      64
    ],
    "l2_regularization": 0.01,
    "batch_normalization": true,
    "learning_rate": 0.005,
    "optimizer": "adamw",
    "batch_size": 16,
    "activation": "relu",
    "pooling": "max",
    "use_global_pooling": false,
    "epochs": 100,
    "early_stopping_patience": 16
  },
  "train_metrics": {
    "accuracy": 0.9991181492805481,
    "f1": 0.9991326862907194,
    "precision": 1.0,
    "recall": 0.998266875743866
  },
  "val_metrics": {
    "accuracy": 0.9471830725669861,
    "f1": 0.9458483830128324,
    "precision": 0.9034482836723328,
    "recall": 0.9924242496490479
  },
  "overfitting": {
    "accuracy_gap": 0.05193507671356201,
    "f1_gap": 0.053284303277887024
  },
  "train_time_seconds": 177.87873,
  "total_epochs": 100,
  "model_params": 705817
}