{
  "variation_name": "filters_28_56",
  "timestamp": "2026-01-24T19:07:01.587966",
  "config": {
    "architecture_type": "simple",
    "filters": [
      28,
      56
    ],
    "kernel_sizes": [
      5,
      5
    ],
    "dropout_conv": 0.21,
    "dropout_dense": 0.67,
    "dense_units": [
      64
    ],
    "l2_regularization": 0.01,
    "batch_normalization": true,
    "learning_rate": 0.005,
    "optimizer": "adamw",
    "batch_size": 16,
    "activation": "relu",
    "pooling": "max",
    "use_global_pooling": false,
    "epochs": 100,
    "early_stopping_patience": 16
  },
  "train_metrics": {
    "accuracy": 0.9947090148925781,
    "f1": 0.9947735126919819,
    "precision": 1.0,
    "recall": 0.9896013736724854
  },
  "val_metrics": {
    "accuracy": 0.9401408433914185,
    "f1": 0.9381818166732783,
    "precision": 0.9020978808403015,
    "recall": 0.9772727489471436
  },
  "overfitting": {
    "accuracy_gap": 0.05456817150115967,
    "f1_gap": 0.05659169601870362
  },
  "train_time_seconds": 211.058918,
  "total_epochs": 100,
  "model_params": 842989
}