{
  "variation_name": "kernels_5_3",
  "timestamp": "2026-01-24T19:13:30.338788",
  "config": {
    "architecture_type": "simple",
    "filters": [
      24,
      48
    ],
    "kernel_sizes": [
      5,
      3
    ],
    "dropout_conv": 0.21,
    "dropout_dense": 0.67,
    "dense_units": [
      64
    ],
    "l2_regularization": 0.01,
    "batch_normalization": true,
    "learning_rate": 0.005,
    "optimizer": "adamw",
    "batch_size": 16,
    "activation": "relu",
    "pooling": "max",
    "use_global_pooling": false,
    "epochs": 100,
    "early_stopping_patience": 16
  },
  "train_metrics": {
    "accuracy": 0.9955908060073853,
    "f1": 0.9956559251891081,
    "precision": 0.9982578158378601,
    "recall": 0.9930675625801086
  },
  "val_metrics": {
    "accuracy": 0.9612675905227661,
    "f1": 0.9594095871892327,
    "precision": 0.935251772403717,
    "recall": 0.9848484992980957
  },
  "overfitting": {
    "accuracy_gap": 0.03432321548461914,
    "f1_gap": 0.03624633799987531
  },
  "train_time_seconds": 136.718606,
  "total_epochs": 100,
  "model_params": 650521
}