{
  "variation_name": "kernels_3_3",
  "timestamp": "2026-01-24T19:08:55.798402",
  "config": {
    "architecture_type": "simple",
    "filters": [
      24,
      48
    ],
    "kernel_sizes": [
      3,
      3
    ],
    "dropout_conv": 0.21,
    "dropout_dense": 0.67,
    "dense_units": [
      64
    ],
    "l2_regularization": 0.01,
    "batch_normalization": true,
    "learning_rate": 0.005,
    "optimizer": "adamw",
    "batch_size": 16,
    "activation": "relu",
    "pooling": "max",
    "use_global_pooling": false,
    "epochs": 100,
    "early_stopping_patience": 16
  },
  "train_metrics": {
    "accuracy": 0.9735449552536011,
    "f1": 0.9741824432603141,
    "precision": 0.9675213694572449,
    "recall": 0.9809358716011047
  },
  "val_metrics": {
    "accuracy": 0.8697183132171631,
    "f1": 0.8737201571921386,
    "precision": 0.7950310707092285,
    "recall": 0.9696969985961914
  },
  "overfitting": {
    "accuracy_gap": 0.10382664203643799,
    "f1_gap": 0.10046228606817553
  },
  "train_time_seconds": 113.633437,
  "total_epochs": 100,
  "model_params": 640153
}