{
  "variation_name": "kernels_3_5",
  "timestamp": "2026-01-24T19:11:12.891653",
  "config": {
    "architecture_type": "simple",
    "filters": [
      24,
      48
    ],
    "kernel_sizes": [
      3,
      5
    ],
    "dropout_conv": 0.21,
    "dropout_dense": 0.67,
    "dense_units": [
      64
    ],
    "l2_regularization": 0.01,
    "batch_normalization": true,
    "learning_rate": 0.005,
    "optimizer": "adamw",
    "batch_size": 16,
    "activation": "relu",
    "pooling": "max",
    "use_global_pooling": false,
    "epochs": 100,
    "early_stopping_patience": 16
  },
  "train_metrics": {
    "accuracy": 0.9920634627342224,
    "f1": 0.9921534367076214,
    "precision": 0.9982455968856812,
    "recall": 0.9861351847648621
  },
  "val_metrics": {
    "accuracy": 0.9542253613471985,
    "f1": 0.9520295292260386,
    "precision": 0.9280575513839722,
    "recall": 0.9772727489471436
  },
  "overfitting": {
    "accuracy_gap": 0.037838101387023926,
    "f1_gap": 0.04012390748158279
  },
  "train_time_seconds": 136.389209,
  "total_epochs": 99,
  "model_params": 695449
}